{"PREVALENCE_BY_GENDER_AGE_YEAR":{"TRELLIS_NAME":["60-69","0-9","0-9","40-49","80-89","90-99","70-79","20-29","30-39","50-59","50-59","20-29","90-99","40-49","70-79","30-39","10-19","10-19","80-89","60-69"],"SERIES_NAME":["MALE","MALE","FEMALE","MALE","MALE","FEMALE","MALE","FEMALE","FEMALE","FEMALE","MALE","MALE","MALE","FEMALE","FEMALE","MALE","FEMALE","MALE","FEMALE","FEMALE"],"X_CALENDAR_YEAR":[2019,2019,2019,2019,2019,2019,2019,2019,2019,2019,2019,2019,2019,2019,2019,2019,2019,2019,2019,2019],"Y_PREVALENCE_1000PP":[42.69231,42.35399,40.59739,40.66111,36.99613,38.46154,44.99715,44.796,38.09834,32.73939,39.90025,37.91709,38.74644,39.97145,37.06449,42.19624,41.10188,40.78827,43.80403,40.1446]},"PREVALENCE_BY_MONTH":{"X_CALENDAR_MONTH":[201909,201902,201912,201901,201910,201907,201906,201911,201903,201908,201905,201904],"Y_PREVALENCE_1000PP":[3.49,3.19,3.41,3.14,3.35,3.52,3.25,3.29,3.55,3.37,3.65,3.41]},"VISIT_DURATION_BY_TYPE":{"CATEGORY":"Length of stay","MIN_VALUE":-280,"P10_VALUE":-54,"P25_VALUE":14,"MEDIAN_VALUE":106,"P75_VALUE":204,"P90_VALUE":273,"MAX_VALUE":362},"AGE_AT_FIRST_OCCURRENCE":{"CATEGORY":["FEMALE","MALE","No matching concept"],"MIN_VALUE":[0,0,0],"P10_VALUE":[10,10,12],"P25_VALUE":[23,25,30],"MEDIAN_VALUE":[43,45,48],"P75_VALUE":[63,64,74],"P90_VALUE":[77,77,80],"MAX_VALUE":[99,99,99]}}
