{"PREVALENCE_BY_GENDER_AGE_YEAR":{"TRELLIS_NAME":["10-19","50-59","30-39","20-29","0-9","20-29","40-49","100-109","90-99","10-19","30-39","40-49","60-69","70-79","80-89","60-69","50-59","0-9","70-79","100-109","80-89","90-99","30-39","10-19","80-89","100-109","0-9","70-79","40-49","90-99","50-59","20-29","60-69","80-89","50-59","40-49","20-29","90-99","100-109","60-69","0-9","10-19","30-39","70-79"],"SERIES_NAME":["MALE","FEMALE","FEMALE","FEMALE","FEMALE","MALE","MALE","MALE","MALE","FEMALE","MALE","FEMALE","FEMALE","MALE","MALE","MALE","MALE","MALE","FEMALE","FEMALE","FEMALE","FEMALE","FEMALE","FEMALE","FEMALE","FEMALE","FEMALE","FEMALE","FEMALE","FEMALE","FEMALE","FEMALE","FEMALE","MALE","MALE","MALE","MALE","MALE","MALE","MALE","MALE","MALE","MALE","MALE"],"X_CALENDAR_YEAR":[2009,2009,2009,2009,2009,2009,2009,2009,2009,2009,2009,2009,2009,2009,2009,2009,2009,2009,2009,2009,2009,2009,2010,2010,2010,2010,2010,2010,2010,2010,2010,2010,2010,2010,2010,2010,2010,2010,2010,2010,2010,2010,2010,2010],"Y_PREVALENCE_1000PP":[0.11538,0.11538,0.11538,0.11538,0.11538,0.11538,0.11538,0.11538,0.11538,0.11538,0.11538,0.11538,0.11538,0.11538,0.11538,0.11538,0.11538,0.11538,0.11538,0.11538,0.11538,0.11538,0.11538,0.11538,0.11538,0.11538,0.11538,0.11538,0.11538,0.11538,0.11538,0.11538,0.11538,0.11538,0.11538,0.11538,0.11538,0.11538,0.11538,0.11538,0.11538,0.11538,0.11538,0.11538]},"PREVALENCE_BY_MONTH":{"X_CALENDAR_MONTH":[200901,200902,200903,200904,200905,200906,200907,200908,200909,200910,200911,200912,201001,201002,201003,201004,201005,201006,201007,201008,201009,201010,201011,201012],"Y_PREVALENCE_1000PP":[0.06672,0.00932,0.00932,0.03904,0.01224,0.00874,0.00991,0.0102,0.01136,0.00816,0.00962,0.00932,0.04341,0.00962,0.00962,0.05711,0.00962,0.00962,0.00962,0.00932,0.01078,0.00787,0.00758,0.01195]},"CONDITIONS_BY_TYPE":{"CONCEPT_NAME":"Claim","COUNT_VALUE":1430},"AGE_AT_FIRST_DIAGNOSIS":{"CATEGORY":["MALE","FEMALE"],"MIN_VALUE":[1,1],"P10_VALUE":[11,11],"P25_VALUE":[21,21],"MEDIAN_VALUE":[51,51],"P75_VALUE":[81,81],"P90_VALUE":[91,91],"MAX_VALUE":[101,101]}}
