{"PREVALENCE_BY_GENDER_AGE_YEAR":{"TRELLIS_NAME":["80-89","10-19","100-109","10-19","0-9","0-9","40-49","30-39","20-29","90-99","50-59","60-69","90-99","100-109","70-79","30-39","60-69","80-89","40-49","70-79","50-59","20-29","30-39","50-59","10-19","0-9","10-19","50-59","40-49","90-99","30-39","80-89","90-99","0-9","20-29","100-109","60-69","60-69","70-79","70-79","100-109","20-29","40-49","80-89"],"SERIES_NAME":["MALE","FEMALE","FEMALE","MALE","FEMALE","MALE","MALE","FEMALE","MALE","FEMALE","MALE","MALE","MALE","MALE","FEMALE","MALE","FEMALE","FEMALE","FEMALE","MALE","FEMALE","FEMALE","FEMALE","FEMALE","FEMALE","FEMALE","MALE","MALE","MALE","MALE","MALE","MALE","FEMALE","MALE","FEMALE","MALE","MALE","FEMALE","FEMALE","MALE","FEMALE","MALE","FEMALE","FEMALE"],"X_CALENDAR_YEAR":[2009,2009,2009,2009,2009,2009,2009,2009,2009,2009,2009,2009,2009,2009,2009,2009,2009,2009,2009,2009,2009,2009,2010,2010,2010,2010,2010,2010,2010,2010,2010,2010,2010,2010,2010,2010,2010,2010,2010,2010,2010,2010,2010,2010],"Y_PREVALENCE_1000PP":[0.03846,0.03846,0.03846,0.03846,0.03846,0.03846,0.03846,0.03846,0.03846,0.03846,0.03846,0.03846,0.03846,0.03846,0.03846,0.03846,0.03846,0.03846,0.03846,0.03846,0.03846,0.03846,0.03846,0.03846,0.03846,0.03846,0.03846,0.03846,0.03846,0.03846,0.03846,0.03846,0.03846,0.03846,0.03846,0.03846,0.03846,0.03846,0.03846,0.03846,0.03846,0.03846,0.03846,0.03846]},"PREVALENCE_BY_MONTH":{"X_CALENDAR_MONTH":[],"Y_PREVALENCE_1000PP":[]},"CONDITIONS_BY_TYPE":{"CONCEPT_NAME":"Claim","COUNT_VALUE":484},"AGE_AT_FIRST_DIAGNOSIS":{"CATEGORY":["MALE","FEMALE"],"MIN_VALUE":[1,1],"P10_VALUE":[11,11],"P25_VALUE":[21,21],"MEDIAN_VALUE":[51,51],"P75_VALUE":[81,81],"P90_VALUE":[91,91],"MAX_VALUE":[101,101]}}
