{"PREVALENCE_BY_GENDER_AGE_YEAR":{"TRELLIS_NAME":["30-39","20-29","50-59","40-49","40-49","60-69","0-9","0-9","90-99","70-79","10-19","20-29","50-59","100-109","80-89","30-39","10-19","100-109","60-69","80-89","70-79","90-99","0-9","20-29","100-109","30-39","10-19","50-59","60-69","70-79","40-49","90-99","80-89","40-49","80-89","20-29","90-99","70-79","100-109","10-19","50-59","0-9","60-69","30-39"],"SERIES_NAME":["MALE","FEMALE","FEMALE","MALE","FEMALE","MALE","MALE","FEMALE","MALE","MALE","FEMALE","MALE","MALE","MALE","MALE","FEMALE","MALE","FEMALE","FEMALE","FEMALE","FEMALE","FEMALE","FEMALE","FEMALE","FEMALE","FEMALE","FEMALE","FEMALE","FEMALE","FEMALE","FEMALE","FEMALE","FEMALE","MALE","MALE","MALE","MALE","MALE","MALE","MALE","MALE","MALE","MALE","MALE"],"X_CALENDAR_YEAR":[2009,2009,2009,2009,2009,2009,2009,2009,2009,2009,2009,2009,2009,2009,2009,2009,2009,2009,2009,2009,2009,2009,2010,2010,2010,2010,2010,2010,2010,2010,2010,2010,2010,2010,2010,2010,2010,2010,2010,2010,2010,2010,2010,2010],"Y_PREVALENCE_1000PP":[0.19872,0.19872,0.19872,0.19872,0.19872,0.19872,0.19872,0.19872,0.19872,0.19872,0.19872,0.19872,0.19872,0.19872,0.19872,0.19872,0.19872,0.19872,0.19872,0.19872,0.19872,0.19872,0.19872,0.19872,0.19872,0.19872,0.19872,0.19872,0.19872,0.19872,0.19872,0.19872,0.19872,0.19872,0.19872,0.19872,0.19872,0.19872,0.19872,0.19872,0.19872,0.19872,0.19872,0.19872]},"PREVALENCE_BY_MONTH":{"X_CALENDAR_MONTH":[200901,200902,200903,200904,200905,200906,200907,200908,200909,200910,200911,200912,201001,201002,201003,201004,201005,201006,201007,201008,201009,201010,201011,201012],"Y_PREVALENCE_1000PP":[0.0743,0.01923,0.01573,0.11568,0.01923,0.01836,0.01719,0.01777,0.01428,0.01719,0.01544,0.01311,0.09149,0.01632,0.01573,0.08945,0.01719,0.01632,0.01719,0.01573,0.01486,0.01923,0.0169,0.01486]},"CONDITIONS_BY_TYPE":{"CONCEPT_NAME":"Claim","COUNT_VALUE":2508},"AGE_AT_FIRST_DIAGNOSIS":{"CATEGORY":["MALE","FEMALE"],"MIN_VALUE":[0,1],"P10_VALUE":[11,11],"P25_VALUE":[21,21],"MEDIAN_VALUE":[51,51],"P75_VALUE":[81,81],"P90_VALUE":[91,91],"MAX_VALUE":[101,101]}}
