{"PREVALENCE_BY_GENDER_AGE_YEAR":{"TRELLIS_NAME":["60-69","50-59","90-99","40-49","10-19","100-109","40-49","80-89","0-9","30-39","70-79","10-19","50-59","20-29","0-9","20-29","30-39","100-109","80-89","60-69","90-99","70-79","80-89","0-9","70-79","10-19","20-29","30-39","90-99","60-69","50-59","40-49","100-109","40-49","100-109","30-39","60-69","0-9","80-89","70-79","90-99","50-59","20-29","10-19"],"SERIES_NAME":["MALE","FEMALE","MALE","MALE","FEMALE","MALE","FEMALE","MALE","MALE","FEMALE","MALE","MALE","MALE","FEMALE","FEMALE","MALE","MALE","FEMALE","FEMALE","FEMALE","FEMALE","FEMALE","FEMALE","FEMALE","FEMALE","FEMALE","FEMALE","FEMALE","FEMALE","FEMALE","FEMALE","FEMALE","FEMALE","MALE","MALE","MALE","MALE","MALE","MALE","MALE","MALE","MALE","MALE","MALE"],"X_CALENDAR_YEAR":[2009,2009,2009,2009,2009,2009,2009,2009,2009,2009,2009,2009,2009,2009,2009,2009,2009,2009,2009,2009,2009,2009,2010,2010,2010,2010,2010,2010,2010,2010,2010,2010,2010,2010,2010,2010,2010,2010,2010,2010,2010,2010,2010,2010],"Y_PREVALENCE_1000PP":[0.08974,0.08974,0.08974,0.08974,0.08974,0.08974,0.08974,0.08974,0.08974,0.08974,0.08974,0.08974,0.08974,0.08974,0.08974,0.08974,0.08974,0.08974,0.08974,0.08974,0.08974,0.08974,0.08974,0.08974,0.08974,0.08974,0.08974,0.08974,0.08974,0.08974,0.08974,0.08974,0.08974,0.08974,0.08974,0.08974,0.08974,0.08974,0.08974,0.08974,0.08974,0.08974,0.08974,0.08974]},"PREVALENCE_BY_MONTH":{"X_CALENDAR_MONTH":[200901,200902,200903,200904,200905,200906,200907,200908,200909,200910,200911,200912,201001,201002,201003,201004,201005,201006,201007,201008,201009,201010,201011,201012],"Y_PREVALENCE_1000PP":[0.02477,0.0067,0.00758,0.04254,0.00728,0.00408,0.00932,0.00903,0.00932,0.00583,0.00699,0.00758,0.04924,0.00991,0.00408,0.04341,0.00816,0.00583,0.00612,0.00758,0.00903,0.00612,0.0067,0.00758]},"CONDITIONS_BY_TYPE":{"CONCEPT_NAME":"Claim","COUNT_VALUE":1100},"AGE_AT_FIRST_DIAGNOSIS":{"CATEGORY":["MALE","FEMALE"],"MIN_VALUE":[1,1],"P10_VALUE":[11,11],"P25_VALUE":[21,21],"MEDIAN_VALUE":[51,51],"P75_VALUE":[81,81],"P90_VALUE":[91,91],"MAX_VALUE":[101,101]}}
