{"PREVALENCE_BY_GENDER_AGE_YEAR":{"TRELLIS_NAME":["50-59","90-99","0-9","80-89","10-19","30-39","100-109","70-79","30-39","40-49","60-69","50-59","20-29","0-9","10-19","20-29","40-49","90-99","100-109","60-69","70-79","80-89","100-109","10-19","20-29","90-99","60-69","0-9","40-49","30-39","70-79","50-59","80-89","40-49","0-9","50-59","90-99","60-69","100-109","20-29","10-19","70-79","30-39","80-89"],"SERIES_NAME":["FEMALE","MALE","FEMALE","MALE","MALE","FEMALE","MALE","MALE","MALE","FEMALE","MALE","MALE","FEMALE","MALE","FEMALE","MALE","MALE","FEMALE","FEMALE","FEMALE","FEMALE","FEMALE","FEMALE","FEMALE","FEMALE","FEMALE","FEMALE","FEMALE","FEMALE","FEMALE","FEMALE","FEMALE","FEMALE","MALE","MALE","MALE","MALE","MALE","MALE","MALE","MALE","MALE","MALE","MALE"],"X_CALENDAR_YEAR":[2009,2009,2009,2009,2009,2009,2009,2009,2009,2009,2009,2009,2009,2009,2009,2009,2009,2009,2009,2009,2009,2009,2010,2010,2010,2010,2010,2010,2010,2010,2010,2010,2010,2010,2010,2010,2010,2010,2010,2010,2010,2010,2010,2010],"Y_PREVALENCE_1000PP":[0.09615,0.09615,0.09615,0.09615,0.09615,0.09615,0.09615,0.09615,0.09615,0.09615,0.09615,0.09615,0.09615,0.09615,0.09615,0.09615,0.09615,0.09615,0.09615,0.09615,0.09615,0.09615,0.09615,0.09615,0.09615,0.09615,0.09615,0.09615,0.09615,0.09615,0.09615,0.09615,0.09615,0.09615,0.09615,0.09615,0.09615,0.09615,0.09615,0.09615,0.09615,0.09615,0.09615,0.09615]},"PREVALENCE_BY_MONTH":{"X_CALENDAR_MONTH":[200901,200902,200903,200904,200905,200906,200907,200908,200909,200910,200911,200912,201001,201002,201003,201004,201005,201006,201007,201008,201009,201010,201011,201012],"Y_PREVALENCE_1000PP":[0.04895,0.00612,0.00699,0.03234,0.00991,0.00787,0.00787,0.00787,0.00437,0.00816,0.01136,0.00874,0.04808,0.00728,0.00874,0.03817,0.00612,0.00874,0.00728,0.00932,0.01078,0.0067,0.00583,0.0102]},"CONDITIONS_BY_TYPE":{"CONCEPT_NAME":"Claim","COUNT_VALUE":1166},"AGE_AT_FIRST_DIAGNOSIS":{"CATEGORY":["MALE","FEMALE"],"MIN_VALUE":[1,1],"P10_VALUE":[11,11],"P25_VALUE":[21,21],"MEDIAN_VALUE":[51,51],"P75_VALUE":[81,81],"P90_VALUE":[91,91],"MAX_VALUE":[101,101]}}
