{"PREVALENCE_BY_GENDER_AGE_YEAR":{"TRELLIS_NAME":["70-79","10-19","100-109","100-109","50-59","40-49","80-89","20-29","60-69","40-49","80-89","30-39","20-29","50-59","0-9","60-69","70-79","10-19","30-39","90-99","0-9","90-99","60-69","40-49","50-59","50-59","100-109","0-9","80-89","70-79","90-99","30-39","70-79","30-39","20-29","10-19","80-89","40-49","20-29","0-9","100-109","60-69","90-99","10-19"],"SERIES_NAME":["FEMALE","FEMALE","MALE","FEMALE","MALE","FEMALE","FEMALE","FEMALE","MALE","MALE","MALE","MALE","MALE","FEMALE","MALE","FEMALE","MALE","MALE","FEMALE","FEMALE","FEMALE","MALE","MALE","FEMALE","MALE","FEMALE","FEMALE","MALE","FEMALE","FEMALE","FEMALE","FEMALE","MALE","MALE","FEMALE","MALE","MALE","MALE","MALE","FEMALE","MALE","FEMALE","MALE","FEMALE"],"X_CALENDAR_YEAR":[2009,2009,2009,2009,2009,2009,2009,2009,2009,2009,2009,2009,2009,2009,2009,2009,2009,2009,2009,2009,2009,2009,2010,2010,2010,2010,2010,2010,2010,2010,2010,2010,2010,2010,2010,2010,2010,2010,2010,2010,2010,2010,2010,2010],"Y_PREVALENCE_1000PP":[0.03846,0.03846,0.03846,0.03846,0.03846,0.03846,0.03846,0.03846,0.03846,0.03846,0.03846,0.03846,0.03846,0.03846,0.03846,0.03846,0.03846,0.03846,0.03846,0.03846,0.03846,0.03846,0.03846,0.03846,0.03846,0.03846,0.03846,0.03846,0.03846,0.03846,0.03846,0.03846,0.03846,0.03846,0.03846,0.03846,0.03846,0.03846,0.03846,0.03846,0.03846,0.03846,0.03846,0.03846]},"PREVALENCE_BY_MONTH":{"X_CALENDAR_MONTH":[],"Y_PREVALENCE_1000PP":[]},"CONDITIONS_BY_TYPE":{"CONCEPT_NAME":"Claim","COUNT_VALUE":440},"AGE_AT_FIRST_DIAGNOSIS":{"CATEGORY":["MALE","FEMALE"],"MIN_VALUE":[1,1],"P10_VALUE":[11,11],"P25_VALUE":[21,21],"MEDIAN_VALUE":[51,51],"P75_VALUE":[81,81],"P90_VALUE":[91,91],"MAX_VALUE":[101,101]}}
