{"PREVALENCE_BY_GENDER_AGE_YEAR":{"TRELLIS_NAME":["60-69","30-39","10-19","40-49","100-109","70-79","50-59","0-9","40-49","30-39","50-59","20-29","20-29","80-89","10-19","90-99","0-9","90-99","80-89","100-109","60-69","70-79","0-9","20-29","30-39","10-19","40-49","100-109","60-69","80-89","90-99","50-59","70-79","30-39","70-79","60-69","50-59","90-99","40-49","20-29","100-109","0-9","10-19","80-89"],"SERIES_NAME":["MALE","MALE","MALE","FEMALE","MALE","MALE","MALE","FEMALE","MALE","FEMALE","FEMALE","MALE","FEMALE","MALE","FEMALE","MALE","MALE","FEMALE","FEMALE","FEMALE","FEMALE","FEMALE","FEMALE","FEMALE","FEMALE","FEMALE","FEMALE","FEMALE","FEMALE","FEMALE","FEMALE","FEMALE","FEMALE","MALE","MALE","MALE","MALE","MALE","MALE","MALE","MALE","MALE","MALE","MALE"],"X_CALENDAR_YEAR":[2009,2009,2009,2009,2009,2009,2009,2009,2009,2009,2009,2009,2009,2009,2009,2009,2009,2009,2009,2009,2009,2009,2010,2010,2010,2010,2010,2010,2010,2010,2010,2010,2010,2010,2010,2010,2010,2010,2010,2010,2010,2010,2010,2010],"Y_PREVALENCE_1000PP":[0.05769,0.05769,0.05769,0.05769,0.05769,0.05769,0.05769,0.05769,0.05769,0.05769,0.05769,0.05769,0.05769,0.05769,0.05769,0.05769,0.05769,0.05769,0.05769,0.05769,0.05769,0.05769,0.05769,0.05769,0.05769,0.05769,0.05769,0.05769,0.05769,0.05769,0.05769,0.05769,0.05769,0.05769,0.05769,0.05769,0.05769,0.05769,0.05769,0.05769,0.05769,0.05769,0.05769,0.05769]},"PREVALENCE_BY_MONTH":{"X_CALENDAR_MONTH":[200901,200902,200903,200904,200905,200906,200907,200908,200909,200910,200911,200912,201001,201002,201003,201004,201005,201006,201007,201008,201009,201010,201011,201012],"Y_PREVALENCE_1000PP":[0.02797,0.00466,0.00495,0.01632,0.00437,0.00437,0.00262,0.00758,0.00495,0.00524,0.00437,0.0067,0.01107,0.00466,0.00437,0.03526,0.00583,0.00379,0.00437,0.00437,0.00554,0.00379,0.00437,0.00641]},"CONDITIONS_BY_TYPE":{"CONCEPT_NAME":"Claim","COUNT_VALUE":660},"AGE_AT_FIRST_DIAGNOSIS":{"CATEGORY":["MALE","FEMALE"],"MIN_VALUE":[1,1],"P10_VALUE":[11,11],"P25_VALUE":[21,21],"MEDIAN_VALUE":[51,51],"P75_VALUE":[81,81],"P90_VALUE":[91,91],"MAX_VALUE":[101,101]}}
