{"PREVALENCE_BY_GENDER_AGE_YEAR":{"TRELLIS_NAME":["10-19","10-19","0-9","50-59","100-109","50-59","0-9","30-39","90-99","20-29","20-29","40-49","40-49","60-69","30-39","80-89","70-79","100-109","60-69","70-79","80-89","90-99","20-29","10-19","80-89","70-79","0-9","100-109","40-49","60-69","90-99","50-59","30-39","80-89","50-59","90-99","70-79","20-29","10-19","60-69","100-109","30-39","0-9","40-49"],"SERIES_NAME":["FEMALE","MALE","MALE","MALE","MALE","FEMALE","FEMALE","MALE","MALE","FEMALE","MALE","MALE","FEMALE","MALE","FEMALE","MALE","MALE","FEMALE","FEMALE","FEMALE","FEMALE","FEMALE","FEMALE","FEMALE","FEMALE","FEMALE","FEMALE","FEMALE","FEMALE","FEMALE","FEMALE","FEMALE","FEMALE","MALE","MALE","MALE","MALE","MALE","MALE","MALE","MALE","MALE","MALE","MALE"],"X_CALENDAR_YEAR":[2009,2009,2009,2009,2009,2009,2009,2009,2009,2009,2009,2009,2009,2009,2009,2009,2009,2009,2009,2009,2009,2009,2010,2010,2010,2010,2010,2010,2010,2010,2010,2010,2010,2010,2010,2010,2010,2010,2010,2010,2010,2010,2010,2010],"Y_PREVALENCE_1000PP":[0.0641,0.0641,0.0641,0.0641,0.0641,0.0641,0.0641,0.0641,0.0641,0.0641,0.0641,0.0641,0.0641,0.0641,0.0641,0.0641,0.0641,0.0641,0.0641,0.0641,0.0641,0.0641,0.0641,0.0641,0.0641,0.0641,0.0641,0.0641,0.0641,0.0641,0.0641,0.0641,0.0641,0.0641,0.0641,0.0641,0.0641,0.0641,0.0641,0.0641,0.0641,0.0641,0.0641,0.0641]},"PREVALENCE_BY_MONTH":{"X_CALENDAR_MONTH":[200901,200902,200903,200904,200905,200906,200907,200908,200909,200910,200911,200912,201001,201002,201003,201004,201005,201006,201007,201008,201009,201010,201011,201012],"Y_PREVALENCE_1000PP":[0.02914,0.00466,0.00583,0.0204,0.00554,0.00641,0.00612,0.00641,0.00408,0.00699,0.00466,0.00466,0.01603,0.00408,0.00379,0.03467,0.00612,0.00524,0.00699,0.00699,0.00524,0.00408,0.00524,0.0067]},"CONDITIONS_BY_TYPE":{"CONCEPT_NAME":"Claim","COUNT_VALUE":748},"AGE_AT_FIRST_DIAGNOSIS":{"CATEGORY":["MALE","FEMALE"],"MIN_VALUE":[1,1],"P10_VALUE":[11,11],"P25_VALUE":[21,21],"MEDIAN_VALUE":[51,51],"P75_VALUE":[81,81],"P90_VALUE":[91,91],"MAX_VALUE":[101,101]}}
