{"PREVALENCE_BY_GENDER_AGE_YEAR":{"TRELLIS_NAME":["80-89","30-39","50-59","60-69","100-109","90-99","80-89","30-39","20-29","0-9","70-79","10-19","10-19","40-49","0-9","60-69","70-79","40-49","90-99","100-109","20-29","50-59","90-99","100-109","20-29","30-39","10-19","70-79","40-49","100-109","0-9","80-89","40-49","60-69","50-59","20-29","50-59","60-69","0-9","70-79","10-19","90-99","30-39","80-89"],"SERIES_NAME":["MALE","MALE","MALE","FEMALE","MALE","FEMALE","FEMALE","FEMALE","FEMALE","MALE","FEMALE","FEMALE","MALE","FEMALE","FEMALE","MALE","MALE","MALE","MALE","FEMALE","MALE","FEMALE","MALE","FEMALE","MALE","FEMALE","MALE","MALE","MALE","MALE","FEMALE","FEMALE","FEMALE","FEMALE","MALE","FEMALE","FEMALE","MALE","MALE","FEMALE","FEMALE","FEMALE","MALE","MALE"],"X_CALENDAR_YEAR":[2009,2009,2009,2009,2009,2009,2009,2009,2009,2009,2009,2009,2009,2009,2009,2009,2009,2009,2009,2009,2009,2009,2010,2010,2010,2010,2010,2010,2010,2010,2010,2010,2010,2010,2010,2010,2010,2010,2010,2010,2010,2010,2010,2010],"Y_PREVALENCE_1000PP":[0.25641,0.25641,0.25641,0.25641,0.25641,0.25641,0.25641,0.25641,0.25641,0.25641,0.25641,0.25641,0.25641,0.25641,0.25641,0.25641,0.25641,0.25641,0.25641,0.25641,0.25641,0.25641,0.25641,0.25641,0.25641,0.25641,0.25641,0.25641,0.25641,0.25641,0.25641,0.25641,0.25641,0.25641,0.25641,0.25641,0.25641,0.25641,0.25641,0.25641,0.25641,0.25641,0.25641,0.25641]},"PREVALENCE_BY_MONTH":{"X_CALENDAR_MONTH":[],"Y_PREVALENCE_1000PP":[]},"CONDITIONS_BY_TYPE":{"CONCEPT_NAME":"Claim","COUNT_VALUE":3146},"AGE_AT_FIRST_DIAGNOSIS":{"CATEGORY":["MALE","FEMALE"],"MIN_VALUE":[0,1],"P10_VALUE":[11,11],"P25_VALUE":[21,21],"MEDIAN_VALUE":[51,51],"P75_VALUE":[81,81],"P90_VALUE":[91,91],"MAX_VALUE":[101,101]}}
