{"PREVALENCE_BY_GENDER_AGE_YEAR":{"TRELLIS_NAME":["40-49","30-39","100-109","60-69","20-29","80-89","10-19","70-79","50-59","0-9","50-59","90-99","40-49","0-9","30-39","10-19","20-29","60-69","80-89","70-79","90-99","100-109","50-59","60-69","10-19","30-39","80-89","40-49","70-79","0-9","90-99","20-29","100-109","50-59","90-99","80-89","30-39","60-69","70-79","20-29","100-109","10-19","40-49","0-9"],"SERIES_NAME":["MALE","FEMALE","MALE","MALE","MALE","MALE","FEMALE","MALE","MALE","FEMALE","FEMALE","MALE","FEMALE","MALE","MALE","MALE","FEMALE","FEMALE","FEMALE","FEMALE","FEMALE","FEMALE","FEMALE","FEMALE","FEMALE","FEMALE","FEMALE","FEMALE","FEMALE","FEMALE","FEMALE","FEMALE","FEMALE","MALE","MALE","MALE","MALE","MALE","MALE","MALE","MALE","MALE","MALE","MALE"],"X_CALENDAR_YEAR":[2009,2009,2009,2009,2009,2009,2009,2009,2009,2009,2009,2009,2009,2009,2009,2009,2009,2009,2009,2009,2009,2009,2010,2010,2010,2010,2010,2010,2010,2010,2010,2010,2010,2010,2010,2010,2010,2010,2010,2010,2010,2010,2010,2010],"Y_PREVALENCE_1000PP":[0.05128,0.05128,0.05128,0.05128,0.05128,0.05128,0.05128,0.05128,0.05128,0.05128,0.05128,0.05128,0.05128,0.05128,0.05128,0.05128,0.05128,0.05128,0.05128,0.05128,0.05128,0.05128,0.05128,0.05128,0.05128,0.05128,0.05128,0.05128,0.05128,0.05128,0.05128,0.05128,0.05128,0.05128,0.05128,0.05128,0.05128,0.05128,0.05128,0.05128,0.05128,0.05128,0.05128,0.05128]},"PREVALENCE_BY_MONTH":{"X_CALENDAR_MONTH":[200901,200902,200903,200904,200905,200906,200907,200908,200909,200910,200911,200912,201001,201002,201003,201004,201005,201006,201007,201008,201009,201010,201011,201012],"Y_PREVALENCE_1000PP":[0.00874,0.00554,0.00466,0.01719,0.00495,0.00495,0.00437,0.00408,0.0035,0.00379,0.00204,0.00408,0.02185,0.00408,0.00408,0.03497,0.0035,0.00466,0.00379,0.00291,0.00379,0.00437,0.00495,0.00408]},"CONDITIONS_BY_TYPE":{"CONCEPT_NAME":"Claim","COUNT_VALUE":594},"AGE_AT_FIRST_DIAGNOSIS":{"CATEGORY":["MALE","FEMALE"],"MIN_VALUE":[1,1],"P10_VALUE":[11,11],"P25_VALUE":[21,21],"MEDIAN_VALUE":[51,51],"P75_VALUE":[81,81],"P90_VALUE":[91,91],"MAX_VALUE":[101,101]}}
