{"PREVALENCE_BY_GENDER_AGE_YEAR":{"TRELLIS_NAME":["20-29","90-99","40-49","80-89","30-39","10-19","100-109","40-49","10-19","0-9","20-29","50-59","0-9","30-39","50-59","60-69","60-69","70-79","70-79","90-99","100-109","80-89","90-99","60-69","80-89","10-19","100-109","50-59","20-29","30-39","40-49","0-9","70-79","90-99","0-9","70-79","20-29","30-39","50-59","60-69","10-19","40-49","80-89","100-109"],"SERIES_NAME":["FEMALE","MALE","FEMALE","MALE","FEMALE","FEMALE","MALE","MALE","MALE","MALE","MALE","FEMALE","FEMALE","MALE","MALE","FEMALE","MALE","MALE","FEMALE","FEMALE","FEMALE","FEMALE","FEMALE","FEMALE","FEMALE","FEMALE","FEMALE","FEMALE","FEMALE","FEMALE","FEMALE","FEMALE","FEMALE","MALE","MALE","MALE","MALE","MALE","MALE","MALE","MALE","MALE","MALE","MALE"],"X_CALENDAR_YEAR":[2009,2009,2009,2009,2009,2009,2009,2009,2009,2009,2009,2009,2009,2009,2009,2009,2009,2009,2009,2009,2009,2009,2010,2010,2010,2010,2010,2010,2010,2010,2010,2010,2010,2010,2010,2010,2010,2010,2010,2010,2010,2010,2010,2010],"Y_PREVALENCE_1000PP":[0.10897,0.10897,0.10897,0.10897,0.10897,0.10897,0.10897,0.10897,0.10897,0.10897,0.10897,0.10897,0.10897,0.10897,0.10897,0.10897,0.10897,0.10897,0.10897,0.10897,0.10897,0.10897,0.10897,0.10897,0.10897,0.10897,0.10897,0.10897,0.10897,0.10897,0.10897,0.10897,0.10897,0.10897,0.10897,0.10897,0.10897,0.10897,0.10897,0.10897,0.10897,0.10897,0.10897,0.10897]},"PREVALENCE_BY_MONTH":{"X_CALENDAR_MONTH":[200901,200902,200903,200904,200905,200906,200907,200908,200909,200910,200911,200912,201001,201002,201003,201004,201005,201006,201007,201008,201009,201010,201011,201012],"Y_PREVALENCE_1000PP":[0.03992,0.0102,0.00787,0.04429,0.00641,0.00962,0.00845,0.00962,0.00991,0.00816,0.00991,0.00874,0.03118,0.00874,0.00903,0.0542,0.01049,0.01107,0.00699,0.01049,0.01136,0.00728,0.00991,0.00816]},"CONDITIONS_BY_TYPE":{"CONCEPT_NAME":"Claim","COUNT_VALUE":1254},"AGE_AT_FIRST_DIAGNOSIS":{"CATEGORY":["MALE","FEMALE"],"MIN_VALUE":[1,1],"P10_VALUE":[11,11],"P25_VALUE":[21,21],"MEDIAN_VALUE":[51,51],"P75_VALUE":[81,81],"P90_VALUE":[91,91],"MAX_VALUE":[101,101]}}
