{"PREVALENCE_BY_GENDER_AGE_YEAR":{"TRELLIS_NAME":["40-49","10-19","90-99","60-69","40-49","70-79","100-109","20-29","0-9","10-19","30-39","50-59","50-59","80-89","0-9","30-39","20-29","60-69","70-79","90-99","100-109","80-89","60-69","90-99","0-9","10-19","70-79","30-39","100-109","40-49","80-89","20-29","50-59","90-99","10-19","30-39","100-109","20-29","80-89","60-69","70-79","0-9","50-59","40-49"],"SERIES_NAME":["FEMALE","MALE","MALE","MALE","MALE","MALE","MALE","FEMALE","MALE","FEMALE","MALE","FEMALE","MALE","MALE","FEMALE","FEMALE","MALE","FEMALE","FEMALE","FEMALE","FEMALE","FEMALE","FEMALE","FEMALE","FEMALE","FEMALE","FEMALE","FEMALE","FEMALE","FEMALE","FEMALE","FEMALE","FEMALE","MALE","MALE","MALE","MALE","MALE","MALE","MALE","MALE","MALE","MALE","MALE"],"X_CALENDAR_YEAR":[2009,2009,2009,2009,2009,2009,2009,2009,2009,2009,2009,2009,2009,2009,2009,2009,2009,2009,2009,2009,2009,2009,2010,2010,2010,2010,2010,2010,2010,2010,2010,2010,2010,2010,2010,2010,2010,2010,2010,2010,2010,2010,2010,2010],"Y_PREVALENCE_1000PP":[0.05769,0.05769,0.05769,0.05769,0.05769,0.05769,0.05769,0.05769,0.05769,0.05769,0.05769,0.05769,0.05769,0.05769,0.05769,0.05769,0.05769,0.05769,0.05769,0.05769,0.05769,0.05769,0.05769,0.05769,0.05769,0.05769,0.05769,0.05769,0.05769,0.05769,0.05769,0.05769,0.05769,0.05769,0.05769,0.05769,0.05769,0.05769,0.05769,0.05769,0.05769,0.05769,0.05769,0.05769]},"PREVALENCE_BY_MONTH":{"X_CALENDAR_MONTH":[200901,200902,200903,200904,200905,200906,200907,200908,200909,200910,200911,200912,201001,201002,201003,201004,201005,201006,201007,201008,201009,201010,201011,201012],"Y_PREVALENCE_1000PP":[0.02797,0.00583,0.00466,0.02244,0.00466,0.0035,0.00466,0.00321,0.00699,0.00612,0.00554,0.00408,0.04662,0.00262,0.00845,0.01632,0.00379,0.00612,0.00524,0.0035,0.00612,0.00437,0.00321,0.00408]},"CONDITIONS_BY_TYPE":{"CONCEPT_NAME":"Claim","COUNT_VALUE":748},"AGE_AT_FIRST_DIAGNOSIS":{"CATEGORY":["MALE","FEMALE"],"MIN_VALUE":[1,1],"P10_VALUE":[11,11],"P25_VALUE":[21,21],"MEDIAN_VALUE":[51,51],"P75_VALUE":[81,81],"P90_VALUE":[91,91],"MAX_VALUE":[101,101]}}
