{"PREVALENCE_BY_GENDER_AGE_YEAR":{"TRELLIS_NAME":["90-99","30-39","70-79","30-39","50-59","0-9","40-49","100-109","0-9","80-89","20-29","40-49","50-59","60-69","60-69","70-79","80-89","100-109","10-19","20-29","10-19","90-99","100-109","70-79","80-89","50-59","100-109","10-19","90-99","60-69","20-29","20-29","30-39","80-89","40-49","0-9","40-49","30-39","50-59","90-99","70-79","60-69","10-19","0-9"],"SERIES_NAME":["MALE","MALE","MALE","FEMALE","MALE","FEMALE","MALE","FEMALE","MALE","FEMALE","MALE","FEMALE","FEMALE","FEMALE","MALE","FEMALE","MALE","MALE","MALE","FEMALE","FEMALE","FEMALE","FEMALE","MALE","MALE","MALE","MALE","FEMALE","MALE","FEMALE","MALE","FEMALE","MALE","FEMALE","FEMALE","MALE","MALE","FEMALE","FEMALE","FEMALE","FEMALE","MALE","MALE","FEMALE"],"X_CALENDAR_YEAR":[2009,2009,2009,2009,2009,2009,2009,2009,2009,2009,2009,2009,2009,2009,2009,2009,2009,2009,2009,2009,2009,2009,2010,2010,2010,2010,2010,2010,2010,2010,2010,2010,2010,2010,2010,2010,2010,2010,2010,2010,2010,2010,2010,2010],"Y_PREVALENCE_1000PP":[0.05128,0.05128,0.05128,0.05128,0.05128,0.05128,0.05128,0.05128,0.05128,0.05128,0.05128,0.05128,0.05128,0.05128,0.05128,0.05128,0.05128,0.05128,0.05128,0.05128,0.05128,0.05128,0.05128,0.05128,0.05128,0.05128,0.05128,0.05128,0.05128,0.05128,0.05128,0.05128,0.05128,0.05128,0.05128,0.05128,0.05128,0.05128,0.05128,0.05128,0.05128,0.05128,0.05128,0.05128]},"PREVALENCE_BY_MONTH":{"X_CALENDAR_MONTH":[],"Y_PREVALENCE_1000PP":[]},"CONDITIONS_BY_TYPE":{"CONCEPT_NAME":"Claim","COUNT_VALUE":660},"AGE_AT_FIRST_DIAGNOSIS":{"CATEGORY":["MALE","FEMALE"],"MIN_VALUE":[1,1],"P10_VALUE":[11,11],"P25_VALUE":[21,21],"MEDIAN_VALUE":[51,51],"P75_VALUE":[81,81],"P90_VALUE":[91,91],"MAX_VALUE":[101,101]}}
