{"PREVALENCE_BY_GENDER_AGE_YEAR":{"TRELLIS_NAME":["70-79","50-59","80-89","90-99","60-69","100-109","70-79","80-89","60-69","0-9","50-59","10-19","30-39","20-29","40-49","10-19","40-49","30-39","0-9","20-29","100-109","90-99","40-49","50-59","20-29","30-39","0-9","60-69","10-19","30-39","50-59","40-49","80-89","90-99","60-69","70-79","0-9","10-19","20-29","70-79","100-109","90-99","80-89","100-109"],"SERIES_NAME":["FEMALE","FEMALE","FEMALE","FEMALE","FEMALE","FEMALE","MALE","MALE","MALE","MALE","MALE","MALE","MALE","MALE","MALE","FEMALE","FEMALE","FEMALE","FEMALE","FEMALE","MALE","MALE","MALE","MALE","MALE","MALE","MALE","MALE","MALE","FEMALE","FEMALE","FEMALE","FEMALE","FEMALE","FEMALE","FEMALE","FEMALE","FEMALE","FEMALE","MALE","MALE","MALE","MALE","FEMALE"],"X_CALENDAR_YEAR":[2009,2009,2009,2009,2009,2009,2009,2009,2009,2009,2009,2009,2009,2009,2009,2009,2009,2009,2009,2009,2009,2009,2010,2010,2010,2010,2010,2010,2010,2010,2010,2010,2010,2010,2010,2010,2010,2010,2010,2010,2010,2010,2010,2010],"Y_PREVALENCE_1000PP":[0.17949,0.17949,0.17949,0.17949,0.17949,0.17949,0.17949,0.17949,0.17949,0.17949,0.17949,0.17949,0.17949,0.17949,0.17949,0.17949,0.17949,0.17949,0.17949,0.17949,0.17949,0.17949,0.17949,0.17949,0.17949,0.17949,0.17949,0.17949,0.17949,0.17949,0.17949,0.17949,0.17949,0.17949,0.17949,0.17949,0.17949,0.17949,0.17949,0.17949,0.17949,0.17949,0.17949,0.17949]},"PREVALENCE_BY_MONTH":{"X_CALENDAR_MONTH":[],"Y_PREVALENCE_1000PP":[]},"CONDITIONS_BY_TYPE":{"CONCEPT_NAME":"Claim","COUNT_VALUE":2156},"AGE_AT_FIRST_DIAGNOSIS":{"CATEGORY":["FEMALE","MALE"],"MIN_VALUE":[1,0],"P10_VALUE":[11,11],"P25_VALUE":[21,21],"MEDIAN_VALUE":[51,51],"P75_VALUE":[81,81],"P90_VALUE":[91,91],"MAX_VALUE":[101,101]}}
