{"PREVALENCE_BY_GENDER_AGE_YEAR":{"TRELLIS_NAME":["60-69","30-39","80-89","40-49","50-59","40-49","50-59","10-19","10-19","90-99","100-109","20-29","60-69","20-29","30-39","0-9","0-9","70-79","100-109","70-79","90-99","80-89","80-89","20-29","50-59","100-109","30-39","10-19","40-49","60-69","70-79","0-9","90-99","20-29","90-99","80-89","60-69","100-109","0-9","10-19","40-49","70-79","30-39","50-59"],"SERIES_NAME":["FEMALE","MALE","MALE","MALE","FEMALE","FEMALE","MALE","MALE","FEMALE","MALE","MALE","FEMALE","MALE","MALE","FEMALE","MALE","FEMALE","MALE","FEMALE","FEMALE","FEMALE","FEMALE","FEMALE","FEMALE","FEMALE","FEMALE","FEMALE","FEMALE","FEMALE","FEMALE","FEMALE","FEMALE","FEMALE","MALE","MALE","MALE","MALE","MALE","MALE","MALE","MALE","MALE","MALE","MALE"],"X_CALENDAR_YEAR":[2009,2009,2009,2009,2009,2009,2009,2009,2009,2009,2009,2009,2009,2009,2009,2009,2009,2009,2009,2009,2009,2009,2010,2010,2010,2010,2010,2010,2010,2010,2010,2010,2010,2010,2010,2010,2010,2010,2010,2010,2010,2010,2010,2010],"Y_PREVALENCE_1000PP":[0.14744,0.14744,0.14744,0.14744,0.14744,0.14744,0.14744,0.14744,0.14744,0.14744,0.14744,0.14744,0.14744,0.14744,0.14744,0.14744,0.14744,0.14744,0.14744,0.14744,0.14744,0.14744,0.14744,0.14744,0.14744,0.14744,0.14744,0.14744,0.14744,0.14744,0.14744,0.14744,0.14744,0.14744,0.14744,0.14744,0.14744,0.14744,0.14744,0.14744,0.14744,0.14744,0.14744,0.14744]},"PREVALENCE_BY_MONTH":{"X_CALENDAR_MONTH":[200901,200902,200903,200904,200905,200906,200907,200908,200909,200910,200911,200912,201001,201002,201003,201004,201005,201006,201007,201008,201009,201010,201011,201012],"Y_PREVALENCE_1000PP":[0.06002,0.0102,0.01224,0.07576,0.01428,0.01166,0.01195,0.01166,0.01166,0.01428,0.01107,0.01457,0.05857,0.0102,0.01573,0.07314,0.01486,0.01282,0.00991,0.01515,0.01369,0.00932,0.0102,0.01107]},"CONDITIONS_BY_TYPE":{"CONCEPT_NAME":"Claim","COUNT_VALUE":1826},"AGE_AT_FIRST_DIAGNOSIS":{"CATEGORY":["MALE","FEMALE"],"MIN_VALUE":[1,1],"P10_VALUE":[11,11],"P25_VALUE":[21,21],"MEDIAN_VALUE":[51,51],"P75_VALUE":[81,81],"P90_VALUE":[91,91],"MAX_VALUE":[101,101]}}
