{"PREVALENCE_BY_GENDER_AGE_YEAR":{"TRELLIS_NAME":["20-29","10-19","50-59","30-39","10-19","0-9","30-39","40-49","60-69","100-109","20-29","60-69","50-59","0-9","90-99","40-49","70-79","80-89","80-89","100-109","90-99","70-79","20-29","40-49","80-89","0-9","60-69","10-19","100-109","90-99","70-79","30-39","50-59","100-109","90-99","40-49","30-39","60-69","80-89","20-29","0-9","10-19","50-59","70-79"],"SERIES_NAME":["MALE","FEMALE","MALE","MALE","MALE","MALE","FEMALE","FEMALE","FEMALE","MALE","FEMALE","MALE","FEMALE","FEMALE","MALE","MALE","MALE","MALE","FEMALE","FEMALE","FEMALE","FEMALE","FEMALE","FEMALE","FEMALE","FEMALE","FEMALE","FEMALE","FEMALE","FEMALE","FEMALE","FEMALE","FEMALE","MALE","MALE","MALE","MALE","MALE","MALE","MALE","MALE","MALE","MALE","MALE"],"X_CALENDAR_YEAR":[2009,2009,2009,2009,2009,2009,2009,2009,2009,2009,2009,2009,2009,2009,2009,2009,2009,2009,2009,2009,2009,2009,2010,2010,2010,2010,2010,2010,2010,2010,2010,2010,2010,2010,2010,2010,2010,2010,2010,2010,2010,2010,2010,2010],"Y_PREVALENCE_1000PP":[0.08974,0.08974,0.08974,0.08974,0.08974,0.08974,0.08974,0.08974,0.08974,0.08974,0.08974,0.08974,0.08974,0.08974,0.08974,0.08974,0.08974,0.08974,0.08974,0.08974,0.08974,0.08974,0.08974,0.08974,0.08974,0.08974,0.08974,0.08974,0.08974,0.08974,0.08974,0.08974,0.08974,0.08974,0.08974,0.08974,0.08974,0.08974,0.08974,0.08974,0.08974,0.08974,0.08974,0.08974]},"PREVALENCE_BY_MONTH":{"X_CALENDAR_MONTH":[200901,200902,200903,200904,200905,200906,200907,200908,200909,200910,200911,200912,201001,201002,201003,201004,201005,201006,201007,201008,201009,201010,201011,201012],"Y_PREVALENCE_1000PP":[0.04138,0.00728,0.00962,0.05041,0.00699,0.0067,0.00962,0.00699,0.00612,0.00845,0.00699,0.00641,0.04341,0.00699,0.00816,0.04283,0.00699,0.00495,0.00932,0.00874,0.00816,0.00612,0.0067,0.00728]},"CONDITIONS_BY_TYPE":{"CONCEPT_NAME":"Claim","COUNT_VALUE":1166},"AGE_AT_FIRST_DIAGNOSIS":{"CATEGORY":["MALE","FEMALE"],"MIN_VALUE":[1,1],"P10_VALUE":[11,11],"P25_VALUE":[21,21],"MEDIAN_VALUE":[51,51],"P75_VALUE":[81,81],"P90_VALUE":[91,91],"MAX_VALUE":[101,101]}}
