{"PREVALENCE_BY_GENDER_AGE_YEAR":{"TRELLIS_NAME":["80-89","20-29","0-9","40-49","70-79","0-9","10-19","90-99","30-39","10-19","40-49","60-69","30-39","100-109","50-59","50-59","20-29","100-109","80-89","70-79","60-69","90-99","10-19","100-109","20-29","0-9","70-79","90-99","80-89","60-69","50-59","40-49","30-39","80-89","100-109","70-79","60-69","50-59","0-9","90-99","30-39","10-19","40-49","20-29"],"SERIES_NAME":["MALE","MALE","FEMALE","MALE","MALE","MALE","FEMALE","MALE","MALE","MALE","FEMALE","MALE","FEMALE","MALE","FEMALE","MALE","FEMALE","FEMALE","FEMALE","FEMALE","FEMALE","FEMALE","FEMALE","FEMALE","FEMALE","FEMALE","FEMALE","FEMALE","FEMALE","FEMALE","FEMALE","FEMALE","FEMALE","MALE","MALE","MALE","MALE","MALE","MALE","MALE","MALE","MALE","MALE","MALE"],"X_CALENDAR_YEAR":[2009,2009,2009,2009,2009,2009,2009,2009,2009,2009,2009,2009,2009,2009,2009,2009,2009,2009,2009,2009,2009,2009,2010,2010,2010,2010,2010,2010,2010,2010,2010,2010,2010,2010,2010,2010,2010,2010,2010,2010,2010,2010,2010,2010],"Y_PREVALENCE_1000PP":[0.21154,0.21154,0.21154,0.21154,0.21154,0.21154,0.21154,0.21154,0.21154,0.21154,0.21154,0.21154,0.21154,0.21154,0.21154,0.21154,0.21154,0.21154,0.21154,0.21154,0.21154,0.21154,0.21154,0.21154,0.21154,0.21154,0.21154,0.21154,0.21154,0.21154,0.21154,0.21154,0.21154,0.21154,0.21154,0.21154,0.21154,0.21154,0.21154,0.21154,0.21154,0.21154,0.21154,0.21154]},"PREVALENCE_BY_MONTH":{"X_CALENDAR_MONTH":[200901,200902,200903,200904,200905,200906,200907,200908,200909,200910,200911,200912,201001,201002,201003,201004,201005,201006,201007,201008,201009,201010,201011,201012],"Y_PREVALENCE_1000PP":[0.06731,0.01807,0.02098,0.11101,0.01981,0.01515,0.01369,0.01923,0.01923,0.01573,0.01719,0.01923,0.08683,0.01807,0.01981,0.10868,0.01573,0.01369,0.01661,0.01865,0.01836,0.01807,0.01952,0.01719]},"CONDITIONS_BY_TYPE":{"CONCEPT_NAME":"Claim","COUNT_VALUE":2596},"AGE_AT_FIRST_DIAGNOSIS":{"CATEGORY":["MALE","FEMALE"],"MIN_VALUE":[1,1],"P10_VALUE":[11,11],"P25_VALUE":[21,21],"MEDIAN_VALUE":[51,51],"P75_VALUE":[81,81],"P90_VALUE":[91,91],"MAX_VALUE":[101,101]}}
