{"PREVALENCE_BY_GENDER_AGE_YEAR":{"TRELLIS_NAME":["60-69","40-49","10-19","50-59","30-39","20-29","20-29","0-9","70-79","10-19","50-59","40-49","100-109","30-39","60-69","0-9","90-99","80-89","70-79","90-99","100-109","80-89","40-49","70-79","10-19","30-39","100-109","50-59","90-99","0-9","80-89","60-69","20-29","40-49","0-9","30-39","100-109","70-79","80-89","50-59","90-99","10-19","20-29","60-69"],"SERIES_NAME":["FEMALE","MALE","MALE","MALE","FEMALE","FEMALE","MALE","MALE","MALE","FEMALE","FEMALE","FEMALE","MALE","MALE","MALE","FEMALE","MALE","MALE","FEMALE","FEMALE","FEMALE","FEMALE","FEMALE","FEMALE","FEMALE","FEMALE","FEMALE","FEMALE","FEMALE","FEMALE","FEMALE","FEMALE","FEMALE","MALE","MALE","MALE","MALE","MALE","MALE","MALE","MALE","MALE","MALE","MALE"],"X_CALENDAR_YEAR":[2009,2009,2009,2009,2009,2009,2009,2009,2009,2009,2009,2009,2009,2009,2009,2009,2009,2009,2009,2009,2009,2009,2010,2010,2010,2010,2010,2010,2010,2010,2010,2010,2010,2010,2010,2010,2010,2010,2010,2010,2010,2010,2010,2010],"Y_PREVALENCE_1000PP":[0.08333,0.08333,0.08333,0.08333,0.08333,0.08333,0.08333,0.08333,0.08333,0.08333,0.08333,0.08333,0.08333,0.08333,0.08333,0.08333,0.08333,0.08333,0.08333,0.08333,0.08333,0.08333,0.08333,0.08333,0.08333,0.08333,0.08333,0.08333,0.08333,0.08333,0.08333,0.08333,0.08333,0.08333,0.08333,0.08333,0.08333,0.08333,0.08333,0.08333,0.08333,0.08333,0.08333,0.08333]},"PREVALENCE_BY_MONTH":{"X_CALENDAR_MONTH":[200901,200902,200903,200904,200905,200906,200907,200908,200909,200910,200911,200912,201001,201002,201003,201004,201005,201006,201007,201008,201009,201010,201011,201012],"Y_PREVALENCE_1000PP":[0.0303,0.00612,0.00466,0.037,0.00816,0.00583,0.00699,0.00728,0.00495,0.00699,0.00816,0.0102,0.04108,0.00408,0.00699,0.02593,0.00787,0.00641,0.00874,0.0067,0.00787,0.00728,0.00612,0.00728]},"CONDITIONS_BY_TYPE":{"CONCEPT_NAME":"Claim","COUNT_VALUE":968},"AGE_AT_FIRST_DIAGNOSIS":{"CATEGORY":["MALE","FEMALE"],"MIN_VALUE":[1,1],"P10_VALUE":[11,11],"P25_VALUE":[21,21],"MEDIAN_VALUE":[51,51],"P75_VALUE":[81,81],"P90_VALUE":[91,91],"MAX_VALUE":[101,101]}}
