{"PREVALENCE_BY_GENDER_AGE_YEAR":{"TRELLIS_NAME":["10-19","30-39","0-9","40-49","90-99","20-29","0-9","20-29","40-49","70-79","100-109","50-59","80-89","50-59","10-19","60-69","30-39","70-79","100-109","80-89","60-69","90-99","10-19","90-99","0-9","50-59","70-79","100-109","40-49","60-69","30-39","20-29","80-89","100-109","30-39","70-79","90-99","0-9","80-89","50-59","20-29","40-49","60-69","10-19"],"SERIES_NAME":["MALE","FEMALE","MALE","MALE","MALE","MALE","FEMALE","FEMALE","FEMALE","MALE","MALE","FEMALE","MALE","MALE","FEMALE","MALE","MALE","FEMALE","FEMALE","FEMALE","FEMALE","FEMALE","FEMALE","FEMALE","FEMALE","FEMALE","FEMALE","FEMALE","FEMALE","FEMALE","FEMALE","FEMALE","FEMALE","MALE","MALE","MALE","MALE","MALE","MALE","MALE","MALE","MALE","MALE","MALE"],"X_CALENDAR_YEAR":[2009,2009,2009,2009,2009,2009,2009,2009,2009,2009,2009,2009,2009,2009,2009,2009,2009,2009,2009,2009,2009,2009,2010,2010,2010,2010,2010,2010,2010,2010,2010,2010,2010,2010,2010,2010,2010,2010,2010,2010,2010,2010,2010,2010],"Y_PREVALENCE_1000PP":[0.05128,0.05128,0.05128,0.05128,0.05128,0.05128,0.05128,0.05128,0.05128,0.05128,0.05128,0.05128,0.05128,0.05128,0.05128,0.05128,0.05128,0.05128,0.05128,0.05128,0.05128,0.05128,0.05128,0.05128,0.05128,0.05128,0.05128,0.05128,0.05128,0.05128,0.05128,0.05128,0.05128,0.05128,0.05128,0.05128,0.05128,0.05128,0.05128,0.05128,0.05128,0.05128,0.05128,0.05128]},"PREVALENCE_BY_MONTH":{"X_CALENDAR_MONTH":[200901,200902,200903,200904,200905,200906,200907,200908,200909,200910,200911,200912,201001,201002,201003,201004,201005,201006,201007,201008,201009,201010,201011,201012],"Y_PREVALENCE_1000PP":[0.04021,0.0035,0.00466,0.01049,0.00641,0.0035,0.00379,0.00321,0.0035,0.00524,0.00408,0.00437,0.02826,0.00379,0.0035,0.02214,0.00554,0.00583,0.00321,0.00321,0.00262,0.00437,0.00408,0.00554]},"CONDITIONS_BY_TYPE":{"CONCEPT_NAME":"Claim","COUNT_VALUE":660},"AGE_AT_FIRST_DIAGNOSIS":{"CATEGORY":["MALE","FEMALE"],"MIN_VALUE":[1,1],"P10_VALUE":[11,11],"P25_VALUE":[21,21],"MEDIAN_VALUE":[51,51],"P75_VALUE":[81,81],"P90_VALUE":[91,91],"MAX_VALUE":[101,101]}}
