{"PREVALENCE_BY_GENDER_AGE_YEAR":{"TRELLIS_NAME":["80-89","40-49","90-99","10-19","50-59","0-9","100-109","50-59","10-19","30-39","40-49","70-79","60-69","0-9","30-39","20-29","20-29","70-79","80-89","60-69","100-109","90-99","0-9","50-59","10-19","100-109","30-39","80-89","70-79","40-49","90-99","60-69","20-29","100-109","0-9","40-49","80-89","20-29","90-99","50-59","60-69","30-39","70-79","10-19"],"SERIES_NAME":["MALE","FEMALE","MALE","FEMALE","FEMALE","FEMALE","MALE","MALE","MALE","FEMALE","MALE","MALE","MALE","MALE","MALE","FEMALE","MALE","FEMALE","FEMALE","FEMALE","FEMALE","FEMALE","FEMALE","FEMALE","FEMALE","FEMALE","FEMALE","FEMALE","FEMALE","FEMALE","FEMALE","FEMALE","FEMALE","MALE","MALE","MALE","MALE","MALE","MALE","MALE","MALE","MALE","MALE","MALE"],"X_CALENDAR_YEAR":[2009,2009,2009,2009,2009,2009,2009,2009,2009,2009,2009,2009,2009,2009,2009,2009,2009,2009,2009,2009,2009,2009,2010,2010,2010,2010,2010,2010,2010,2010,2010,2010,2010,2010,2010,2010,2010,2010,2010,2010,2010,2010,2010,2010],"Y_PREVALENCE_1000PP":[0.08333,0.08333,0.08333,0.08333,0.08333,0.08333,0.08333,0.08333,0.08333,0.08333,0.08333,0.08333,0.08333,0.08333,0.08333,0.08333,0.08333,0.08333,0.08333,0.08333,0.08333,0.08333,0.08333,0.08333,0.08333,0.08333,0.08333,0.08333,0.08333,0.08333,0.08333,0.08333,0.08333,0.08333,0.08333,0.08333,0.08333,0.08333,0.08333,0.08333,0.08333,0.08333,0.08333,0.08333]},"PREVALENCE_BY_MONTH":{"X_CALENDAR_MONTH":[200901,200902,200903,200904,200905,200906,200907,200908,200909,200910,200911,200912,201001,201002,201003,201004,201005,201006,201007,201008,201009,201010,201011,201012],"Y_PREVALENCE_1000PP":[0.0303,0.00699,0.00612,0.04837,0.00845,0.00874,0.00699,0.00554,0.00816,0.00845,0.00583,0.00495,0.02506,0.00641,0.0035,0.04808,0.00845,0.00728,0.00554,0.00583,0.00699,0.00845,0.00816,0.00699]},"CONDITIONS_BY_TYPE":{"CONCEPT_NAME":"Claim","COUNT_VALUE":1034},"AGE_AT_FIRST_DIAGNOSIS":{"CATEGORY":["MALE","FEMALE"],"MIN_VALUE":[1,1],"P10_VALUE":[11,11],"P25_VALUE":[21,21],"MEDIAN_VALUE":[51,51],"P75_VALUE":[81,81],"P90_VALUE":[91,91],"MAX_VALUE":[101,101]}}
