{"PREVALENCE_BY_GENDER_AGE_YEAR":{"TRELLIS_NAME":["80-89","90-99","40-49","40-49","30-39","0-9","10-19","0-9","70-79","50-59","100-109","20-29","60-69","60-69","50-59","30-39","10-19","20-29","90-99","100-109","70-79","80-89","90-99","30-39","20-29","50-59","10-19","80-89","100-109","40-49","60-69","70-79","0-9","20-29","90-99","40-49","100-109","80-89","60-69","50-59","10-19","0-9","30-39","70-79"],"SERIES_NAME":["MALE","MALE","FEMALE","MALE","MALE","MALE","MALE","FEMALE","MALE","MALE","MALE","FEMALE","MALE","FEMALE","FEMALE","FEMALE","FEMALE","MALE","FEMALE","FEMALE","FEMALE","FEMALE","FEMALE","FEMALE","FEMALE","FEMALE","FEMALE","FEMALE","FEMALE","FEMALE","FEMALE","FEMALE","FEMALE","MALE","MALE","MALE","MALE","MALE","MALE","MALE","MALE","MALE","MALE","MALE"],"X_CALENDAR_YEAR":[2009,2009,2009,2009,2009,2009,2009,2009,2009,2009,2009,2009,2009,2009,2009,2009,2009,2009,2009,2009,2009,2009,2010,2010,2010,2010,2010,2010,2010,2010,2010,2010,2010,2010,2010,2010,2010,2010,2010,2010,2010,2010,2010,2010],"Y_PREVALENCE_1000PP":[0.14744,0.14744,0.14744,0.14744,0.14744,0.14744,0.14744,0.14744,0.14744,0.14744,0.14744,0.14744,0.14744,0.14744,0.14744,0.14744,0.14744,0.14744,0.14744,0.14744,0.14744,0.14744,0.14744,0.14744,0.14744,0.14744,0.14744,0.14744,0.14744,0.14744,0.14744,0.14744,0.14744,0.14744,0.14744,0.14744,0.14744,0.14744,0.14744,0.14744,0.14744,0.14744,0.14744,0.14744]},"PREVALENCE_BY_MONTH":{"X_CALENDAR_MONTH":[200901,200902,200903,200904,200905,200906,200907,200908,200909,200910,200911,200912,201001,201002,201003,201004,201005,201006,201007,201008,201009,201010,201011,201012],"Y_PREVALENCE_1000PP":[0.08945,0.0134,0.01136,0.05303,0.01428,0.01369,0.00903,0.01282,0.01195,0.01369,0.00991,0.01224,0.07139,0.00758,0.01166,0.07721,0.01369,0.01166,0.01049,0.01136,0.0102,0.01166,0.01894,0.01311]},"CONDITIONS_BY_TYPE":{"CONCEPT_NAME":"Claim","COUNT_VALUE":1914},"AGE_AT_FIRST_DIAGNOSIS":{"CATEGORY":["MALE","FEMALE"],"MIN_VALUE":[1,1],"P10_VALUE":[11,11],"P25_VALUE":[21,21],"MEDIAN_VALUE":[51,51],"P75_VALUE":[81,81],"P90_VALUE":[91,91],"MAX_VALUE":[101,101]}}
