{"PREVALENCE_BY_GENDER_AGE_YEAR":{"TRELLIS_NAME":["80-89","30-39","50-59","0-9","10-19","90-99","40-49","20-29","30-39","40-49","100-109","60-69","10-19","20-29","60-69","50-59","0-9","70-79","80-89","100-109","70-79","90-99","10-19","30-39","40-49","50-59","100-109","70-79","60-69","80-89","90-99","20-29","0-9","100-109","30-39","20-29","80-89","90-99","0-9","40-49","50-59","70-79","60-69","10-19"],"SERIES_NAME":["MALE","MALE","FEMALE","FEMALE","FEMALE","MALE","FEMALE","MALE","FEMALE","MALE","MALE","FEMALE","MALE","FEMALE","MALE","MALE","MALE","MALE","FEMALE","FEMALE","FEMALE","FEMALE","FEMALE","FEMALE","FEMALE","FEMALE","FEMALE","FEMALE","FEMALE","FEMALE","FEMALE","FEMALE","FEMALE","MALE","MALE","MALE","MALE","MALE","MALE","MALE","MALE","MALE","MALE","MALE"],"X_CALENDAR_YEAR":[2009,2009,2009,2009,2009,2009,2009,2009,2009,2009,2009,2009,2009,2009,2009,2009,2009,2009,2009,2009,2009,2009,2010,2010,2010,2010,2010,2010,2010,2010,2010,2010,2010,2010,2010,2010,2010,2010,2010,2010,2010,2010,2010,2010],"Y_PREVALENCE_1000PP":[0.1859,0.1859,0.1859,0.1859,0.1859,0.1859,0.1859,0.1859,0.1859,0.1859,0.1859,0.1859,0.1859,0.1859,0.1859,0.1859,0.1859,0.1859,0.1859,0.1859,0.1859,0.1859,0.1859,0.1859,0.1859,0.1859,0.1859,0.1859,0.1859,0.1859,0.1859,0.1859,0.1859,0.1859,0.1859,0.1859,0.1859,0.1859,0.1859,0.1859,0.1859,0.1859,0.1859,0.1859]},"PREVALENCE_BY_MONTH":{"X_CALENDAR_MONTH":[200901,200902,200903,200904,200905,200906,200907,200908,200909,200910,200911,200912,201001,201002,201003,201004,201005,201006,201007,201008,201009,201010,201011,201012],"Y_PREVALENCE_1000PP":[0.07896,0.01661,0.01573,0.08129,0.01428,0.01457,0.01573,0.01573,0.01282,0.01661,0.01399,0.01836,0.07459,0.01195,0.01573,0.1046,0.01544,0.01573,0.01748,0.01369,0.01544,0.01661,0.01573,0.01486]},"CONDITIONS_BY_TYPE":{"CONCEPT_NAME":"Claim","COUNT_VALUE":2310},"AGE_AT_FIRST_DIAGNOSIS":{"CATEGORY":["MALE","FEMALE"],"MIN_VALUE":[1,1],"P10_VALUE":[11,11],"P25_VALUE":[21,21],"MEDIAN_VALUE":[51,51],"P75_VALUE":[81,81],"P90_VALUE":[91,91],"MAX_VALUE":[101,101]}}
