{"PREVALENCE_BY_GENDER_AGE_YEAR":{"TRELLIS_NAME":["20-29","10-19","40-49","10-19","0-9","90-99","70-79","0-9","50-59","50-59","30-39","80-89","60-69","30-39","40-49","20-29","100-109","70-79","90-99","80-89","60-69","100-109","90-99","50-59","0-9","60-69","20-29","70-79","80-89","100-109","40-49","30-39","10-19","80-89","40-49","0-9","90-99","100-109","10-19","20-29","70-79","60-69","50-59","30-39"],"SERIES_NAME":["FEMALE","MALE","FEMALE","FEMALE","FEMALE","MALE","MALE","MALE","MALE","FEMALE","MALE","MALE","MALE","FEMALE","MALE","MALE","MALE","FEMALE","FEMALE","FEMALE","FEMALE","FEMALE","FEMALE","FEMALE","FEMALE","FEMALE","FEMALE","FEMALE","FEMALE","FEMALE","FEMALE","FEMALE","FEMALE","MALE","MALE","MALE","MALE","MALE","MALE","MALE","MALE","MALE","MALE","MALE"],"X_CALENDAR_YEAR":[2009,2009,2009,2009,2009,2009,2009,2009,2009,2009,2009,2009,2009,2009,2009,2009,2009,2009,2009,2009,2009,2009,2010,2010,2010,2010,2010,2010,2010,2010,2010,2010,2010,2010,2010,2010,2010,2010,2010,2010,2010,2010,2010,2010],"Y_PREVALENCE_1000PP":[0.28205,0.28205,0.28205,0.28205,0.28205,0.28205,0.28205,0.28205,0.28205,0.28205,0.28205,0.28205,0.28205,0.28205,0.28205,0.28205,0.28205,0.28205,0.28205,0.28205,0.28205,0.28205,0.28205,0.28205,0.28205,0.28205,0.28205,0.28205,0.28205,0.28205,0.28205,0.28205,0.28205,0.28205,0.28205,0.28205,0.28205,0.28205,0.28205,0.28205,0.28205,0.28205,0.28205,0.28205]},"PREVALENCE_BY_MONTH":{"X_CALENDAR_MONTH":[200901,200902,200903,200904,200905,200906,200907,200908,200909,200910,200911,200912,201001,201002,201003,201004,201005,201006,201007,201008,201009,201010,201011,201012],"Y_PREVALENCE_1000PP":[0.11189,0.0201,0.02389,0.1454,0.02535,0.02098,0.02622,0.02826,0.02389,0.0201,0.02302,0.02418,0.12791,0.02418,0.02739,0.12296,0.0236,0.02273,0.02418,0.02156,0.02389,0.02273,0.02273,0.02273]},"CONDITIONS_BY_TYPE":{"CONCEPT_NAME":"Claim","COUNT_VALUE":3498},"AGE_AT_FIRST_DIAGNOSIS":{"CATEGORY":["MALE","FEMALE"],"MIN_VALUE":[1,1],"P10_VALUE":[11,11],"P25_VALUE":[21,21],"MEDIAN_VALUE":[51,51],"P75_VALUE":[81,81],"P90_VALUE":[91,91],"MAX_VALUE":[101,101]}}
