{"PREVALENCE_BY_GENDER_AGE_YEAR":{"TRELLIS_NAME":["100-109","90-99","30-39","20-29","40-49","10-19","60-69","50-59","80-89","70-79","20-29","0-9","50-59","10-19","30-39","0-9","40-49","90-99","60-69","100-109","70-79","80-89","80-89","90-99","30-39","100-109","0-9","70-79","40-49","10-19","60-69","20-29","50-59","20-29","90-99","30-39","0-9","80-89","100-109","70-79","60-69","50-59","40-49","10-19"],"SERIES_NAME":["MALE","MALE","FEMALE","MALE","FEMALE","FEMALE","MALE","MALE","MALE","MALE","FEMALE","FEMALE","FEMALE","MALE","MALE","MALE","MALE","FEMALE","FEMALE","FEMALE","FEMALE","FEMALE","FEMALE","FEMALE","FEMALE","FEMALE","FEMALE","FEMALE","FEMALE","FEMALE","FEMALE","FEMALE","FEMALE","MALE","MALE","MALE","MALE","MALE","MALE","MALE","MALE","MALE","MALE","MALE"],"X_CALENDAR_YEAR":[2009,2009,2009,2009,2009,2009,2009,2009,2009,2009,2009,2009,2009,2009,2009,2009,2009,2009,2009,2009,2009,2009,2010,2010,2010,2010,2010,2010,2010,2010,2010,2010,2010,2010,2010,2010,2010,2010,2010,2010,2010,2010,2010,2010],"Y_PREVALENCE_1000PP":[0.22436,0.22436,0.22436,0.22436,0.22436,0.22436,0.22436,0.22436,0.22436,0.22436,0.22436,0.22436,0.22436,0.22436,0.22436,0.22436,0.22436,0.22436,0.22436,0.22436,0.22436,0.22436,0.22436,0.22436,0.22436,0.22436,0.22436,0.22436,0.22436,0.22436,0.22436,0.22436,0.22436,0.22436,0.22436,0.22436,0.22436,0.22436,0.22436,0.22436,0.22436,0.22436,0.22436,0.22436]},"PREVALENCE_BY_MONTH":{"X_CALENDAR_MONTH":[200901,200902,200903,200904,200905,200906,200907,200908,200909,200910,200911,200912,201001,201002,201003,201004,201005,201006,201007,201008,201009,201010,201011,201012],"Y_PREVALENCE_1000PP":[0.11131,0.01923,0.01836,0.0947,0.01719,0.01573,0.01719,0.02185,0.0236,0.01836,0.01428,0.01894,0.1081,0.01923,0.01952,0.09615,0.01836,0.0169,0.01515,0.01807,0.02127,0.01894,0.02185,0.01719]},"CONDITIONS_BY_TYPE":{"CONCEPT_NAME":"Claim","COUNT_VALUE":2794},"AGE_AT_FIRST_DIAGNOSIS":{"CATEGORY":["MALE","FEMALE"],"MIN_VALUE":[1,1],"P10_VALUE":[11,11],"P25_VALUE":[21,21],"MEDIAN_VALUE":[51,51],"P75_VALUE":[81,81],"P90_VALUE":[91,91],"MAX_VALUE":[101,101]}}
