{"PREVALENCE_BY_GENDER_AGE_YEAR":{"TRELLIS_NAME":["60-69","40-49","70-79","90-99","80-89","100-109","50-59","90-99","100-109","20-29","30-39","0-9","10-19","80-89","70-79","20-29","40-49","10-19","0-9","30-39","50-59","60-69","0-9","10-19","60-69","70-79","80-89","90-99","30-39","40-49","50-59","100-109","20-29","60-69","100-109","80-89","70-79","90-99","40-49","10-19","50-59","20-29","30-39","0-9"],"SERIES_NAME":["FEMALE","FEMALE","FEMALE","FEMALE","FEMALE","FEMALE","FEMALE","MALE","MALE","FEMALE","FEMALE","FEMALE","FEMALE","MALE","MALE","MALE","MALE","MALE","MALE","MALE","MALE","MALE","FEMALE","FEMALE","FEMALE","FEMALE","FEMALE","FEMALE","FEMALE","FEMALE","FEMALE","FEMALE","FEMALE","MALE","MALE","MALE","MALE","MALE","MALE","MALE","MALE","MALE","MALE","MALE"],"X_CALENDAR_YEAR":[2009,2009,2009,2009,2009,2009,2009,2009,2009,2009,2009,2009,2009,2009,2009,2009,2009,2009,2009,2009,2009,2009,2010,2010,2010,2010,2010,2010,2010,2010,2010,2010,2010,2010,2010,2010,2010,2010,2010,2010,2010,2010,2010,2010],"Y_PREVALENCE_1000PP":[0.10256,0.10256,0.10256,0.10256,0.10256,0.10256,0.10256,0.10256,0.10256,0.10256,0.10256,0.10256,0.10256,0.10256,0.10256,0.10256,0.10256,0.10256,0.10256,0.10256,0.10256,0.10256,0.10256,0.10256,0.10256,0.10256,0.10256,0.10256,0.10256,0.10256,0.10256,0.10256,0.10256,0.10256,0.10256,0.10256,0.10256,0.10256,0.10256,0.10256,0.10256,0.10256,0.10256,0.10256]},"PREVALENCE_BY_MONTH":{"X_CALENDAR_MONTH":[],"Y_PREVALENCE_1000PP":[]},"CONDITIONS_BY_TYPE":{"CONCEPT_NAME":"Claim","COUNT_VALUE":1232},"AGE_AT_FIRST_DIAGNOSIS":{"CATEGORY":["FEMALE","MALE"],"MIN_VALUE":[1,1],"P10_VALUE":[11,11],"P25_VALUE":[21,21],"MEDIAN_VALUE":[51,51],"P75_VALUE":[81,81],"P90_VALUE":[91,91],"MAX_VALUE":[101,101]}}
