{"PREVALENCE_BY_GENDER_AGE_YEAR":{"TRELLIS_NAME":["70-79","0-9","40-49","60-69","80-89","100-109","40-49","10-19","20-29","10-19","90-99","30-39","50-59","30-39","0-9","50-59","20-29","80-89","60-69","100-109","70-79","90-99","60-69","10-19","50-59","40-49","80-89","0-9","20-29","30-39","100-109","90-99","70-79","30-39","80-89","10-19","0-9","40-49","100-109","70-79","50-59","90-99","60-69","20-29"],"SERIES_NAME":["MALE","MALE","MALE","MALE","MALE","MALE","FEMALE","MALE","FEMALE","FEMALE","MALE","FEMALE","FEMALE","MALE","FEMALE","MALE","MALE","FEMALE","FEMALE","FEMALE","FEMALE","FEMALE","FEMALE","FEMALE","FEMALE","FEMALE","FEMALE","FEMALE","FEMALE","FEMALE","FEMALE","FEMALE","FEMALE","MALE","MALE","MALE","MALE","MALE","MALE","MALE","MALE","MALE","MALE","MALE"],"X_CALENDAR_YEAR":[2009,2009,2009,2009,2009,2009,2009,2009,2009,2009,2009,2009,2009,2009,2009,2009,2009,2009,2009,2009,2009,2009,2010,2010,2010,2010,2010,2010,2010,2010,2010,2010,2010,2010,2010,2010,2010,2010,2010,2010,2010,2010,2010,2010],"Y_PREVALENCE_1000PP":[0.33333,0.33333,0.33333,0.33333,0.33333,0.33333,0.33333,0.33333,0.33333,0.33333,0.33333,0.33333,0.33333,0.33333,0.33333,0.33333,0.33333,0.33333,0.33333,0.33333,0.33333,0.33333,0.33333,0.33333,0.33333,0.33333,0.33333,0.33333,0.33333,0.33333,0.33333,0.33333,0.33333,0.33333,0.33333,0.33333,0.33333,0.33333,0.33333,0.33333,0.33333,0.33333,0.33333,0.33333]},"PREVALENCE_BY_MONTH":{"X_CALENDAR_MONTH":[200901,200902,200903,200904,200905,200906,200907,200908,200909,200910,200911,200912,201001,201002,201003,201004,201005,201006,201007,201008,201009,201010,201011,201012],"Y_PREVALENCE_1000PP":[0.12617,0.03205,0.02885,0.16288,0.02681,0.02797,0.02943,0.03263,0.02855,0.02448,0.02185,0.02681,0.16259,0.02826,0.0271,0.15793,0.02506,0.02826,0.02652,0.03147,0.02593,0.02855,0.02768,0.02797]},"CONDITIONS_BY_TYPE":{"CONCEPT_NAME":"Claim","COUNT_VALUE":4158},"AGE_AT_FIRST_DIAGNOSIS":{"CATEGORY":["MALE","FEMALE"],"MIN_VALUE":[1,1],"P10_VALUE":[11,11],"P25_VALUE":[21,21],"MEDIAN_VALUE":[51,51],"P75_VALUE":[81,81],"P90_VALUE":[91,91],"MAX_VALUE":[101,101]}}
