{"PREVALENCE_BY_GENDER_AGE_YEAR":{"TRELLIS_NAME":["50-59","0-9","10-19","60-69","50-59","40-49","80-89","20-29","30-39","10-19","40-49","70-79","100-109","0-9","20-29","90-99","30-39","70-79","100-109","60-69","90-99","80-89","60-69","100-109","80-89","20-29","10-19","50-59","0-9","30-39","40-49","90-99","70-79","40-49","50-59","20-29","60-69","100-109","80-89","10-19","0-9","70-79","30-39","90-99"],"SERIES_NAME":["MALE","FEMALE","FEMALE","MALE","FEMALE","FEMALE","MALE","MALE","MALE","MALE","MALE","MALE","MALE","MALE","FEMALE","MALE","FEMALE","FEMALE","FEMALE","FEMALE","FEMALE","FEMALE","FEMALE","FEMALE","FEMALE","FEMALE","FEMALE","FEMALE","FEMALE","FEMALE","FEMALE","FEMALE","FEMALE","MALE","MALE","MALE","MALE","MALE","MALE","MALE","MALE","MALE","MALE","MALE"],"X_CALENDAR_YEAR":[2009,2009,2009,2009,2009,2009,2009,2009,2009,2009,2009,2009,2009,2009,2009,2009,2009,2009,2009,2009,2009,2009,2010,2010,2010,2010,2010,2010,2010,2010,2010,2010,2010,2010,2010,2010,2010,2010,2010,2010,2010,2010,2010,2010],"Y_PREVALENCE_1000PP":[0.26923,0.26923,0.26923,0.26923,0.26923,0.26923,0.26923,0.26923,0.26923,0.26923,0.26923,0.26923,0.26923,0.26923,0.26923,0.26923,0.26923,0.26923,0.26923,0.26923,0.26923,0.26923,0.26923,0.26923,0.26923,0.26923,0.26923,0.26923,0.26923,0.26923,0.26923,0.26923,0.26923,0.26923,0.26923,0.26923,0.26923,0.26923,0.26923,0.26923,0.26923,0.26923,0.26923,0.26923]},"PREVALENCE_BY_MONTH":{"X_CALENDAR_MONTH":[200901,200902,200903,200904,200905,200906,200907,200908,200909,200910,200911,200912,201001,201002,201003,201004,201005,201006,201007,201008,201009,201010,201011,201012],"Y_PREVALENCE_1000PP":[0.11713,0.02593,0.02244,0.12383,0.0236,0.02477,0.02069,0.0271,0.01981,0.02273,0.02156,0.01981,0.14627,0.0236,0.0271,0.11801,0.02448,0.02069,0.02244,0.02156,0.02273,0.02185,0.02389,0.02127]},"CONDITIONS_BY_TYPE":{"CONCEPT_NAME":"Claim","COUNT_VALUE":3432},"AGE_AT_FIRST_DIAGNOSIS":{"CATEGORY":["MALE","FEMALE"],"MIN_VALUE":[1,1],"P10_VALUE":[11,11],"P25_VALUE":[21,21],"MEDIAN_VALUE":[51,51],"P75_VALUE":[81,81],"P90_VALUE":[91,91],"MAX_VALUE":[101,101]}}
