{"PREVALENCE_BY_GENDER_AGE_YEAR":{"TRELLIS_NAME":["60-69","80-89","40-49","30-39","40-49","50-59","10-19","0-9","90-99","30-39","70-79","10-19","20-29","0-9","50-59","20-29","100-109","100-109","80-89","60-69","90-99","70-79","100-109","90-99","20-29","60-69","80-89","40-49","10-19","0-9","70-79","30-39","50-59","60-69","50-59","10-19","0-9","20-29","100-109","40-49","30-39","90-99","70-79","80-89"],"SERIES_NAME":["MALE","MALE","MALE","FEMALE","FEMALE","MALE","FEMALE","MALE","MALE","MALE","MALE","MALE","FEMALE","FEMALE","FEMALE","MALE","MALE","FEMALE","FEMALE","FEMALE","FEMALE","FEMALE","FEMALE","FEMALE","FEMALE","FEMALE","FEMALE","FEMALE","FEMALE","FEMALE","FEMALE","FEMALE","FEMALE","MALE","MALE","MALE","MALE","MALE","MALE","MALE","MALE","MALE","MALE","MALE"],"X_CALENDAR_YEAR":[2009,2009,2009,2009,2009,2009,2009,2009,2009,2009,2009,2009,2009,2009,2009,2009,2009,2009,2009,2009,2009,2009,2010,2010,2010,2010,2010,2010,2010,2010,2010,2010,2010,2010,2010,2010,2010,2010,2010,2010,2010,2010,2010,2010],"Y_PREVALENCE_1000PP":[0.15385,0.15385,0.15385,0.15385,0.15385,0.15385,0.15385,0.15385,0.15385,0.15385,0.15385,0.15385,0.15385,0.15385,0.15385,0.15385,0.15385,0.15385,0.15385,0.15385,0.15385,0.15385,0.15385,0.15385,0.15385,0.15385,0.15385,0.15385,0.15385,0.15385,0.15385,0.15385,0.15385,0.15385,0.15385,0.15385,0.15385,0.15385,0.15385,0.15385,0.15385,0.15385,0.15385,0.15385]},"PREVALENCE_BY_MONTH":{"X_CALENDAR_MONTH":[200901,200902,200903,200904,200905,200906,200907,200908,200909,200910,200911,200912,201001,201002,201003,201004,201005,201006,201007,201008,201009,201010,201011,201012],"Y_PREVALENCE_1000PP":[0.04779,0.00903,0.01632,0.06585,0.01136,0.01573,0.01136,0.01107,0.01457,0.01399,0.0134,0.0134,0.04516,0.01078,0.01369,0.10198,0.0134,0.01253,0.01282,0.00962,0.01369,0.00991,0.01777,0.00962]},"CONDITIONS_BY_TYPE":{"CONCEPT_NAME":"Claim","COUNT_VALUE":1826},"AGE_AT_FIRST_DIAGNOSIS":{"CATEGORY":["MALE","FEMALE"],"MIN_VALUE":[1,1],"P10_VALUE":[11,11],"P25_VALUE":[21,21],"MEDIAN_VALUE":[51,51],"P75_VALUE":[81,81],"P90_VALUE":[91,91],"MAX_VALUE":[101,101]}}
