{"PREVALENCE_BY_GENDER_AGE_YEAR":{"TRELLIS_NAME":["60-69","10-19","10-19","100-109","0-9","40-49","40-49","20-29","50-59","30-39","0-9","50-59","60-69","70-79","90-99","80-89","20-29","30-39","70-79","80-89","90-99","100-109","70-79","60-69","50-59","20-29","10-19","40-49","0-9","30-39","90-99","80-89","100-109","70-79","30-39","10-19","40-49","100-109","90-99","60-69","50-59","20-29","0-9","80-89"],"SERIES_NAME":["FEMALE","FEMALE","MALE","MALE","FEMALE","MALE","FEMALE","FEMALE","MALE","MALE","MALE","FEMALE","MALE","MALE","MALE","MALE","MALE","FEMALE","FEMALE","FEMALE","FEMALE","FEMALE","FEMALE","FEMALE","FEMALE","FEMALE","FEMALE","FEMALE","FEMALE","FEMALE","FEMALE","FEMALE","FEMALE","MALE","MALE","MALE","MALE","MALE","MALE","MALE","MALE","MALE","MALE","MALE"],"X_CALENDAR_YEAR":[2009,2009,2009,2009,2009,2009,2009,2009,2009,2009,2009,2009,2009,2009,2009,2009,2009,2009,2009,2009,2009,2009,2010,2010,2010,2010,2010,2010,2010,2010,2010,2010,2010,2010,2010,2010,2010,2010,2010,2010,2010,2010,2010,2010],"Y_PREVALENCE_1000PP":[0.03846,0.03846,0.03846,0.03846,0.03846,0.03846,0.03846,0.03846,0.03846,0.03846,0.03846,0.03846,0.03846,0.03846,0.03846,0.03846,0.03846,0.03846,0.03846,0.03846,0.03846,0.03846,0.03846,0.03846,0.03846,0.03846,0.03846,0.03846,0.03846,0.03846,0.03846,0.03846,0.03846,0.03846,0.03846,0.03846,0.03846,0.03846,0.03846,0.03846,0.03846,0.03846,0.03846,0.03846]},"PREVALENCE_BY_MONTH":{"X_CALENDAR_MONTH":[200901,200902,200903,200904,200905,200906,200907,200908,200909,200910,200911,200912,201001,201002,201003,201004,201005,201006,201007,201008,201009,201010,201011,201012],"Y_PREVALENCE_1000PP":[0.03293,0.0035,0.00262,0.00874,0.00204,0.0035,0.00291,0.00233,0.0035,0.00495,0.0035,0.00262,0.01399,0.00233,0.00262,0.02156,0.00321,0.00262,0.00466,0.0035,0.00175,0.00175,0.00408,0.00554]},"CONDITIONS_BY_TYPE":{"CONCEPT_NAME":"Claim","COUNT_VALUE":506},"AGE_AT_FIRST_DIAGNOSIS":{"CATEGORY":["MALE","FEMALE"],"MIN_VALUE":[1,1],"P10_VALUE":[11,11],"P25_VALUE":[21,21],"MEDIAN_VALUE":[51,51],"P75_VALUE":[81,81],"P90_VALUE":[91,91],"MAX_VALUE":[101,101]}}
