{"PREVALENCE_BY_GENDER_AGE_YEAR":{"TRELLIS_NAME":["50-59","50-59","20-29","60-69","20-29","40-49","0-9","70-79","10-19","60-69","90-99","40-49","30-39","80-89","10-19","100-109","30-39","0-9","100-109","80-89","70-79","90-99","90-99","20-29","30-39","100-109","50-59","70-79","0-9","80-89","60-69","10-19","40-49","100-109","10-19","40-49","50-59","20-29","60-69","80-89","90-99","30-39","70-79","0-9"],"SERIES_NAME":["MALE","FEMALE","MALE","FEMALE","FEMALE","MALE","MALE","MALE","MALE","MALE","MALE","FEMALE","MALE","MALE","FEMALE","MALE","FEMALE","FEMALE","FEMALE","FEMALE","FEMALE","FEMALE","FEMALE","FEMALE","FEMALE","FEMALE","FEMALE","FEMALE","FEMALE","FEMALE","FEMALE","FEMALE","FEMALE","MALE","MALE","MALE","MALE","MALE","MALE","MALE","MALE","MALE","MALE","MALE"],"X_CALENDAR_YEAR":[2009,2009,2009,2009,2009,2009,2009,2009,2009,2009,2009,2009,2009,2009,2009,2009,2009,2009,2009,2009,2009,2009,2010,2010,2010,2010,2010,2010,2010,2010,2010,2010,2010,2010,2010,2010,2010,2010,2010,2010,2010,2010,2010,2010],"Y_PREVALENCE_1000PP":[0.10897,0.10897,0.10897,0.10897,0.10897,0.10897,0.10897,0.10897,0.10897,0.10897,0.10897,0.10897,0.10897,0.10897,0.10897,0.10897,0.10897,0.10897,0.10897,0.10897,0.10897,0.10897,0.10897,0.10897,0.10897,0.10897,0.10897,0.10897,0.10897,0.10897,0.10897,0.10897,0.10897,0.10897,0.10897,0.10897,0.10897,0.10897,0.10897,0.10897,0.10897,0.10897,0.10897,0.10897]},"PREVALENCE_BY_MONTH":{"X_CALENDAR_MONTH":[200901,200902,200903,200904,200905,200906,200907,200908,200909,200910,200911,200912,201001,201002,201003,201004,201005,201006,201007,201008,201009,201010,201011,201012],"Y_PREVALENCE_1000PP":[0.04953,0.01253,0.00962,0.0373,0.00903,0.00758,0.00816,0.00991,0.00932,0.01107,0.00903,0.00728,0.05478,0.00932,0.0102,0.03263,0.00991,0.00962,0.00903,0.00758,0.00932,0.00699,0.00845,0.00903]},"CONDITIONS_BY_TYPE":{"CONCEPT_NAME":"Claim","COUNT_VALUE":1276},"AGE_AT_FIRST_DIAGNOSIS":{"CATEGORY":["MALE","FEMALE"],"MIN_VALUE":[1,1],"P10_VALUE":[11,11],"P25_VALUE":[21,21],"MEDIAN_VALUE":[51,51],"P75_VALUE":[81,81],"P90_VALUE":[91,91],"MAX_VALUE":[101,101]}}
