{"PREVALENCE_BY_GENDER_AGE_YEAR":{"TRELLIS_NAME":["70-79","20-29","50-59","100-109","30-39","40-49","0-9","90-99","60-69","20-29","10-19","10-19","40-49","0-9","60-69","80-89","30-39","80-89","100-109","90-99","70-79","50-59","80-89","100-109","90-99","20-29","50-59","0-9","40-49","80-89","10-19","10-19","90-99","60-69","100-109","0-9","70-79","30-39","30-39","20-29","50-59","70-79","60-69","40-49"],"SERIES_NAME":["MALE","FEMALE","MALE","FEMALE","FEMALE","FEMALE","FEMALE","FEMALE","FEMALE","MALE","FEMALE","MALE","MALE","MALE","MALE","MALE","MALE","FEMALE","MALE","MALE","FEMALE","FEMALE","MALE","FEMALE","MALE","FEMALE","MALE","FEMALE","MALE","FEMALE","MALE","FEMALE","FEMALE","FEMALE","MALE","MALE","FEMALE","MALE","FEMALE","MALE","FEMALE","MALE","MALE","FEMALE"],"X_CALENDAR_YEAR":[2009,2009,2009,2009,2009,2009,2009,2009,2009,2009,2009,2009,2009,2009,2009,2009,2009,2009,2009,2009,2009,2009,2010,2010,2010,2010,2010,2010,2010,2010,2010,2010,2010,2010,2010,2010,2010,2010,2010,2010,2010,2010,2010,2010],"Y_PREVALENCE_1000PP":[0.26923,0.26923,0.26923,0.26923,0.26923,0.26923,0.26923,0.26923,0.26923,0.26923,0.26923,0.26923,0.26923,0.26923,0.26923,0.26923,0.26923,0.26923,0.26923,0.26923,0.26923,0.26923,0.26923,0.26923,0.26923,0.26923,0.26923,0.26923,0.26923,0.26923,0.26923,0.26923,0.26923,0.26923,0.26923,0.26923,0.26923,0.26923,0.26923,0.26923,0.26923,0.26923,0.26923,0.26923]},"PREVALENCE_BY_MONTH":{"X_CALENDAR_MONTH":[],"Y_PREVALENCE_1000PP":[]},"CONDITIONS_BY_TYPE":{"CONCEPT_NAME":"Claim","COUNT_VALUE":3344},"AGE_AT_FIRST_DIAGNOSIS":{"CATEGORY":["FEMALE","MALE"],"MIN_VALUE":[1,1],"P10_VALUE":[11,11],"P25_VALUE":[21,21],"MEDIAN_VALUE":[51,51],"P75_VALUE":[81,81],"P90_VALUE":[91,91],"MAX_VALUE":[101,101]}}
