{"PREVALENCE_BY_GENDER_AGE_YEAR":{"TRELLIS_NAME":["20-29","30-39","10-19","90-99","50-59","10-19","30-39","40-49","70-79","60-69","0-9","50-59","0-9","90-99","40-49","80-89","60-69","70-79","20-29"],"SERIES_NAME":["MALE","MALE","MALE","FEMALE","FEMALE","FEMALE","FEMALE","FEMALE","FEMALE","MALE","FEMALE","MALE","MALE","MALE","MALE","FEMALE","FEMALE","MALE","FEMALE"],"X_CALENDAR_YEAR":[2019,2019,2019,2019,2019,2019,2019,2019,2019,2019,2019,2019,2019,2019,2019,2019,2019,2019,2019],"Y_PREVALENCE_1000PP":[4.21301,8.47314,5.95784,7.80379,5.50485,4.37254,5.04722,4.71092,5.37435,5,4.83803,4.98753,3.34374,5.12821,4.97294,6.91643,4.75647,6.26543,4.99584]},"PREVALENCE_BY_MONTH":{"X_CALENDAR_MONTH":[201903,201902,201904,201908,201911,201907,201901,201910,201905,201909,201912,201906],"Y_PREVALENCE_1000PP":[0.38,0.39,0.55,0.41,0.4,0.62,0.41,0.55,0.38,0.41,0.34,0.35]},"OBS_FREQUENCY_DISTRIBUTION":{"Y_NUM_PERSONS":[1,0,0,0],"X_COUNT":[1,2,3,4]},"OBSERVATIONS_BY_TYPE":{"CONCEPT_NAME":"Claim","COUNT_VALUE":873},"AGE_AT_FIRST_OCCURRENCE":{"CATEGORY":["FEMALE","MALE","No matching concept"],"MIN_VALUE":[0,0,29],"P10_VALUE":[10,12,29],"P25_VALUE":[28,28,35],"MEDIAN_VALUE":[47,42,61],"P75_VALUE":[67,62,66],"P90_VALUE":[80,76,73],"MAX_VALUE":[99,99,73]}}
