{"PREVALENCE_BY_GENDER_AGE_YEAR":{"TRELLIS_NAME":["80-89","0-9","0-9","30-39","90-99","50-59","50-59","20-29","70-79","40-49","80-89","60-69","10-19","40-49","70-79","10-19","90-99","30-39","60-69","20-29"],"SERIES_NAME":["MALE","FEMALE","MALE","MALE","MALE","MALE","FEMALE","FEMALE","FEMALE","MALE","FEMALE","MALE","FEMALE","FEMALE","MALE","MALE","FEMALE","FEMALE","FEMALE","MALE"],"X_CALENDAR_YEAR":[2019,2019,2019,2019,2019,2019,2019,2019,2019,2019,2019,2019,2019,2019,2019,2019,2019,2019,2019,2019],"Y_PREVALENCE_1000PP":[8.28272,4.62768,5.57289,6.60905,3.9886,4.10738,6.08431,5.49542,3.52113,7.02062,4.61095,5.76923,5.46568,6.56674,4.9364,5.49954,3.34448,4.07034,4.18569,5.22413]},"PREVALENCE_BY_MONTH":{"X_CALENDAR_MONTH":[201908,201904,201906,201901,201903,201912,201905,201909,201910,201911,201902,201907],"Y_PREVALENCE_1000PP":[0.46,0.47,0.46,0.58,0.42,0.36,0.53,0.41,0.54,0.34,0.28,0.42]},"OBS_FREQUENCY_DISTRIBUTION":{"Y_NUM_PERSONS":[1,0,0,0],"X_COUNT":[1,2,3,4]},"OBSERVATIONS_BY_TYPE":{"CONCEPT_NAME":"Claim","COUNT_VALUE":894},"AGE_AT_FIRST_OCCURRENCE":{"CATEGORY":["FEMALE","MALE"],"MIN_VALUE":[0,0],"P10_VALUE":[11,11],"P25_VALUE":[23,26],"MEDIAN_VALUE":[45,42],"P75_VALUE":[58,63],"P90_VALUE":[73,77],"MAX_VALUE":[96,97]}}
