{"PREVALENCE_BY_GENDER_AGE_YEAR":{"TRELLIS_NAME":["70-79","40-49","20-29","40-49","60-69","60-69","10-19","30-39","50-59","70-79","10-19","0-9","0-9","50-59","20-29","30-39"],"SERIES_NAME":["FEMALE","FEMALE","MALE","MALE","MALE","FEMALE","FEMALE","MALE","MALE","MALE","MALE","FEMALE","MALE","FEMALE","FEMALE","FEMALE"],"X_CALENDAR_YEAR":[2019,2019,2019,2019,2019,2019,2019,2019,2019,2019,2019,2019,2019,2019,2019,2019],"Y_PREVALENCE_1000PP":[3.15048,1.85582,2.69633,1.60889,1.73077,1.14155,3.71666,1.69463,1.76031,2.08848,2.52062,3.36559,2.22916,2.89729,1.49875,1.62813]},"PREVALENCE_BY_MONTH":{"X_CALENDAR_MONTH":[201901,201912,201907,201905,201908,201906,201903,201909,201902,201911,201904,201910],"Y_PREVALENCE_1000PP":[0.21,0.2,0.18,0.21,0.21,0.18,0.13,0.13,0.15,0.11,0.14,0.26]},"OBS_FREQUENCY_DISTRIBUTION":{"Y_NUM_PERSONS":[0,0,0],"X_COUNT":[1,2,3]},"OBSERVATIONS_BY_TYPE":{"CONCEPT_NAME":"Claim","COUNT_VALUE":358},"AGE_AT_FIRST_OCCURRENCE":{"CATEGORY":["FEMALE","MALE"],"MIN_VALUE":[1,1],"P10_VALUE":[6,9],"P25_VALUE":[16,21],"MEDIAN_VALUE":[44,39],"P75_VALUE":[59,61],"P90_VALUE":[77,76],"MAX_VALUE":[97,95]}}
