{"PREVALENCE_BY_GENDER_AGE_YEAR":{"TRELLIS_NAME":["0-9","10-19","40-49","20-29","70-79","30-39","70-79","50-59","60-69","30-39"],"SERIES_NAME":["FEMALE","FEMALE","FEMALE","FEMALE","FEMALE","MALE","MALE","MALE","MALE","FEMALE"],"X_CALENDAR_YEAR":[2019,2019,2019,2019,2019,2019,2019,2019,2019,2019],"Y_PREVALENCE_1000PP":[1.2621,1.31176,1.57031,1.83181,1.48258,1.52517,1.51889,1.02684,1.53846,1.46532]},"PREVALENCE_BY_MONTH":{"X_CALENDAR_MONTH":[201906,201912,201904,201909,201905,201901,201911,201907,201908,201903,201902],"Y_PREVALENCE_1000PP":[0.11,0.06,0.14,0.06,0.09,0.11,0.1,0.15,0.09,0.1,0.1]},"OBS_FREQUENCY_DISTRIBUTION":{"Y_NUM_PERSONS":0,"X_COUNT":1},"OBSERVATIONS_BY_TYPE":{"CONCEPT_NAME":"Claim","COUNT_VALUE":115},"AGE_AT_FIRST_OCCURRENCE":{"CATEGORY":["FEMALE","MALE"],"MIN_VALUE":[2,0],"P10_VALUE":[9,16],"P25_VALUE":[22,33],"MEDIAN_VALUE":[35,59],"P75_VALUE":[56,73],"P90_VALUE":[73,87],"MAX_VALUE":[95,94]}}
