{"AGE_AT_FIRST_EXPOSURE":{"CATEGORY":["No matching concept","MALE","FEMALE"],"MIN_VALUE":[0,3,2],"P10_VALUE":[0,12,8],"P25_VALUE":[2,28,20],"MEDIAN_VALUE":[21,44,45],"P75_VALUE":[60,62,65],"P90_VALUE":[61,77,76],"MAX_VALUE":[61,99,99]},"DAYS_SUPPLY_DISTRIBUTION":{"CATEGORY":[],"MIN_VALUE":[],"P10_VALUE":[],"P25_VALUE":[],"MEDIAN_VALUE":[],"P75_VALUE":[],"P90_VALUE":[],"MAX_VALUE":[]},"DRUGS_BY_TYPE":{"CONCEPT_NAME":"Claim","COUNT_VALUE":246},"PREVALENCE_BY_GENDER_AGE_YEAR":{"TRELLIS_NAME":["70-79","10-19","50-59","20-29","90-99","40-49","60-69","50-59","0-9","40-49","30-39","60-69","70-79","20-29","0-9","30-39","10-19"],"SERIES_NAME":["FEMALE","FEMALE","MALE","MALE","MALE","FEMALE","FEMALE","FEMALE","MALE","MALE","MALE","MALE","MALE","FEMALE","FEMALE","FEMALE","MALE"],"X_CALENDAR_YEAR":[2019,2019,2019,2019,2019,2019,2019,2019,2019,2019,2019,2019,2019,2019,2019,2019,2019],"Y_PREVALENCE_1000PP":[1.84945,3.27869,2.3488,1.85123,4.01146,2.00143,2.83661,2.75283,1.78174,3.21496,2.88625,1.35344,2.28224,2.67023,3.15789,1.62575,2.52525]},"PREVALENCE_BY_MONTH":{"X_CALENDAR_MONTH":[201904,201907,201908,201902,201903,201906,201912,201905,201910,201911,201901,201909],"Y_PREVALENCE_1000PP":[0.24,0.22,0.19,0.23,0.17,0.21,0.21,0.16,0.22,0.16,0.21,0.24]},"DRUG_FREQUENCY_DISTRIBUTION":{"Y_NUM_PERSONS":0,"X_COUNT":1},"QUANTITY_DISTRIBUTION":{"CATEGORY":[],"MIN_VALUE":[],"P10_VALUE":[],"P25_VALUE":[],"MEDIAN_VALUE":[],"P75_VALUE":[],"P90_VALUE":[],"MAX_VALUE":[]},"REFILLS_DISTRIBUTION":{"CATEGORY":[],"MIN_VALUE":[],"P10_VALUE":[],"P25_VALUE":[],"MEDIAN_VALUE":[],"P75_VALUE":[],"P90_VALUE":[],"MAX_VALUE":[]}}
