{"PREVALENCE_BY_GENDER_AGE_YEAR":{"TRELLIS_NAME":["90-99","60-69","10-19","20-29","20-29","70-79","100-109","10-19","30-39","80-89","40-49","30-39","50-59","0-9","60-69","50-59","70-79","100-109","90-99","40-49","80-89","0-9","40-49","50-59","10-19","10-19","80-89","0-9","60-69","70-79","70-79","20-29","50-59","80-89","40-49","100-109","60-69","100-109","90-99","30-39","90-99","20-29","0-9","30-39"],"SERIES_NAME":["MALE","MALE","FEMALE","MALE","FEMALE","MALE","FEMALE","MALE","FEMALE","MALE","FEMALE","MALE","FEMALE","MALE","FEMALE","MALE","FEMALE","MALE","FEMALE","MALE","FEMALE","FEMALE","MALE","MALE","MALE","FEMALE","FEMALE","MALE","MALE","FEMALE","MALE","FEMALE","FEMALE","MALE","FEMALE","FEMALE","FEMALE","MALE","FEMALE","MALE","MALE","MALE","FEMALE","FEMALE"],"X_CALENDAR_YEAR":[2009,2009,2009,2009,2009,2009,2009,2009,2009,2009,2009,2009,2009,2009,2009,2009,2009,2009,2009,2009,2009,2009,2010,2010,2010,2010,2010,2010,2010,2010,2010,2010,2010,2010,2010,2010,2010,2010,2010,2010,2010,2010,2010,2010],"Y_PREVALENCE_1000PP":[0.10256,0.10256,0.10256,0.10256,0.10256,0.10256,0.10256,0.10256,0.10256,0.10256,0.10256,0.10256,0.10256,0.10256,0.10256,0.10256,0.10256,0.10256,0.10256,0.10256,0.10256,0.10256,0.10256,0.10256,0.10256,0.10256,0.10256,0.10256,0.10256,0.10256,0.10256,0.10256,0.10256,0.10256,0.10256,0.10256,0.10256,0.10256,0.10256,0.10256,0.10256,0.10256,0.10256,0.10256]},"PREVALENCE_BY_MONTH":{"X_CALENDAR_MONTH":[200901,200902,200903,200904,200905,200906,200907,200908,200909,200910,200911,200912,201001,201002,201003,201004,201005,201006,201007,201008,201009,201010,201011,201012],"Y_PREVALENCE_1000PP":[0.03118,0.00728,0.00787,0.05507,0.00845,0.00816,0.01107,0.00816,0.00583,0.00962,0.01166,0.00932,0.03642,0.00932,0.01049,0.05565,0.01107,0.00845,0.01049,0.0067,0.00758,0.00758,0.00932,0.00554]},"PROCEDURE_FREQUENCY_DISTRIBUTION":{"Y_NUM_PERSONS":[0,0],"X_COUNT":[1,2]},"PROCEDURES_BY_TYPE":{"CONCEPT_NAME":"Claim","COUNT_VALUE":1254},"AGE_AT_FIRST_OCCURRENCE":{"CATEGORY":["MALE","FEMALE"],"MIN_VALUE":[1,1],"P10_VALUE":[11,11],"P25_VALUE":[21,21],"MEDIAN_VALUE":[51,51],"P75_VALUE":[81,81],"P90_VALUE":[91,91],"MAX_VALUE":[101,101]}}
