{"PREVALENCE_BY_GENDER_AGE_YEAR":{"TRELLIS_NAME":["100-109","90-99","70-79","10-19","0-9","60-69","0-9","20-29","80-89","40-49","20-29","40-49","10-19","50-59","30-39","60-69","30-39","80-89","90-99","50-59","100-109","70-79","60-69","40-49","90-99","30-39","100-109","50-59","0-9","10-19","100-109","80-89","70-79","70-79","50-59","30-39","80-89","10-19","20-29","60-69","0-9","20-29","90-99","40-49"],"SERIES_NAME":["FEMALE","FEMALE","FEMALE","MALE","MALE","MALE","FEMALE","FEMALE","MALE","FEMALE","MALE","MALE","FEMALE","FEMALE","MALE","FEMALE","FEMALE","FEMALE","MALE","MALE","MALE","MALE","FEMALE","MALE","FEMALE","MALE","FEMALE","FEMALE","MALE","MALE","MALE","FEMALE","FEMALE","MALE","MALE","FEMALE","MALE","FEMALE","FEMALE","MALE","FEMALE","MALE","MALE","FEMALE"],"X_CALENDAR_YEAR":[2009,2009,2009,2009,2009,2009,2009,2009,2009,2009,2009,2009,2009,2009,2009,2009,2009,2009,2009,2009,2009,2009,2010,2010,2010,2010,2010,2010,2010,2010,2010,2010,2010,2010,2010,2010,2010,2010,2010,2010,2010,2010,2010,2010],"Y_PREVALENCE_1000PP":[0.07692,0.07692,0.07692,0.07692,0.07692,0.07692,0.07692,0.07692,0.07692,0.07692,0.07692,0.07692,0.07692,0.07692,0.07692,0.07692,0.07692,0.07692,0.07692,0.07692,0.07692,0.07692,0.07692,0.07692,0.07692,0.07692,0.07692,0.07692,0.07692,0.07692,0.07692,0.07692,0.07692,0.07692,0.07692,0.07692,0.07692,0.07692,0.07692,0.07692,0.07692,0.07692,0.07692,0.07692]},"PREVALENCE_BY_MONTH":{"X_CALENDAR_MONTH":[],"Y_PREVALENCE_1000PP":[]},"PROCEDURE_FREQUENCY_DISTRIBUTION":{"Y_NUM_PERSONS":[0,0],"X_COUNT":[1,2]},"PROCEDURES_BY_TYPE":{"CONCEPT_NAME":"Claim","COUNT_VALUE":946},"AGE_AT_FIRST_OCCURRENCE":{"CATEGORY":["MALE","FEMALE"],"MIN_VALUE":[1,1],"P10_VALUE":[11,11],"P25_VALUE":[21,21],"MEDIAN_VALUE":[51,51],"P75_VALUE":[81,81],"P90_VALUE":[91,91],"MAX_VALUE":[101,101]}}
