{"PREVALENCE_BY_GENDER_AGE_YEAR":{"TRELLIS_NAME":["70-79","50-59","60-69","50-59","30-39","40-49","60-69","0-9","0-9","20-29","30-39","70-79","10-19","40-49"],"SERIES_NAME":["FEMALE","FEMALE","FEMALE","MALE","MALE","MALE","MALE","MALE","FEMALE","FEMALE","FEMALE","MALE","FEMALE","FEMALE"],"X_CALENDAR_YEAR":[2019,2019,2019,2019,2019,2019,2019,2019,2019,2019,2019,2019,2019,2019],"Y_PREVALENCE_1000PP":[1.66451,1.59374,1.32375,1.468,1.35823,2.33816,1.54679,1.55902,1.68421,2.83712,1.13803,1.52149,2.62295,1.42959]},"PREVALENCE_BY_MONTH":{"X_CALENDAR_MONTH":[201901,201902,201903,201904,201905,201906,201907,201908,201909,201910,201911,201912],"Y_PREVALENCE_1000PP":[0.08,0.09,0.12,0.08,0.2,0.11,0.2,0.17,0.12,0.17,0.16,0.09]},"CONDITIONS_BY_TYPE":{"CONCEPT_NAME":"Claim","COUNT_VALUE":207},"AGE_AT_FIRST_DIAGNOSIS":{"CATEGORY":["MALE","FEMALE"],"MIN_VALUE":[1,0],"P10_VALUE":[11,10],"P25_VALUE":[30,21],"MEDIAN_VALUE":[46,37],"P75_VALUE":[65,59],"P90_VALUE":[78,76],"MAX_VALUE":[95,88]}}
