{"PREVALENCE_BY_GENDER_AGE_YEAR":{"TRELLIS_NAME":["70-79","40-49","0-9","20-29","30-39","70-79","20-29","50-59","10-19"],"SERIES_NAME":["FEMALE","FEMALE","FEMALE","FEMALE","FEMALE","MALE","MALE","MALE","MALE"],"X_CALENDAR_YEAR":[2019,2019,2019,2019,2019,2019,2019,2019,2019],"Y_PREVALENCE_1000PP":[1.47956,0.85776,1.89474,1.16822,1.9509,1.3313,2.01952,1.468,1.60698]},"PREVALENCE_BY_MONTH":{"X_CALENDAR_MONTH":[201901,201902,201903,201904,201905,201906,201907,201908,201909,201910,201911,201912],"Y_PREVALENCE_1000PP":[0.13,0.06,0.1,0.09,0.09,0.09,0.09,0.07,0.08,0.14,0.09,0.09]},"CONDITIONS_BY_TYPE":{"CONCEPT_NAME":"Claim","COUNT_VALUE":147},"AGE_AT_FIRST_DIAGNOSIS":{"CATEGORY":["FEMALE","MALE"],"MIN_VALUE":[1,4],"P10_VALUE":[6,14],"P25_VALUE":[20,24],"MEDIAN_VALUE":[38,44],"P75_VALUE":[65,58],"P90_VALUE":[75,76],"MAX_VALUE":[94,98]}}
