{"PREVALENCE_BY_GENDER_AGE_YEAR":{"TRELLIS_NAME":["70-79","60-69","90-99","50-59","40-49","90-99","30-39","10-19","0-9","70-79","60-69","20-29","20-29","0-9","10-19","40-49","30-39","50-59"],"SERIES_NAME":["FEMALE","FEMALE","FEMALE","FEMALE","FEMALE","MALE","FEMALE","FEMALE","FEMALE","MALE","MALE","FEMALE","MALE","MALE","MALE","MALE","MALE","MALE"],"X_CALENDAR_YEAR":[2019,2019,2019,2019,2019,2019,2019,2019,2019,2019,2019,2019,2019,2019,2019,2019,2019,2019],"Y_PREVALENCE_1000PP":[2.77418,2.08018,4.44198,2.89771,2.71623,3.4384,2.76378,4.59016,4.42105,3.61354,3.48028,3.67156,3.02928,2.00445,2.52525,2.77656,3.90492,2.3488]},"PREVALENCE_BY_MONTH":{"X_CALENDAR_MONTH":[201901,201902,201903,201904,201905,201906,201907,201908,201909,201910,201911,201912],"Y_PREVALENCE_1000PP":[0.36,0.22,0.24,0.26,0.28,0.17,0.27,0.27,0.25,0.3,0.3,0.18]},"CONDITIONS_BY_TYPE":{"CONCEPT_NAME":"Claim","COUNT_VALUE":419},"AGE_AT_FIRST_DIAGNOSIS":{"CATEGORY":["No matching concept","MALE","FEMALE"],"MIN_VALUE":[3,0,2],"P10_VALUE":[3,14,7],"P25_VALUE":[23,26,19],"MEDIAN_VALUE":[25,45,39],"P75_VALUE":[42,67,59],"P90_VALUE":[67,77,79],"MAX_VALUE":[67,99,97]}}
