{"PREVALENCE_BY_GENDER_AGE_YEAR":{"TRELLIS_NAME":["30-39","50-59","50-59","30-39","20-29","60-69","0-9","10-19"],"SERIES_NAME":["MALE","MALE","FEMALE","FEMALE","FEMALE","MALE","FEMALE","FEMALE"],"X_CALENDAR_YEAR":[2019,2019,2019,2019,2019,2019,2019,2019],"Y_PREVALENCE_1000PP":[1.35823,1.0276,0.86931,1.3006,1.33511,1.16009,1.89474,1.53005]},"PREVALENCE_BY_MONTH":{"X_CALENDAR_MONTH":[201901,201903,201904,201906,201907,201908,201910,201911,201912],"Y_PREVALENCE_1000PP":[0.23,0.07,0.12,0.07,0.06,0.06,0.07,0.08,0.12]},"CONDITIONS_BY_TYPE":{"CONCEPT_NAME":"Claim","COUNT_VALUE":133},"AGE_AT_FIRST_DIAGNOSIS":{"CATEGORY":["MALE","FEMALE"],"MIN_VALUE":[1,3],"P10_VALUE":[23,5],"P25_VALUE":[37,14],"MEDIAN_VALUE":[49,32],"P75_VALUE":[65,56],"P90_VALUE":[78,77],"MAX_VALUE":[93,88]}}
