{"PREVALENCE_BY_GENDER_AGE_YEAR":{"TRELLIS_NAME":["30-39","20-29","80-89","70-79","0-9","60-69","70-79","40-49","50-59","0-9","60-69","40-49","10-19","20-29","30-39","50-59"],"SERIES_NAME":["FEMALE","FEMALE","MALE","MALE","FEMALE","FEMALE","FEMALE","FEMALE","FEMALE","MALE","MALE","MALE","MALE","MALE","MALE","MALE"],"X_CALENDAR_YEAR":[2019,2019,2019,2019,2019,2019,2019,2019,2019,2019,2019,2019,2019,2019,2019,2019],"Y_PREVALENCE_1000PP":[1.3006,2.16956,3.31309,1.71168,2.31579,2.26929,1.29462,2.00143,2.75283,1.3363,1.93349,1.89975,1.37741,1.68294,1.69779,2.7892]},"PREVALENCE_BY_MONTH":{"X_CALENDAR_MONTH":[201901,201902,201903,201904,201905,201906,201907,201908,201909,201910,201911,201912],"Y_PREVALENCE_1000PP":[0.14,0.18,0.08,0.22,0.16,0.13,0.19,0.1,0.1,0.21,0.13,0.23]},"CONDITIONS_BY_TYPE":{"CONCEPT_NAME":"Claim","COUNT_VALUE":256},"AGE_AT_FIRST_DIAGNOSIS":{"CATEGORY":["FEMALE","MALE"],"MIN_VALUE":[0,0],"P10_VALUE":[8,16],"P25_VALUE":[28,30],"MEDIAN_VALUE":[46,49],"P75_VALUE":[62,64],"P90_VALUE":[76,77],"MAX_VALUE":[97,90]}}
