{"PREVALENCE_BY_GENDER_AGE_YEAR":{"TRELLIS_NAME":["70-79","30-39","20-29","40-49","0-9","10-19","90-99","60-69","50-59","90-99","70-79","30-39","60-69","10-19","40-49","50-59","20-29"],"SERIES_NAME":["MALE","FEMALE","FEMALE","FEMALE","FEMALE","FEMALE","MALE","FEMALE","FEMALE","FEMALE","FEMALE","MALE","MALE","MALE","MALE","MALE","MALE"],"X_CALENDAR_YEAR":[2019,2019,2019,2019,2019,2019,2019,2019,2019,2019,2019,2019,2019,2019,2019,2019,2019],"Y_PREVALENCE_1000PP":[2.65806,1.46532,1.83181,1.71306,2.52419,1.96764,3.9886,2.85388,2.60756,4.45931,2.77984,2.37248,1.92308,1.37489,2.48647,1.76031,1.85372]},"PREVALENCE_BY_MONTH":{"X_CALENDAR_MONTH":[201901,201902,201903,201904,201905,201906,201907,201908,201909,201910,201911,201912],"Y_PREVALENCE_1000PP":[0.2,0.06,0.18,0.21,0.19,0.16,0.18,0.24,0.16,0.2,0.15,0.2]},"CONDITIONS_BY_TYPE":{"CONCEPT_NAME":"Claim","COUNT_VALUE":1164},"AGE_AT_FIRST_DIAGNOSIS":{"CATEGORY":["FEMALE","MALE"],"MIN_VALUE":[0,0],"P10_VALUE":[8,18],"P25_VALUE":[26,32],"MEDIAN_VALUE":[51,49],"P75_VALUE":[68,67],"P90_VALUE":[79,80],"MAX_VALUE":[97,99]}}
