{"PREVALENCE_BY_GENDER_AGE_YEAR":{"TRELLIS_NAME":["70-79","0-9","70-79","50-59","40-49","50-59"],"SERIES_NAME":["MALE","FEMALE","FEMALE","FEMALE","MALE","MALE"],"X_CALENDAR_YEAR":[2019,2019,2019,2019,2019,2019],"Y_PREVALENCE_1000PP":[1.13917,1.2621,1.29726,1.44865,0.87758,0.88015]},"PREVALENCE_BY_MONTH":{"X_CALENDAR_MONTH":[201901,201903,201904,201905,201908,201909,201910,201911],"Y_PREVALENCE_1000PP":[0.08,0.09,0.08,0.09,0.06,0.12,0.08,0.08]},"CONDITIONS_BY_TYPE":{"CONCEPT_NAME":"Claim","COUNT_VALUE":440},"AGE_AT_FIRST_DIAGNOSIS":{"CATEGORY":["FEMALE","MALE"],"MIN_VALUE":[1,2],"P10_VALUE":[8,10],"P25_VALUE":[20,22],"MEDIAN_VALUE":[51,48],"P75_VALUE":[66,74],"P90_VALUE":[79,94],"MAX_VALUE":[94,98]}}
