{"PREVALENCE_BY_GENDER_AGE_YEAR":{"TRELLIS_NAME":["90-99","30-39","70-79","0-9","10-19","20-29","10-19","20-29","0-9","50-59","30-39","40-49","60-69","70-79","40-49","80-89","50-59","60-69"],"SERIES_NAME":["MALE","FEMALE","MALE","FEMALE","FEMALE","FEMALE","MALE","MALE","MALE","MALE","MALE","MALE","MALE","FEMALE","FEMALE","FEMALE","FEMALE","FEMALE"],"X_CALENDAR_YEAR":[2019,2019,2019,2019,2019,2019,2019,2019,2019,2019,2019,2019,2019,2019,2019,2019,2019,2019],"Y_PREVALENCE_1000PP":[5.15759,2.76378,2.09205,4.42105,2.18579,2.00267,1.37741,2.5244,2.00445,2.7892,2.88625,3.21496,2.90023,2.58924,1.71551,6.34371,2.60794,2.4584]},"PREVALENCE_BY_MONTH":{"X_CALENDAR_MONTH":[201901,201902,201903,201904,201905,201906,201907,201908,201909,201910,201911,201912],"Y_PREVALENCE_1000PP":[0.27,0.22,0.13,0.24,0.24,0.24,0.22,0.22,0.2,0.17,0.22,0.22]},"CONDITIONS_BY_TYPE":{"CONCEPT_NAME":"Claim","COUNT_VALUE":349},"AGE_AT_FIRST_DIAGNOSIS":{"CATEGORY":["MALE","FEMALE"],"MIN_VALUE":[2,0],"P10_VALUE":[17,6],"P25_VALUE":[30,21],"MEDIAN_VALUE":[48,45],"P75_VALUE":[62,63],"P90_VALUE":[77,79],"MAX_VALUE":[99,97]}}
