{"PREVALENCE_BY_GENDER_AGE_YEAR":{"TRELLIS_NAME":["70-79","30-39","70-79","0-9","20-29","40-49","20-29","50-59","10-19"],"SERIES_NAME":["FEMALE","FEMALE","MALE","FEMALE","FEMALE","MALE","MALE","MALE","MALE"],"X_CALENDAR_YEAR":[2019,2019,2019,2019,2019,2019,2019,2019,2019],"Y_PREVALENCE_1000PP":[1.6679,1.95376,1.13917,1.89314,1.33222,0.87758,1.85372,1.46692,1.60403]},"PREVALENCE_BY_MONTH":{"X_CALENDAR_MONTH":[201901,201902,201903,201904,201905,201906,201907,201908,201909,201910,201911,201912],"Y_PREVALENCE_1000PP":[0.13,0.06,0.1,0.09,0.09,0.09,0.09,0.07,0.08,0.14,0.09,0.09]},"CONDITIONS_BY_TYPE":{"CONCEPT_NAME":"Claim","COUNT_VALUE":588},"AGE_AT_FIRST_DIAGNOSIS":{"CATEGORY":["FEMALE","MALE"],"MIN_VALUE":[1,4],"P10_VALUE":[6,14],"P25_VALUE":[20,25],"MEDIAN_VALUE":[38,45],"P75_VALUE":[66,58],"P90_VALUE":[75,76],"MAX_VALUE":[94,98]}}
