{"PREVALENCE_BY_GENDER_AGE_YEAR":{"TRELLIS_NAME":["50-59","60-69","70-79","30-39","0-9","40-49","70-79","20-29","60-69","10-19","50-59","20-29","0-9","30-39","40-49"],"SERIES_NAME":["FEMALE","FEMALE","FEMALE","FEMALE","FEMALE","FEMALE","MALE","FEMALE","MALE","MALE","MALE","MALE","MALE","MALE","MALE"],"X_CALENDAR_YEAR":[2019,2019,2019,2019,2019,2019,2019,2019,2019,2019,2019,2019,2019,2019,2019],"Y_PREVALENCE_1000PP":[2.46305,3.02572,2.40429,1.3006,1.89474,2.43031,3.04298,2.00267,2.90023,1.37741,1.7616,4.03904,1.3363,2.20713,2.33816]},"PREVALENCE_BY_MONTH":{"X_CALENDAR_MONTH":[201901,201902,201903,201904,201905,201906,201907,201908,201909,201910,201911,201912],"Y_PREVALENCE_1000PP":[0.18,0.11,0.14,0.14,0.2,0.12,0.25,0.28,0.1,0.2,0.24,0.24]},"CONDITIONS_BY_TYPE":{"CONCEPT_NAME":"Claim","COUNT_VALUE":302},"AGE_AT_FIRST_DIAGNOSIS":{"CATEGORY":["FEMALE","MALE"],"MIN_VALUE":[2,2],"P10_VALUE":[11,19],"P25_VALUE":[29,26],"MEDIAN_VALUE":[50,45],"P75_VALUE":[66,66],"P90_VALUE":[75,76],"MAX_VALUE":[95,97]}}
