{"PREVALENCE_BY_GENDER_AGE_YEAR":{"TRELLIS_NAME":["10-19","70-79","20-29","30-39","0-9","40-49","10-19","0-9","20-29","60-69","50-59","30-39","40-49","60-69","80-89","50-59","70-79"],"SERIES_NAME":["FEMALE","MALE","FEMALE","FEMALE","FEMALE","FEMALE","MALE","MALE","MALE","MALE","MALE","MALE","MALE","FEMALE","FEMALE","FEMALE","FEMALE"],"X_CALENDAR_YEAR":[2019,2019,2019,2019,2019,2019,2019,2019,2019,2019,2019,2019,2019,2019,2019,2019,2019],"Y_PREVALENCE_1000PP":[1.74902,1.70875,1.99833,2.27939,1.68279,2.99786,3.20807,3.12082,2.69633,1.15385,3.08053,1.3557,3.51031,1.90259,5.76369,1.44865,3.52113]},"PREVALENCE_BY_MONTH":{"X_CALENDAR_MONTH":[201901,201902,201903,201904,201905,201906,201907,201908,201909,201910,201911,201912],"Y_PREVALENCE_1000PP":[0.28,0.16,0.18,0.23,0.17,0.2,0.28,0.19,0.23,0.13,0.14,0.17]},"CONDITIONS_BY_TYPE":{"CONCEPT_NAME":"Claim","COUNT_VALUE":1260},"AGE_AT_FIRST_DIAGNOSIS":{"CATEGORY":["FEMALE","MALE"],"MIN_VALUE":[1,0],"P10_VALUE":[15,7],"P25_VALUE":[30,21],"MEDIAN_VALUE":[46,43],"P75_VALUE":[73,55],"P90_VALUE":[81,73],"MAX_VALUE":[99,96]}}
