{"PREVALENCE_BY_GENDER_AGE_YEAR":{"TRELLIS_NAME":["70-79","50-59","40-49","60-69","60-69","30-39","0-9","70-79","10-19","20-29","50-59","40-49","30-39","10-19","20-29","0-9"],"SERIES_NAME":["FEMALE","FEMALE","FEMALE","FEMALE","MALE","FEMALE","FEMALE","MALE","FEMALE","FEMALE","MALE","MALE","MALE","MALE","MALE","MALE"],"X_CALENDAR_YEAR":[2019,2019,2019,2019,2019,2019,2019,2019,2019,2019,2019,2019,2019,2019,2019,2019],"Y_PREVALENCE_1000PP":[2.77984,2.17297,3.42612,3.42466,1.92308,1.79095,2.52419,3.03778,1.74902,2.9975,2.34707,2.19394,2.03355,2.06233,2.19077,2.00624]},"PREVALENCE_BY_MONTH":{"X_CALENDAR_MONTH":[201901,201902,201903,201904,201905,201906,201907,201908,201909,201910,201911,201912],"Y_PREVALENCE_1000PP":[0.2,0.2,0.18,0.2,0.23,0.14,0.21,0.2,0.16,0.18,0.21,0.25]},"CONDITIONS_BY_TYPE":{"CONCEPT_NAME":"Claim","COUNT_VALUE":1276},"AGE_AT_FIRST_DIAGNOSIS":{"CATEGORY":["FEMALE","MALE"],"MIN_VALUE":[0,3],"P10_VALUE":[12,13],"P25_VALUE":[26,27],"MEDIAN_VALUE":[47,45],"P75_VALUE":[65,64],"P90_VALUE":[76,74],"MAX_VALUE":[97,98]}}
