{"PREVALENCE_BY_GENDER_AGE_YEAR":{"TRELLIS_NAME":["70-79","60-69","50-59","40-49","10-19","20-29","70-79","0-9","30-39","50-59","10-19","60-69","40-49","20-29","30-39"],"SERIES_NAME":["FEMALE","FEMALE","FEMALE","FEMALE","FEMALE","FEMALE","MALE","FEMALE","FEMALE","MALE","MALE","MALE","MALE","MALE","MALE"],"X_CALENDAR_YEAR":[2019,2019,2019,2019,2019,2019,2019,2019,2019,2019,2019,2019,2019,2019,2019],"Y_PREVALENCE_1000PP":[1.66451,1.13464,1.73863,1.71551,1.96721,2.33645,1.52149,2.10526,1.62575,1.0276,1.60698,2.12684,1.46135,1.51464,1.86757]},"PREVALENCE_BY_MONTH":{"X_CALENDAR_MONTH":[201901,201902,201903,201904,201905,201906,201907,201908,201909,201910,201911,201912],"Y_PREVALENCE_1000PP":[0.15,0.14,0.08,0.15,0.12,0.17,0.12,0.07,0.14,0.16,0.12,0.19]},"CONDITIONS_BY_TYPE":{"CONCEPT_NAME":"Claim","COUNT_VALUE":220},"AGE_AT_FIRST_DIAGNOSIS":{"CATEGORY":["FEMALE","MALE"],"MIN_VALUE":[1,0],"P10_VALUE":[8,13],"P25_VALUE":[21,25],"MEDIAN_VALUE":[39,42],"P75_VALUE":[58,65],"P90_VALUE":[75,76],"MAX_VALUE":[98,97]}}
