{"PREVALENCE_BY_GENDER_AGE_YEAR":{"TRELLIS_NAME":["70-79","80-89","90-99","40-49","60-69","50-59","60-69","20-29","30-39","50-59","40-49","10-19","0-9","70-79","20-29","0-9","30-39","80-89","10-19","90-99"],"SERIES_NAME":["FEMALE","FEMALE","FEMALE","FEMALE","FEMALE","FEMALE","MALE","MALE","MALE","MALE","MALE","MALE","MALE","MALE","FEMALE","FEMALE","FEMALE","MALE","FEMALE","MALE"],"X_CALENDAR_YEAR":[2019,2019,2019,2019,2019,2019,2019,2019,2019,2019,2019,2019,2019,2019,2019,2019,2019,2019,2019,2019],"Y_PREVALENCE_1000PP":[20.75612,14.98559,18.39465,17.27338,20.7382,19.41185,18.46154,15.50388,19.82715,17.60305,23.40208,17.18607,18.94784,19.36586,19.15071,21.03492,16.44415,18.77416,17.27153,18.80342]},"PREVALENCE_BY_MONTH":{"X_CALENDAR_MONTH":[201901,201902,201903,201904,201905,201906,201907,201908,201909,201910,201911,201912],"Y_PREVALENCE_1000PP":[1.68,1.46,1.41,1.95,1.61,1.29,1.82,1.48,1.4,1.89,1.52,1.47]},"CONDITIONS_BY_TYPE":{"CONCEPT_NAME":"Claim","COUNT_VALUE":10252},"AGE_AT_FIRST_DIAGNOSIS":{"CATEGORY":["MALE","No matching concept","FEMALE"],"MIN_VALUE":[0,0,0],"P10_VALUE":[10,13,9],"P25_VALUE":[27,25,24],"MEDIAN_VALUE":[45,44,45],"P75_VALUE":[64,62,64],"P90_VALUE":[77,76,76],"MAX_VALUE":[99,93,99]}}
