{"PREVALENCE_BY_GENDER_AGE_YEAR":{"TRELLIS_NAME":["60-69","50-59","10-19","30-39","20-29","40-49","0-9","30-39","70-79","40-49","10-19","20-29","0-9","50-59","70-79","60-69"],"SERIES_NAME":["MALE","MALE","MALE","MALE","MALE","MALE","MALE","FEMALE","MALE","FEMALE","FEMALE","FEMALE","FEMALE","FEMALE","FEMALE","FEMALE"],"X_CALENDAR_YEAR":[2019,2019,2019,2019,2019,2019,2019,2019,2019,2019,2019,2019,2019,2019,2019,2019],"Y_PREVALENCE_1000PP":[2.51353,2.3488,3.90266,2.71647,2.6927,0.87681,2.67261,2.6012,3.04298,2.71623,1.74863,1.502,2.10526,2.0284,3.51396,2.4584]},"PREVALENCE_BY_MONTH":{"X_CALENDAR_MONTH":[201901,201902,201903,201904,201905,201906,201907,201908,201909,201910,201911,201912],"Y_PREVALENCE_1000PP":[0.18,0.14,0.22,0.15,0.22,0.2,0.14,0.2,0.23,0.28,0.22,0.18]},"CONDITIONS_BY_TYPE":{"CONCEPT_NAME":"Claim","COUNT_VALUE":318},"AGE_AT_FIRST_DIAGNOSIS":{"CATEGORY":["MALE","No matching concept","FEMALE"],"MIN_VALUE":[0,5,0],"P10_VALUE":[9,5,11],"P25_VALUE":[20,50,32],"MEDIAN_VALUE":[38,51,47],"P75_VALUE":[64,67,67],"P90_VALUE":[74,91,78],"MAX_VALUE":[96,91,98]}}
