{"PREVALENCE_BY_GENDER_AGE_YEAR":{"TRELLIS_NAME":["10-19","40-49","70-79","30-39","20-29","0-9","70-79","50-59","60-69","30-39","20-29","10-19","50-59","40-49","60-69","0-9"],"SERIES_NAME":["FEMALE","FEMALE","MALE","FEMALE","FEMALE","FEMALE","FEMALE","FEMALE","FEMALE","MALE","MALE","MALE","MALE","MALE","MALE","MALE"],"X_CALENDAR_YEAR":[2019,2019,2019,2019,2019,2019,2019,2019,2019,2019,2019,2019,2019,2019,2019,2019],"Y_PREVALENCE_1000PP":[1.96764,1.2848,2.65806,1.62813,1.49875,1.2621,1.85322,2.0281,2.09285,2.03355,1.34816,1.60403,1.61361,2.63273,2.30769,1.56041]},"PREVALENCE_BY_MONTH":{"X_CALENDAR_MONTH":[201901,201902,201903,201904,201905,201906,201907,201908,201909,201910,201911,201912],"Y_PREVALENCE_1000PP":[0.2,0.1,0.15,0.1,0.12,0.12,0.23,0.12,0.1,0.18,0.19,0.2]},"CONDITIONS_BY_TYPE":{"CONCEPT_NAME":"Claim","COUNT_VALUE":980},"AGE_AT_FIRST_DIAGNOSIS":{"CATEGORY":["MALE","FEMALE"],"MIN_VALUE":[0,1],"P10_VALUE":[16,11],"P25_VALUE":[30,28],"MEDIAN_VALUE":[45,47],"P75_VALUE":[64,67],"P90_VALUE":[74,77],"MAX_VALUE":[90,99]}}
