{"PREVALENCE_BY_GENDER_AGE_YEAR":{"TRELLIS_NAME":["70-79","50-59","60-69","10-19","50-59","20-29","40-49","60-69","30-39","40-49","30-39","70-79"],"SERIES_NAME":["FEMALE","FEMALE","FEMALE","MALE","MALE","MALE","MALE","MALE","MALE","FEMALE","FEMALE","MALE"],"X_CALENDAR_YEAR":[2019,2019,2019,2019,2019,2019,2019,2019,2019,2019,2019,2019],"Y_PREVALENCE_1000PP":[1.47956,2.17328,1.32375,1.83655,2.7892,1.17805,1.75362,1.74014,1.35823,1.28663,1.78833,1.90186]},"PREVALENCE_BY_MONTH":{"X_CALENDAR_MONTH":[201901,201902,201903,201904,201905,201906,201907,201908,201909,201910,201911,201912],"Y_PREVALENCE_1000PP":[0.17,0.09,0.16,0.16,0.13,0.16,0.15,0.11,0.18,0.07,0.06,0.12]},"CONDITIONS_BY_TYPE":{"CONCEPT_NAME":"Claim","COUNT_VALUE":209},"AGE_AT_FIRST_DIAGNOSIS":{"CATEGORY":["FEMALE","MALE","No matching concept"],"MIN_VALUE":[3,0,3],"P10_VALUE":[17,13,3],"P25_VALUE":[36,30,20],"MEDIAN_VALUE":[52,50,34],"P75_VALUE":[67,61,45],"P90_VALUE":[84,75,61],"MAX_VALUE":[91,96,61]}}
