{"PREVALENCE_BY_GENDER_AGE_YEAR":{"TRELLIS_NAME":["40-49","70-79","10-19","20-29","60-69","50-59"],"SERIES_NAME":["FEMALE","MALE","MALE","MALE","MALE","MALE"],"X_CALENDAR_YEAR":[2019,2019,2019,2019,2019,2019],"Y_PREVALENCE_1000PP":[0.85776,1.14112,1.37741,1.00976,1.35344,0.8808]},"PREVALENCE_BY_MONTH":{"X_CALENDAR_MONTH":[201901,201907,201908,201910,201911,201912],"Y_PREVALENCE_1000PP":[0.1,0.1,0.08,0.1,0.08,0.09]},"CONDITIONS_BY_TYPE":{"CONCEPT_NAME":"Claim","COUNT_VALUE":103},"AGE_AT_FIRST_DIAGNOSIS":{"CATEGORY":["MALE","FEMALE"],"MIN_VALUE":[3,3],"P10_VALUE":[9,12],"P25_VALUE":[21,25],"MEDIAN_VALUE":[43,45],"P75_VALUE":[65,63],"P90_VALUE":[78,73],"MAX_VALUE":[92,98]}}
