{"PREVALENCE_BY_GENDER_AGE_YEAR":{"TRELLIS_NAME":["60-69","20-29","30-39","0-9","40-49","50-59","10-19","30-39","80-89","40-49","0-9","20-29","70-79","10-19","90-99","60-69","90-99","80-89","70-79","50-59"],"SERIES_NAME":["MALE","MALE","MALE","MALE","MALE","MALE","MALE","FEMALE","MALE","FEMALE","FEMALE","FEMALE","MALE","FEMALE","MALE","FEMALE","FEMALE","FEMALE","FEMALE","FEMALE"],"X_CALENDAR_YEAR":[2019,2019,2019,2019,2019,2019,2019,2019,2019,2019,2019,2019,2019,2019,2019,2019,2019,2019,2019,2019],"Y_PREVALENCE_1000PP":[96.92308,97.74183,93.54347,98.30584,94.77841,91.09579,102.42896,97.68805,99.94478,98.50107,96.33992,98.25146,93.41181,94.6655,89.45869,97.22222,107.58082,96.2536,92.66123,97.92844]},"PREVALENCE_BY_MONTH":{"X_CALENDAR_MONTH":[201901,201902,201903,201904,201905,201906,201907,201908,201909,201910,201911,201912],"Y_PREVALENCE_1000PP":[9.52,7.32,8.02,9.17,7.89,7.62,10.14,7.57,7.36,9.68,7.85,8.11]},"CONDITIONS_BY_TYPE":{"CONCEPT_NAME":"Claim","COUNT_VALUE":54364},"AGE_AT_FIRST_DIAGNOSIS":{"CATEGORY":["MALE","No matching concept","FEMALE"],"MIN_VALUE":[0,2,0],"P10_VALUE":[10,14,10],"P25_VALUE":[24,28,25],"MEDIAN_VALUE":[44,43,44],"P75_VALUE":[63,60,62],"P90_VALUE":[77,76,77],"MAX_VALUE":[99,97,99]}}
