{"PREVALENCE_BY_GENDER_AGE_YEAR":{"TRELLIS_NAME":["90-99","60-69","50-59","70-79","80-89","20-29","30-39","0-9","10-19","50-59","60-69","40-49","80-89","10-19","30-39","0-9","90-99","40-49","20-29","70-79"],"SERIES_NAME":["FEMALE","FEMALE","FEMALE","FEMALE","FEMALE","MALE","MALE","MALE","MALE","MALE","MALE","MALE","MALE","FEMALE","FEMALE","FEMALE","MALE","FEMALE","FEMALE","MALE"],"X_CALENDAR_YEAR":[2019,2019,2019,2019,2019,2019,2019,2019,2019,2019,2019,2019,2019,2019,2019,2019,2019,2019,2019,2019],"Y_PREVALENCE_1000PP":[8.32871,10.2118,8.40336,5.36342,12.68743,8.75126,7.64007,8.68597,8.26446,8.95479,6.96056,8.18355,11.5958,8.08743,7.80361,9.68421,8.02292,10.43603,7.34312,7.79764]},"PREVALENCE_BY_MONTH":{"X_CALENDAR_MONTH":[201901,201902,201903,201904,201905,201906,201907,201908,201909,201910,201911,201912],"Y_PREVALENCE_1000PP":[0.91,0.55,0.61,0.68,0.63,0.66,0.8,0.65,0.63,0.89,0.68,0.67]},"CONDITIONS_BY_TYPE":{"CONCEPT_NAME":"Claim","COUNT_VALUE":1139},"AGE_AT_FIRST_DIAGNOSIS":{"CATEGORY":["FEMALE","MALE","No matching concept"],"MIN_VALUE":[0,0,46],"P10_VALUE":[9,10,46],"P25_VALUE":[24,23,57],"MEDIAN_VALUE":[45,45,73],"P75_VALUE":[62,62,75],"P90_VALUE":[76,79,85],"MAX_VALUE":[97,99,85]}}
