{"PREVALENCE_BY_GENDER_AGE_YEAR":{"TRELLIS_NAME":["30-39","70-79","0-9","40-49","20-29","10-19","10-19","40-49","30-39","20-29","50-59","0-9","60-69","60-69","90-99","70-79","80-89","50-59"],"SERIES_NAME":["FEMALE","MALE","FEMALE","FEMALE","FEMALE","FEMALE","MALE","MALE","MALE","MALE","MALE","MALE","MALE","FEMALE","FEMALE","FEMALE","FEMALE","FEMALE"],"X_CALENDAR_YEAR":[2019,2019,2019,2019,2019,2019,2019,2019,2019,2019,2019,2019,2019,2019,2019,2019,2019,2019],"Y_PREVALENCE_1000PP":[2.93064,2.4682,2.73454,2.42684,2.83097,1.96764,2.06233,2.04768,2.54194,2.19077,2.20038,1.78333,1.92308,1.90259,3.34448,2.22387,4.03458,2.4627]},"PREVALENCE_BY_MONTH":{"X_CALENDAR_MONTH":[201901,201902,201903,201904,201905,201906,201907,201908,201909,201910,201911,201912],"Y_PREVALENCE_1000PP":[0.24,0.19,0.13,0.22,0.17,0.2,0.15,0.15,0.25,0.28,0.14,0.21]},"CONDITIONS_BY_TYPE":{"CONCEPT_NAME":"Claim","COUNT_VALUE":1280},"AGE_AT_FIRST_DIAGNOSIS":{"CATEGORY":["MALE","FEMALE"],"MIN_VALUE":[0,0],"P10_VALUE":[13,9],"P25_VALUE":[27,24],"MEDIAN_VALUE":[43,42],"P75_VALUE":[63,60],"P90_VALUE":[76,82],"MAX_VALUE":[99,99]}}
