{"PREVALENCE_BY_GENDER_AGE_YEAR":{"TRELLIS_NAME":["10-19","70-79","90-99","50-59","50-59","60-69","20-29"],"SERIES_NAME":["FEMALE","MALE","FEMALE","FEMALE","MALE","MALE","MALE"],"X_CALENDAR_YEAR":[2019,2019,2019,2019,2019,2019,2019],"Y_PREVALENCE_1000PP":[2.62352,1.32903,3.34448,1.01405,1.32023,1.92308,1.51668]},"PREVALENCE_BY_MONTH":{"X_CALENDAR_MONTH":[201901,201902,201903,201904,201905,201906,201907,201908,201910,201911,201912],"Y_PREVALENCE_1000PP":[0.09,0.08,0.07,0.1,0.11,0.07,0.11,0.09,0.09,0.12,0.14]},"CONDITIONS_BY_TYPE":{"CONCEPT_NAME":"Claim","COUNT_VALUE":584},"AGE_AT_FIRST_DIAGNOSIS":{"CATEGORY":["MALE","FEMALE"],"MIN_VALUE":[8,1],"P10_VALUE":[21,12],"P25_VALUE":[27,18],"MEDIAN_VALUE":[55,47],"P75_VALUE":[67,64],"P90_VALUE":[77,91],"MAX_VALUE":[85,97]}}
