{"PREVALENCE_BY_GENDER_AGE_YEAR":{"TRELLIS_NAME":["40-49","80-89","10-19","0-9","30-39","70-79","20-29","40-49","20-29","30-39","60-69","50-59","10-19","0-9","90-99","70-79","50-59","60-69","80-89"],"SERIES_NAME":["FEMALE","MALE","FEMALE","FEMALE","FEMALE","MALE","FEMALE","MALE","MALE","MALE","MALE","MALE","MALE","MALE","FEMALE","FEMALE","FEMALE","FEMALE","FEMALE"],"X_CALENDAR_YEAR":[2019,2019,2019,2019,2019,2019,2019,2019,2019,2019,2019,2019,2019,2019,2019,2019,2019,2019,2019],"Y_PREVALENCE_1000PP":[4.5747,4.41745,3.93443,2.94737,5.03983,3.42335,3.50467,5.11472,3.19758,3.73514,4.25367,3.0828,2.75482,4.00891,4.44198,4.0688,3.0426,4.34947,5.19031]},"PREVALENCE_BY_MONTH":{"X_CALENDAR_MONTH":[201901,201902,201903,201904,201905,201906,201907,201908,201909,201910,201911,201912],"Y_PREVALENCE_1000PP":[0.37,0.27,0.25,0.42,0.32,0.3,0.37,0.35,0.26,0.35,0.22,0.38]},"CONDITIONS_BY_TYPE":{"CONCEPT_NAME":"Claim","COUNT_VALUE":506},"AGE_AT_FIRST_DIAGNOSIS":{"CATEGORY":["MALE","No matching concept","FEMALE"],"MIN_VALUE":[0,12,0],"P10_VALUE":[9,12,13],"P25_VALUE":[28,24,27],"MEDIAN_VALUE":[44,27,45],"P75_VALUE":[63,59,65],"P90_VALUE":[76,75,78],"MAX_VALUE":[99,75,98]}}
