{"PREVALENCE_BY_GENDER_AGE_YEAR":{"TRELLIS_NAME":["0-9","30-39","70-79","20-29","10-19","70-79","40-49","60-69","50-59","0-9","20-29","10-19","40-49","50-59","60-69"],"SERIES_NAME":["FEMALE","FEMALE","MALE","FEMALE","FEMALE","FEMALE","FEMALE","FEMALE","FEMALE","MALE","MALE","MALE","MALE","MALE","MALE"],"X_CALENDAR_YEAR":[2019,2019,2019,2019,2019,2019,2019,2019,2019,2019,2019,2019,2019,2019,2019],"Y_PREVALENCE_1000PP":[1.89314,1.46532,1.70875,2.16486,1.53039,1.48258,1.42755,2.47336,1.44865,2.00624,1.85372,2.06233,1.60889,1.76031,1.73077]},"PREVALENCE_BY_MONTH":{"X_CALENDAR_MONTH":[201901,201902,201903,201904,201905,201906,201907,201908,201909,201910,201911,201912],"Y_PREVALENCE_1000PP":[0.16,0.17,0.11,0.1,0.17,0.1,0.18,0.12,0.14,0.14,0.11,0.11]},"CONDITIONS_BY_TYPE":{"CONCEPT_NAME":"Claim","COUNT_VALUE":876},"AGE_AT_FIRST_DIAGNOSIS":{"CATEGORY":["MALE","FEMALE"],"MIN_VALUE":[0,1],"P10_VALUE":[6,9],"P25_VALUE":[20,21],"MEDIAN_VALUE":[43,44],"P75_VALUE":[62,62],"P90_VALUE":[75,73],"MAX_VALUE":[97,95]}}
