{"PREVALENCE_BY_GENDER_AGE_YEAR":{"TRELLIS_NAME":["70-79","20-29","80-89","0-9","30-39","10-19","90-99","40-49","90-99","50-59","70-79","80-89","60-69","30-39","40-49","20-29","60-69","50-59","10-19","0-9"],"SERIES_NAME":["MALE","FEMALE","MALE","FEMALE","FEMALE","FEMALE","MALE","FEMALE","FEMALE","FEMALE","FEMALE","FEMALE","FEMALE","MALE","MALE","MALE","MALE","MALE","MALE","MALE"],"X_CALENDAR_YEAR":[2019,2019,2019,2019,2019,2019,2019,2019,2019,2019,2019,2019,2019,2019,2019,2019,2019,2019,2019,2019],"Y_PREVALENCE_1000PP":[4.94485,4.50601,4.96963,3.15789,4.06438,4.59016,4.58453,4.86061,4.44198,6.37496,5.54836,4.03691,3.78215,5.26316,4.38404,5.55369,3.09358,4.11039,4.82094,4.89978]},"PREVALENCE_BY_MONTH":{"X_CALENDAR_MONTH":[201901,201902,201903,201904,201905,201906,201907,201908,201909,201910,201911,201912],"Y_PREVALENCE_1000PP":[0.39,0.3,0.34,0.48,0.33,0.39,0.51,0.41,0.37,0.39,0.39,0.34]},"CONDITIONS_BY_TYPE":{"CONCEPT_NAME":"Claim","COUNT_VALUE":607},"AGE_AT_FIRST_DIAGNOSIS":{"CATEGORY":["No matching concept","MALE","FEMALE"],"MIN_VALUE":[8,1,0],"P10_VALUE":[8,10,16],"P25_VALUE":[17,23,27],"MEDIAN_VALUE":[40,41,46],"P75_VALUE":[69,61,66],"P90_VALUE":[79,79,76],"MAX_VALUE":[79,99,99]}}
