{"PREVALENCE_BY_GENDER_AGE_YEAR":{"TRELLIS_NAME":["20-29","60-69","70-79","30-39","0-9","20-29","50-59","40-49","70-79","50-59","40-49"],"SERIES_NAME":["FEMALE","MALE","MALE","FEMALE","MALE","MALE","MALE","MALE","FEMALE","FEMALE","FEMALE"],"X_CALENDAR_YEAR":[2019,2019,2019,2019,2019,2019,2019,2019,2019,2019,2019],"Y_PREVALENCE_1000PP":[1.16822,2.12684,1.52149,0.97545,1.3363,1.34635,1.0276,1.16908,1.29462,1.0142,1.57255]},"PREVALENCE_BY_MONTH":{"X_CALENDAR_MONTH":[201901,201902,201904,201906,201907,201908,201909,201910,201911],"Y_PREVALENCE_1000PP":[0.08,0.08,0.16,0.09,0.14,0.12,0.11,0.13,0.08]},"CONDITIONS_BY_TYPE":{"CONCEPT_NAME":"Claim","COUNT_VALUE":144},"AGE_AT_FIRST_DIAGNOSIS":{"CATEGORY":["MALE","FEMALE"],"MIN_VALUE":[0,3],"P10_VALUE":[10,16],"P25_VALUE":[23,28],"MEDIAN_VALUE":[49,45],"P75_VALUE":[67,59],"P90_VALUE":[78,76],"MAX_VALUE":[94,99]}}
