{"PREVALENCE_BY_GENDER_AGE_YEAR":{"TRELLIS_NAME":["50-59","60-69","30-39","50-59","60-69","70-79","40-49","70-79","20-29"],"SERIES_NAME":["MALE","MALE","MALE","FEMALE","FEMALE","FEMALE","FEMALE","MALE","FEMALE"],"X_CALENDAR_YEAR":[2019,2019,2019,2019,2019,2019,2019,2019,2019],"Y_PREVALENCE_1000PP":[0.88015,1.53846,1.18624,1.01405,1.14155,1.11193,0.85653,1.32903,2.49792]},"PREVALENCE_BY_MONTH":{"X_CALENDAR_MONTH":[201901,201902,201903,201904,201905,201907,201909,201910,201911,201912],"Y_PREVALENCE_1000PP":[0.1,0.06,0.12,0.15,0.08,0.07,0.07,0.09,0.06,0.14]},"CONDITIONS_BY_TYPE":{"CONCEPT_NAME":"Claim","COUNT_VALUE":544},"AGE_AT_FIRST_DIAGNOSIS":{"CATEGORY":["FEMALE","MALE"],"MIN_VALUE":[0,3],"P10_VALUE":[17,17],"P25_VALUE":[25,30],"MEDIAN_VALUE":[43,55],"P75_VALUE":[61,68],"P90_VALUE":[74,79],"MAX_VALUE":[86,97]}}
