{"PREVALENCE_BY_GENDER_AGE_YEAR":{"TRELLIS_NAME":["70-79","90-99","0-9","80-89","30-39","20-29","10-19","40-49","70-79","50-59","60-69","90-99","40-49","60-69","10-19","30-39","50-59","0-9","20-29"],"SERIES_NAME":["MALE","MALE","FEMALE","MALE","FEMALE","FEMALE","FEMALE","FEMALE","FEMALE","FEMALE","FEMALE","FEMALE","MALE","MALE","MALE","MALE","MALE","MALE","MALE"],"X_CALENDAR_YEAR":[2019,2019,2019,2019,2019,2019,2019,2019,2019,2019,2019,2019,2019,2019,2019,2019,2019,2019,2019],"Y_PREVALENCE_1000PP":[4.17695,6.26781,4.41733,7.17835,5.37284,4.99584,5.6843,5.85296,5.18903,7.24323,3.80518,3.34448,3.9491,5.57692,6.87443,4.74496,6.01438,6.01872,6.5723]},"PREVALENCE_BY_MONTH":{"X_CALENDAR_MONTH":[201901,201902,201903,201904,201905,201906,201907,201908,201909,201910,201911,201912],"Y_PREVALENCE_1000PP":[0.47,0.31,0.31,0.56,0.47,0.37,0.51,0.45,0.43,0.52,0.45,0.5]},"CONDITIONS_BY_TYPE":{"CONCEPT_NAME":"Claim","COUNT_VALUE":2800},"AGE_AT_FIRST_DIAGNOSIS":{"CATEGORY":["MALE","FEMALE","No matching concept"],"MIN_VALUE":[0,0,2],"P10_VALUE":[9,12,2],"P25_VALUE":[21,26,8],"MEDIAN_VALUE":[43,44,48],"P75_VALUE":[62,58,53],"P90_VALUE":[78,72,82],"MAX_VALUE":[99,98,82]}}
