{"PREVALENCE_BY_GENDER_AGE_YEAR":{"TRELLIS_NAME":["0-9","10-19","70-79","20-29","30-39","10-19","30-39","40-49","0-9","60-69","50-59","20-29","80-89","50-59","90-99","40-49","60-69","70-79"],"SERIES_NAME":["FEMALE","FEMALE","MALE","FEMALE","FEMALE","MALE","MALE","MALE","MALE","MALE","MALE","MALE","FEMALE","FEMALE","FEMALE","FEMALE","FEMALE","FEMALE"],"X_CALENDAR_YEAR":[2019,2019,2019,2019,2019,2019,2019,2019,2019,2019,2019,2019,2019,2019,2019,2019,2019,2019],"Y_PREVALENCE_1000PP":[3.78947,3.06011,5.13503,3.83845,5.52756,2.52525,4.9236,5.26085,4.23163,3.28693,4.11039,5.2171,5.76701,4.34657,3.33148,4.00286,3.97126,3.32902]},"PREVALENCE_BY_MONTH":{"X_CALENDAR_MONTH":[201901,201902,201903,201904,201905,201906,201907,201908,201909,201910,201911,201912],"Y_PREVALENCE_1000PP":[0.35,0.45,0.31,0.44,0.28,0.32,0.42,0.35,0.24,0.42,0.31,0.34]},"CONDITIONS_BY_TYPE":{"CONCEPT_NAME":"Claim","COUNT_VALUE":565},"AGE_AT_FIRST_DIAGNOSIS":{"CATEGORY":["No matching concept","MALE","FEMALE"],"MIN_VALUE":[16,0,0],"P10_VALUE":[16,10,11],"P25_VALUE":[38,27,28],"MEDIAN_VALUE":[48,43,43],"P75_VALUE":[91,60,62],"P90_VALUE":[95,75,78],"MAX_VALUE":[97,99,98]}}
