{"PREVALENCE_BY_GENDER_AGE_YEAR":{"TRELLIS_NAME":["10-19","60-69","30-39","20-29","70-79","0-9","10-19","30-39","0-9","40-49","50-59","20-29","60-69","70-79","40-49","50-59"],"SERIES_NAME":["FEMALE","MALE","FEMALE","FEMALE","MALE","FEMALE","MALE","MALE","MALE","MALE","MALE","MALE","FEMALE","FEMALE","FEMALE","FEMALE"],"X_CALENDAR_YEAR":[2019,2019,2019,2019,2019,2019,2019,2019,2019,2019,2019,2019,2019,2019,2019,2019],"Y_PREVALENCE_1000PP":[3.93443,1.93349,4.06438,2.67023,2.47242,3.57895,3.90266,1.69779,2.44989,2.63043,3.66999,2.5244,3.21483,1.84945,2.43031,1.88351]},"PREVALENCE_BY_MONTH":{"X_CALENDAR_MONTH":[201901,201902,201903,201904,201905,201906,201907,201908,201909,201910,201911,201912],"Y_PREVALENCE_1000PP":[0.23,0.23,0.15,0.12,0.31,0.13,0.26,0.25,0.14,0.32,0.27,0.25]},"CONDITIONS_BY_TYPE":{"CONCEPT_NAME":"Claim","COUNT_VALUE":370},"AGE_AT_FIRST_DIAGNOSIS":{"CATEGORY":["MALE","FEMALE"],"MIN_VALUE":[1,0],"P10_VALUE":[10,7],"P25_VALUE":[22,18],"MEDIAN_VALUE":[43,38],"P75_VALUE":[58,58],"P90_VALUE":[72,74],"MAX_VALUE":[97,96]}}
