{"PREVALENCE_BY_GENDER_AGE_YEAR":{"TRELLIS_NAME":["80-89","70-79","60-69","90-99","50-59","20-29","40-49","80-89","90-99","30-39","10-19","0-9","70-79","50-59","60-69","40-49","20-29","30-39","0-9","10-19"],"SERIES_NAME":["FEMALE","FEMALE","FEMALE","FEMALE","FEMALE","FEMALE","FEMALE","MALE","MALE","FEMALE","FEMALE","FEMALE","MALE","MALE","MALE","MALE","MALE","MALE","MALE","MALE"],"X_CALENDAR_YEAR":[2019,2019,2019,2019,2019,2019,2019,2019,2019,2019,2019,2019,2019,2019,2019,2019,2019,2019,2019,2019],"Y_PREVALENCE_1000PP":[12.68012,5.37435,9.89346,8.3612,8.25728,7.49376,10.27837,11.5958,7.97721,8.30348,7.87057,9.67606,7.78432,9.09491,7.30769,8.33699,8.59454,7.11744,8.69371,8.47846]},"PREVALENCE_BY_MONTH":{"X_CALENDAR_MONTH":[201901,201902,201903,201904,201905,201906,201907,201908,201909,201910,201911,201912],"Y_PREVALENCE_1000PP":[0.91,0.55,0.61,0.68,0.63,0.66,0.8,0.65,0.63,0.89,0.68,0.67]},"CONDITIONS_BY_TYPE":{"CONCEPT_NAME":"Claim","COUNT_VALUE":4556},"AGE_AT_FIRST_DIAGNOSIS":{"CATEGORY":["FEMALE","No matching concept","MALE"],"MIN_VALUE":[0,46,0],"P10_VALUE":[9,46,10],"P25_VALUE":[24,57,23],"MEDIAN_VALUE":[44,73,46],"P75_VALUE":[62,75,63],"P90_VALUE":[76,85,79],"MAX_VALUE":[97,85,99]}}
