{"PREVALENCE_BY_GENDER_AGE_YEAR":{"TRELLIS_NAME":["0-9","50-59","40-49","20-29","10-19","30-39","40-49","90-99","70-79","60-69","50-59","30-39","0-9","80-89","10-19","60-69","20-29","70-79"],"SERIES_NAME":["MALE","MALE","MALE","MALE","MALE","MALE","FEMALE","FEMALE","FEMALE","FEMALE","FEMALE","FEMALE","FEMALE","MALE","FEMALE","MALE","FEMALE","MALE"],"X_CALENDAR_YEAR":[2019,2019,2019,2019,2019,2019,2019,2019,2019,2019,2019,2019,2019,2019,2019,2019,2019,2019],"Y_PREVALENCE_1000PP":[3.56347,3.52319,3.3611,3.19758,5.28007,3.73514,3.71694,4.99722,2.40429,3.21483,1.73863,2.92635,3.57895,3.86527,3.27869,4.06032,2.67023,3.42335]},"PREVALENCE_BY_MONTH":{"X_CALENDAR_MONTH":[201901,201902,201903,201904,201905,201906,201907,201908,201909,201910,201911,201912],"Y_PREVALENCE_1000PP":[0.3,0.25,0.23,0.26,0.27,0.25,0.3,0.36,0.34,0.31,0.24,0.18]},"CONDITIONS_BY_TYPE":{"CONCEPT_NAME":"Claim","COUNT_VALUE":441},"AGE_AT_FIRST_DIAGNOSIS":{"CATEGORY":["MALE","FEMALE"],"MIN_VALUE":[0,0],"P10_VALUE":[10,9],"P25_VALUE":[22,24],"MEDIAN_VALUE":[44,41],"P75_VALUE":[62,63],"P90_VALUE":[76,78],"MAX_VALUE":[99,97]}}
