{"PREVALENCE_BY_GENDER_AGE_YEAR":{"TRELLIS_NAME":["60-69","80-89","70-79","50-59","30-39","60-69","0-9","10-19","20-29","40-49","50-59","40-49","30-39","20-29","70-79","0-9","10-19"],"SERIES_NAME":["FEMALE","FEMALE","FEMALE","FEMALE","MALE","MALE","MALE","MALE","MALE","MALE","MALE","FEMALE","FEMALE","FEMALE","MALE","FEMALE","FEMALE"],"X_CALENDAR_YEAR":[2019,2019,2019,2019,2019,2019,2019,2019,2019,2019,2019,2019,2019,2019,2019,2019,2019],"Y_PREVALENCE_1000PP":[3.99543,4.61095,2.96516,2.89729,3.05033,3.65385,3.34374,3.43721,2.02224,2.63273,3.6673,2.8551,3.09345,1.66528,1.70875,2.31384,3.27941]},"PREVALENCE_BY_MONTH":{"X_CALENDAR_MONTH":[201901,201902,201903,201904,201905,201906,201907,201908,201909,201910,201911,201912],"Y_PREVALENCE_1000PP":[0.29,0.24,0.16,0.23,0.2,0.23,0.27,0.19,0.16,0.39,0.22,0.29]},"CONDITIONS_BY_TYPE":{"CONCEPT_NAME":"Claim","COUNT_VALUE":1496},"AGE_AT_FIRST_DIAGNOSIS":{"CATEGORY":["MALE","FEMALE"],"MIN_VALUE":[3,0],"P10_VALUE":[9,14],"P25_VALUE":[24,29],"MEDIAN_VALUE":[46,47],"P75_VALUE":[60,67],"P90_VALUE":[75,76],"MAX_VALUE":[98,99]}}
