{"PREVALENCE_BY_GENDER_AGE_YEAR":{"TRELLIS_NAME":["50-59","80-89","70-79","40-49","60-69","60-69","40-49","30-39","20-29","10-19","0-9","50-59","70-79","0-9","20-29","30-39","90-99","10-19"],"SERIES_NAME":["FEMALE","FEMALE","FEMALE","FEMALE","FEMALE","MALE","MALE","MALE","MALE","MALE","MALE","MALE","MALE","FEMALE","FEMALE","FEMALE","MALE","FEMALE"],"X_CALENDAR_YEAR":[2019,2019,2019,2019,2019,2019,2019,2019,2019,2019,2019,2019,2019,2019,2019,2019,2019,2019],"Y_PREVALENCE_1000PP":[3.33237,4.61361,4.62364,3.71694,5.1059,1.54679,4.38404,3.22581,2.6927,3.44353,5.12249,4.69759,3.80373,3.78947,4.83979,3.08893,4.01146,2.40437]},"PREVALENCE_BY_MONTH":{"X_CALENDAR_MONTH":[201901,201902,201903,201904,201905,201906,201907,201908,201909,201910,201911,201912],"Y_PREVALENCE_1000PP":[0.45,0.26,0.27,0.33,0.39,0.22,0.34,0.35,0.23,0.32,0.28,0.31]},"CONDITIONS_BY_TYPE":{"CONCEPT_NAME":"Claim","COUNT_VALUE":503},"AGE_AT_FIRST_DIAGNOSIS":{"CATEGORY":["MALE","No matching concept","FEMALE"],"MIN_VALUE":[0,5,0],"P10_VALUE":[7,5,10],"P25_VALUE":[23,28,25],"MEDIAN_VALUE":[44,64,48],"P75_VALUE":[58,73,66],"P90_VALUE":[76,82,76],"MAX_VALUE":[99,82,98]}}
