{"PREVALENCE_BY_GENDER_AGE_YEAR":{"TRELLIS_NAME":["0-9","20-29","30-39","10-19","70-79","50-59","20-29","0-9","10-19","60-69","40-49","30-39","90-99","50-59","60-69","40-49","80-89","70-79"],"SERIES_NAME":["FEMALE","FEMALE","FEMALE","FEMALE","MALE","MALE","MALE","MALE","MALE","MALE","MALE","MALE","FEMALE","FEMALE","FEMALE","FEMALE","FEMALE","FEMALE"],"X_CALENDAR_YEAR":[2019,2019,2019,2019,2019,2019,2019,2019,2019,2019,2019,2019,2019,2019,2019,2019,2019,2019],"Y_PREVALENCE_1000PP":[2.31384,3.16403,2.4422,3.27941,2.27834,3.08053,3.20189,2.45207,2.52062,2.69231,2.19394,2.37248,3.34448,2.75243,3.42466,2.28408,4.03458,2.77984]},"PREVALENCE_BY_MONTH":{"X_CALENDAR_MONTH":[201901,201902,201903,201904,201905,201906,201907,201908,201909,201910,201911,201912],"Y_PREVALENCE_1000PP":[0.24,0.21,0.23,0.25,0.21,0.17,0.26,0.17,0.16,0.37,0.25,0.21]},"CONDITIONS_BY_TYPE":{"CONCEPT_NAME":"Claim","COUNT_VALUE":1500},"AGE_AT_FIRST_DIAGNOSIS":{"CATEGORY":["FEMALE","No matching concept","MALE"],"MIN_VALUE":[0,4,0],"P10_VALUE":[12,4,11],"P25_VALUE":[26,16,23],"MEDIAN_VALUE":[46,36,43],"P75_VALUE":[66,85,63],"P90_VALUE":[79,97,75],"MAX_VALUE":[99,97,99]}}
