{"PREVALENCE_BY_GENDER_AGE_YEAR":{"TRELLIS_NAME":["20-29","30-39","40-49","10-19","0-9","50-59","80-89","90-99","50-59","40-49","70-79","60-69","20-29","10-19","80-89","70-79","90-99","0-9","60-69","30-39"],"SERIES_NAME":["MALE","MALE","MALE","MALE","MALE","MALE","FEMALE","FEMALE","FEMALE","FEMALE","FEMALE","FEMALE","FEMALE","FEMALE","MALE","MALE","MALE","FEMALE","MALE","FEMALE"],"X_CALENDAR_YEAR":[2019,2019,2019,2019,2019,2019,2019,2019,2019,2019,2019,2019,2019,2019,2019,2019,2019,2019,2019,2019],"Y_PREVALENCE_1000PP":[7.40491,6.96095,6.86833,6.88705,10.02227,5.72519,7.49712,10.54969,9.9971,5.43245,9.80211,7.5643,7.17623,6.77596,6.62617,6.84671,8.59599,8,6.57386,7.31588]},"PREVALENCE_BY_MONTH":{"X_CALENDAR_MONTH":[201901,201902,201903,201904,201905,201906,201907,201908,201909,201910,201911,201912],"Y_PREVALENCE_1000PP":[0.94,0.46,0.59,0.75,0.68,0.48,0.74,0.67,0.57,0.72,0.55,0.43]},"CONDITIONS_BY_TYPE":{"CONCEPT_NAME":"Claim","COUNT_VALUE":1036},"AGE_AT_FIRST_DIAGNOSIS":{"CATEGORY":["No matching concept","MALE","FEMALE"],"MIN_VALUE":[10,0,0],"P10_VALUE":[15,8,10],"P25_VALUE":[29,22,25],"MEDIAN_VALUE":[43,42,49],"P75_VALUE":[55,63,67],"P90_VALUE":[67,78,78],"MAX_VALUE":[71,99,99]}}
