{"PREVALENCE_BY_GENDER_AGE_YEAR":{"TRELLIS_NAME":["40-49","60-69","30-39","20-29","0-9","50-59","50-59","70-79","0-9","40-49","30-39"],"SERIES_NAME":["MALE","MALE","MALE","MALE","MALE","MALE","FEMALE","MALE","FEMALE","FEMALE","FEMALE"],"X_CALENDAR_YEAR":[2019,2019,2019,2019,2019,2019,2019,2019,2019,2019,2019],"Y_PREVALENCE_1000PP":[1.46263,1.15385,1.18624,1.34816,1.56041,1.32023,1.15892,2.27834,1.68279,0.99929,0.97688]},"PREVALENCE_BY_MONTH":{"X_CALENDAR_MONTH":[201901,201902,201903,201904,201905,201906,201907,201908,201909,201910,201911,201912],"Y_PREVALENCE_1000PP":[0.12,0.08,0.07,0.16,0.06,0.07,0.08,0.09,0.11,0.08,0.14,0.08]},"CONDITIONS_BY_TYPE":{"CONCEPT_NAME":"Claim","COUNT_VALUE":600},"AGE_AT_FIRST_DIAGNOSIS":{"CATEGORY":["MALE","FEMALE"],"MIN_VALUE":[0,0],"P10_VALUE":[8,4],"P25_VALUE":[26,19],"MEDIAN_VALUE":[45,39],"P75_VALUE":[69,55],"P90_VALUE":[78,64],"MAX_VALUE":[98,92]}}
