{"PREVALENCE_BY_GENDER_AGE_YEAR":{"TRELLIS_NAME":["0-9","20-29","10-19","30-39","50-59","40-49","60-69","50-59","90-99","40-49","70-79","80-89","10-19","30-39","20-29","80-89","60-69","0-9","70-79"],"SERIES_NAME":["MALE","MALE","MALE","MALE","MALE","MALE","FEMALE","FEMALE","FEMALE","FEMALE","FEMALE","FEMALE","FEMALE","FEMALE","FEMALE","MALE","MALE","FEMALE","MALE"],"X_CALENDAR_YEAR":[2019,2019,2019,2019,2019,2019,2019,2019,2019,2019,2019,2019,2019,2019,2019,2019,2019,2019,2019],"Y_PREVALENCE_1000PP":[2.89532,4.03904,3.67309,3.73514,3.81679,2.33816,3.40393,4.0568,5.55247,4.00286,2.77418,4.03691,3.06011,3.57665,3.17089,4.41745,3.28693,3.36842,3.23317]},"PREVALENCE_BY_MONTH":{"X_CALENDAR_MONTH":[201901,201902,201903,201904,201905,201906,201907,201908,201909,201910,201911,201912],"Y_PREVALENCE_1000PP":[0.41,0.23,0.27,0.29,0.27,0.32,0.27,0.26,0.25,0.34,0.36,0.22]},"CONDITIONS_BY_TYPE":{"CONCEPT_NAME":"Claim","COUNT_VALUE":477},"AGE_AT_FIRST_DIAGNOSIS":{"CATEGORY":["FEMALE","No matching concept","MALE"],"MIN_VALUE":[0,6,1],"P10_VALUE":[10,6,14],"P25_VALUE":[27,50,24],"MEDIAN_VALUE":[46,58,42],"P75_VALUE":[64,74,64],"P90_VALUE":[79,77,79],"MAX_VALUE":[99,77,98]}}
