{"PREVALENCE_BY_GENDER_AGE_YEAR":{"TRELLIS_NAME":["50-59","70-79","60-69","60-69","10-19","0-9","40-49","20-29","50-59","30-39","20-29","0-9","30-39","70-79","80-89","10-19","40-49"],"SERIES_NAME":["FEMALE","FEMALE","FEMALE","MALE","MALE","MALE","MALE","MALE","MALE","MALE","FEMALE","FEMALE","FEMALE","MALE","MALE","FEMALE","FEMALE"],"X_CALENDAR_YEAR":[2019,2019,2019,2019,2019,2019,2019,2019,2019,2019,2019,2019,2019,2019,2019,2019,2019],"Y_PREVALENCE_1000PP":[2.17328,1.47956,2.08018,2.32019,2.29568,1.3363,1.89975,1.51464,2.7892,2.03735,1.66889,1.68421,2.6012,2.47242,3.31309,1.74863,2.00143]},"PREVALENCE_BY_MONTH":{"X_CALENDAR_MONTH":[201901,201902,201903,201904,201905,201906,201907,201908,201909,201910,201911,201912],"Y_PREVALENCE_1000PP":[0.27,0.11,0.13,0.25,0.16,0.17,0.15,0.09,0.14,0.12,0.2,0.21]},"CONDITIONS_BY_TYPE":{"CONCEPT_NAME":"Claim","COUNT_VALUE":270},"AGE_AT_FIRST_DIAGNOSIS":{"CATEGORY":["MALE","FEMALE"],"MIN_VALUE":[0,0],"P10_VALUE":[14,11],"P25_VALUE":[29,26],"MEDIAN_VALUE":[49,47],"P75_VALUE":[63,61],"P90_VALUE":[76,78],"MAX_VALUE":[88,99]}}
