{"PREVALENCE_BY_GENDER_AGE_YEAR":{"TRELLIS_NAME":["70-79","20-29","40-49","0-9","80-89","90-99","30-39","10-19","70-79","50-59","60-69","80-89","90-99","60-69","10-19","50-59","0-9","30-39","20-29","40-49"],"SERIES_NAME":["MALE","FEMALE","FEMALE","FEMALE","MALE","MALE","FEMALE","FEMALE","FEMALE","FEMALE","FEMALE","FEMALE","FEMALE","MALE","MALE","MALE","MALE","MALE","MALE","MALE"],"X_CALENDAR_YEAR":[2019,2019,2019,2019,2019,2019,2019,2019,2019,2019,2019,2019,2019,2019,2019,2019,2019,2019,2019,2019],"Y_PREVALENCE_1000PP":[16.51794,15.98668,14.84654,12.62095,16.56543,16.52422,16.44415,13.7735,13.89918,16.07997,16.55251,12.10375,15.05017,14.03846,14.20715,15.54936,20.06242,15.42112,18.03168,16.82024]},"PREVALENCE_BY_MONTH":{"X_CALENDAR_MONTH":[201901,201902,201903,201904,201905,201906,201907,201908,201909,201910,201911,201912],"Y_PREVALENCE_1000PP":[1.51,1.11,1.29,1.63,1.17,1.16,1.48,1.11,1.21,1.61,1.15,1.28]},"CONDITIONS_BY_TYPE":{"CONCEPT_NAME":"Claim","COUNT_VALUE":8480},"AGE_AT_FIRST_DIAGNOSIS":{"CATEGORY":["No matching concept","FEMALE","MALE"],"MIN_VALUE":[0,0,0],"P10_VALUE":[4,12,9],"P25_VALUE":[42,26,24],"MEDIAN_VALUE":[53,44,43],"P75_VALUE":[70,62,62],"P90_VALUE":[88,75,77],"MAX_VALUE":[99,99,99]}}
