{"PREVALENCE_BY_GENDER_AGE_YEAR":{"TRELLIS_NAME":["10-19","70-79","20-29","0-9","30-39","90-99","80-89","70-79","40-49","90-99","50-59","80-89","60-69","40-49","50-59","10-19","30-39","0-9","60-69","20-29"],"SERIES_NAME":["FEMALE","MALE","FEMALE","FEMALE","FEMALE","MALE","MALE","FEMALE","FEMALE","FEMALE","FEMALE","FEMALE","FEMALE","MALE","MALE","MALE","MALE","MALE","MALE","MALE"],"X_CALENDAR_YEAR":[2019,2019,2019,2019,2019,2019,2019,2019,2019,2019,2019,2019,2019,2019,2019,2019,2019,2019,2019,2019],"Y_PREVALENCE_1000PP":[7.86885,6.27615,5.67423,5.05263,6.82816,6.87679,7.17835,7.21287,5.28949,9.99445,6.95451,4.61361,5.67322,5.99152,6.75279,6.42792,6.79117,8.01782,7.9273,6.22686]},"PREVALENCE_BY_MONTH":{"X_CALENDAR_MONTH":[201901,201902,201903,201904,201905,201906,201907,201908,201909,201910,201911,201912],"Y_PREVALENCE_1000PP":[0.73,0.47,0.42,0.74,0.53,0.44,0.51,0.44,0.62,0.54,0.5,0.7]},"CONDITIONS_BY_TYPE":{"CONCEPT_NAME":"Claim","COUNT_VALUE":892},"AGE_AT_FIRST_DIAGNOSIS":{"CATEGORY":["No matching concept","FEMALE","MALE"],"MIN_VALUE":[7,1,0],"P10_VALUE":[9,12,8],"P25_VALUE":[33,25,25],"MEDIAN_VALUE":[48,46,46],"P75_VALUE":[71,63,64],"P90_VALUE":[76,78,78],"MAX_VALUE":[98,99,99]}}
