{"PREVALENCE_BY_GENDER_AGE_YEAR":{"TRELLIS_NAME":["20-29","60-69","0-9","10-19","40-49","50-59"],"SERIES_NAME":["FEMALE","MALE","FEMALE","MALE","FEMALE","FEMALE"],"X_CALENDAR_YEAR":[2019,2019,2019,2019,2019,2019],"Y_PREVALENCE_1000PP":[1.33222,1.34615,1.2621,1.37489,0.85653,1.01405]},"PREVALENCE_BY_MONTH":{"X_CALENDAR_MONTH":[201901,201904,201905,201906,201910],"Y_PREVALENCE_1000PP":[0.08,0.11,0.07,0.07,0.06]},"CONDITIONS_BY_TYPE":{"CONCEPT_NAME":"Claim","COUNT_VALUE":360},"AGE_AT_FIRST_DIAGNOSIS":{"CATEGORY":["MALE","FEMALE"],"MIN_VALUE":[2,1],"P10_VALUE":[10,7],"P25_VALUE":[19,22],"MEDIAN_VALUE":[33,44],"P75_VALUE":[63,54],"P90_VALUE":[80,72],"MAX_VALUE":[92,88]}}
