{"PREVALENCE_BY_GENDER_AGE_YEAR":{"TRELLIS_NAME":["0-9","30-39","80-89","10-19","20-29","40-49","70-79","50-59","80-89","70-79","60-69","50-59","60-69","30-39","40-49","0-9","10-19","20-29"],"SERIES_NAME":["FEMALE","FEMALE","MALE","FEMALE","FEMALE","FEMALE","MALE","FEMALE","FEMALE","FEMALE","FEMALE","MALE","MALE","MALE","MALE","MALE","MALE","MALE"],"X_CALENDAR_YEAR":[2019,2019,2019,2019,2019,2019,2019,2019,2019,2019,2019,2019,2019,2019,2019,2019,2019,2019],"Y_PREVALENCE_1000PP":[2.94737,3.73923,3.86527,4.80874,4.00534,4.00286,4.37429,2.75283,5.76701,3.88385,3.97126,2.0552,4.25367,2.88625,5.26085,4.45434,3.90266,4.03904]},"PREVALENCE_BY_MONTH":{"X_CALENDAR_MONTH":[201901,201902,201903,201904,201905,201906,201907,201908,201909,201910,201911,201912],"Y_PREVALENCE_1000PP":[0.47,0.26,0.22,0.38,0.27,0.23,0.39,0.33,0.2,0.47,0.29,0.27]},"CONDITIONS_BY_TYPE":{"CONCEPT_NAME":"Claim","COUNT_VALUE":512},"AGE_AT_FIRST_DIAGNOSIS":{"CATEGORY":["MALE","FEMALE","No matching concept"],"MIN_VALUE":[0,1,6],"P10_VALUE":[9,12,6],"P25_VALUE":[24,22,23],"MEDIAN_VALUE":[44,44,50],"P75_VALUE":[62,62,55],"P90_VALUE":[76,75,76],"MAX_VALUE":[98,99,76]}}
