{"PREVALENCE_BY_GENDER_AGE_YEAR":{"TRELLIS_NAME":["50-59","40-49","70-79","40-49","10-19","20-29"],"SERIES_NAME":["MALE","MALE","FEMALE","FEMALE","FEMALE","FEMALE"],"X_CALENDAR_YEAR":[2019,2019,2019,2019,2019,2019],"Y_PREVALENCE_1000PP":[1.1744,1.60748,1.10967,1.00071,1.74863,1.00134]},"PREVALENCE_BY_MONTH":{"X_CALENDAR_MONTH":[201901,201902,201904,201906,201907,201908,201910,201911,201912],"Y_PREVALENCE_1000PP":[0.08,0.1,0.07,0.11,0.09,0.07,0.06,0.08,0.06]},"CONDITIONS_BY_TYPE":{"CONCEPT_NAME":"Claim","COUNT_VALUE":114},"AGE_AT_FIRST_DIAGNOSIS":{"CATEGORY":["MALE","FEMALE"],"MIN_VALUE":[2,7],"P10_VALUE":[10,12],"P25_VALUE":[35,20],"MEDIAN_VALUE":[47,43],"P75_VALUE":[59,61],"P90_VALUE":[73,75],"MAX_VALUE":[90,91]}}
