{"PREVALENCE_BY_GENDER_AGE_YEAR":{"TRELLIS_NAME":["50-59","10-19","20-29","0-9","40-49","30-39","50-59","70-79","40-49","60-69","10-19","70-79","20-29","60-69","30-39"],"SERIES_NAME":["MALE","MALE","MALE","MALE","MALE","MALE","FEMALE","FEMALE","FEMALE","FEMALE","FEMALE","MALE","FEMALE","MALE","FEMALE"],"X_CALENDAR_YEAR":[2019,2019,2019,2019,2019,2019,2019,2019,2019,2019,2019,2019,2019,2019,2019],"Y_PREVALENCE_1000PP":[2.64046,2.06233,1.51668,3.12082,2.04768,1.3557,2.4627,2.03855,3.42612,2.66362,1.53039,2.4682,2.16486,1.73077,2.27939]},"PREVALENCE_BY_MONTH":{"X_CALENDAR_MONTH":[201901,201902,201903,201904,201905,201906,201907,201908,201909,201910,201911,201912],"Y_PREVALENCE_1000PP":[0.19,0.18,0.13,0.3,0.25,0.16,0.19,0.15,0.16,0.22,0.11,0.09]},"CONDITIONS_BY_TYPE":{"CONCEPT_NAME":"Claim","COUNT_VALUE":1132},"AGE_AT_FIRST_DIAGNOSIS":{"CATEGORY":["MALE","FEMALE"],"MIN_VALUE":[0,2],"P10_VALUE":[6,19],"P25_VALUE":[21,31],"MEDIAN_VALUE":[46,46],"P75_VALUE":[61,63],"P90_VALUE":[78,72],"MAX_VALUE":[99,98]}}
