{"PREVALENCE_BY_GENDER_AGE_YEAR":{"TRELLIS_NAME":["40-49","60-69","70-79","50-59","0-9","10-19","20-29","70-79","20-29","30-39","40-49","50-59","10-19"],"SERIES_NAME":["FEMALE","FEMALE","FEMALE","FEMALE","FEMALE","FEMALE","FEMALE","MALE","MALE","MALE","MALE","MALE","MALE"],"X_CALENDAR_YEAR":[2019,2019,2019,2019,2019,2019,2019,2019,2019,2019,2019,2019,2019],"Y_PREVALENCE_1000PP":[1.71306,1.52207,1.48258,1.44865,1.89314,1.74902,1.1657,2.4682,2.02224,1.69463,1.90142,1.907,1.83318]},"PREVALENCE_BY_MONTH":{"X_CALENDAR_MONTH":[201901,201902,201903,201904,201905,201906,201907,201908,201909,201910,201911,201912],"Y_PREVALENCE_1000PP":[0.18,0.08,0.12,0.15,0.09,0.14,0.15,0.06,0.1,0.26,0.11,0.16]},"CONDITIONS_BY_TYPE":{"CONCEPT_NAME":"Claim","COUNT_VALUE":848},"AGE_AT_FIRST_DIAGNOSIS":{"CATEGORY":["FEMALE","MALE"],"MIN_VALUE":[1,4],"P10_VALUE":[7,16],"P25_VALUE":[21,25],"MEDIAN_VALUE":[46,45],"P75_VALUE":[65,66],"P90_VALUE":[76,78],"MAX_VALUE":[99,95]}}
