{"PREVALENCE_BY_GENDER_AGE_YEAR":{"TRELLIS_NAME":["0-9","30-39","80-89","40-49","70-79","90-99","20-29","10-19","60-69","70-79","80-89","50-59","90-99","10-19","30-39","20-29","50-59","60-69","0-9","40-49"],"SERIES_NAME":["FEMALE","FEMALE","MALE","FEMALE","MALE","MALE","FEMALE","FEMALE","FEMALE","FEMALE","FEMALE","FEMALE","FEMALE","MALE","MALE","MALE","MALE","MALE","MALE","MALE"],"X_CALENDAR_YEAR":[2019,2019,2019,2019,2019,2019,2019,2019,2019,2019,2019,2019,2019,2019,2019,2019,2019,2019,2019,2019],"Y_PREVALENCE_1000PP":[15.56584,16.76978,14.35671,15.70307,15.94836,18.23362,15.82015,17.49016,15.98174,14.26983,13.25648,15.50051,15.05017,14.4363,14.40434,14.49275,14.8159,12.88462,13.82078,16.08893]},"PREVALENCE_BY_MONTH":{"X_CALENDAR_MONTH":[201901,201902,201903,201904,201905,201906,201907,201908,201909,201910,201911,201912],"Y_PREVALENCE_1000PP":[1.6,1.21,1.23,1.32,1.24,1.05,1.44,1.24,1.24,1.5,1.24,1.19]},"CONDITIONS_BY_TYPE":{"CONCEPT_NAME":"Claim","COUNT_VALUE":8348},"AGE_AT_FIRST_DIAGNOSIS":{"CATEGORY":["No matching concept","FEMALE","MALE"],"MIN_VALUE":[1,0,0],"P10_VALUE":[9,10,11],"P25_VALUE":[25,24,26],"MEDIAN_VALUE":[42,43,45],"P75_VALUE":[59,61,64],"P90_VALUE":[69,76,78],"MAX_VALUE":[93,99,99]}}
