{"PREVALENCE_BY_GENDER_AGE_YEAR":{"TRELLIS_NAME":["60-69","30-39","40-49","20-29","60-69","50-59","0-9"],"SERIES_NAME":["FEMALE","MALE","MALE","MALE","MALE","MALE","FEMALE"],"X_CALENDAR_YEAR":[2019,2019,2019,2019,2019,2019,2019],"Y_PREVALENCE_1000PP":[1.13464,1.52801,0.87681,1.00976,1.35344,1.3212,1.68421]},"PREVALENCE_BY_MONTH":{"X_CALENDAR_MONTH":[201901,201903,201904,201905,201907,201908,201910,201911,201912],"Y_PREVALENCE_1000PP":[0.06,0.07,0.07,0.09,0.12,0.08,0.1,0.06,0.09]},"CONDITIONS_BY_TYPE":{"CONCEPT_NAME":"Claim","COUNT_VALUE":118},"AGE_AT_FIRST_DIAGNOSIS":{"CATEGORY":["FEMALE","MALE"],"MIN_VALUE":[2,6],"P10_VALUE":[6,14],"P25_VALUE":[16,27],"MEDIAN_VALUE":[36,43],"P75_VALUE":[62,61],"P90_VALUE":[68,74],"MAX_VALUE":[92,95]}}
