{"PREVALENCE_BY_GENDER_AGE_YEAR":{"TRELLIS_NAME":["30-39","20-29","70-79","10-19","50-59","40-49","20-29","40-49","70-79","50-59"],"SERIES_NAME":["FEMALE","FEMALE","MALE","MALE","MALE","MALE","MALE","FEMALE","FEMALE","FEMALE"],"X_CALENDAR_YEAR":[2019,2019,2019,2019,2019,2019,2019,2019,2019,2019],"Y_PREVALENCE_1000PP":[1.46318,1.83578,2.09205,1.37741,1.6148,1.46135,1.17805,1.28663,1.10967,1.15908]},"PREVALENCE_BY_MONTH":{"X_CALENDAR_MONTH":[201901,201902,201903,201904,201905,201906,201907,201908,201909,201910,201912],"Y_PREVALENCE_1000PP":[0.12,0.08,0.11,0.11,0.1,0.12,0.15,0.13,0.1,0.11,0.07]},"CONDITIONS_BY_TYPE":{"CONCEPT_NAME":"Claim","COUNT_VALUE":169},"AGE_AT_FIRST_DIAGNOSIS":{"CATEGORY":["MALE","FEMALE"],"MIN_VALUE":[0,4],"P10_VALUE":[14,17],"P25_VALUE":[29,26],"MEDIAN_VALUE":[50,42],"P75_VALUE":[70,59],"P90_VALUE":[77,76],"MAX_VALUE":[99,99]}}
