{"PREVALENCE_BY_GENDER_AGE_YEAR":{"TRELLIS_NAME":["40-49","70-79","80-89","60-69","50-59","90-99","90-99","30-39","0-9","80-89","70-79","20-29","10-19","40-49","20-29","0-9","60-69","50-59","10-19","30-39"],"SERIES_NAME":["FEMALE","FEMALE","FEMALE","FEMALE","FEMALE","FEMALE","MALE","FEMALE","FEMALE","MALE","MALE","FEMALE","FEMALE","MALE","MALE","MALE","MALE","MALE","MALE","MALE"],"X_CALENDAR_YEAR":[2019,2019,2019,2019,2019,2019,2019,2019,2019,2019,2019,2019,2019,2019,2019,2019,2019,2019,2019,2019],"Y_PREVALENCE_1000PP":[10.56388,11.48999,11.52738,8.94216,12.02376,8.91862,9.11681,12.69945,9.88641,10.49144,13.85988,10.65779,12.02449,12.28609,9.1001,12.26037,10.38462,11.44198,10.54079,10.50669]},"PREVALENCE_BY_MONTH":{"X_CALENDAR_MONTH":[201901,201902,201903,201904,201905,201906,201907,201908,201909,201910,201911,201912],"Y_PREVALENCE_1000PP":[1.12,0.79,0.8,1.15,0.92,0.76,1.11,1.08,0.73,1.13,0.82,0.72]},"CONDITIONS_BY_TYPE":{"CONCEPT_NAME":"Claim","COUNT_VALUE":5892},"AGE_AT_FIRST_DIAGNOSIS":{"CATEGORY":["No matching concept","MALE","FEMALE"],"MIN_VALUE":[1,0,0],"P10_VALUE":[25,9,11],"P25_VALUE":[30,27,25],"MEDIAN_VALUE":[53,46,44],"P75_VALUE":[62,64,61],"P90_VALUE":[76,77,76],"MAX_VALUE":[77,99,99]}}
