{"PREVALENCE_BY_GENDER_AGE_YEAR":{"TRELLIS_NAME":["40-49","0-9","50-59","30-39","60-69","10-19","20-29","0-9","20-29","40-49","30-39","70-79","10-19","60-69","50-59"],"SERIES_NAME":["MALE","MALE","MALE","MALE","MALE","MALE","MALE","FEMALE","FEMALE","FEMALE","FEMALE","MALE","FEMALE","FEMALE","FEMALE"],"X_CALENDAR_YEAR":[2019,2019,2019,2019,2019,2019,2019,2019,2019,2019,2019,2019,2019,2019,2019],"Y_PREVALENCE_1000PP":[1.89975,2.22717,2.0552,2.03735,2.32019,2.06612,2.5244,2.52632,1.502,2.00143,2.27605,2.47242,2.40437,2.08018,2.89771]},"PREVALENCE_BY_MONTH":{"X_CALENDAR_MONTH":[201901,201902,201903,201904,201905,201906,201907,201908,201909,201910,201911,201912],"Y_PREVALENCE_1000PP":[0.22,0.2,0.2,0.21,0.16,0.19,0.22,0.13,0.13,0.16,0.1,0.17]},"CONDITIONS_BY_TYPE":{"CONCEPT_NAME":"Claim","COUNT_VALUE":278},"AGE_AT_FIRST_DIAGNOSIS":{"CATEGORY":["MALE","FEMALE"],"MIN_VALUE":[2,0],"P10_VALUE":[10,8],"P25_VALUE":[24,21],"MEDIAN_VALUE":[44,42],"P75_VALUE":[65,56],"P90_VALUE":[75,68],"MAX_VALUE":[99,95]}}
