{"PREVALENCE_BY_GENDER_AGE_YEAR":{"TRELLIS_NAME":["80-89","50-59","60-69","70-79","40-49","90-99","10-19","0-9","20-29","40-49","30-39","50-59","80-89","60-69","0-9","20-29","30-39","10-19","90-99","70-79"],"SERIES_NAME":["FEMALE","FEMALE","FEMALE","FEMALE","FEMALE","FEMALE","MALE","MALE","MALE","MALE","MALE","MALE","MALE","MALE","FEMALE","FEMALE","FEMALE","FEMALE","MALE","MALE"],"X_CALENDAR_YEAR":[2019,2019,2019,2019,2019,2019,2019,2019,2019,2019,2019,2019,2019,2019,2019,2019,2019,2019,2019,2019],"Y_PREVALENCE_1000PP":[28.25836,28.25268,24.20575,29.77622,23.30236,30.53859,27.54821,30.06682,24.40256,27.91173,28.6927,28.03876,23.19161,22.62181,28.42105,29.03872,26.49976,26.44809,23.4957,25.48498]},"PREVALENCE_BY_MONTH":{"X_CALENDAR_MONTH":[201901,201902,201903,201904,201905,201906,201907,201908,201909,201910,201911,201912],"Y_PREVALENCE_1000PP":[2.58,2.16,2.29,2.48,2.33,2.17,2.69,1.92,2.13,2.63,1.9,1.99]},"CONDITIONS_BY_TYPE":{"CONCEPT_NAME":"Claim","COUNT_VALUE":3654},"AGE_AT_FIRST_DIAGNOSIS":{"CATEGORY":["No matching concept","FEMALE","MALE"],"MIN_VALUE":[2,0,0],"P10_VALUE":[11,9,9],"P25_VALUE":[29,24,25],"MEDIAN_VALUE":[48,44,44],"P75_VALUE":[62,64,60],"P90_VALUE":[71,77,76],"MAX_VALUE":[99,99,99]}}
