{"PREVALENCE_BY_GENDER_AGE_YEAR":{"TRELLIS_NAME":["60-69","50-59","80-89","70-79","90-99","20-29","40-49","90-99","0-9","70-79","30-39","80-89","10-19","0-9","10-19","20-29","60-69","50-59","40-49","30-39"],"SERIES_NAME":["FEMALE","FEMALE","FEMALE","FEMALE","FEMALE","FEMALE","FEMALE","MALE","FEMALE","MALE","FEMALE","MALE","FEMALE","MALE","MALE","MALE","MALE","MALE","MALE","MALE"],"X_CALENDAR_YEAR":[2019,2019,2019,2019,2019,2019,2019,2019,2019,2019,2019,2019,2019,2019,2019,2019,2019,2019,2019,2019],"Y_PREVALENCE_1000PP":[13.61573,9.12779,12.68743,10.91178,13.32593,13.68491,11.72266,9.16905,9.26316,10.84062,12.51829,11.5958,12.24044,10.91314,14.00367,11.44396,12.56767,10.42278,9.49876,12.73345]},"PREVALENCE_BY_MONTH":{"X_CALENDAR_MONTH":[201901,201902,201903,201904,201905,201906,201907,201908,201909,201910,201911,201912],"Y_PREVALENCE_1000PP":[1.14,0.8,0.96,1.13,0.99,0.96,1.11,0.77,0.96,1.02,0.89,0.88]},"CONDITIONS_BY_TYPE":{"CONCEPT_NAME":"Claim","COUNT_VALUE":1591},"AGE_AT_FIRST_DIAGNOSIS":{"CATEGORY":["MALE","FEMALE","No matching concept"],"MIN_VALUE":[0,0,11],"P10_VALUE":[10,11,20],"P25_VALUE":[24,25,34],"MEDIAN_VALUE":[42,43,49],"P75_VALUE":[62,64,62],"P90_VALUE":[76,77,71],"MAX_VALUE":[99,99,92]}}
