{"PREVALENCE_BY_GENDER_AGE_YEAR":{"TRELLIS_NAME":["30-39","70-79","20-29","40-49","60-69","10-19","50-59","20-29","40-49","50-59","60-69","70-79","80-89"],"SERIES_NAME":["FEMALE","MALE","FEMALE","FEMALE","MALE","MALE","MALE","MALE","MALE","FEMALE","FEMALE","FEMALE","FEMALE"],"X_CALENDAR_YEAR":[2019,2019,2019,2019,2019,2019,2019,2019,2019,2019,2019,2019,2019],"Y_PREVALENCE_1000PP":[1.78833,2.66261,2.50334,2.14439,1.54679,2.75482,1.468,1.51464,2.04589,1.30397,2.26929,2.0344,3.46021]},"PREVALENCE_BY_MONTH":{"X_CALENDAR_MONTH":[201901,201902,201903,201904,201905,201906,201907,201908,201909,201910,201911,201912],"Y_PREVALENCE_1000PP":[0.23,0.12,0.21,0.23,0.14,0.1,0.17,0.12,0.14,0.17,0.1,0.13]},"CONDITIONS_BY_TYPE":{"CONCEPT_NAME":"Claim","COUNT_VALUE":249},"AGE_AT_FIRST_DIAGNOSIS":{"CATEGORY":["No matching concept","MALE","FEMALE"],"MIN_VALUE":[4,2,5],"P10_VALUE":[4,12,20],"P25_VALUE":[17,25,25],"MEDIAN_VALUE":[45,45,48],"P75_VALUE":[48,71,68],"P90_VALUE":[94,83,81],"MAX_VALUE":[94,97,97]}}
