{"PREVALENCE_BY_GENDER_AGE_YEAR":{"TRELLIS_NAME":["20-29","50-59","0-9","40-49","70-79","50-59","40-49","20-29","10-19","70-79","0-9"],"SERIES_NAME":["MALE","MALE","MALE","MALE","FEMALE","FEMALE","FEMALE","FEMALE","FEMALE","MALE","FEMALE"],"X_CALENDAR_YEAR":[2019,2019,2019,2019,2019,2019,2019,2019,2019,2019,2019],"Y_PREVALENCE_1000PP":[1.34635,1.468,1.3363,1.02294,1.29462,1.59374,0.85776,1.00134,1.53005,2.28224,1.47368]},"PREVALENCE_BY_MONTH":{"X_CALENDAR_MONTH":[201901,201902,201903,201904,201905,201906,201907,201908,201910,201911,201912],"Y_PREVALENCE_1000PP":[0.14,0.07,0.11,0.13,0.07,0.07,0.09,0.1,0.11,0.12,0.11]},"CONDITIONS_BY_TYPE":{"CONCEPT_NAME":"Claim","COUNT_VALUE":156},"AGE_AT_FIRST_DIAGNOSIS":{"CATEGORY":["FEMALE","MALE"],"MIN_VALUE":[0,3],"P10_VALUE":[5,9],"P25_VALUE":[20,28],"MEDIAN_VALUE":[45,52],"P75_VALUE":[63,75],"P90_VALUE":[75,78],"MAX_VALUE":[97,99]}}
