{"PREVALENCE_BY_GENDER_AGE_YEAR":{"TRELLIS_NAME":["30-39","80-89","40-49","20-29","10-19","0-9","70-79","10-19","30-39","20-29","50-59","40-49","60-69","0-9","70-79","60-69","50-59"],"SERIES_NAME":["FEMALE","MALE","FEMALE","FEMALE","FEMALE","FEMALE","MALE","MALE","MALE","MALE","MALE","MALE","MALE","MALE","FEMALE","FEMALE","FEMALE"],"X_CALENDAR_YEAR":[2019,2019,2019,2019,2019,2019,2019,2019,2019,2019,2019,2019,2019,2019,2019,2019,2019],"Y_PREVALENCE_1000PP":[2.43863,4.41745,1.71551,2.83712,2.18579,2.52632,2.47242,2.29568,1.86757,2.5244,3.52319,1.89975,3.09358,3.34076,3.69891,1.70197,1.88351]},"PREVALENCE_BY_MONTH":{"X_CALENDAR_MONTH":[201901,201902,201903,201904,201905,201906,201907,201908,201909,201910,201911,201912],"Y_PREVALENCE_1000PP":[0.2,0.12,0.21,0.24,0.24,0.19,0.24,0.2,0.19,0.18,0.18,0.29]},"CONDITIONS_BY_TYPE":{"CONCEPT_NAME":"Claim","COUNT_VALUE":325},"AGE_AT_FIRST_DIAGNOSIS":{"CATEGORY":["FEMALE","MALE"],"MIN_VALUE":[0,0],"P10_VALUE":[9,7],"P25_VALUE":[23,23],"MEDIAN_VALUE":[44,50],"P75_VALUE":[69,65],"P90_VALUE":[77,79],"MAX_VALUE":[99,99]}}
