{"PREVALENCE_BY_GENDER_AGE_YEAR":{"TRELLIS_NAME":["50-59","10-19","40-49","0-9","20-29","60-69","30-39","10-19","40-49","30-39","20-29","70-79","80-89","0-9","90-99","70-79","90-99","80-89","50-59","60-69"],"SERIES_NAME":["MALE","MALE","MALE","MALE","MALE","MALE","MALE","FEMALE","FEMALE","FEMALE","FEMALE","MALE","MALE","FEMALE","MALE","FEMALE","FEMALE","FEMALE","FEMALE","FEMALE"],"X_CALENDAR_YEAR":[2019,2019,2019,2019,2019,2019,2019,2019,2019,2019,2019,2019,2019,2019,2019,2019,2019,2019,2019,2019],"Y_PREVALENCE_1000PP":[3.96069,5.49954,5.55799,5.34998,6.06673,5.38462,5.59227,4.37254,5.71021,4.72159,5.16236,7.40459,7.17835,6.10013,3.4188,4.07709,4.45931,6.34006,6.22918,5.70776]},"PREVALENCE_BY_MONTH":{"X_CALENDAR_MONTH":[201901,201902,201903,201904,201905,201906,201907,201908,201909,201910,201911,201912],"Y_PREVALENCE_1000PP":[0.6,0.43,0.41,0.59,0.37,0.41,0.42,0.37,0.4,0.54,0.32,0.54]},"CONDITIONS_BY_TYPE":{"CONCEPT_NAME":"Claim","COUNT_VALUE":2912},"AGE_AT_FIRST_DIAGNOSIS":{"CATEGORY":["MALE","FEMALE","No matching concept"],"MIN_VALUE":[0,0,0],"P10_VALUE":[12,9,0],"P25_VALUE":[24,25,42],"MEDIAN_VALUE":[43,45,50],"P75_VALUE":[66,61,58],"P90_VALUE":[78,77,65],"MAX_VALUE":[99,99,65]}}
