{"PREVALENCE_BY_GENDER_AGE_YEAR":{"TRELLIS_NAME":["50-59","20-29","40-49","80-89","60-69","20-29","60-69"],"SERIES_NAME":["MALE","MALE","MALE","MALE","MALE","FEMALE","FEMALE"],"X_CALENDAR_YEAR":[2019,2019,2019,2019,2019,2019,2019],"Y_PREVALENCE_1000PP":[1.76031,1.17964,1.02384,4.41745,1.34615,1.83181,1.33181]},"PREVALENCE_BY_MONTH":{"X_CALENDAR_MONTH":[201901,201902,201903,201904,201905,201906,201907,201908,201910,201911],"Y_PREVALENCE_1000PP":[0.18,0.06,0.12,0.06,0.07,0.11,0.14,0.08,0.08,0.11]},"CONDITIONS_BY_TYPE":{"CONCEPT_NAME":"Claim","COUNT_VALUE":604},"AGE_AT_FIRST_DIAGNOSIS":{"CATEGORY":["MALE","FEMALE"],"MIN_VALUE":[2,0],"P10_VALUE":[13,14],"P25_VALUE":[27,22],"MEDIAN_VALUE":[51,38],"P75_VALUE":[64,60],"P90_VALUE":[83,73],"MAX_VALUE":[93,98]}}
