{"PREVALENCE_BY_GENDER_AGE_YEAR":{"TRELLIS_NAME":["0-9","40-49","80-89","10-19","20-29","70-79","30-39","80-89","70-79","60-69","50-59","30-39","20-29","60-69","50-59","0-9","10-19","40-49"],"SERIES_NAME":["FEMALE","FEMALE","MALE","FEMALE","FEMALE","MALE","FEMALE","FEMALE","FEMALE","FEMALE","FEMALE","MALE","MALE","MALE","MALE","MALE","MALE","MALE"],"X_CALENDAR_YEAR":[2019,2019,2019,2019,2019,2019,2019,2019,2019,2019,2019,2019,2019,2019,2019,2019,2019,2019],"Y_PREVALENCE_1000PP":[2.94737,3.43102,4.41745,3.27869,3.00401,1.71168,3.2515,3.46021,3.14407,2.08018,2.46305,3.73514,3.19758,2.51353,2.4956,2.00445,2.06612,2.48429]},"PREVALENCE_BY_MONTH":{"X_CALENDAR_MONTH":[201901,201902,201903,201904,201905,201906,201907,201908,201909,201910,201911,201912],"Y_PREVALENCE_1000PP":[0.28,0.14,0.21,0.19,0.31,0.23,0.22,0.2,0.21,0.4,0.16,0.2]},"CONDITIONS_BY_TYPE":{"CONCEPT_NAME":"Claim","COUNT_VALUE":357},"AGE_AT_FIRST_DIAGNOSIS":{"CATEGORY":["MALE","No matching concept","FEMALE"],"MIN_VALUE":[0,26,0],"P10_VALUE":[12,26,10],"P25_VALUE":[28,42,23],"MEDIAN_VALUE":[42,53,41],"P75_VALUE":[61,74,59],"P90_VALUE":[76,99,75],"MAX_VALUE":[96,99,96]}}
