{"PREVALENCE_BY_GENDER_AGE_YEAR":{"TRELLIS_NAME":["0-9","20-29","50-59","60-69","30-39","10-19","40-49","70-79","60-69","50-59","80-89","40-49","30-39","0-9","10-19","70-79","20-29"],"SERIES_NAME":["MALE","MALE","MALE","MALE","MALE","MALE","MALE","FEMALE","FEMALE","FEMALE","MALE","FEMALE","FEMALE","FEMALE","FEMALE","MALE","FEMALE"],"X_CALENDAR_YEAR":[2019,2019,2019,2019,2019,2019,2019,2019,2019,2019,2019,2019,2019,2019,2019,2019,2019],"Y_PREVALENCE_1000PP":[3.34374,3.53893,2.34707,2.30769,4.06711,3.89551,2.63273,3.52113,2.28311,2.4627,3.31309,3.85439,2.27939,3.57594,3.06078,3.98709,2.9975]},"PREVALENCE_BY_MONTH":{"X_CALENDAR_MONTH":[201901,201902,201903,201904,201905,201906,201907,201908,201909,201910,201911,201912],"Y_PREVALENCE_1000PP":[0.31,0.25,0.19,0.28,0.25,0.26,0.36,0.26,0.19,0.29,0.19,0.2]},"CONDITIONS_BY_TYPE":{"CONCEPT_NAME":"Claim","COUNT_VALUE":1612},"AGE_AT_FIRST_DIAGNOSIS":{"CATEGORY":["FEMALE","MALE"],"MIN_VALUE":[0,0],"P10_VALUE":[8,10],"P25_VALUE":[22,23],"MEDIAN_VALUE":[44,39],"P75_VALUE":[64,62],"P90_VALUE":[76,77],"MAX_VALUE":[96,99]}}
