{"PREVALENCE_BY_GENDER_AGE_YEAR":{"TRELLIS_NAME":["20-29","30-39","70-79","10-19","80-89","90-99","0-9","20-29","40-49","10-19","30-39","0-9","60-69","50-59","90-99","50-59","70-79","60-69","80-89","40-49"],"SERIES_NAME":["FEMALE","FEMALE","MALE","FEMALE","MALE","MALE","FEMALE","MALE","MALE","MALE","MALE","MALE","MALE","MALE","FEMALE","FEMALE","FEMALE","FEMALE","FEMALE","FEMALE"],"X_CALENDAR_YEAR":[2019,2019,2019,2019,2019,2019,2019,2019,2019,2019,2019,2019,2019,2019,2019,2019,2019,2019,2019,2019],"Y_PREVALENCE_1000PP":[6.16153,4.23315,5.8857,5.24705,6.07399,3.9886,4.62768,6.40377,5.99678,7.10357,3.55872,6.24164,6.73077,5.13422,6.68896,6.22918,5.37435,5.89802,6.91643,6.13847]},"PREVALENCE_BY_MONTH":{"X_CALENDAR_MONTH":[201901,201902,201903,201904,201905,201906,201907,201908,201909,201910,201911,201912],"Y_PREVALENCE_1000PP":[0.68,0.37,0.44,0.64,0.42,0.41,0.58,0.33,0.4,0.59,0.47,0.39]},"CONDITIONS_BY_TYPE":{"CONCEPT_NAME":"Claim","COUNT_VALUE":3040},"AGE_AT_FIRST_DIAGNOSIS":{"CATEGORY":["FEMALE","No matching concept","MALE"],"MIN_VALUE":[0,20,0],"P10_VALUE":[12,24,9],"P25_VALUE":[25,26,23],"MEDIAN_VALUE":[47,52,45],"P75_VALUE":[63,69,64],"P90_VALUE":[78,75,77],"MAX_VALUE":[99,94,99]}}
