{"PREVALENCE_BY_GENDER_AGE_YEAR":{"TRELLIS_NAME":["40-49","50-59","60-69","70-79","50-59","20-29","0-9","10-19","30-39","40-49","10-19","30-39","60-69","20-29","0-9","70-79"],"SERIES_NAME":["FEMALE","FEMALE","FEMALE","FEMALE","MALE","MALE","MALE","MALE","MALE","MALE","FEMALE","FEMALE","MALE","FEMALE","FEMALE","MALE"],"X_CALENDAR_YEAR":[2019,2019,2019,2019,2019,2019,2019,2019,2019,2019,2019,2019,2019,2019,2019,2019],"Y_PREVALENCE_1000PP":[1.2848,1.73837,3.04414,1.85322,2.49377,1.85372,2.00624,1.83318,2.37248,1.46263,3.27941,2.60501,3.84615,2.83097,1.47244,1.51889]},"PREVALENCE_BY_MONTH":{"X_CALENDAR_MONTH":[201901,201902,201903,201904,201905,201906,201907,201908,201909,201910,201911,201912],"Y_PREVALENCE_1000PP":[0.21,0.17,0.11,0.27,0.14,0.12,0.23,0.18,0.19,0.23,0.16,0.14]},"CONDITIONS_BY_TYPE":{"CONCEPT_NAME":"Claim","COUNT_VALUE":1136},"AGE_AT_FIRST_DIAGNOSIS":{"CATEGORY":["FEMALE","MALE"],"MIN_VALUE":[0,0],"P10_VALUE":[11,11],"P25_VALUE":[22,27],"MEDIAN_VALUE":[37,50],"P75_VALUE":[62,64],"P90_VALUE":[77,76],"MAX_VALUE":[97,97]}}
