{"PREVALENCE_BY_GENDER_AGE_YEAR":{"TRELLIS_NAME":["50-59","20-29","40-49","60-69","0-9","10-19","30-39","80-89","40-49","60-69","70-79","90-99","50-59","30-39","90-99","70-79","0-9","10-19","20-29"],"SERIES_NAME":["MALE","MALE","MALE","MALE","MALE","MALE","MALE","FEMALE","FEMALE","FEMALE","FEMALE","FEMALE","FEMALE","FEMALE","MALE","MALE","FEMALE","FEMALE","FEMALE"],"X_CALENDAR_YEAR":[2019,2019,2019,2019,2019,2019,2019,2019,2019,2019,2019,2019,2019,2019,2019,2019,2019,2019,2019],"Y_PREVALENCE_1000PP":[5.13422,5.22413,2.34021,2.5,2.67499,3.43721,2.88087,4.03458,3.14061,4.18569,2.03855,4.45931,3.33188,2.11657,3.9886,4.55667,2.94489,2.18627,2.9975]},"PREVALENCE_BY_MONTH":{"X_CALENDAR_MONTH":[201901,201902,201903,201904,201905,201906,201907,201908,201909,201910,201911,201912],"Y_PREVALENCE_1000PP":[0.34,0.22,0.27,0.3,0.12,0.26,0.35,0.43,0.18,0.35,0.24,0.24]},"CONDITIONS_BY_TYPE":{"CONCEPT_NAME":"Claim","COUNT_VALUE":1800},"AGE_AT_FIRST_DIAGNOSIS":{"CATEGORY":["FEMALE","MALE","No matching concept"],"MIN_VALUE":[0,0,4],"P10_VALUE":[10,11,4],"P25_VALUE":[25,23,17],"MEDIAN_VALUE":[47,46,26],"P75_VALUE":[63,63,51],"P90_VALUE":[80,77,65],"MAX_VALUE":[99,99,65]}}
