{"PREVALENCE_BY_GENDER_AGE_YEAR":{"TRELLIS_NAME":["20-29","10-19","30-39","70-79","0-9","0-9","60-69","40-49","50-59","10-19","30-39","20-29","70-79","40-49","60-69","80-89","50-59"],"SERIES_NAME":["FEMALE","FEMALE","FEMALE","MALE","FEMALE","MALE","MALE","MALE","MALE","MALE","MALE","MALE","FEMALE","FEMALE","FEMALE","FEMALE","FEMALE"],"X_CALENDAR_YEAR":[2019,2019,2019,2019,2019,2019,2019,2019,2019,2019,2019,2019,2019,2019,2019,2019,2019],"Y_PREVALENCE_1000PP":[2.67023,1.53005,2.92635,3.61354,3.15789,2.22717,4.06032,3.3611,3.81679,2.29568,3.39559,2.5244,3.14407,3.1451,2.83661,4.61361,2.46305]},"PREVALENCE_BY_MONTH":{"X_CALENDAR_MONTH":[201901,201902,201903,201904,201905,201906,201907,201908,201909,201910,201911,201912],"Y_PREVALENCE_1000PP":[0.3,0.24,0.24,0.28,0.28,0.21,0.28,0.17,0.23,0.27,0.24,0.23]},"CONDITIONS_BY_TYPE":{"CONCEPT_NAME":"Claim","COUNT_VALUE":398},"AGE_AT_FIRST_DIAGNOSIS":{"CATEGORY":["MALE","No matching concept","FEMALE"],"MIN_VALUE":[1,1,0],"P10_VALUE":[15,1,8],"P25_VALUE":[31,9,29],"MEDIAN_VALUE":[47,19,47],"P75_VALUE":[65,46,66],"P90_VALUE":[74,56,77],"MAX_VALUE":[95,56,98]}}
