{"PREVALENCE_BY_GENDER_AGE_YEAR":{"TRELLIS_NAME":["80-89","0-9","90-99","30-39","20-29","10-19","40-49","70-79","60-69","10-19","0-9","30-39","20-29","50-59","40-49","60-69","80-89","50-59","70-79","90-99"],"SERIES_NAME":["MALE","FEMALE","MALE","FEMALE","FEMALE","FEMALE","FEMALE","MALE","MALE","MALE","MALE","MALE","MALE","MALE","MALE","FEMALE","FEMALE","FEMALE","FEMALE","FEMALE"],"X_CALENDAR_YEAR":[2019,2019,2019,2019,2019,2019,2019,2019,2019,2019,2019,2019,2019,2019,2019,2019,2019,2019,2019,2019],"Y_PREVALENCE_1000PP":[7.73054,8.63158,9.74212,6.66558,7.84379,8.30601,8.4346,6.46634,5.60712,4.82094,10.24499,7.64007,8.24638,6.89959,6.7222,7.18608,11.53403,7.38916,9.43222,4.99722]},"PREVALENCE_BY_MONTH":{"X_CALENDAR_MONTH":[201901,201902,201903,201904,201905,201906,201907,201908,201909,201910,201911,201912],"Y_PREVALENCE_1000PP":[0.77,0.46,0.59,0.68,0.59,0.61,0.89,0.55,0.59,0.76,0.68,0.47]},"CONDITIONS_BY_TYPE":{"CONCEPT_NAME":"Claim","COUNT_VALUE":1013},"AGE_AT_FIRST_DIAGNOSIS":{"CATEGORY":["MALE","No matching concept","FEMALE"],"MIN_VALUE":[0,5,0],"P10_VALUE":[8,7,9],"P25_VALUE":[25,27,22],"MEDIAN_VALUE":[41,42,44],"P75_VALUE":[62,53,64],"P90_VALUE":[79,69,77],"MAX_VALUE":[98,98,99]}}
