{"PREVALENCE_BY_GENDER_AGE_YEAR":{"TRELLIS_NAME":["30-39","0-9","40-49","50-59","20-29","10-19","60-69","90-99","40-49","70-79","50-59","80-89","20-29","80-89","10-19","90-99","70-79","30-39","0-9","60-69"],"SERIES_NAME":["MALE","MALE","MALE","MALE","MALE","MALE","FEMALE","FEMALE","FEMALE","FEMALE","FEMALE","FEMALE","FEMALE","MALE","FEMALE","MALE","MALE","FEMALE","FEMALE","MALE"],"X_CALENDAR_YEAR":[2019,2019,2019,2019,2019,2019,2019,2019,2019,2019,2019,2019,2019,2019,2019,2019,2019,2019,2019,2019],"Y_PREVALENCE_1000PP":[34.40095,33.21444,33.64049,33.00572,36.06336,34.60128,36.71994,31.21516,33.69022,32.06079,34.62263,31.70029,32.806,32.57869,32.3568,41.02564,37.78242,32.7255,32.39377,30.96154]},"PREVALENCE_BY_MONTH":{"X_CALENDAR_MONTH":[201901,201902,201903,201904,201905,201906,201907,201908,201909,201910,201911,201912],"Y_PREVALENCE_1000PP":[3.31,2.35,2.8,3.25,2.58,2.82,3.36,2.64,2.68,3.27,2.63,2.61]},"CONDITIONS_BY_TYPE":{"CONCEPT_NAME":"Claim","COUNT_VALUE":18692},"AGE_AT_FIRST_DIAGNOSIS":{"CATEGORY":["MALE","FEMALE","No matching concept"],"MIN_VALUE":[0,0,1],"P10_VALUE":[11,10,14],"P25_VALUE":[25,26,33],"MEDIAN_VALUE":[45,45,48],"P75_VALUE":[64,62,68],"P90_VALUE":[78,76,78],"MAX_VALUE":[99,99,99]}}
