{"PREVALENCE_BY_GENDER_AGE_YEAR":{"TRELLIS_NAME":["50-59","90-99","60-69","70-79","80-89","20-29","50-59","0-9","40-49","10-19","60-69","30-39","40-49","20-29","70-79","10-19","30-39","0-9"],"SERIES_NAME":["FEMALE","FEMALE","FEMALE","FEMALE","FEMALE","MALE","MALE","MALE","MALE","MALE","MALE","MALE","FEMALE","FEMALE","MALE","FEMALE","FEMALE","FEMALE"],"X_CALENDAR_YEAR":[2019,2019,2019,2019,2019,2019,2019,2019,2019,2019,2019,2019,2019,2019,2019,2019,2019,2019],"Y_PREVALENCE_1000PP":[2.0281,3.34448,2.85388,3.3358,4.03458,3.03337,2.34707,4.2354,2.34021,3.20807,2.5,2.37248,2.28408,3.66361,2.27834,3.71666,2.93064,2.94489]},"PREVALENCE_BY_MONTH":{"X_CALENDAR_MONTH":[201901,201902,201903,201904,201905,201906,201907,201908,201909,201910,201911,201912],"Y_PREVALENCE_1000PP":[0.2,0.2,0.21,0.28,0.21,0.12,0.3,0.28,0.27,0.29,0.22,0.25]},"CONDITIONS_BY_TYPE":{"CONCEPT_NAME":"Claim","COUNT_VALUE":1564},"AGE_AT_FIRST_DIAGNOSIS":{"CATEGORY":["MALE","FEMALE","No matching concept"],"MIN_VALUE":[0,0,15],"P10_VALUE":[6,10,15],"P25_VALUE":[18,22,49],"MEDIAN_VALUE":[38,41,55],"P75_VALUE":[59,67,67],"P90_VALUE":[73,79,94],"MAX_VALUE":[94,98,94]}}
