{"PREVALENCE_BY_GENDER_AGE_YEAR":{"TRELLIS_NAME":["60-69","40-49","80-89","50-59","70-79","60-69","0-9","70-79","30-39","20-29","10-19","0-9","10-19","50-59","40-49","30-39","20-29"],"SERIES_NAME":["FEMALE","FEMALE","FEMALE","FEMALE","FEMALE","MALE","FEMALE","MALE","FEMALE","FEMALE","FEMALE","MALE","MALE","MALE","MALE","MALE","MALE"],"X_CALENDAR_YEAR":[2019,2019,2019,2019,2019,2019,2019,2019,2019,2019,2019,2019,2019,2019,2019,2019,2019],"Y_PREVALENCE_1000PP":[1.90259,1.2848,4.03458,1.88324,1.85322,1.92308,2.52419,2.08848,2.60501,2.49792,1.74902,1.78333,2.52062,1.907,1.90142,1.69463,3.70745]},"PREVALENCE_BY_MONTH":{"X_CALENDAR_MONTH":[201901,201902,201903,201904,201905,201906,201907,201908,201909,201910,201911,201912],"Y_PREVALENCE_1000PP":[0.24,0.18,0.18,0.27,0.14,0.13,0.18,0.17,0.16,0.14,0.13,0.2]},"CONDITIONS_BY_TYPE":{"CONCEPT_NAME":"Claim","COUNT_VALUE":1152},"AGE_AT_FIRST_DIAGNOSIS":{"CATEGORY":["No matching concept","FEMALE","MALE"],"MIN_VALUE":[8,1,0],"P10_VALUE":[8,8,10],"P25_VALUE":[13,24,22],"MEDIAN_VALUE":[24,41,39],"P75_VALUE":[30,63,58],"P90_VALUE":[91,80,72],"MAX_VALUE":[91,99,97]}}
