{"PREVALENCE_BY_GENDER_AGE_YEAR":{"TRELLIS_NAME":["40-49","20-29","0-9","50-59","10-19","30-39","30-39","20-29","70-79","10-19","40-49","0-9","50-59","60-69","70-79","80-89"],"SERIES_NAME":["MALE","MALE","MALE","MALE","MALE","MALE","FEMALE","FEMALE","MALE","FEMALE","FEMALE","FEMALE","FEMALE","FEMALE","FEMALE","FEMALE"],"X_CALENDAR_YEAR":[2019,2019,2019,2019,2019,2019,2019,2019,2019,2019,2019,2019,2019,2019,2019,2019],"Y_PREVALENCE_1000PP":[2.48429,3.02928,1.78174,1.468,3.21396,2.03735,3.08893,1.502,1.14112,2.62295,1.28663,1.89474,1.0142,1.51286,2.21935,4.03691]},"PREVALENCE_BY_MONTH":{"X_CALENDAR_MONTH":[201901,201902,201903,201904,201905,201906,201907,201908,201909,201910,201911,201912],"Y_PREVALENCE_1000PP":[0.18,0.15,0.19,0.27,0.18,0.15,0.17,0.12,0.08,0.23,0.11,0.14]},"CONDITIONS_BY_TYPE":{"CONCEPT_NAME":"Claim","COUNT_VALUE":276},"AGE_AT_FIRST_DIAGNOSIS":{"CATEGORY":["FEMALE","MALE"],"MIN_VALUE":[0,0],"P10_VALUE":[10,10],"P25_VALUE":[23,21],"MEDIAN_VALUE":[39,34],"P75_VALUE":[67,52],"P90_VALUE":[82,75],"MAX_VALUE":[99,98]}}
