{"PREVALENCE_BY_GENDER_AGE_YEAR":{"TRELLIS_NAME":["0-9","30-39","20-29","40-49","60-69","40-49","50-59","70-79"],"SERIES_NAME":["FEMALE","FEMALE","FEMALE","MALE","MALE","FEMALE","FEMALE","FEMALE"],"X_CALENDAR_YEAR":[2019,2019,2019,2019,2019,2019,2019,2019],"Y_PREVALENCE_1000PP":[1.47368,1.46318,1.16822,1.31521,1.35344,1.42959,1.73863,1.10967]},"PREVALENCE_BY_MONTH":{"X_CALENDAR_MONTH":[201901,201903,201904,201905,201906,201907,201909,201910,201912],"Y_PREVALENCE_1000PP":[0.1,0.06,0.08,0.08,0.09,0.09,0.11,0.09,0.09]},"CONDITIONS_BY_TYPE":{"CONCEPT_NAME":"Claim","COUNT_VALUE":123},"AGE_AT_FIRST_DIAGNOSIS":{"CATEGORY":["FEMALE","MALE"],"MIN_VALUE":[3,3],"P10_VALUE":[8,24],"P25_VALUE":[27,37],"MEDIAN_VALUE":[44,49],"P75_VALUE":[57,63],"P90_VALUE":[74,71],"MAX_VALUE":[87,86]}}
