{"PREVALENCE_BY_GENDER_AGE_YEAR":{"TRELLIS_NAME":["20-29","40-49","10-19","0-9","30-39","50-59","70-79","20-29","40-49","0-9","60-69","70-79","50-59"],"SERIES_NAME":["MALE","MALE","MALE","MALE","MALE","MALE","MALE","FEMALE","FEMALE","FEMALE","FEMALE","FEMALE","FEMALE"],"X_CALENDAR_YEAR":[2019,2019,2019,2019,2019,2019,2019,2019,2019,2019,2019,2019,2019],"Y_PREVALENCE_1000PP":[1.6852,2.04768,1.60403,1.33749,1.01678,1.32023,1.70875,2.66445,1.99857,1.2621,1.52207,2.59451,1.15892]},"PREVALENCE_BY_MONTH":{"X_CALENDAR_MONTH":[201901,201902,201903,201904,201905,201906,201907,201908,201909,201910,201911,201912],"Y_PREVALENCE_1000PP":[0.15,0.1,0.16,0.11,0.15,0.14,0.15,0.12,0.12,0.16,0.13,0.1]},"CONDITIONS_BY_TYPE":{"CONCEPT_NAME":"Claim","COUNT_VALUE":884},"AGE_AT_FIRST_DIAGNOSIS":{"CATEGORY":["MALE","FEMALE"],"MIN_VALUE":[0,0],"P10_VALUE":[11,19],"P25_VALUE":[25,26],"MEDIAN_VALUE":[44,46],"P75_VALUE":[64,70],"P90_VALUE":[79,79],"MAX_VALUE":[99,99]}}
