{"PREVALENCE_BY_GENDER_AGE_YEAR":{"TRELLIS_NAME":["30-39","20-29","0-9","70-79","60-69","10-19","40-49","0-9","30-39","50-59","20-29","10-19","80-89","40-49","50-59","60-69","70-79"],"SERIES_NAME":["FEMALE","FEMALE","FEMALE","MALE","MALE","FEMALE","MALE","MALE","MALE","MALE","MALE","MALE","FEMALE","FEMALE","FEMALE","FEMALE","FEMALE"],"X_CALENDAR_YEAR":[2019,2019,2019,2019,2019,2019,2019,2019,2019,2019,2019,2019,2019,2019,2019,2019,2019],"Y_PREVALENCE_1000PP":[3.5819,1.99833,3.15524,3.79723,2.69231,2.62352,2.04768,1.78333,2.88087,2.49377,3.20189,3.66636,5.18732,2.56959,3.91134,3.2344,3.3358]},"PREVALENCE_BY_MONTH":{"X_CALENDAR_MONTH":[201901,201902,201903,201904,201905,201906,201907,201908,201909,201910,201911,201912],"Y_PREVALENCE_1000PP":[0.32,0.22,0.19,0.22,0.25,0.2,0.41,0.18,0.23,0.32,0.2,0.16]},"CONDITIONS_BY_TYPE":{"CONCEPT_NAME":"Claim","COUNT_VALUE":1536},"AGE_AT_FIRST_DIAGNOSIS":{"CATEGORY":["FEMALE","MALE"],"MIN_VALUE":[0,0],"P10_VALUE":[11,13],"P25_VALUE":[28,24],"MEDIAN_VALUE":[49,44],"P75_VALUE":[67,65],"P90_VALUE":[78,76],"MAX_VALUE":[99,99]}}
