{"PREVALENCE_BY_GENDER_AGE_YEAR":{"TRELLIS_NAME":["70-79","50-59","60-69","40-49","30-39","0-9","50-59","70-79","10-19","30-39","20-29","40-49"],"SERIES_NAME":["FEMALE","FEMALE","MALE","MALE","MALE","MALE","MALE","MALE","FEMALE","FEMALE","FEMALE","FEMALE"],"X_CALENDAR_YEAR":[2019,2019,2019,2019,2019,2019,2019,2019,2019,2019,2019,2019],"Y_PREVALENCE_1000PP":[1.85322,1.01405,1.34615,2.34021,1.52517,1.33749,1.46692,1.70875,2.4049,2.11657,0.99917,0.99929]},"PREVALENCE_BY_MONTH":{"X_CALENDAR_MONTH":[201901,201902,201904,201905,201906,201907,201908,201909,201910,201911,201912],"Y_PREVALENCE_1000PP":[0.11,0.09,0.19,0.09,0.12,0.12,0.13,0.07,0.18,0.1,0.11]},"CONDITIONS_BY_TYPE":{"CONCEPT_NAME":"Claim","COUNT_VALUE":728},"AGE_AT_FIRST_DIAGNOSIS":{"CATEGORY":["FEMALE","MALE"],"MIN_VALUE":[5,0],"P10_VALUE":[11,12],"P25_VALUE":[25,35],"MEDIAN_VALUE":[39,46],"P75_VALUE":[66,65],"P90_VALUE":[78,77],"MAX_VALUE":[98,95]}}
