{"PREVALENCE_BY_GENDER_AGE_YEAR":{"TRELLIS_NAME":["40-49","50-59","70-79","60-69","90-99","0-9","50-59","20-29","30-39","60-69","40-49","10-19","90-99","30-39","0-9","20-29","70-79"],"SERIES_NAME":["FEMALE","FEMALE","FEMALE","FEMALE","FEMALE","MALE","MALE","MALE","MALE","MALE","MALE","MALE","MALE","FEMALE","FEMALE","FEMALE","MALE"],"X_CALENDAR_YEAR":[2019,2019,2019,2019,2019,2019,2019,2019,2019,2019,2019,2019,2019,2019,2019,2019,2019],"Y_PREVALENCE_1000PP":[2.57327,2.75283,2.77418,3.40393,3.33148,2.67261,2.7892,2.6927,3.22581,2.90023,3.06883,1.83655,3.4384,1.9509,2.94737,2.00267,2.47242]},"PREVALENCE_BY_MONTH":{"X_CALENDAR_MONTH":[201901,201902,201903,201904,201905,201906,201907,201908,201909,201910,201911,201912],"Y_PREVALENCE_1000PP":[0.25,0.24,0.2,0.18,0.21,0.18,0.32,0.15,0.16,0.28,0.22,0.24]},"CONDITIONS_BY_TYPE":{"CONCEPT_NAME":"Claim","COUNT_VALUE":353},"AGE_AT_FIRST_DIAGNOSIS":{"CATEGORY":["No matching concept","FEMALE","MALE"],"MIN_VALUE":[43,0,2],"P10_VALUE":[43,7,13],"P25_VALUE":[46,28,27],"MEDIAN_VALUE":[48,50,44],"P75_VALUE":[59,67,61],"P90_VALUE":[79,78,74],"MAX_VALUE":[79,99,99]}}
