{"PREVALENCE_BY_GENDER_AGE_YEAR":{"TRELLIS_NAME":["20-29","40-49","10-19","30-39","80-89","70-79","0-9","90-99","60-69","80-89","50-59","70-79","90-99","20-29","50-59","10-19","40-49","30-39","0-9","60-69"],"SERIES_NAME":["FEMALE","FEMALE","FEMALE","FEMALE","MALE","MALE","FEMALE","MALE","FEMALE","FEMALE","FEMALE","FEMALE","FEMALE","MALE","MALE","MALE","MALE","MALE","MALE","MALE"],"X_CALENDAR_YEAR":[2019,2019,2019,2019,2019,2019,2019,2019,2019,2019,2019,2019,2019,2019,2019,2019,2019,2019,2019,2019],"Y_PREVALENCE_1000PP":[115.32043,113.36669,114.53552,120.46822,105.46659,111.44922,115.78947,116.90544,117.62481,117.07036,115.47378,113.92639,100.49972,115.78593,112.88902,115.70248,110.624,118.33616,115.36748,110.78886]},"PREVALENCE_BY_MONTH":{"X_CALENDAR_MONTH":[201901,201902,201903,201904,201905,201906,201907,201908,201909,201910,201911,201912],"Y_PREVALENCE_1000PP":[11.92,8.13,9.55,11.26,8.86,9.1,11.41,9.84,9.38,12.19,9.07,9.4]},"CONDITIONS_BY_TYPE":{"CONCEPT_NAME":"Claim","COUNT_VALUE":16382},"AGE_AT_FIRST_DIAGNOSIS":{"CATEGORY":["FEMALE","MALE","No matching concept"],"MIN_VALUE":[0,0,0],"P10_VALUE":[10,10,10],"P25_VALUE":[25,24,25],"MEDIAN_VALUE":[44,44,44],"P75_VALUE":[62,62,61],"P90_VALUE":[76,77,79],"MAX_VALUE":[99,99,98]}}
