{"PREVALENCE_BY_GENDER_AGE_YEAR":{"TRELLIS_NAME":["10-19","0-9","30-39","60-69","30-39","20-29","0-9","40-49","50-59"],"SERIES_NAME":["MALE","MALE","MALE","MALE","FEMALE","FEMALE","FEMALE","FEMALE","FEMALE"],"X_CALENDAR_YEAR":[2019,2019,2019,2019,2019,2019,2019,2019,2019],"Y_PREVALENCE_1000PP":[1.37741,1.3363,1.18846,1.74014,0.97545,2.00267,1.26316,1.85847,1.30397]},"PREVALENCE_BY_MONTH":{"X_CALENDAR_MONTH":[201901,201902,201903,201904,201905,201906,201907,201908,201909,201910,201911,201912],"Y_PREVALENCE_1000PP":[0.09,0.09,0.1,0.07,0.08,0.07,0.1,0.06,0.08,0.12,0.1,0.14]},"CONDITIONS_BY_TYPE":{"CONCEPT_NAME":"Claim","COUNT_VALUE":144},"AGE_AT_FIRST_DIAGNOSIS":{"CATEGORY":["MALE","FEMALE"],"MIN_VALUE":[0,1],"P10_VALUE":[5,11],"P25_VALUE":[16,27],"MEDIAN_VALUE":[39,45],"P75_VALUE":[62,57],"P90_VALUE":[75,77],"MAX_VALUE":[99,91]}}
