{"PREVALENCE_BY_GENDER_AGE_YEAR":{"TRELLIS_NAME":["40-49","0-9","10-19","60-69","30-39","20-29","50-59","80-89","90-99","60-69","70-79","50-59","30-39","10-19","70-79","0-9","90-99","40-49","20-29"],"SERIES_NAME":["MALE","MALE","MALE","MALE","MALE","MALE","MALE","FEMALE","FEMALE","FEMALE","FEMALE","FEMALE","FEMALE","FEMALE","MALE","FEMALE","MALE","FEMALE","FEMALE"],"X_CALENDAR_YEAR":[2019,2019,2019,2019,2019,2019,2019,2019,2019,2019,2019,2019,2019,2019,2019,2019,2019,2019,2019],"Y_PREVALENCE_1000PP":[4.68042,3.12082,3.43721,4.23077,4.23657,3.53893,3.37392,3.45821,3.9019,3.99543,5.00371,6.22918,4.07034,5.24705,4.74654,5.25873,5.12821,3.14061,4.1632]},"PREVALENCE_BY_MONTH":{"X_CALENDAR_MONTH":[201901,201902,201903,201904,201905,201906,201907,201908,201909,201910,201911,201912],"Y_PREVALENCE_1000PP":[0.44,0.4,0.37,0.38,0.35,0.33,0.44,0.41,0.35,0.41,0.24,0.22]},"CONDITIONS_BY_TYPE":{"CONCEPT_NAME":"Claim","COUNT_VALUE":2364},"AGE_AT_FIRST_DIAGNOSIS":{"CATEGORY":["MALE","FEMALE","No matching concept"],"MIN_VALUE":[0,0,4],"P10_VALUE":[13,9,11],"P25_VALUE":[28,23,22],"MEDIAN_VALUE":[46,45,46],"P75_VALUE":[65,62,65],"P90_VALUE":[75,75,86],"MAX_VALUE":[98,98,97]}}
