{"PREVALENCE_BY_GENDER_AGE_YEAR":{"TRELLIS_NAME":["0-9","90-99","40-49","70-79","30-39","20-29","10-19","60-69","50-59","70-79","50-59","20-29","10-19","60-69","40-49","30-39"],"SERIES_NAME":["FEMALE","MALE","FEMALE","MALE","FEMALE","FEMALE","FEMALE","FEMALE","FEMALE","FEMALE","MALE","MALE","MALE","MALE","MALE","MALE"],"X_CALENDAR_YEAR":[2019,2019,2019,2019,2019,2019,2019,2019,2019,2019,2019,2019,2019,2019,2019,2019],"Y_PREVALENCE_1000PP":[2.94489,3.9886,2.99786,1.51889,1.62813,2.83097,2.84215,1.71233,2.17297,3.15048,1.61361,2.35929,2.74977,1.53846,1.60889,2.54194]},"PREVALENCE_BY_MONTH":{"X_CALENDAR_MONTH":[201901,201902,201903,201904,201905,201906,201907,201908,201909,201910,201911,201912],"Y_PREVALENCE_1000PP":[0.12,0.11,0.09,0.17,0.23,0.24,0.25,0.17,0.16,0.23,0.26,0.19]},"CONDITIONS_BY_TYPE":{"CONCEPT_NAME":"Claim","COUNT_VALUE":1212},"AGE_AT_FIRST_DIAGNOSIS":{"CATEGORY":["FEMALE","MALE"],"MIN_VALUE":[0,0],"P10_VALUE":[9,14],"P25_VALUE":[20,25],"MEDIAN_VALUE":[43,40],"P75_VALUE":[64,62],"P90_VALUE":[76,80],"MAX_VALUE":[97,97]}}
