{"PREVALENCE_BY_GENDER_AGE_YEAR":{"TRELLIS_NAME":["40-49","30-39","20-29","10-19","70-79","90-99","0-9","60-69","0-9","10-19","40-49","20-29","50-59","30-39","50-59","60-69","70-79"],"SERIES_NAME":["FEMALE","FEMALE","FEMALE","FEMALE","MALE","MALE","FEMALE","MALE","MALE","MALE","MALE","MALE","MALE","MALE","FEMALE","FEMALE","FEMALE"],"X_CALENDAR_YEAR":[2019,2019,2019,2019,2019,2019,2019,2019,2019,2019,2019,2019,2019,2019,2019,2019,2019],"Y_PREVALENCE_1000PP":[2.85919,4.55211,2.16956,2.62295,3.23317,4.58453,4,4.83372,4.00891,1.60698,3.94564,2.5244,4.25719,4.41426,2.60794,3.40393,3.51396]},"PREVALENCE_BY_MONTH":{"X_CALENDAR_MONTH":[201901,201902,201903,201904,201905,201906,201907,201908,201909,201910,201911,201912],"Y_PREVALENCE_1000PP":[0.34,0.34,0.21,0.26,0.28,0.23,0.37,0.27,0.22,0.3,0.28,0.28]},"CONDITIONS_BY_TYPE":{"CONCEPT_NAME":"Claim","COUNT_VALUE":447},"AGE_AT_FIRST_DIAGNOSIS":{"CATEGORY":["No matching concept","MALE","FEMALE"],"MIN_VALUE":[6,0,0],"P10_VALUE":[6,7,7],"P25_VALUE":[7,31,24],"MEDIAN_VALUE":[10,46,43],"P75_VALUE":[40,63,64],"P90_VALUE":[72,76,75],"MAX_VALUE":[72,99,96]}}
