{"PREVALENCE_BY_GENDER_AGE_YEAR":{"TRELLIS_NAME":["30-39","90-99","10-19","40-49","70-79","0-9","20-29","0-9","40-49","20-29","60-69","30-39","50-59","10-19","60-69","50-59","70-79"],"SERIES_NAME":["FEMALE","MALE","FEMALE","FEMALE","MALE","FEMALE","FEMALE","MALE","MALE","MALE","MALE","MALE","MALE","MALE","FEMALE","FEMALE","FEMALE"],"X_CALENDAR_YEAR":[2019,2019,2019,2019,2019,2019,2019,2019,2019,2019,2019,2019,2019,2019,2019,2019,2019],"Y_PREVALENCE_1000PP":[4.72159,4.5584,2.62352,2.8551,3.41751,3.99663,2.33139,4.01248,3.9491,2.35929,4.80769,4.23657,4.40076,1.60403,3.42466,2.4627,3.3358]},"PREVALENCE_BY_MONTH":{"X_CALENDAR_MONTH":[201901,201902,201903,201904,201905,201906,201907,201908,201909,201910,201911,201912],"Y_PREVALENCE_1000PP":[0.34,0.34,0.21,0.26,0.28,0.23,0.37,0.27,0.22,0.3,0.28,0.28]},"CONDITIONS_BY_TYPE":{"CONCEPT_NAME":"Claim","COUNT_VALUE":1788},"AGE_AT_FIRST_DIAGNOSIS":{"CATEGORY":["MALE","No matching concept","FEMALE"],"MIN_VALUE":[0,6,0],"P10_VALUE":[7,6,7],"P25_VALUE":[31,7,24],"MEDIAN_VALUE":[47,10,42],"P75_VALUE":[63,40,64],"P90_VALUE":[76,72,75],"MAX_VALUE":[99,72,96]}}
