{"PREVALENCE_BY_GENDER_AGE_YEAR":{"TRELLIS_NAME":["60-69","10-19","30-39","0-9","20-29","50-59","40-49","30-39","10-19","0-9","90-99","20-29","70-79","80-89","40-49","90-99","50-59","70-79","80-89","60-69"],"SERIES_NAME":["MALE","MALE","MALE","MALE","MALE","MALE","MALE","FEMALE","FEMALE","FEMALE","MALE","FEMALE","MALE","MALE","FEMALE","FEMALE","FEMALE","FEMALE","FEMALE","FEMALE"],"X_CALENDAR_YEAR":[2019,2019,2019,2019,2019,2019,2019,2019,2019,2019,2019,2019,2019,2019,2019,2019,2019,2019,2019,2019],"Y_PREVALENCE_1000PP":[3.65385,2.74977,3.55872,3.78957,2.86485,3.96069,3.9491,3.5819,4.37254,3.78629,3.9886,4.1632,5.50598,3.31309,3.28337,5.57414,3.18702,3.3358,4.03458,3.42466]},"PREVALENCE_BY_MONTH":{"X_CALENDAR_MONTH":[201901,201902,201903,201904,201905,201906,201907,201908,201909,201910,201911,201912],"Y_PREVALENCE_1000PP":[0.27,0.32,0.34,0.32,0.3,0.23,0.36,0.37,0.25,0.35,0.28,0.31]},"CONDITIONS_BY_TYPE":{"CONCEPT_NAME":"Claim","COUNT_VALUE":2040},"AGE_AT_FIRST_DIAGNOSIS":{"CATEGORY":["FEMALE","MALE"],"MIN_VALUE":[0,2],"P10_VALUE":[10,11],"P25_VALUE":[25,29],"MEDIAN_VALUE":[43,48],"P75_VALUE":[63,68],"P90_VALUE":[78,77],"MAX_VALUE":[99,98]}}
