{"PREVALENCE_BY_GENDER_AGE_YEAR":{"TRELLIS_NAME":["40-49","0-9","70-79","10-19","30-39","50-59","60-69","20-29","0-9","10-19","50-59","30-39","40-49"],"SERIES_NAME":["FEMALE","FEMALE","MALE","FEMALE","FEMALE","FEMALE","FEMALE","MALE","MALE","MALE","MALE","MALE","MALE"],"X_CALENDAR_YEAR":[2019,2019,2019,2019,2019,2019,2019,2019,2019,2019,2019,2019,2019],"Y_PREVALENCE_1000PP":[1.99857,1.89314,1.13917,1.53039,2.4422,2.31783,1.52207,1.17964,1.78333,2.06233,1.02684,1.86409,1.75516]},"PREVALENCE_BY_MONTH":{"X_CALENDAR_MONTH":[201901,201902,201903,201904,201905,201906,201907,201908,201909,201910,201911,201912],"Y_PREVALENCE_1000PP":[0.15,0.16,0.09,0.16,0.14,0.14,0.14,0.09,0.12,0.17,0.09,0.11]},"CONDITIONS_BY_TYPE":{"CONCEPT_NAME":"Claim","COUNT_VALUE":812},"AGE_AT_FIRST_DIAGNOSIS":{"CATEGORY":["MALE","FEMALE"],"MIN_VALUE":[0,1],"P10_VALUE":[6,9],"P25_VALUE":[19,28],"MEDIAN_VALUE":[39,42],"P75_VALUE":[57,59],"P90_VALUE":[77,74],"MAX_VALUE":[92,98]}}
