{"PREVALENCE_BY_GENDER_AGE_YEAR":{"TRELLIS_NAME":["60-69","50-59","70-79","30-39","40-49","70-79","90-99","10-19","0-9","20-29","30-39","10-19","50-59","20-29","60-69","40-49"],"SERIES_NAME":["FEMALE","FEMALE","FEMALE","FEMALE","FEMALE","MALE","MALE","FEMALE","FEMALE","FEMALE","MALE","MALE","MALE","MALE","MALE","MALE"],"X_CALENDAR_YEAR":[2019,2019,2019,2019,2019,2019,2019,2019,2019,2019,2019,2019,2019,2019,2019,2019],"Y_PREVALENCE_1000PP":[2.26929,2.31817,1.29462,1.9509,2.43031,1.90186,3.4384,2.18579,1.68421,2.00267,1.35823,1.37741,1.1744,1.17805,1.54679,2.19202]},"PREVALENCE_BY_MONTH":{"X_CALENDAR_MONTH":[201901,201902,201903,201904,201905,201906,201907,201908,201909,201910,201911,201912],"Y_PREVALENCE_1000PP":[0.23,0.16,0.15,0.19,0.06,0.1,0.2,0.15,0.11,0.2,0.15,0.07]},"CONDITIONS_BY_TYPE":{"CONCEPT_NAME":"Claim","COUNT_VALUE":238},"AGE_AT_FIRST_DIAGNOSIS":{"CATEGORY":["MALE","FEMALE"],"MIN_VALUE":[2,0],"P10_VALUE":[13,12],"P25_VALUE":[30,26],"MEDIAN_VALUE":[47,45],"P75_VALUE":[65,60],"P90_VALUE":[78,76],"MAX_VALUE":[98,94]}}
