{"PREVALENCE_BY_GENDER_AGE_YEAR":{"TRELLIS_NAME":["70-79","50-59","40-49","80-89","60-69","40-49","10-19","30-39","50-59","20-29","70-79","20-29","10-19","0-9","30-39"],"SERIES_NAME":["FEMALE","FEMALE","FEMALE","FEMALE","FEMALE","MALE","MALE","MALE","MALE","MALE","MALE","FEMALE","FEMALE","FEMALE","FEMALE"],"X_CALENDAR_YEAR":[2019,2019,2019,2019,2019,2019,2019,2019,2019,2019,2019,2019,2019,2019,2019],"Y_PREVALENCE_1000PP":[2.03855,1.15892,1.2848,4.03458,1.52207,0.87758,1.83318,1.3557,0.88015,2.35929,1.13917,0.99917,1.31176,1.89314,1.30251]},"PREVALENCE_BY_MONTH":{"X_CALENDAR_MONTH":[201901,201902,201903,201904,201905,201906,201907,201908,201909,201910,201911,201912],"Y_PREVALENCE_1000PP":[0.15,0.11,0.12,0.17,0.07,0.1,0.14,0.12,0.11,0.07,0.09,0.07]},"CONDITIONS_BY_TYPE":{"CONCEPT_NAME":"Claim","COUNT_VALUE":676},"AGE_AT_FIRST_DIAGNOSIS":{"CATEGORY":["FEMALE","MALE"],"MIN_VALUE":[0,0],"P10_VALUE":[7,15],"P25_VALUE":[24,20],"MEDIAN_VALUE":[45,38],"P75_VALUE":[70,58],"P90_VALUE":[82,71],"MAX_VALUE":[98,93]}}
