{"PREVALENCE_BY_GENDER_AGE_YEAR":{"TRELLIS_NAME":["80-89","70-79","50-59","90-99","60-69","60-69","10-19","40-49","30-39","20-29","50-59","0-9","80-89","20-29","70-79","0-9","10-19","40-49","30-39","90-99"],"SERIES_NAME":["FEMALE","FEMALE","FEMALE","FEMALE","FEMALE","MALE","MALE","MALE","MALE","MALE","MALE","MALE","MALE","FEMALE","MALE","FEMALE","FEMALE","FEMALE","FEMALE","MALE"],"X_CALENDAR_YEAR":[2019,2019,2019,2019,2019,2019,2019,2019,2019,2019,2019,2019,2019,2019,2019,2019,2019,2019,2019,2019],"Y_PREVALENCE_1000PP":[6.92042,8.87738,5.79542,8.32871,9.83359,8.89404,11.01928,8.47581,8.65874,6.90003,8.66119,7.57238,7.73054,8.67824,6.65652,9.68421,9.18033,8.72051,7.15331,8.02292]},"PREVALENCE_BY_MONTH":{"X_CALENDAR_MONTH":[201901,201902,201903,201904,201905,201906,201907,201908,201909,201910,201911,201912],"Y_PREVALENCE_1000PP":[0.8,0.55,0.65,0.74,0.73,0.5,0.74,0.84,0.74,0.81,0.63,0.59]},"CONDITIONS_BY_TYPE":{"CONCEPT_NAME":"Claim","COUNT_VALUE":1141},"AGE_AT_FIRST_DIAGNOSIS":{"CATEGORY":["MALE","No matching concept","FEMALE"],"MIN_VALUE":[0,6,0],"P10_VALUE":[11,21,9],"P25_VALUE":[22,24,22],"MEDIAN_VALUE":[44,39,43],"P75_VALUE":[62,58,65],"P90_VALUE":[74,72,76],"MAX_VALUE":[99,76,99]}}
