{"PREVALENCE_BY_GENDER_AGE_YEAR":{"TRELLIS_NAME":["50-59","90-99","70-79","60-69","80-89","70-79","40-49","90-99","0-9","30-39","10-19","20-29","60-69","10-19","30-39","40-49","0-9","50-59","20-29"],"SERIES_NAME":["FEMALE","FEMALE","FEMALE","FEMALE","MALE","MALE","FEMALE","MALE","FEMALE","FEMALE","FEMALE","FEMALE","MALE","MALE","MALE","MALE","MALE","MALE","MALE"],"X_CALENDAR_YEAR":[2019,2019,2019,2019,2019,2019,2019,2019,2019,2019,2019,2019,2019,2019,2019,2019,2019,2019,2019],"Y_PREVALENCE_1000PP":[6.37404,7.24638,5.745,8.18113,9.38708,6.07556,7.28051,7.40741,5.25873,5.04722,5.90293,7.1607,8.07692,4.8121,5.59227,7.31315,7.1333,6.60114,7.07786]},"PREVALENCE_BY_MONTH":{"X_CALENDAR_MONTH":[201901,201902,201903,201904,201905,201906,201907,201908,201909,201910,201911,201912],"Y_PREVALENCE_1000PP":[0.63,0.48,0.67,0.56,0.55,0.46,0.51,0.59,0.49,0.6,0.49,0.54]},"CONDITIONS_BY_TYPE":{"CONCEPT_NAME":"Claim","COUNT_VALUE":3592},"AGE_AT_FIRST_DIAGNOSIS":{"CATEGORY":["No matching concept","FEMALE","MALE"],"MIN_VALUE":[9,0,0],"P10_VALUE":[18,14,10],"P25_VALUE":[32,24,25],"MEDIAN_VALUE":[47,45,47],"P75_VALUE":[75,62,65],"P90_VALUE":[91,74,78],"MAX_VALUE":[96,99,99]}}
