{"PREVALENCE_BY_GENDER_AGE_YEAR":{"TRELLIS_NAME":["90-99","0-9","60-69","70-79","30-39","80-89","20-29","10-19","40-49","70-79","50-59","90-99","80-89","60-69","30-39","10-19","0-9","50-59","20-29","40-49"],"SERIES_NAME":["MALE","FEMALE","MALE","MALE","FEMALE","MALE","FEMALE","FEMALE","FEMALE","FEMALE","FEMALE","FEMALE","FEMALE","FEMALE","MALE","MALE","MALE","MALE","MALE","MALE"],"X_CALENDAR_YEAR":[2019,2019,2019,2019,2019,2019,2019,2019,2019,2019,2019,2019,2019,2019,2019,2019,2019,2019,2019,2019],"Y_PREVALENCE_1000PP":[40.11461,41.47368,40.4099,42.22138,35.27882,42.51795,45.22697,38.68852,47.17655,39.02349,38.24978,47.196,32.29527,42.36006,36.16299,51.88246,42.98441,42.57193,43.25143,45.15563]},"PREVALENCE_BY_MONTH":{"X_CALENDAR_MONTH":[201901,201902,201903,201904,201905,201906,201907,201908,201909,201910,201911,201912],"Y_PREVALENCE_1000PP":[4.07,3.04,3.42,4.21,3.33,2.83,3.97,3.42,3.09,4.48,3.35,3.27]},"CONDITIONS_BY_TYPE":{"CONCEPT_NAME":"Claim","COUNT_VALUE":5770},"AGE_AT_FIRST_DIAGNOSIS":{"CATEGORY":["MALE","No matching concept","FEMALE"],"MIN_VALUE":[0,2,0],"P10_VALUE":[10,11,10],"P25_VALUE":[24,23,25],"MEDIAN_VALUE":[44,45,44],"P75_VALUE":[62,64,62],"P90_VALUE":[77,76,76],"MAX_VALUE":[99,98,99]}}
