{"PREVALENCE_BY_GENDER_AGE_YEAR":{"TRELLIS_NAME":["70-79","10-19","20-29","0-9","90-99","30-39","40-49","80-89","0-9","30-39","20-29","50-59","10-19","60-69","40-49","90-99","80-89","70-79","50-59","60-69"],"SERIES_NAME":["MALE","FEMALE","FEMALE","FEMALE","MALE","FEMALE","FEMALE","MALE","MALE","MALE","MALE","MALE","MALE","MALE","MALE","FEMALE","FEMALE","FEMALE","FEMALE","FEMALE"],"X_CALENDAR_YEAR":[2019,2019,2019,2019,2019,2019,2019,2019,2019,2019,2019,2019,2019,2019,2019,2019,2019,2019,2019,2019],"Y_PREVALENCE_1000PP":[32.84602,36.72934,35.30391,32.18342,32.47863,33.86519,33.83298,29.2656,35.4436,33.21471,36.90597,35.2061,35.05958,30.76923,39.34474,27.31327,27.66571,29.65159,32.44966,32.34399]},"PREVALENCE_BY_MONTH":{"X_CALENDAR_MONTH":[201901,201902,201903,201904,201905,201906,201907,201908,201909,201910,201911,201912],"Y_PREVALENCE_1000PP":[3.4,2.47,2.47,2.91,2.85,2.62,3.63,2.65,2.49,3.39,2.33,3.03]},"CONDITIONS_BY_TYPE":{"CONCEPT_NAME":"Claim","COUNT_VALUE":18504},"AGE_AT_FIRST_DIAGNOSIS":{"CATEGORY":["FEMALE","MALE","No matching concept"],"MIN_VALUE":[0,0,1],"P10_VALUE":[10,10,8],"P25_VALUE":[24,25,29],"MEDIAN_VALUE":[43,44,45],"P75_VALUE":[61,61,62],"P90_VALUE":[75,76,76],"MAX_VALUE":[99,99,96]}}
