{"PREVALENCE_BY_GENDER_AGE_YEAR":{"TRELLIS_NAME":["30-39","60-69","10-19","20-29","40-49","0-9","50-59","60-69","90-99","70-79","50-59","80-89","70-79","30-39","20-29","0-9","80-89","10-19","40-49","90-99"],"SERIES_NAME":["MALE","MALE","MALE","MALE","MALE","MALE","MALE","FEMALE","FEMALE","FEMALE","FEMALE","FEMALE","MALE","FEMALE","FEMALE","FEMALE","MALE","FEMALE","FEMALE","MALE"],"X_CALENDAR_YEAR":[2019,2019,2019,2019,2019,2019,2019,2019,2019,2019,2019,2019,2019,2019,2019,2019,2019,2019,2019,2019],"Y_PREVALENCE_1000PP":[37.691,40.21655,42.01102,40.39044,37.70276,37.41648,39.19554,39.33434,36.09106,36.98909,34.19299,40.36909,40.31951,33.65306,37.38318,36.84211,43.07013,40.65574,37.45533,40.68768]},"PREVALENCE_BY_MONTH":{"X_CALENDAR_MONTH":[201901,201902,201903,201904,201905,201906,201907,201908,201909,201910,201911,201912],"Y_PREVALENCE_1000PP":[3.91,2.67,3.19,3.63,2.9,3.1,3.53,2.91,2.95,3.96,3.08,2.95]},"CONDITIONS_BY_TYPE":{"CONCEPT_NAME":"Claim","COUNT_VALUE":5250},"AGE_AT_FIRST_DIAGNOSIS":{"CATEGORY":["FEMALE","No matching concept","MALE"],"MIN_VALUE":[0,1,0],"P10_VALUE":[10,6,11],"P25_VALUE":[24,22,25],"MEDIAN_VALUE":[44,52,45],"P75_VALUE":[64,69,64],"P90_VALUE":[77,84,78],"MAX_VALUE":[99,99,99]}}
