{"PREVALENCE_BY_GENDER_AGE_YEAR":{"TRELLIS_NAME":["0-9","30-39","60-69","40-49","50-59","10-19","70-79","90-99","50-59","60-69","70-79","0-9","20-29","30-39","40-49","10-19"],"SERIES_NAME":["MALE","MALE","MALE","MALE","MALE","MALE","FEMALE","FEMALE","FEMALE","FEMALE","MALE","FEMALE","FEMALE","FEMALE","FEMALE","FEMALE"],"X_CALENDAR_YEAR":[2019,2019,2019,2019,2019,2019,2019,2019,2019,2019,2019,2019,2019,2019,2019,2019],"Y_PREVALENCE_1000PP":[1.78333,3.55872,1.92308,2.19394,2.78715,3.20807,2.22387,3.34448,2.4627,2.28311,1.51889,1.47244,2.16486,1.95376,1.42755,1.74902]},"PREVALENCE_BY_MONTH":{"X_CALENDAR_MONTH":[201901,201902,201903,201904,201905,201906,201907,201908,201909,201910,201911,201912],"Y_PREVALENCE_1000PP":[0.13,0.2,0.09,0.24,0.18,0.13,0.27,0.21,0.22,0.16,0.15,0.14]},"CONDITIONS_BY_TYPE":{"CONCEPT_NAME":"Claim","COUNT_VALUE":1184},"AGE_AT_FIRST_DIAGNOSIS":{"CATEGORY":["FEMALE","MALE"],"MIN_VALUE":[1,0],"P10_VALUE":[14,11],"P25_VALUE":[26,31],"MEDIAN_VALUE":[48,43],"P75_VALUE":[65,59],"P90_VALUE":[77,78],"MAX_VALUE":[93,96]}}
