{"PREVALENCE_BY_GENDER_AGE_YEAR":{"TRELLIS_NAME":["40-49","20-29","30-39","60-69","10-19","50-59","60-69","70-79","50-59","0-9","70-79","40-49","10-19","30-39","20-29"],"SERIES_NAME":["MALE","MALE","MALE","MALE","MALE","MALE","FEMALE","FEMALE","FEMALE","FEMALE","MALE","FEMALE","FEMALE","FEMALE","FEMALE"],"X_CALENDAR_YEAR":[2019,2019,2019,2019,2019,2019,2019,2019,2019,2019,2019,2019,2019,2019,2019],"Y_PREVALENCE_1000PP":[2.04768,1.6852,2.54194,1.92308,3.43721,2.64046,1.71233,2.40919,1.73837,1.2621,1.51889,1.71306,2.84215,1.62813,2.16486]},"PREVALENCE_BY_MONTH":{"X_CALENDAR_MONTH":[201901,201902,201903,201904,201905,201906,201907,201908,201909,201910,201911,201912],"Y_PREVALENCE_1000PP":[0.2,0.17,0.12,0.2,0.17,0.12,0.18,0.15,0.25,0.18,0.15,0.12]},"CONDITIONS_BY_TYPE":{"CONCEPT_NAME":"Claim","COUNT_VALUE":1116},"AGE_AT_FIRST_DIAGNOSIS":{"CATEGORY":["MALE","FEMALE"],"MIN_VALUE":[3,0],"P10_VALUE":[13,13],"P25_VALUE":[25,25],"MEDIAN_VALUE":[42,44],"P75_VALUE":[57,65],"P90_VALUE":[71,79],"MAX_VALUE":[95,95]}}
