{"PREVALENCE_BY_GENDER_AGE_YEAR":{"TRELLIS_NAME":["50-59","30-39","10-19","0-9","20-29","40-49","60-69","70-79","10-19","30-39","20-29","50-59","60-69","40-49","70-79"],"SERIES_NAME":["MALE","MALE","MALE","MALE","MALE","MALE","MALE","MALE","FEMALE","FEMALE","FEMALE","FEMALE","FEMALE","FEMALE","FEMALE"],"X_CALENDAR_YEAR":[2019,2019,2019,2019,2019,2019,2019,2019,2019,2019,2019,2019,2019,2019,2019],"Y_PREVALENCE_1000PP":[1.6148,2.88625,3.44353,1.55902,1.34635,1.89975,1.74014,2.47242,2.18579,1.78833,2.16956,1.30397,2.08018,1.85847,2.77418]},"PREVALENCE_BY_MONTH":{"X_CALENDAR_MONTH":[201901,201902,201903,201904,201905,201906,201907,201908,201909,201910,201911],"Y_PREVALENCE_1000PP":[0.16,0.12,0.11,0.22,0.15,0.25,0.25,0.14,0.18,0.23,0.16]},"CONDITIONS_BY_TYPE":{"CONCEPT_NAME":"Claim","COUNT_VALUE":274},"AGE_AT_FIRST_DIAGNOSIS":{"CATEGORY":["MALE","FEMALE"],"MIN_VALUE":[0,2],"P10_VALUE":[11,12],"P25_VALUE":[22,26],"MEDIAN_VALUE":[40,44],"P75_VALUE":[67,66],"P90_VALUE":[78,78],"MAX_VALUE":[94,97]}}
