{"PREVALENCE_BY_GENDER_AGE_YEAR":{"TRELLIS_NAME":["30-39","20-29","40-49","50-59","10-19","0-9","0-9","10-19","20-29","60-69","30-39","70-79","60-69","50-59","40-49","70-79"],"SERIES_NAME":["MALE","MALE","MALE","MALE","MALE","MALE","FEMALE","FEMALE","FEMALE","MALE","FEMALE","MALE","FEMALE","FEMALE","FEMALE","FEMALE"],"X_CALENDAR_YEAR":[2019,2019,2019,2019,2019,2019,2019,2019,2019,2019,2019,2019,2019,2019,2019,2019],"Y_PREVALENCE_1000PP":[2.37248,2.35929,2.92526,2.20038,2.29148,2.22916,1.89314,2.62352,2.9975,2.88462,2.76783,3.03778,3.04414,2.75243,2.42684,3.3358]},"PREVALENCE_BY_MONTH":{"X_CALENDAR_MONTH":[201901,201902,201903,201904,201905,201906,201907,201908,201909,201910,201911,201912],"Y_PREVALENCE_1000PP":[0.31,0.17,0.26,0.26,0.17,0.21,0.23,0.2,0.16,0.32,0.15,0.17]},"CONDITIONS_BY_TYPE":{"CONCEPT_NAME":"Claim","COUNT_VALUE":1408},"AGE_AT_FIRST_DIAGNOSIS":{"CATEGORY":["FEMALE","MALE","No matching concept"],"MIN_VALUE":[0,2,9],"P10_VALUE":[13,11,9],"P25_VALUE":[26,28,11],"MEDIAN_VALUE":[45,45,51],"P75_VALUE":[61,66,71],"P90_VALUE":[74,77,79],"MAX_VALUE":[95,97,79]}}
