{"PREVALENCE_BY_GENDER_AGE_YEAR":{"TRELLIS_NAME":["70-79","0-9","20-29","90-99","10-19","30-39","60-69","0-9","30-39","20-29","40-49","10-19","50-59","70-79","80-89","60-69","50-59","40-49"],"SERIES_NAME":["MALE","FEMALE","FEMALE","MALE","FEMALE","FEMALE","MALE","MALE","MALE","MALE","MALE","MALE","MALE","FEMALE","FEMALE","FEMALE","FEMALE","FEMALE"],"X_CALENDAR_YEAR":[2019,2019,2019,2019,2019,2019,2019,2019,2019,2019,2019,2019,2019,2019,2019,2019,2019,2019],"Y_PREVALENCE_1000PP":[4.37429,3.36842,3.67156,5.73066,3.27869,4.22695,4.25367,2.67261,5.09338,3.02928,3.21496,5.05051,4.11039,4.62364,4.03691,5.29501,3.47725,5.71837]},"PREVALENCE_BY_MONTH":{"X_CALENDAR_MONTH":[201901,201902,201903,201904,201905,201906,201907,201908,201909,201910,201911,201912],"Y_PREVALENCE_1000PP":[0.36,0.24,0.44,0.35,0.35,0.36,0.45,0.32,0.25,0.37,0.31,0.25]},"CONDITIONS_BY_TYPE":{"CONCEPT_NAME":"Claim","COUNT_VALUE":536},"AGE_AT_FIRST_DIAGNOSIS":{"CATEGORY":["No matching concept","FEMALE","MALE"],"MIN_VALUE":[5,0,0],"P10_VALUE":[5,11,13],"P25_VALUE":[7,29,28],"MEDIAN_VALUE":[20,45,45],"P75_VALUE":[40,65,65],"P90_VALUE":[63,75,77],"MAX_VALUE":[63,98,99]}}
