{"PREVALENCE_BY_GENDER_AGE_YEAR":{"TRELLIS_NAME":["10-19","30-39","0-9","20-29","70-79","70-79","40-49","50-59","60-69","10-19","40-49","60-69","20-29","30-39","50-59","0-9"],"SERIES_NAME":["FEMALE","FEMALE","FEMALE","FEMALE","MALE","FEMALE","FEMALE","FEMALE","FEMALE","MALE","MALE","MALE","MALE","MALE","MALE","MALE"],"X_CALENDAR_YEAR":[2019,2019,2019,2019,2019,2019,2019,2019,2019,2019,2019,2019,2019,2019,2019,2019],"Y_PREVALENCE_1000PP":[1.96721,2.76378,2.73684,1.83578,2.8528,2.21935,1.71551,2.75283,2.4584,2.75482,2.92269,2.51353,1.85123,2.03735,2.0552,2.22717]},"PREVALENCE_BY_MONTH":{"X_CALENDAR_MONTH":[201901,201902,201903,201904,201905,201906,201907,201908,201909,201910,201911,201912],"Y_PREVALENCE_1000PP":[0.2,0.16,0.18,0.19,0.21,0.22,0.24,0.18,0.21,0.22,0.16,0.12]},"CONDITIONS_BY_TYPE":{"CONCEPT_NAME":"Claim","COUNT_VALUE":312},"AGE_AT_FIRST_DIAGNOSIS":{"CATEGORY":["FEMALE","MALE"],"MIN_VALUE":[0,1],"P10_VALUE":[9,11],"P25_VALUE":[27,24],"MEDIAN_VALUE":[44,42],"P75_VALUE":[62,62],"P90_VALUE":[76,74],"MAX_VALUE":[94,99]}}
