{"PREVALENCE_BY_GENDER_AGE_YEAR":{"TRELLIS_NAME":["80-89","90-99","20-29","40-49","0-9","10-19","30-39","70-79","50-59","20-29","30-39","60-69","0-9","10-19","40-49","80-89","60-69","90-99","50-59","70-79"],"SERIES_NAME":["MALE","MALE","FEMALE","FEMALE","FEMALE","FEMALE","FEMALE","MALE","MALE","MALE","MALE","MALE","MALE","MALE","MALE","FEMALE","FEMALE","FEMALE","FEMALE","FEMALE"],"X_CALENDAR_YEAR":[2019,2019,2019,2019,2019,2019,2019,2019,2019,2019,2019,2019,2019,2019,2019,2019,2019,2019,2019,2019],"Y_PREVALENCE_1000PP":[30.36996,32.09169,35.21362,33.02359,32,36.50273,34.46594,32.33169,34.64474,37.02457,32.59762,30.93581,35.63474,35.35354,40.04092,26.52826,32.33737,27.76235,33.0339,30.14611]},"PREVALENCE_BY_MONTH":{"X_CALENDAR_MONTH":[201901,201902,201903,201904,201905,201906,201907,201908,201909,201910,201911,201912],"Y_PREVALENCE_1000PP":[3.4,2.47,2.47,2.91,2.85,2.62,3.63,2.65,2.49,3.39,2.33,3.03]},"CONDITIONS_BY_TYPE":{"CONCEPT_NAME":"Claim","COUNT_VALUE":4626},"AGE_AT_FIRST_DIAGNOSIS":{"CATEGORY":["No matching concept","FEMALE","MALE"],"MIN_VALUE":[1,0,0],"P10_VALUE":[8,10,10],"P25_VALUE":[29,24,25],"MEDIAN_VALUE":[45,43,44],"P75_VALUE":[59,61,61],"P90_VALUE":[76,75,76],"MAX_VALUE":[96,99,99]}}
