{"PREVALENCE_BY_GENDER_AGE_YEAR":{"TRELLIS_NAME":["20-29","80-89","10-19","0-9","30-39","70-79","90-99","90-99","40-49","60-69","70-79","50-59","20-29","50-59","40-49","10-19","30-39","60-69","0-9"],"SERIES_NAME":["FEMALE","MALE","FEMALE","FEMALE","FEMALE","MALE","MALE","FEMALE","FEMALE","FEMALE","FEMALE","FEMALE","MALE","MALE","MALE","MALE","MALE","MALE","MALE"],"X_CALENDAR_YEAR":[2019,2019,2019,2019,2019,2019,2019,2019,2019,2019,2019,2019,2019,2019,2019,2019,2019,2019,2019],"Y_PREVALENCE_1000PP":[2.50334,3.86527,2.40437,1.68421,2.76378,3.80373,3.4384,3.33148,2.00143,3.59304,2.77418,3.0426,3.87075,2.936,4.09177,1.60698,2.88625,2.32019,3.11804]},"PREVALENCE_BY_MONTH":{"X_CALENDAR_MONTH":[201901,201902,201903,201904,201905,201906,201907,201908,201909,201910,201911,201912],"Y_PREVALENCE_1000PP":[0.34,0.3,0.24,0.23,0.31,0.19,0.28,0.24,0.13,0.25,0.2,0.17]},"CONDITIONS_BY_TYPE":{"CONCEPT_NAME":"Claim","COUNT_VALUE":390},"AGE_AT_FIRST_DIAGNOSIS":{"CATEGORY":["FEMALE","MALE","No matching concept"],"MIN_VALUE":[0,1,13],"P10_VALUE":[13,14,13],"P25_VALUE":[29,27,20],"MEDIAN_VALUE":[48,43,27],"P75_VALUE":[63,66,67],"P90_VALUE":[76,77,87],"MAX_VALUE":[99,98,87]}}
