{"PREVALENCE_BY_GENDER_AGE_YEAR":{"TRELLIS_NAME":["40-49","10-19","30-39","50-59","20-29","0-9","60-69","70-79","40-49","50-59","90-99","20-29","0-9","60-69","70-79","10-19","30-39"],"SERIES_NAME":["MALE","MALE","MALE","MALE","MALE","MALE","FEMALE","FEMALE","FEMALE","FEMALE","MALE","FEMALE","FEMALE","MALE","MALE","FEMALE","FEMALE"],"X_CALENDAR_YEAR":[2019,2019,2019,2019,2019,2019,2019,2019,2019,2019,2019,2019,2019,2019,2019,2019,2019],"Y_PREVALENCE_1000PP":[2.34021,1.37489,2.20302,2.78715,1.34816,1.78333,2.47336,1.85322,2.42684,1.88324,3.4188,3.16403,1.89314,2.30769,1.32903,1.53039,2.76783]},"PREVALENCE_BY_MONTH":{"X_CALENDAR_MONTH":[201901,201902,201903,201904,201905,201906,201907,201908,201909,201910,201911,201912],"Y_PREVALENCE_1000PP":[0.19,0.16,0.15,0.17,0.15,0.25,0.26,0.11,0.24,0.21,0.18,0.15]},"CONDITIONS_BY_TYPE":{"CONCEPT_NAME":"Claim","COUNT_VALUE":1232},"AGE_AT_FIRST_DIAGNOSIS":{"CATEGORY":["No matching concept","FEMALE","MALE"],"MIN_VALUE":[17,0,0],"P10_VALUE":[17,12,13],"P25_VALUE":[21,26,31],"MEDIAN_VALUE":[27,42,48],"P75_VALUE":[47,63,63],"P90_VALUE":[71,77,81],"MAX_VALUE":[71,98,98]}}
