{"PREVALENCE_BY_GENDER_AGE_YEAR":{"TRELLIS_NAME":["60-69","50-59","90-99","70-79","80-89","70-79","40-49","10-19","80-89","20-29","90-99","30-39","0-9","0-9","50-59","40-49","30-39","20-29","60-69","10-19"],"SERIES_NAME":["FEMALE","FEMALE","FEMALE","FEMALE","FEMALE","MALE","FEMALE","FEMALE","MALE","FEMALE","MALE","FEMALE","FEMALE","MALE","MALE","MALE","MALE","MALE","MALE","MALE"],"X_CALENDAR_YEAR":[2019,2019,2019,2019,2019,2019,2019,2019,2019,2019,2019,2019,2019,2019,2019,2019,2019,2019,2019,2019],"Y_PREVALENCE_1000PP":[3.78215,3.76702,3.33148,3.69891,4.61361,3.23317,3.28806,6.77596,4.41745,3.33778,6.30372,3.2515,3.36842,4.00891,4.40399,1.89975,2.03735,3.19758,7.15391,5.73921]},"PREVALENCE_BY_MONTH":{"X_CALENDAR_MONTH":[201901,201902,201903,201904,201905,201906,201907,201908,201909,201910,201911,201912],"Y_PREVALENCE_1000PP":[0.41,0.29,0.27,0.3,0.24,0.36,0.42,0.27,0.28,0.45,0.3,0.29]},"CONDITIONS_BY_TYPE":{"CONCEPT_NAME":"Claim","COUNT_VALUE":529},"AGE_AT_FIRST_DIAGNOSIS":{"CATEGORY":["No matching concept","FEMALE","MALE"],"MIN_VALUE":[10,0,1],"P10_VALUE":[10,10,10],"P25_VALUE":[16,20,22],"MEDIAN_VALUE":[37,43,52],"P75_VALUE":[71,64,66],"P90_VALUE":[85,77,79],"MAX_VALUE":[85,98,98]}}
