{"PREVALENCE_BY_GENDER_AGE_YEAR":{"TRELLIS_NAME":["20-29","10-19","40-49","0-9","60-69","30-39","50-59","50-59","70-79","90-99","80-89","60-69","30-39","0-9","80-89","20-29","40-49","10-19","70-79","90-99"],"SERIES_NAME":["MALE","MALE","MALE","MALE","MALE","MALE","MALE","FEMALE","FEMALE","FEMALE","FEMALE","FEMALE","FEMALE","FEMALE","MALE","FEMALE","FEMALE","FEMALE","MALE","MALE"],"X_CALENDAR_YEAR":[2019,2019,2019,2019,2019,2019,2019,2019,2019,2019,2019,2019,2019,2019,2019,2019,2019,2019,2019,2019],"Y_PREVALENCE_1000PP":[11.94884,17.21763,13.8828,14.03118,13.92111,11.71477,13.79918,11.73573,15.53542,9.4392,12.11073,13.23752,13.81889,14.94737,16.56543,14.18558,15.01072,15.08197,12.74249,16.04585]},"PREVALENCE_BY_MONTH":{"X_CALENDAR_MONTH":[201901,201902,201903,201904,201905,201906,201907,201908,201909,201910,201911,201912],"Y_PREVALENCE_1000PP":[1.48,0.99,1.07,1.13,0.98,1.06,1.49,1.07,1.11,1.66,0.99,0.83]},"CONDITIONS_BY_TYPE":{"CONCEPT_NAME":"Claim","COUNT_VALUE":1865},"AGE_AT_FIRST_DIAGNOSIS":{"CATEGORY":["No matching concept","FEMALE","MALE"],"MIN_VALUE":[7,0,0],"P10_VALUE":[16,9,10],"P25_VALUE":[29,23,24],"MEDIAN_VALUE":[44,42,45],"P75_VALUE":[67,62,64],"P90_VALUE":[79,75,78],"MAX_VALUE":[95,99,99]}}
