{"PREVALENCE_BY_GENDER_AGE_YEAR":{"TRELLIS_NAME":["10-19","20-29","40-49","60-69","30-39","50-59","0-9","60-69","50-59","70-79","40-49","30-39","0-9","20-29","70-79","10-19"],"SERIES_NAME":["MALE","MALE","MALE","MALE","MALE","MALE","MALE","FEMALE","FEMALE","FEMALE","FEMALE","FEMALE","FEMALE","FEMALE","MALE","FEMALE"],"X_CALENDAR_YEAR":[2019,2019,2019,2019,2019,2019,2019,2019,2019,2019,2019,2019,2019,2019,2019,2019],"Y_PREVALENCE_1000PP":[3.20807,2.19077,2.04768,4.80769,2.20302,2.78715,3.56665,2.85388,2.75243,2.22387,2.28408,1.95376,2.31384,2.33139,3.03778,2.4049]},"PREVALENCE_BY_MONTH":{"X_CALENDAR_MONTH":[201901,201902,201903,201904,201905,201906,201907,201908,201909,201910,201911,201912],"Y_PREVALENCE_1000PP":[0.29,0.15,0.26,0.24,0.21,0.22,0.26,0.14,0.19,0.25,0.21,0.17]},"CONDITIONS_BY_TYPE":{"CONCEPT_NAME":"Claim","COUNT_VALUE":1316},"AGE_AT_FIRST_DIAGNOSIS":{"CATEGORY":["No matching concept","MALE","FEMALE"],"MIN_VALUE":[2,0,0],"P10_VALUE":[10,8,10],"P25_VALUE":[16,22,24],"MEDIAN_VALUE":[40,46,46],"P75_VALUE":[59,63,63],"P90_VALUE":[94,73,74],"MAX_VALUE":[94,90,96]}}
