{"PREVALENCE_BY_GENDER_AGE_YEAR":{"TRELLIS_NAME":["40-49","50-59","70-79","30-39","70-79","20-29","20-29","50-59","30-39","0-9"],"SERIES_NAME":["FEMALE","FEMALE","FEMALE","FEMALE","MALE","FEMALE","MALE","MALE","MALE","MALE"],"X_CALENDAR_YEAR":[2019,2019,2019,2019,2019,2019,2019,2019,2019,2019],"Y_PREVALENCE_1000PP":[1.99857,2.4627,1.11193,1.13969,1.51889,1.83181,1.6852,2.05369,1.3557,1.33749]},"PREVALENCE_BY_MONTH":{"X_CALENDAR_MONTH":[201901,201902,201903,201904,201906,201907,201908,201909,201910,201911],"Y_PREVALENCE_1000PP":[0.17,0.11,0.06,0.09,0.16,0.15,0.1,0.13,0.18,0.14]},"CONDITIONS_BY_TYPE":{"CONCEPT_NAME":"Claim","COUNT_VALUE":732},"AGE_AT_FIRST_DIAGNOSIS":{"CATEGORY":["FEMALE","MALE"],"MIN_VALUE":[2,0],"P10_VALUE":[17,10],"P25_VALUE":[27,24],"MEDIAN_VALUE":[43,48],"P75_VALUE":[54,60],"P90_VALUE":[75,74],"MAX_VALUE":[97,97]}}
