{"PREVALENCE_BY_GENDER_AGE_YEAR":{"TRELLIS_NAME":["90-99","60-69","40-49","80-89","70-79","50-59","10-19","20-29","90-99","70-79","0-9","80-89","30-39","20-29","40-49","0-9","60-69","30-39","10-19","50-59"],"SERIES_NAME":["FEMALE","FEMALE","FEMALE","FEMALE","FEMALE","FEMALE","FEMALE","FEMALE","MALE","MALE","FEMALE","MALE","FEMALE","MALE","MALE","MALE","MALE","MALE","MALE","MALE"],"X_CALENDAR_YEAR":[2019,2019,2019,2019,2019,2019,2019,2019,2019,2019,2019,2019,2019,2019,2019,2019,2019,2019,2019,2019],"Y_PREVALENCE_1000PP":[33.87007,34.60666,35.16798,30.56517,34.76974,34.62764,35.19126,36.88251,32.66476,34.42374,32.21053,34.23523,32.67761,34.66846,39.01797,28.28508,34.22274,33.44652,35.35354,34.93834]},"PREVALENCE_BY_MONTH":{"X_CALENDAR_MONTH":[201901,201902,201903,201904,201905,201906,201907,201908,201909,201910,201911,201912],"Y_PREVALENCE_1000PP":[3.15,2.45,2.91,3.34,2.7,2.99,3.29,2.77,2.63,3.5,2.58,2.69]},"CONDITIONS_BY_TYPE":{"CONCEPT_NAME":"Claim","COUNT_VALUE":4710},"AGE_AT_FIRST_DIAGNOSIS":{"CATEGORY":["No matching concept","MALE","FEMALE"],"MIN_VALUE":[1,0,0],"P10_VALUE":[7,12,10],"P25_VALUE":[24,26,24],"MEDIAN_VALUE":[41,45,44],"P75_VALUE":[58,63,63],"P90_VALUE":[73,77,76],"MAX_VALUE":[94,99,99]}}
