{"PREVALENCE_BY_GENDER_AGE_YEAR":{"TRELLIS_NAME":["30-39","40-49","50-59","0-9","20-29","70-79","40-49","0-9","30-39","60-69","50-59"],"SERIES_NAME":["MALE","MALE","MALE","MALE","MALE","MALE","FEMALE","FEMALE","FEMALE","FEMALE","FEMALE"],"X_CALENDAR_YEAR":[2019,2019,2019,2019,2019,2019,2019,2019,2019,2019,2019],"Y_PREVALENCE_1000PP":[1.52517,1.75516,1.17354,1.78333,1.34816,1.89861,0.85653,1.47244,2.27939,1.52207,0.86919]},"PREVALENCE_BY_MONTH":{"X_CALENDAR_MONTH":[201901,201902,201903,201904,201905,201906,201907,201909,201910,201911,201912],"Y_PREVALENCE_1000PP":[0.14,0.08,0.11,0.1,0.08,0.06,0.12,0.14,0.15,0.14,0.1]},"CONDITIONS_BY_TYPE":{"CONCEPT_NAME":"Claim","COUNT_VALUE":716},"AGE_AT_FIRST_DIAGNOSIS":{"CATEGORY":["MALE","FEMALE"],"MIN_VALUE":[0,0],"P10_VALUE":[8,8],"P25_VALUE":[26,31],"MEDIAN_VALUE":[43,42],"P75_VALUE":[67,67],"P90_VALUE":[78,83],"MAX_VALUE":[99,96]}}
