{"PREVALENCE_BY_GENDER_AGE_YEAR":{"TRELLIS_NAME":["40-49","90-99","30-39","0-9","20-29","70-79","10-19","30-39","40-49","20-29","60-69","10-19","50-59","0-9","60-69","80-89","70-79","50-59"],"SERIES_NAME":["FEMALE","MALE","FEMALE","FEMALE","FEMALE","MALE","FEMALE","MALE","MALE","MALE","MALE","MALE","MALE","MALE","FEMALE","FEMALE","FEMALE","FEMALE"],"X_CALENDAR_YEAR":[2019,2019,2019,2019,2019,2019,2019,2019,2019,2019,2019,2019,2019,2019,2019,2019,2019,2019],"Y_PREVALENCE_1000PP":[2.8551,3.4188,2.4422,2.10349,3.16403,1.89861,2.18627,2.88087,2.92526,2.35929,2.5,3.20807,2.34707,3.12082,2.85388,4.61095,2.22387,2.17297]},"PREVALENCE_BY_MONTH":{"X_CALENDAR_MONTH":[201901,201902,201903,201904,201905,201906,201907,201908,201909,201910,201911,201912],"Y_PREVALENCE_1000PP":[0.3,0.24,0.22,0.27,0.25,0.16,0.21,0.18,0.19,0.24,0.18,0.21]},"CONDITIONS_BY_TYPE":{"CONCEPT_NAME":"Claim","COUNT_VALUE":1400},"AGE_AT_FIRST_DIAGNOSIS":{"CATEGORY":["FEMALE","MALE","No matching concept"],"MIN_VALUE":[1,0,14],"P10_VALUE":[15,9,14],"P25_VALUE":[25,23,31],"MEDIAN_VALUE":[44,43,42],"P75_VALUE":[64,61,53],"P90_VALUE":[77,76,76],"MAX_VALUE":[99,98,76]}}
