{"PREVALENCE_BY_GENDER_AGE_YEAR":{"TRELLIS_NAME":["20-29","0-9","40-49","10-19","50-59","30-39","0-9","30-39","60-69","20-29","70-79","80-89","10-19","80-89","40-49","70-79","60-69","50-59"],"SERIES_NAME":["MALE","MALE","MALE","MALE","MALE","MALE","FEMALE","FEMALE","MALE","FEMALE","MALE","MALE","FEMALE","FEMALE","FEMALE","FEMALE","FEMALE","FEMALE"],"X_CALENDAR_YEAR":[2019,2019,2019,2019,2019,2019,2019,2019,2019,2019,2019,2019,2019,2019,2019,2019,2019,2019],"Y_PREVALENCE_1000PP":[4.21301,2.8979,3.07152,4.12466,2.78715,4.40603,2.94489,3.5819,4.23077,2.83097,4.36681,5.52181,4.59117,4.61095,4.1399,3.52113,5.5175,3.91134]},"PREVALENCE_BY_MONTH":{"X_CALENDAR_MONTH":[201901,201902,201903,201904,201905,201906,201907,201908,201909,201910,201911,201912],"Y_PREVALENCE_1000PP":[0.28,0.3,0.3,0.31,0.38,0.29,0.32,0.28,0.39,0.31,0.28,0.41]},"CONDITIONS_BY_TYPE":{"CONCEPT_NAME":"Claim","COUNT_VALUE":2096},"AGE_AT_FIRST_DIAGNOSIS":{"CATEGORY":["MALE","No matching concept","FEMALE"],"MIN_VALUE":[0,0,0],"P10_VALUE":[13,4,13],"P25_VALUE":[25,9,28],"MEDIAN_VALUE":[43,42,48],"P75_VALUE":[63,67,63],"P90_VALUE":[78,74,74],"MAX_VALUE":[99,75,95]}}
