{"PREVALENCE_BY_GENDER_AGE_YEAR":{"TRELLIS_NAME":["70-79","90-99","80-89","50-59","40-49","60-69","0-9","70-79","30-39","80-89","10-19","20-29","90-99","50-59","60-69","30-39","20-29","10-19","40-49","0-9"],"SERIES_NAME":["FEMALE","FEMALE","FEMALE","FEMALE","FEMALE","FEMALE","FEMALE","MALE","FEMALE","MALE","FEMALE","FEMALE","MALE","MALE","MALE","MALE","MALE","MALE","MALE","MALE"],"X_CALENDAR_YEAR":[2019,2019,2019,2019,2019,2019,2019,2019,2019,2019,2019,2019,2019,2019,2019,2019,2019,2019,2019,2019],"Y_PREVALENCE_1000PP":[8.71016,13.37793,11.52738,6.37404,6.28123,9.32268,7.15187,7.02487,7.3266,11.04362,8.96371,7.82681,9.68661,8.36145,9.80769,8.30368,7.75194,9.85335,7.31315,7.57914]},"PREVALENCE_BY_MONTH":{"X_CALENDAR_MONTH":[201901,201902,201903,201904,201905,201906,201907,201908,201909,201910,201911,201912],"Y_PREVALENCE_1000PP":[0.72,0.56,0.76,0.67,0.68,0.69,0.75,0.58,0.62,0.95,0.57,0.65]},"CONDITIONS_BY_TYPE":{"CONCEPT_NAME":"Claim","COUNT_VALUE":4432},"AGE_AT_FIRST_DIAGNOSIS":{"CATEGORY":["MALE","FEMALE","No matching concept"],"MIN_VALUE":[0,0,2],"P10_VALUE":[11,11,6],"P25_VALUE":[25,24,29],"MEDIAN_VALUE":[45,45,57],"P75_VALUE":[66,68,74],"P90_VALUE":[78,81,87],"MAX_VALUE":[99,99,99]}}
