{"PREVALENCE_BY_GENDER_AGE_YEAR":{"TRELLIS_NAME":["50-59","60-69","40-49","50-59","40-49","10-19","20-29","70-79","0-9"],"SERIES_NAME":["FEMALE","MALE","MALE","MALE","FEMALE","FEMALE","FEMALE","MALE","FEMALE"],"X_CALENDAR_YEAR":[2019,2019,2019,2019,2019,2019,2019,2019,2019],"Y_PREVALENCE_1000PP":[1.15908,1.54679,0.87681,1.468,1.42959,1.53005,1.66889,1.52149,2.31579]},"PREVALENCE_BY_MONTH":{"X_CALENDAR_MONTH":[201901,201902,201903,201904,201905,201906,201907,201908,201909,201910,201912],"Y_PREVALENCE_1000PP":[0.11,0.1,0.09,0.16,0.12,0.07,0.19,0.07,0.13,0.07,0.06]},"CONDITIONS_BY_TYPE":{"CONCEPT_NAME":"Claim","COUNT_VALUE":167},"AGE_AT_FIRST_DIAGNOSIS":{"CATEGORY":["MALE","FEMALE"],"MIN_VALUE":[3,1],"P10_VALUE":[12,5],"P25_VALUE":[31,18],"MEDIAN_VALUE":[54,31],"P75_VALUE":[71,55],"P90_VALUE":[84,74],"MAX_VALUE":[98,96]}}
