{"PREVALENCE_BY_GENDER_AGE_YEAR":{"TRELLIS_NAME":["50-59","90-99","60-69","40-49","70-79","80-89","0-9","30-39","70-79","60-69","20-29","10-19","90-99","0-9","10-19","40-49","30-39","50-59","20-29"],"SERIES_NAME":["FEMALE","FEMALE","FEMALE","FEMALE","FEMALE","MALE","FEMALE","FEMALE","MALE","MALE","FEMALE","FEMALE","MALE","MALE","MALE","MALE","MALE","MALE","MALE"],"X_CALENDAR_YEAR":[2019,2019,2019,2019,2019,2019,2019,2019,2019,2019,2019,2019,2019,2019,2019,2019,2019,2019,2019],"Y_PREVALENCE_1000PP":[3.18702,5.57414,4.75647,4.56817,4.63306,7.73054,4.20698,4.72159,4.55667,4.42308,3.99667,6.12156,3.4188,5.79581,5.95784,4.53415,5.42281,4.98753,3.70745]},"PREVALENCE_BY_MONTH":{"X_CALENDAR_MONTH":[201901,201902,201903,201904,201905,201906,201907,201908,201909,201910,201911,201912],"Y_PREVALENCE_1000PP":[0.4,0.28,0.45,0.35,0.42,0.24,0.57,0.39,0.33,0.47,0.43,0.37]},"CONDITIONS_BY_TYPE":{"CONCEPT_NAME":"Claim","COUNT_VALUE":2540},"AGE_AT_FIRST_DIAGNOSIS":{"CATEGORY":["MALE","No matching concept","FEMALE"],"MIN_VALUE":[0,6,0],"P10_VALUE":[8,14,10],"P25_VALUE":[23,21,23],"MEDIAN_VALUE":[43,32,42],"P75_VALUE":[62,35,65],"P90_VALUE":[78,82,75],"MAX_VALUE":[97,98,99]}}
