{"PREVALENCE_BY_GENDER_AGE_YEAR":{"TRELLIS_NAME":["50-59","40-49","20-29","60-69","50-59","70-79"],"SERIES_NAME":["MALE","MALE","MALE","MALE","FEMALE","MALE"],"X_CALENDAR_YEAR":[2019,2019,2019,2019,2019,2019],"Y_PREVALENCE_1000PP":[0.8808,1.75362,1.17805,1.35344,1.59374,1.71168]},"PREVALENCE_BY_MONTH":{"X_CALENDAR_MONTH":[201901,201903,201904,201905,201907,201908,201909,201910,201911],"Y_PREVALENCE_1000PP":[0.1,0.12,0.09,0.09,0.07,0.11,0.08,0.11,0.06]},"CONDITIONS_BY_TYPE":{"CONCEPT_NAME":"Claim","COUNT_VALUE":131},"AGE_AT_FIRST_DIAGNOSIS":{"CATEGORY":["FEMALE","MALE"],"MIN_VALUE":[0,0],"P10_VALUE":[12,21],"P25_VALUE":[31,36],"MEDIAN_VALUE":[52,49],"P75_VALUE":[64,68],"P90_VALUE":[75,76],"MAX_VALUE":[98,91]}}
