{"PREVALENCE_BY_GENDER_AGE_YEAR":{"TRELLIS_NAME":["60-69","40-49","0-9","50-59","20-29","30-39","10-19","60-69","40-49","50-59","70-79","10-19","70-79","30-39","20-29","0-9"],"SERIES_NAME":["MALE","MALE","MALE","MALE","MALE","MALE","MALE","FEMALE","FEMALE","FEMALE","FEMALE","FEMALE","MALE","FEMALE","FEMALE","FEMALE"],"X_CALENDAR_YEAR":[2019,2019,2019,2019,2019,2019,2019,2019,2019,2019,2019,2019,2019,2019,2019,2019],"Y_PREVALENCE_1000PP":[1.34615,2.19394,3.34374,2.20038,2.86485,2.20302,1.83318,2.47336,2.71235,1.30378,1.48258,2.4049,2.65806,1.62813,1.1657,2.10349]},"PREVALENCE_BY_MONTH":{"X_CALENDAR_MONTH":[201901,201902,201903,201904,201905,201906,201907,201908,201909,201910,201911,201912],"Y_PREVALENCE_1000PP":[0.26,0.17,0.15,0.24,0.16,0.1,0.16,0.15,0.16,0.24,0.16,0.12]},"CONDITIONS_BY_TYPE":{"CONCEPT_NAME":"Claim","COUNT_VALUE":1140},"AGE_AT_FIRST_DIAGNOSIS":{"CATEGORY":["FEMALE","MALE"],"MIN_VALUE":[0,0],"P10_VALUE":[9,6],"P25_VALUE":[25,21],"MEDIAN_VALUE":[42,41],"P75_VALUE":[62,61],"P90_VALUE":[77,76],"MAX_VALUE":[96,99]}}
