{"PREVALENCE_BY_GENDER_AGE_YEAR":{"TRELLIS_NAME":["30-39","50-59","0-9","10-19","40-49","20-29","60-69","20-29","30-39","80-89","70-79","40-49","50-59","60-69","70-79"],"SERIES_NAME":["MALE","MALE","MALE","MALE","MALE","MALE","MALE","FEMALE","FEMALE","MALE","MALE","FEMALE","FEMALE","FEMALE","FEMALE"],"X_CALENDAR_YEAR":[2019,2019,2019,2019,2019,2019,2019,2019,2019,2019,2019,2019,2019,2019,2019],"Y_PREVALENCE_1000PP":[1.69779,3.0828,2.22717,2.06612,1.75362,1.51464,2.51353,1.16822,2.11348,3.31309,2.47242,2.28735,2.60794,1.51286,1.10967]},"PREVALENCE_BY_MONTH":{"X_CALENDAR_MONTH":[201901,201902,201903,201904,201905,201906,201907,201908,201909,201910,201911,201912],"Y_PREVALENCE_1000PP":[0.2,0.2,0.13,0.14,0.14,0.09,0.3,0.14,0.12,0.19,0.15,0.13]},"CONDITIONS_BY_TYPE":{"CONCEPT_NAME":"Claim","COUNT_VALUE":250},"AGE_AT_FIRST_DIAGNOSIS":{"CATEGORY":["FEMALE","MALE"],"MIN_VALUE":[0,2],"P10_VALUE":[19,10],"P25_VALUE":[33,26],"MEDIAN_VALUE":[47,50],"P75_VALUE":[58,68],"P90_VALUE":[74,79],"MAX_VALUE":[90,95]}}
