{"PREVALENCE_BY_GENDER_AGE_YEAR":{"TRELLIS_NAME":["0-9","10-19","30-39","20-29","50-59","40-49","0-9","30-39","10-19","60-69","80-89","70-79","20-29","70-79","60-69","40-49","50-59"],"SERIES_NAME":["MALE","MALE","MALE","MALE","MALE","MALE","FEMALE","FEMALE","FEMALE","MALE","MALE","MALE","FEMALE","FEMALE","FEMALE","FEMALE","FEMALE"],"X_CALENDAR_YEAR":[2019,2019,2019,2019,2019,2019,2019,2019,2019,2019,2019,2019,2019,2019,2019,2019,2019],"Y_PREVALENCE_1000PP":[2.22717,1.83655,2.37691,2.5244,2.6424,2.77656,1.89474,2.6012,2.18579,1.16009,5.52181,2.66261,1.502,2.21935,1.70197,2.71623,2.0284]},"PREVALENCE_BY_MONTH":{"X_CALENDAR_MONTH":[201901,201902,201903,201904,201905,201906,201907,201908,201909,201910,201911,201912],"Y_PREVALENCE_1000PP":[0.27,0.19,0.13,0.17,0.19,0.18,0.33,0.18,0.08,0.21,0.11,0.23]},"CONDITIONS_BY_TYPE":{"CONCEPT_NAME":"Claim","COUNT_VALUE":302},"AGE_AT_FIRST_DIAGNOSIS":{"CATEGORY":["MALE","FEMALE"],"MIN_VALUE":[0,1],"P10_VALUE":[11,10],"P25_VALUE":[27,29],"MEDIAN_VALUE":[47,43],"P75_VALUE":[68,62],"P90_VALUE":[83,78],"MAX_VALUE":[96,99]}}
