{"PREVALENCE_BY_GENDER_AGE_YEAR":{"TRELLIS_NAME":["30-39","40-49","50-59","60-69","10-19","20-29","0-9","70-79","20-29","30-39","0-9","40-49","60-69","50-59","70-79"],"SERIES_NAME":["MALE","MALE","MALE","MALE","MALE","MALE","MALE","MALE","FEMALE","FEMALE","FEMALE","FEMALE","FEMALE","FEMALE","FEMALE"],"X_CALENDAR_YEAR":[2019,2019,2019,2019,2019,2019,2019,2019,2019,2019,2019,2019,2019,2019,2019],"Y_PREVALENCE_1000PP":[2.37248,1.02384,2.05369,1.92308,3.20807,1.17964,2.22916,2.08848,2.49792,2.27939,1.68279,1.85582,1.33181,2.89729,1.85322]},"PREVALENCE_BY_MONTH":{"X_CALENDAR_MONTH":[201901,201902,201903,201904,201905,201906,201907,201908,201909,201910,201911,201912],"Y_PREVALENCE_1000PP":[0.16,0.16,0.2,0.24,0.13,0.13,0.13,0.17,0.14,0.17,0.13,0.12]},"CONDITIONS_BY_TYPE":{"CONCEPT_NAME":"Claim","COUNT_VALUE":1028},"AGE_AT_FIRST_DIAGNOSIS":{"CATEGORY":["MALE","FEMALE"],"MIN_VALUE":[0,0],"P10_VALUE":[9,16],"P25_VALUE":[19,26],"MEDIAN_VALUE":[40,46],"P75_VALUE":[62,58],"P90_VALUE":[76,76],"MAX_VALUE":[97,97]}}
