{"PREVALENCE_BY_GENDER_AGE_YEAR":{"TRELLIS_NAME":["70-79","60-69","30-39","0-9","10-19","20-29","90-99","70-79","60-69","50-59","40-49","10-19","40-49","20-29","50-59","0-9","30-39"],"SERIES_NAME":["MALE","MALE","FEMALE","FEMALE","FEMALE","FEMALE","FEMALE","FEMALE","FEMALE","FEMALE","FEMALE","MALE","MALE","MALE","MALE","MALE","MALE"],"X_CALENDAR_YEAR":[2019,2019,2019,2019,2019,2019,2019,2019,2019,2019,2019,2019,2019,2019,2019,2019,2019],"Y_PREVALENCE_1000PP":[3.23317,3.28693,3.08893,3.78947,3.71585,1.66889,3.88673,2.95913,2.4584,3.76702,2.28735,3.44353,3.94564,3.70246,2.7892,2.67261,3.05603]},"PREVALENCE_BY_MONTH":{"X_CALENDAR_MONTH":[201901,201902,201903,201904,201905,201906,201907,201908,201909,201910,201911,201912],"Y_PREVALENCE_1000PP":[0.29,0.26,0.17,0.35,0.19,0.29,0.26,0.3,0.2,0.32,0.25,0.18]},"CONDITIONS_BY_TYPE":{"CONCEPT_NAME":"Claim","COUNT_VALUE":425},"AGE_AT_FIRST_DIAGNOSIS":{"CATEGORY":["MALE","No matching concept","FEMALE"],"MIN_VALUE":[0,2,0],"P10_VALUE":[11,2,7],"P25_VALUE":[25,20,21],"MEDIAN_VALUE":[42,22,43],"P75_VALUE":[60,42,63],"P90_VALUE":[73,54,76],"MAX_VALUE":[96,54,98]}}
