{"PREVALENCE_BY_GENDER_AGE_YEAR":{"TRELLIS_NAME":["70-79","80-89","60-69","50-59","40-49","30-39","0-9","70-79","10-19","20-29","50-59","20-29","0-9","60-69","30-39","40-49"],"SERIES_NAME":["FEMALE","FEMALE","FEMALE","FEMALE","FEMALE","FEMALE","FEMALE","MALE","FEMALE","FEMALE","MALE","MALE","MALE","MALE","MALE","MALE"],"X_CALENDAR_YEAR":[2019,2019,2019,2019,2019,2019,2019,2019,2019,2019,2019,2019,2019,2019,2019,2019],"Y_PREVALENCE_1000PP":[1.85322,4.03458,2.47336,2.0281,2.28408,2.4422,2.10349,2.27834,1.53039,2.49792,2.05369,2.69633,2.67499,1.34615,2.54194,1.46263]},"PREVALENCE_BY_MONTH":{"X_CALENDAR_MONTH":[201901,201902,201903,201904,201905,201906,201907,201908,201909,201910,201911,201912],"Y_PREVALENCE_1000PP":[0.21,0.13,0.28,0.22,0.15,0.15,0.14,0.14,0.17,0.2,0.19,0.12]},"CONDITIONS_BY_TYPE":{"CONCEPT_NAME":"Claim","COUNT_VALUE":1108},"AGE_AT_FIRST_DIAGNOSIS":{"CATEGORY":["MALE","FEMALE"],"MIN_VALUE":[1,0],"P10_VALUE":[7,10],"P25_VALUE":[26,26],"MEDIAN_VALUE":[40,45],"P75_VALUE":[61,66],"P90_VALUE":[76,79],"MAX_VALUE":[98,96]}}
