{"PREVALENCE_BY_GENDER_AGE_YEAR":{"TRELLIS_NAME":["80-89","90-99","30-39","0-9","10-19","20-29","60-69","70-79","20-29","40-49","10-19","50-59","30-39","0-9","50-59","40-49","80-89","60-69","90-99","70-79"],"SERIES_NAME":["MALE","MALE","FEMALE","FEMALE","FEMALE","FEMALE","MALE","MALE","MALE","MALE","MALE","MALE","MALE","MALE","FEMALE","FEMALE","FEMALE","FEMALE","FEMALE","FEMALE"],"X_CALENDAR_YEAR":[2019,2019,2019,2019,2019,2019,2019,2019,2019,2019,2019,2019,2019,2019,2019,2019,2019,2019,2019,2019],"Y_PREVALENCE_1000PP":[32.0265,35.32764,30.93455,27.97644,30.82641,31.80683,29.80769,34.17505,26.96326,27.6437,31.62236,28.75165,35.75665,31.43112,29.98696,31.69165,24.20749,30.63166,35.67447,35.76723]},"PREVALENCE_BY_MONTH":{"X_CALENDAR_MONTH":[201901,201902,201903,201904,201905,201906,201907,201908,201909,201910,201911,201912],"Y_PREVALENCE_1000PP":[2.93,2.22,2.43,3.12,2.24,2.29,3.23,2.39,2.56,2.84,2.6,2.43]},"CONDITIONS_BY_TYPE":{"CONCEPT_NAME":"Claim","COUNT_VALUE":16760},"AGE_AT_FIRST_DIAGNOSIS":{"CATEGORY":["No matching concept","FEMALE","MALE"],"MIN_VALUE":[0,0,0],"P10_VALUE":[14,11,10],"P25_VALUE":[31,26,26],"MEDIAN_VALUE":[43,45,44],"P75_VALUE":[60,65,65],"P90_VALUE":[77,77,78],"MAX_VALUE":[97,99,99]}}
