{"PREVALENCE_BY_GENDER_AGE_YEAR":{"TRELLIS_NAME":["40-49","10-19","30-39","90-99","0-9","70-79","20-29","10-19","30-39","60-69","40-49","0-9","20-29","50-59","60-69","50-59","70-79"],"SERIES_NAME":["FEMALE","FEMALE","FEMALE","MALE","FEMALE","MALE","FEMALE","MALE","MALE","MALE","MALE","MALE","MALE","MALE","FEMALE","FEMALE","FEMALE"],"X_CALENDAR_YEAR":[2019,2019,2019,2019,2019,2019,2019,2019,2019,2019,2019,2019,2019,2019,2019,2019,2019],"Y_PREVALENCE_1000PP":[2.43031,2.62295,3.08893,4.01146,2.31579,3.04298,3.17089,2.29568,3.90492,2.51353,2.04589,2.22717,3.19758,3.22959,1.89107,2.60794,2.40429]},"PREVALENCE_BY_MONTH":{"X_CALENDAR_MONTH":[201901,201902,201903,201904,201905,201906,201907,201908,201909,201910,201911,201912],"Y_PREVALENCE_1000PP":[0.27,0.16,0.21,0.22,0.2,0.23,0.44,0.15,0.19,0.25,0.17,0.23]},"CONDITIONS_BY_TYPE":{"CONCEPT_NAME":"Claim","COUNT_VALUE":373},"AGE_AT_FIRST_DIAGNOSIS":{"CATEGORY":["FEMALE","MALE"],"MIN_VALUE":[0,2],"P10_VALUE":[11,13],"P25_VALUE":[26,25],"MEDIAN_VALUE":[40,45],"P75_VALUE":[60,62],"P90_VALUE":[77,78],"MAX_VALUE":[99,99]}}
