{"PREVALENCE_BY_GENDER_AGE_YEAR":{"TRELLIS_NAME":["70-79","50-59","90-99","60-69","80-89","30-39","20-29","0-9","80-89","40-49","10-19","70-79","30-39","40-49","60-69","50-59","10-19","0-9","20-29"],"SERIES_NAME":["FEMALE","FEMALE","FEMALE","FEMALE","FEMALE","FEMALE","FEMALE","FEMALE","MALE","FEMALE","FEMALE","MALE","MALE","MALE","MALE","MALE","MALE","MALE","MALE"],"X_CALENDAR_YEAR":[2019,2019,2019,2019,2019,2019,2019,2019,2019,2019,2019,2019,2019,2019,2019,2019,2019,2019,2019],"Y_PREVALENCE_1000PP":[5.17847,3.91191,3.88673,5.86233,7.49712,4.38953,5.17356,5.89474,4.41745,4.43174,3.93443,4.94485,5.43294,4.53018,4.06032,6.60599,6.42792,4.89978,5.55369]},"PREVALENCE_BY_MONTH":{"X_CALENDAR_MONTH":[201901,201902,201903,201904,201905,201906,201907,201908,201909,201910,201911,201912],"Y_PREVALENCE_1000PP":[0.54,0.46,0.44,0.45,0.24,0.37,0.45,0.45,0.41,0.49,0.29,0.44]},"CONDITIONS_BY_TYPE":{"CONCEPT_NAME":"Claim","COUNT_VALUE":682},"AGE_AT_FIRST_DIAGNOSIS":{"CATEGORY":["MALE","FEMALE","No matching concept"],"MIN_VALUE":[0,0,37],"P10_VALUE":[11,9,41],"P25_VALUE":[22,24,42],"MEDIAN_VALUE":[42,45,59],"P75_VALUE":[59,65,77],"P90_VALUE":[74,78,91],"MAX_VALUE":[96,98,99]}}
