{"PREVALENCE_BY_GENDER_AGE_YEAR":{"TRELLIS_NAME":["30-39","40-49","70-79","20-29","60-69","70-79","40-49","20-29","50-59","30-39","60-69"],"SERIES_NAME":["FEMALE","FEMALE","MALE","FEMALE","FEMALE","FEMALE","MALE","MALE","MALE","MALE","MALE"],"X_CALENDAR_YEAR":[2019,2019,2019,2019,2019,2019,2019,2019,2019,2019,2019],"Y_PREVALENCE_1000PP":[1.46532,1.14204,1.32903,1.83181,1.33181,1.11193,2.19394,1.6852,1.17354,1.01678,1.34615]},"PREVALENCE_BY_MONTH":{"X_CALENDAR_MONTH":[201901,201903,201904,201905,201906,201907,201908,201909,201910,201911,201912],"Y_PREVALENCE_1000PP":[0.18,0.11,0.13,0.09,0.15,0.15,0.07,0.09,0.11,0.07,0.1]},"CONDITIONS_BY_TYPE":{"CONCEPT_NAME":"Claim","COUNT_VALUE":676},"AGE_AT_FIRST_DIAGNOSIS":{"CATEGORY":["MALE","FEMALE","No matching concept"],"MIN_VALUE":[1,1,4],"P10_VALUE":[13,16,4],"P25_VALUE":[27,27,27],"MEDIAN_VALUE":[43,41,54],"P75_VALUE":[65,64,63],"P90_VALUE":[79,75,64],"MAX_VALUE":[95,89,64]}}
