{"PREVALENCE_BY_GENDER_AGE_YEAR":{"TRELLIS_NAME":["30-39","20-29","70-79","10-19","40-49","60-69","50-59","20-29","40-49","30-39","10-19","60-69","50-59"],"SERIES_NAME":["FEMALE","FEMALE","MALE","FEMALE","FEMALE","MALE","MALE","MALE","MALE","MALE","MALE","FEMALE","FEMALE"],"X_CALENDAR_YEAR":[2019,2019,2019,2019,2019,2019,2019,2019,2019,2019,2019,2019,2019],"Y_PREVALENCE_1000PP":[1.95376,1.66528,1.70875,1.74902,1.2848,3.46154,1.46692,2.86485,1.60889,2.03355,1.83318,1.90259,1.30378]},"PREVALENCE_BY_MONTH":{"X_CALENDAR_MONTH":[201901,201902,201903,201904,201905,201906,201907,201908,201909,201910,201911,201912],"Y_PREVALENCE_1000PP":[0.14,0.12,0.2,0.08,0.13,0.12,0.11,0.19,0.13,0.19,0.12,0.16]},"CONDITIONS_BY_TYPE":{"CONCEPT_NAME":"Claim","COUNT_VALUE":920},"AGE_AT_FIRST_DIAGNOSIS":{"CATEGORY":["MALE","FEMALE"],"MIN_VALUE":[0,1],"P10_VALUE":[14,15],"P25_VALUE":[28,26],"MEDIAN_VALUE":[45,40],"P75_VALUE":[66,62],"P90_VALUE":[73,73],"MAX_VALUE":[99,98]}}
