{"PREVALENCE_BY_GENDER_AGE_YEAR":{"TRELLIS_NAME":["60-69","70-79","40-49","50-59","60-69","20-29","10-19","50-59","30-39","40-49","0-9","10-19","0-9","70-79","20-29","30-39"],"SERIES_NAME":["FEMALE","FEMALE","FEMALE","FEMALE","MALE","MALE","MALE","MALE","MALE","MALE","MALE","FEMALE","FEMALE","MALE","FEMALE","FEMALE"],"X_CALENDAR_YEAR":[2019,2019,2019,2019,2019,2019,2019,2019,2019,2019,2019,2019,2019,2019,2019,2019],"Y_PREVALENCE_1000PP":[3.40393,1.84945,1.28663,2.60794,2.90023,2.5244,2.75482,2.0552,3.22581,1.75362,1.78174,3.49727,3.15789,1.3313,3.17089,3.08893]},"PREVALENCE_BY_MONTH":{"X_CALENDAR_MONTH":[201901,201902,201903,201904,201905,201906,201907,201908,201909,201910,201911,201912],"Y_PREVALENCE_1000PP":[0.16,0.23,0.17,0.27,0.16,0.18,0.24,0.16,0.13,0.25,0.21,0.18]},"CONDITIONS_BY_TYPE":{"CONCEPT_NAME":"Claim","COUNT_VALUE":304},"AGE_AT_FIRST_DIAGNOSIS":{"CATEGORY":["FEMALE","MALE"],"MIN_VALUE":[0,0],"P10_VALUE":[8,12],"P25_VALUE":[20,24],"MEDIAN_VALUE":[37,39],"P75_VALUE":[58,57],"P90_VALUE":[71,71],"MAX_VALUE":[96,97]}}
