{"PREVALENCE_BY_GENDER_AGE_YEAR":{"TRELLIS_NAME":["90-99","50-59","60-69","80-89","40-49","70-79","30-39","50-59","0-9","10-19","40-49","60-69","20-29","10-19","90-99","0-9","70-79","30-39","20-29"],"SERIES_NAME":["FEMALE","FEMALE","FEMALE","FEMALE","FEMALE","FEMALE","MALE","MALE","MALE","MALE","MALE","MALE","MALE","FEMALE","MALE","FEMALE","MALE","FEMALE","FEMALE"],"X_CALENDAR_YEAR":[2019,2019,2019,2019,2019,2019,2019,2019,2019,2019,2019,2019,2019,2019,2019,2019,2019,2019,2019],"Y_PREVALENCE_1000PP":[3.9019,2.17297,2.28311,4.61095,2.8551,1.85322,1.01678,2.20038,2.8979,2.52062,2.34021,2.30769,2.35929,3.71666,3.4188,1.2621,2.27834,1.95376,2.16486]},"PREVALENCE_BY_MONTH":{"X_CALENDAR_MONTH":[201901,201902,201903,201904,201905,201906,201907,201908,201909,201910,201911,201912],"Y_PREVALENCE_1000PP":[0.28,0.16,0.21,0.23,0.2,0.18,0.28,0.15,0.16,0.18,0.14,0.15]},"CONDITIONS_BY_TYPE":{"CONCEPT_NAME":"Claim","COUNT_VALUE":1296},"AGE_AT_FIRST_DIAGNOSIS":{"CATEGORY":["MALE","FEMALE"],"MIN_VALUE":[2,0],"P10_VALUE":[8,11],"P25_VALUE":[22,24],"MEDIAN_VALUE":[45,43],"P75_VALUE":[66,63],"P90_VALUE":[78,81],"MAX_VALUE":[98,99]}}
