{"PREVALENCE_BY_GENDER_AGE_YEAR":{"TRELLIS_NAME":["70-79","60-69","50-59","90-99","60-69","30-39","40-49","0-9","50-59","10-19","20-29","20-29","40-49","0-9","10-19","70-79","30-39"],"SERIES_NAME":["FEMALE","FEMALE","FEMALE","FEMALE","MALE","MALE","MALE","MALE","MALE","MALE","MALE","FEMALE","FEMALE","FEMALE","FEMALE","MALE","FEMALE"],"X_CALENDAR_YEAR":[2019,2019,2019,2019,2019,2019,2019,2019,2019,2019,2019,2019,2019,2019,2019,2019,2019],"Y_PREVALENCE_1000PP":[2.0344,2.08018,2.46305,3.88673,1.54679,1.86757,1.16908,2.44989,1.6148,2.29568,2.01952,2.00267,1.85847,1.89474,3.06011,1.90186,1.9509]},"PREVALENCE_BY_MONTH":{"X_CALENDAR_MONTH":[201901,201902,201903,201904,201905,201906,201907,201908,201909,201910,201911,201912],"Y_PREVALENCE_1000PP":[0.18,0.18,0.15,0.19,0.2,0.16,0.17,0.12,0.18,0.18,0.13,0.16]},"CONDITIONS_BY_TYPE":{"CONCEPT_NAME":"Claim","COUNT_VALUE":259},"AGE_AT_FIRST_DIAGNOSIS":{"CATEGORY":["MALE","FEMALE"],"MIN_VALUE":[1,1],"P10_VALUE":[5,12],"P25_VALUE":[20,25],"MEDIAN_VALUE":[38,46],"P75_VALUE":[61,64],"P90_VALUE":[75,79],"MAX_VALUE":[97,99]}}
