{"PREVALENCE_BY_GENDER_AGE_YEAR":{"TRELLIS_NAME":["80-89","90-99","60-69","70-79","50-59","40-49","20-29","10-19","40-49","50-59","30-39","0-9","10-19","20-29","60-69","0-9","30-39","90-99","80-89","70-79"],"SERIES_NAME":["FEMALE","FEMALE","FEMALE","FEMALE","FEMALE","FEMALE","MALE","MALE","MALE","MALE","MALE","MALE","FEMALE","FEMALE","MALE","FEMALE","FEMALE","MALE","MALE","MALE"],"X_CALENDAR_YEAR":[2019,2019,2019,2019,2019,2019,2019,2019,2019,2019,2019,2019,2019,2019,2019,2019,2019,2019,2019,2019],"Y_PREVALENCE_1000PP":[6.34006,4.45931,5.70776,5.745,5.50485,7.56602,5.05561,6.18698,7.75194,7.3346,6.60905,8.91663,7.21469,6.66112,7.30769,5.88978,4.72159,6.83761,4.41745,5.8857]},"PREVALENCE_BY_MONTH":{"X_CALENDAR_MONTH":[201901,201902,201903,201904,201905,201906,201907,201908,201909,201910,201911,201912],"Y_PREVALENCE_1000PP":[0.55,0.43,0.48,0.75,0.43,0.44,0.79,0.57,0.42,0.55,0.48,0.61]},"CONDITIONS_BY_TYPE":{"CONCEPT_NAME":"Claim","COUNT_VALUE":3452},"AGE_AT_FIRST_DIAGNOSIS":{"CATEGORY":["MALE","FEMALE","No matching concept"],"MIN_VALUE":[0,0,11],"P10_VALUE":[8,10,14],"P25_VALUE":[26,23,30],"MEDIAN_VALUE":[45,44,58],"P75_VALUE":[62,61,70],"P90_VALUE":[76,74,76],"MAX_VALUE":[99,96,78]}}
