{"PREVALENCE_BY_GENDER_AGE_YEAR":{"TRELLIS_NAME":["40-49","50-59","30-39","60-69","0-9","10-19","20-29","30-39","40-49","10-19","70-79","0-9","20-29","70-79","60-69","50-59"],"SERIES_NAME":["MALE","MALE","MALE","MALE","MALE","MALE","MALE","FEMALE","FEMALE","FEMALE","MALE","FEMALE","FEMALE","FEMALE","FEMALE","FEMALE"],"X_CALENDAR_YEAR":[2019,2019,2019,2019,2019,2019,2019,2019,2019,2019,2019,2019,2019,2019,2019,2019],"Y_PREVALENCE_1000PP":[2.19394,2.64046,1.86409,3.84615,2.67499,2.29148,4.04449,2.93064,4.1399,4.15391,2.4682,3.78629,2.66445,2.96516,2.47336,1.88324]},"PREVALENCE_BY_MONTH":{"X_CALENDAR_MONTH":[201901,201902,201903,201904,201905,201906,201907,201908,201909,201910,201911,201912],"Y_PREVALENCE_1000PP":[0.26,0.19,0.23,0.34,0.2,0.27,0.23,0.2,0.16,0.23,0.24,0.27]},"CONDITIONS_BY_TYPE":{"CONCEPT_NAME":"Claim","COUNT_VALUE":1540},"AGE_AT_FIRST_DIAGNOSIS":{"CATEGORY":["FEMALE","MALE"],"MIN_VALUE":[0,0],"P10_VALUE":[7,10],"P25_VALUE":[20,24],"MEDIAN_VALUE":[42,43],"P75_VALUE":[56,66],"P90_VALUE":[73,76],"MAX_VALUE":[98,98]}}
