{"PREVALENCE_BY_GENDER_AGE_YEAR":{"TRELLIS_NAME":["60-69","30-39","10-19","0-9","50-59","20-29","40-49","70-79","10-19","30-39","20-29","40-49","0-9","60-69","70-79","50-59"],"SERIES_NAME":["MALE","MALE","MALE","MALE","MALE","MALE","MALE","MALE","FEMALE","FEMALE","FEMALE","FEMALE","FEMALE","FEMALE","FEMALE","FEMALE"],"X_CALENDAR_YEAR":[2019,2019,2019,2019,2019,2019,2019,2019,2019,2019,2019,2019,2019,2019,2019,2019],"Y_PREVALENCE_1000PP":[1.34615,1.18624,1.83318,1.56041,1.61361,1.34816,1.60889,1.32903,1.53039,1.62813,1.66528,0.99929,2.10349,2.28311,1.85322,1.73837]},"PREVALENCE_BY_MONTH":{"X_CALENDAR_MONTH":[201901,201902,201903,201904,201905,201906,201907,201908,201909,201910,201911,201912],"Y_PREVALENCE_1000PP":[0.16,0.2,0.06,0.15,0.14,0.09,0.19,0.09,0.14,0.1,0.15,0.13]},"CONDITIONS_BY_TYPE":{"CONCEPT_NAME":"Claim","COUNT_VALUE":868},"AGE_AT_FIRST_DIAGNOSIS":{"CATEGORY":["MALE","FEMALE","No matching concept"],"MIN_VALUE":[0,1,14],"P10_VALUE":[10,8,14],"P25_VALUE":[24,21,14],"MEDIAN_VALUE":[46,45,18],"P75_VALUE":[61,63,46],"P90_VALUE":[76,75,68],"MAX_VALUE":[96,99,68]}}
