{"PREVALENCE_BY_GENDER_AGE_YEAR":{"TRELLIS_NAME":["70-79","30-39","20-29","0-9","10-19","90-99","80-89","70-79","40-49","50-59","60-69","30-39","0-9","50-59","60-69","40-49","20-29","10-19"],"SERIES_NAME":["MALE","FEMALE","FEMALE","FEMALE","FEMALE","MALE","FEMALE","FEMALE","FEMALE","FEMALE","FEMALE","MALE","MALE","MALE","MALE","MALE","MALE","MALE"],"X_CALENDAR_YEAR":[2019,2019,2019,2019,2019,2019,2019,2019,2019,2019,2019,2019,2019,2019,2019,2019,2019,2019],"Y_PREVALENCE_1000PP":[1.52149,2.76378,5.34045,3.78947,3.93443,3.4384,6.34371,3.32902,4.28878,3.47725,3.78215,3.22581,4.67706,3.37639,3.86698,3.65337,5.2171,2.98439]},"PREVALENCE_BY_MONTH":{"X_CALENDAR_MONTH":[201901,201902,201903,201904,201905,201906,201907,201908,201909,201910,201911,201912],"Y_PREVALENCE_1000PP":[0.32,0.23,0.3,0.33,0.25,0.25,0.34,0.29,0.38,0.33,0.28,0.36]},"CONDITIONS_BY_TYPE":{"CONCEPT_NAME":"Claim","COUNT_VALUE":481},"AGE_AT_FIRST_DIAGNOSIS":{"CATEGORY":["FEMALE","MALE"],"MIN_VALUE":[0,0],"P10_VALUE":[10,7],"P25_VALUE":[23,22],"MEDIAN_VALUE":[42,41],"P75_VALUE":[63,58],"P90_VALUE":[77,73],"MAX_VALUE":[99,96]}}
