{"PREVALENCE_BY_GENDER_AGE_YEAR":{"TRELLIS_NAME":["40-49","90-99","50-59","70-79","60-69","80-89","30-39","90-99","10-19","0-9","70-79","20-29","0-9","60-69","50-59","40-49","30-39","10-19","20-29"],"SERIES_NAME":["FEMALE","FEMALE","FEMALE","FEMALE","FEMALE","FEMALE","FEMALE","MALE","FEMALE","FEMALE","MALE","FEMALE","MALE","MALE","MALE","MALE","MALE","MALE","MALE"],"X_CALENDAR_YEAR":[2019,2019,2019,2019,2019,2019,2019,2019,2019,2019,2019,2019,2019,2019,2019,2019,2019,2019,2019],"Y_PREVALENCE_1000PP":[4.43174,3.33148,3.91191,4.25375,4.34947,4.61361,4.38953,4.58453,4.80874,2.10526,2.47242,4.17223,3.34076,4.83372,3.96359,3.06883,4.24448,2.98439,3.02928]},"PREVALENCE_BY_MONTH":{"X_CALENDAR_MONTH":[201901,201902,201903,201904,201905,201906,201907,201908,201909,201910,201911,201912],"Y_PREVALENCE_1000PP":[0.34,0.21,0.31,0.36,0.35,0.23,0.33,0.35,0.39,0.3,0.29,0.31]},"CONDITIONS_BY_TYPE":{"CONCEPT_NAME":"Claim","COUNT_VALUE":520},"AGE_AT_FIRST_DIAGNOSIS":{"CATEGORY":["MALE","No matching concept","FEMALE"],"MIN_VALUE":[1,23,0],"P10_VALUE":[13,23,15],"P25_VALUE":[26,24,26],"MEDIAN_VALUE":[46,44,45],"P75_VALUE":[62,53,63],"P90_VALUE":[74,91,76],"MAX_VALUE":[97,91,98]}}
