{"PREVALENCE_BY_GENDER_AGE_YEAR":{"TRELLIS_NAME":["50-59","60-69","70-79","10-19","30-39","0-9","40-49","50-59","20-29","70-79","30-39","40-49"],"SERIES_NAME":["FEMALE","FEMALE","FEMALE","MALE","MALE","MALE","MALE","MALE","FEMALE","MALE","FEMALE","FEMALE"],"X_CALENDAR_YEAR":[2019,2019,2019,2019,2019,2019,2019,2019,2019,2019,2019,2019],"Y_PREVALENCE_1000PP":[1.59351,1.33181,1.48258,1.83318,1.01678,1.56041,2.04768,1.76031,1.66528,1.32903,1.30251,1.14204]},"PREVALENCE_BY_MONTH":{"X_CALENDAR_MONTH":[201901,201902,201903,201904,201905,201906,201907,201908,201909,201910,201911,201912],"Y_PREVALENCE_1000PP":[0.16,0.11,0.08,0.12,0.1,0.12,0.12,0.08,0.06,0.15,0.09,0.14]},"CONDITIONS_BY_TYPE":{"CONCEPT_NAME":"Claim","COUNT_VALUE":700},"AGE_AT_FIRST_DIAGNOSIS":{"CATEGORY":["MALE","FEMALE"],"MIN_VALUE":[0,0],"P10_VALUE":[9,21],"P25_VALUE":[25,32],"MEDIAN_VALUE":[44,51],"P75_VALUE":[59,68],"P90_VALUE":[75,80],"MAX_VALUE":[98,97]}}
