{"PREVALENCE_BY_GENDER_AGE_YEAR":{"TRELLIS_NAME":["0-9","30-39","70-79","20-29","50-59","60-69","30-39","20-29","40-49","50-59","70-79"],"SERIES_NAME":["FEMALE","FEMALE","MALE","FEMALE","MALE","MALE","MALE","MALE","MALE","FEMALE","FEMALE"],"X_CALENDAR_YEAR":[2019,2019,2019,2019,2019,2019,2019,2019,2019,2019,2019],"Y_PREVALENCE_1000PP":[1.47244,1.13969,1.32903,0.99917,2.34707,1.53846,1.52517,1.01112,0.87758,0.86919,1.11193]},"PREVALENCE_BY_MONTH":{"X_CALENDAR_MONTH":[201901,201902,201904,201905,201907,201908,201909,201910,201911],"Y_PREVALENCE_1000PP":[0.11,0.06,0.13,0.11,0.1,0.07,0.13,0.13,0.09]},"CONDITIONS_BY_TYPE":{"CONCEPT_NAME":"Claim","COUNT_VALUE":588},"AGE_AT_FIRST_DIAGNOSIS":{"CATEGORY":["MALE","FEMALE"],"MIN_VALUE":[7,0],"P10_VALUE":[21,5],"P25_VALUE":[35,22],"MEDIAN_VALUE":[54,37],"P75_VALUE":[63,61],"P90_VALUE":[78,75],"MAX_VALUE":[92,97]}}
