{"PREVALENCE_BY_GENDER_AGE_YEAR":{"TRELLIS_NAME":["30-39","40-49","50-59","50-59","40-49","0-9","10-19","70-79"],"SERIES_NAME":["MALE","MALE","MALE","FEMALE","FEMALE","FEMALE","FEMALE","MALE"],"X_CALENDAR_YEAR":[2019,2019,2019,2019,2019,2019,2019,2019],"Y_PREVALENCE_1000PP":[1.52517,1.31637,1.17354,0.86919,1.14204,1.2621,1.31176,2.08848]},"PREVALENCE_BY_MONTH":{"X_CALENDAR_MONTH":[201901,201903,201904,201905,201906,201907,201908,201909,201910,201911,201912],"Y_PREVALENCE_1000PP":[0.06,0.09,0.14,0.06,0.09,0.09,0.07,0.11,0.13,0.08,0.11]},"CONDITIONS_BY_TYPE":{"CONCEPT_NAME":"Claim","COUNT_VALUE":576},"AGE_AT_FIRST_DIAGNOSIS":{"CATEGORY":["FEMALE","MALE"],"MIN_VALUE":[0,1],"P10_VALUE":[6,10],"P25_VALUE":[17,30],"MEDIAN_VALUE":[43,48],"P75_VALUE":[56,68],"P90_VALUE":[77,78],"MAX_VALUE":[99,95]}}
