{"PREVALENCE_BY_GENDER_AGE_YEAR":{"TRELLIS_NAME":["20-29","10-19","50-59","40-49","30-39","30-39"],"SERIES_NAME":["MALE","MALE","MALE","MALE","MALE","FEMALE"],"X_CALENDAR_YEAR":[2019,2019,2019,2019,2019,2019],"Y_PREVALENCE_1000PP":[1.01112,1.37489,0.88015,1.02384,1.01678,1.13969]},"PREVALENCE_BY_MONTH":{"X_CALENDAR_MONTH":[201901,201903,201904,201907,201909,201910,201911],"Y_PREVALENCE_1000PP":[0.08,0.07,0.16,0.08,0.08,0.07,0.06]},"CONDITIONS_BY_TYPE":{"CONCEPT_NAME":"Claim","COUNT_VALUE":428},"AGE_AT_FIRST_DIAGNOSIS":{"CATEGORY":["FEMALE","MALE"],"MIN_VALUE":[1,4],"P10_VALUE":[13,16],"P25_VALUE":[20,24],"MEDIAN_VALUE":[36,46],"P75_VALUE":[71,64],"P90_VALUE":[76,80],"MAX_VALUE":[89,94]}}
