{"PREVALENCE_BY_GENDER_AGE_YEAR":{"TRELLIS_NAME":["80-89","70-79","60-69","50-59","90-99","10-19","40-49","30-39","20-29","60-69","50-59","0-9","10-19","30-39","40-49","20-29","70-79","80-89","0-9","90-99"],"SERIES_NAME":["FEMALE","FEMALE","FEMALE","FEMALE","FEMALE","MALE","MALE","MALE","MALE","MALE","MALE","MALE","FEMALE","FEMALE","FEMALE","FEMALE","MALE","MALE","FEMALE","MALE"],"X_CALENDAR_YEAR":[2019,2019,2019,2019,2019,2019,2019,2019,2019,2019,2019,2019,2019,2019,2019,2019,2019,2019,2019,2019],"Y_PREVALENCE_1000PP":[8.06916,5.55967,5.13699,4.78053,8.91862,8.24931,5.70426,5.76174,6.40377,6.92308,5.13422,5.79581,7.65195,7.81504,8.70807,7.1607,6.83501,7.17835,9.46571,5.69801]},"PREVALENCE_BY_MONTH":{"X_CALENDAR_MONTH":[201901,201902,201903,201904,201905,201906,201907,201908,201909,201910,201911,201912],"Y_PREVALENCE_1000PP":[0.67,0.48,0.51,0.69,0.59,0.44,0.59,0.46,0.48,0.66,0.58,0.6]},"CONDITIONS_BY_TYPE":{"CONCEPT_NAME":"Claim","COUNT_VALUE":3652},"AGE_AT_FIRST_DIAGNOSIS":{"CATEGORY":["No matching concept","MALE","FEMALE"],"MIN_VALUE":[2,0,0],"P10_VALUE":[8,12,8],"P25_VALUE":[24,23,23],"MEDIAN_VALUE":[46,44,40],"P75_VALUE":[70,65,59],"P90_VALUE":[84,77,77],"MAX_VALUE":[89,98,99]}}
