{"PREVALENCE_BY_GENDER_AGE_YEAR":{"TRELLIS_NAME":["60-69","80-89","70-79","50-59","40-49","0-9","30-39","90-99","70-79","60-69","80-89","10-19","20-29","30-39","50-59","10-19","20-29","0-9","40-49"],"SERIES_NAME":["FEMALE","FEMALE","FEMALE","FEMALE","FEMALE","FEMALE","FEMALE","MALE","MALE","MALE","MALE","FEMALE","FEMALE","MALE","MALE","MALE","MALE","MALE","MALE"],"X_CALENDAR_YEAR":[2019,2019,2019,2019,2019,2019,2019,2019,2019,2019,2019,2019,2019,2019,2019,2019,2019,2019,2019],"Y_PREVALENCE_1000PP":[6.05144,6.34371,6.28814,4.92611,4.71766,5.89474,5.36498,6.30372,3.99391,4.06032,3.31309,5.2459,4.00534,3.56537,3.22959,4.59137,5.55369,5.79065,4.38404]},"PREVALENCE_BY_MONTH":{"X_CALENDAR_MONTH":[201901,201902,201903,201904,201905,201906,201907,201908,201909,201910,201911,201912],"Y_PREVALENCE_1000PP":[0.53,0.38,0.45,0.21,0.22,0.32,0.4,0.49,0.43,0.58,0.36,0.4]},"CONDITIONS_BY_TYPE":{"CONCEPT_NAME":"Claim","COUNT_VALUE":635},"AGE_AT_FIRST_DIAGNOSIS":{"CATEGORY":["No matching concept","MALE","FEMALE"],"MIN_VALUE":[7,0,0],"P10_VALUE":[7,7,8],"P25_VALUE":[22,22,24],"MEDIAN_VALUE":[48,41,45],"P75_VALUE":[52,65,65],"P90_VALUE":[79,75,78],"MAX_VALUE":[79,99,99]}}
