{"PREVALENCE_BY_GENDER_AGE_YEAR":{"TRELLIS_NAME":["80-89","60-69","90-99","50-59","70-79","20-29","30-39","40-49","70-79","0-9","10-19","30-39","0-9","60-69","50-59","10-19","40-49","20-29"],"SERIES_NAME":["FEMALE","FEMALE","FEMALE","FEMALE","FEMALE","FEMALE","FEMALE","FEMALE","MALE","FEMALE","FEMALE","MALE","MALE","MALE","MALE","MALE","MALE","MALE"],"X_CALENDAR_YEAR":[2019,2019,2019,2019,2019,2019,2019,2019,2019,2019,2019,2019,2019,2019,2019,2019,2019,2019],"Y_PREVALENCE_1000PP":[3.45821,2.47336,4.45931,3.91134,2.59451,2.9975,3.25627,3.56888,4.9364,3.36559,4.15391,4.06711,3.34374,2.69231,3.22723,3.20807,3.07152,4.04449]},"PREVALENCE_BY_MONTH":{"X_CALENDAR_MONTH":[201901,201902,201903,201904,201905,201906,201907,201908,201909,201910,201911,201912],"Y_PREVALENCE_1000PP":[0.25,0.23,0.17,0.39,0.28,0.35,0.33,0.27,0.32,0.35,0.29,0.17]},"CONDITIONS_BY_TYPE":{"CONCEPT_NAME":"Claim","COUNT_VALUE":1828},"AGE_AT_FIRST_DIAGNOSIS":{"CATEGORY":["FEMALE","MALE"],"MIN_VALUE":[0,0],"P10_VALUE":[10,10],"P25_VALUE":[25,26],"MEDIAN_VALUE":[43,42],"P75_VALUE":[59,65],"P90_VALUE":[78,76],"MAX_VALUE":[98,97]}}
