{"PREVALENCE_BY_GENDER_AGE_YEAR":{"TRELLIS_NAME":["80-89","90-99","10-19","20-29","0-9","70-79","30-39","40-49","50-59","10-19","30-39","40-49","20-29","0-9","60-69","50-59","80-89","90-99","70-79","60-69"],"SERIES_NAME":["MALE","MALE","FEMALE","FEMALE","FEMALE","MALE","FEMALE","FEMALE","MALE","MALE","MALE","MALE","MALE","MALE","MALE","FEMALE","FEMALE","FEMALE","FEMALE","FEMALE"],"X_CALENDAR_YEAR":[2019,2019,2019,2019,2019,2019,2019,2019,2019,2019,2019,2019,2019,2019,2019,2019,2019,2019,2019,2019],"Y_PREVALENCE_1000PP":[3.31309,4.01146,3.93443,4.6729,6.52632,3.99391,4.71468,5.57541,2.936,2.29568,5.26316,5.55312,4.37563,3.78619,3.86698,4.49145,4.61361,6.66297,3.88385,3.97126]},"PREVALENCE_BY_MONTH":{"X_CALENDAR_MONTH":[201901,201902,201903,201904,201905,201906,201907,201908,201909,201910,201911,201912],"Y_PREVALENCE_1000PP":[0.4,0.31,0.32,0.36,0.35,0.32,0.43,0.35,0.41,0.4,0.35,0.4]},"CONDITIONS_BY_TYPE":{"CONCEPT_NAME":"Claim","COUNT_VALUE":588},"AGE_AT_FIRST_DIAGNOSIS":{"CATEGORY":["FEMALE","No matching concept","MALE"],"MIN_VALUE":[0,38,0],"P10_VALUE":[7,38,10],"P25_VALUE":[24,45,26],"MEDIAN_VALUE":[44,59,43],"P75_VALUE":[61,74,63],"P90_VALUE":[77,78,76],"MAX_VALUE":[98,78,99]}}
