{"PREVALENCE_BY_GENDER_AGE_YEAR":{"TRELLIS_NAME":["80-89","20-29","70-79","10-19","0-9","40-49","90-99","30-39","70-79","90-99","80-89","60-69","50-59","10-19","0-9","50-59","40-49","30-39","60-69","20-29"],"SERIES_NAME":["MALE","FEMALE","MALE","FEMALE","FEMALE","FEMALE","MALE","FEMALE","FEMALE","FEMALE","FEMALE","FEMALE","FEMALE","MALE","MALE","MALE","MALE","MALE","MALE","MALE"],"X_CALENDAR_YEAR":[2019,2019,2019,2019,2019,2019,2019,2019,2019,2019,2019,2019,2019,2019,2019,2019,2019,2019,2019,2019],"Y_PREVALENCE_1000PP":[4.96963,4.1632,4.9364,4.59117,2.52419,4.85368,5.12821,4.07034,5.55967,3.9019,4.03458,3.61492,6.66377,4.8121,5.57289,3.81399,4.53415,5.25335,3.26923,5.89821]},"PREVALENCE_BY_MONTH":{"X_CALENDAR_MONTH":[201901,201902,201903,201904,201905,201906,201907,201908,201909,201910,201911,201912],"Y_PREVALENCE_1000PP":[0.39,0.3,0.34,0.48,0.33,0.39,0.51,0.41,0.37,0.39,0.39,0.34]},"CONDITIONS_BY_TYPE":{"CONCEPT_NAME":"Claim","COUNT_VALUE":2428},"AGE_AT_FIRST_DIAGNOSIS":{"CATEGORY":["No matching concept","FEMALE","MALE"],"MIN_VALUE":[8,0,1],"P10_VALUE":[8,17,8],"P25_VALUE":[17,28,23],"MEDIAN_VALUE":[38,48,40],"P75_VALUE":[69,65,62],"P90_VALUE":[79,76,79],"MAX_VALUE":[79,99,99]}}
