{"PREVALENCE_BY_GENDER_AGE_YEAR":{"TRELLIS_NAME":["70-79","60-69","30-39","70-79","40-49","0-9","20-29","40-49","50-59","30-39","10-19","60-69"],"SERIES_NAME":["FEMALE","FEMALE","FEMALE","MALE","FEMALE","FEMALE","FEMALE","MALE","MALE","MALE","MALE","MALE"],"X_CALENDAR_YEAR":[2019,2019,2019,2019,2019,2019,2019,2019,2019,2019,2019,2019],"Y_PREVALENCE_1000PP":[1.29462,1.70197,1.62575,1.71168,1.85847,1.68421,2.33645,1.75362,1.3212,1.52801,2.29568,1.93349]},"PREVALENCE_BY_MONTH":{"X_CALENDAR_MONTH":[201901,201902,201903,201904,201905,201906,201907,201908,201909,201910,201911,201912],"Y_PREVALENCE_1000PP":[0.13,0.14,0.18,0.11,0.13,0.1,0.11,0.14,0.09,0.12,0.1,0.15]},"CONDITIONS_BY_TYPE":{"CONCEPT_NAME":"Claim","COUNT_VALUE":205},"AGE_AT_FIRST_DIAGNOSIS":{"CATEGORY":["FEMALE","MALE"],"MIN_VALUE":[2,1],"P10_VALUE":[8,12],"P25_VALUE":[24,28],"MEDIAN_VALUE":[40,45],"P75_VALUE":[63,65],"P90_VALUE":[75,79],"MAX_VALUE":[95,95]}}
