{"PREVALENCE_BY_GENDER_AGE_YEAR":{"TRELLIS_NAME":["40-49","70-79","20-29","80-89","0-9","30-39","10-19","50-59","60-69","0-9","40-49","20-29","10-19","30-39","50-59","70-79","60-69","90-99"],"SERIES_NAME":["FEMALE","MALE","FEMALE","MALE","FEMALE","FEMALE","FEMALE","MALE","MALE","MALE","MALE","MALE","MALE","MALE","FEMALE","FEMALE","FEMALE","FEMALE"],"X_CALENDAR_YEAR":[2019,2019,2019,2019,2019,2019,2019,2019,2019,2019,2019,2019,2019,2019,2019,2019,2019,2019],"Y_PREVALENCE_1000PP":[1.99857,2.84792,2.83097,3.31309,2.31384,2.4422,1.96764,2.34707,2.30769,2.8979,1.75516,1.51668,3.66636,2.20302,3.47675,2.77984,2.09285,6.13155]},"PREVALENCE_BY_MONTH":{"X_CALENDAR_MONTH":[201901,201902,201903,201904,201905,201906,201907,201908,201909,201910,201911,201912],"Y_PREVALENCE_1000PP":[0.26,0.16,0.15,0.27,0.19,0.24,0.23,0.26,0.23,0.17,0.14,0.23]},"CONDITIONS_BY_TYPE":{"CONCEPT_NAME":"Claim","COUNT_VALUE":1328},"AGE_AT_FIRST_DIAGNOSIS":{"CATEGORY":["FEMALE","MALE","No matching concept"],"MIN_VALUE":[0,1,4],"P10_VALUE":[13,8,4],"P25_VALUE":[28,19,9],"MEDIAN_VALUE":[49,45,17],"P75_VALUE":[67,64,39],"P90_VALUE":[86,77,56],"MAX_VALUE":[99,94,56]}}
