{"PREVALENCE_BY_GENDER_AGE_YEAR":{"TRELLIS_NAME":["20-29","50-59","0-9","10-19","60-69","40-49","30-39","50-59","60-69","80-89","70-79","30-39","0-9","90-99","80-89","40-49","70-79","10-19","20-29"],"SERIES_NAME":["MALE","MALE","MALE","MALE","MALE","MALE","MALE","FEMALE","FEMALE","FEMALE","FEMALE","FEMALE","FEMALE","MALE","MALE","FEMALE","MALE","FEMALE","FEMALE"],"X_CALENDAR_YEAR":[2019,2019,2019,2019,2019,2019,2019,2019,2019,2019,2019,2019,2019,2019,2019,2019,2019,2019,2019],"Y_PREVALENCE_1000PP":[4.20734,4.55079,6.68151,5.05051,7.15391,4.96858,6.45161,5.36076,5.29501,4.61361,3.51396,6.99073,7.36842,3.4384,4.41745,5.86133,5.32522,5.02732,3.33778]},"PREVALENCE_BY_MONTH":{"X_CALENDAR_MONTH":[201901,201902,201903,201904,201905,201906,201907,201908,201909,201910,201911,201912],"Y_PREVALENCE_1000PP":[0.61,0.42,0.32,0.39,0.39,0.49,0.55,0.5,0.41,0.41,0.3,0.48]},"CONDITIONS_BY_TYPE":{"CONCEPT_NAME":"Claim","COUNT_VALUE":717},"AGE_AT_FIRST_DIAGNOSIS":{"CATEGORY":["MALE","No matching concept","FEMALE"],"MIN_VALUE":[0,0,0],"P10_VALUE":[8,0,8],"P25_VALUE":[24,2,23],"MEDIAN_VALUE":[45,51,42],"P75_VALUE":[64,67,58],"P90_VALUE":[76,99,73],"MAX_VALUE":[99,99,98]}}
