{"PREVALENCE_BY_GENDER_AGE_YEAR":{"TRELLIS_NAME":["10-19","30-39","70-79","0-9","20-29","40-49","70-79","60-69","50-59","20-29","40-49","60-69","50-59","30-39","0-9"],"SERIES_NAME":["FEMALE","FEMALE","MALE","FEMALE","FEMALE","FEMALE","FEMALE","FEMALE","FEMALE","MALE","MALE","MALE","MALE","MALE","MALE"],"X_CALENDAR_YEAR":[2019,2019,2019,2019,2019,2019,2019,2019,2019,2019,2019,2019,2019,2019,2019],"Y_PREVALENCE_1000PP":[1.96721,3.73923,2.28224,1.89474,2.00267,3.00214,2.21935,2.08018,2.46305,2.86099,1.75362,2.70688,2.0552,2.20713,2.00445]},"PREVALENCE_BY_MONTH":{"X_CALENDAR_MONTH":[201901,201902,201903,201904,201905,201906,201907,201908,201909,201910,201911,201912],"Y_PREVALENCE_1000PP":[0.2,0.16,0.2,0.29,0.17,0.25,0.22,0.17,0.12,0.2,0.23,0.13]},"CONDITIONS_BY_TYPE":{"CONCEPT_NAME":"Claim","COUNT_VALUE":306},"AGE_AT_FIRST_DIAGNOSIS":{"CATEGORY":["No matching concept","FEMALE","MALE"],"MIN_VALUE":[16,0,0],"P10_VALUE":[16,12,19],"P25_VALUE":[22,30,25],"MEDIAN_VALUE":[39,43,48],"P75_VALUE":[61,59,67],"P90_VALUE":[74,74,79],"MAX_VALUE":[74,94,99]}}
