{"PREVALENCE_BY_GENDER_AGE_YEAR":{"TRELLIS_NAME":["30-39","0-9","40-49","0-9","40-49","60-69","30-39","50-59"],"SERIES_NAME":["FEMALE","FEMALE","FEMALE","MALE","MALE","MALE","MALE","FEMALE"],"X_CALENDAR_YEAR":[2019,2019,2019,2019,2019,2019,2019,2019],"Y_PREVALENCE_1000PP":[1.46318,1.89474,1.14367,1.3363,1.46135,1.16009,1.35823,1.30397]},"PREVALENCE_BY_MONTH":{"X_CALENDAR_MONTH":[201901,201902,201903,201904,201905,201906,201907,201908,201910,201912],"Y_PREVALENCE_1000PP":[0.13,0.12,0.08,0.12,0.09,0.09,0.14,0.08,0.1,0.08]},"CONDITIONS_BY_TYPE":{"CONCEPT_NAME":"Claim","COUNT_VALUE":148},"AGE_AT_FIRST_DIAGNOSIS":{"CATEGORY":["FEMALE","MALE"],"MIN_VALUE":[1,0],"P10_VALUE":[4,9],"P25_VALUE":[19,27],"MEDIAN_VALUE":[39,42],"P75_VALUE":[56,65],"P90_VALUE":[71,76],"MAX_VALUE":[87,89]}}
