{"PREVALENCE_BY_GENDER_AGE_YEAR":{"TRELLIS_NAME":["50-59","40-49","30-39","70-79","60-69","0-9"],"SERIES_NAME":["FEMALE","FEMALE","FEMALE","MALE","MALE","MALE"],"X_CALENDAR_YEAR":[2019,2019,2019,2019,2019,2019],"Y_PREVALENCE_1000PP":[1.15908,0.85776,1.3006,1.14112,1.35344,1.55902]},"PREVALENCE_BY_MONTH":{"X_CALENDAR_MONTH":[201903,201905,201906,201907,201908,201909,201910,201911,201912],"Y_PREVALENCE_1000PP":[0.08,0.06,0.06,0.06,0.1,0.09,0.09,0.07,0.09]},"CONDITIONS_BY_TYPE":{"CONCEPT_NAME":"Claim","COUNT_VALUE":111},"AGE_AT_FIRST_DIAGNOSIS":{"CATEGORY":["FEMALE","MALE"],"MIN_VALUE":[6,1],"P10_VALUE":[21,6],"P25_VALUE":[32,18],"MEDIAN_VALUE":[48,41],"P75_VALUE":[60,66],"P90_VALUE":[75,77],"MAX_VALUE":[98,99]}}
