{"PREVALENCE_BY_GENDER_AGE_YEAR":{"TRELLIS_NAME":["10-19","0-9","50-59","20-29","60-69","40-49","30-39","50-59","70-79","60-69","10-19","30-39","70-79","0-9","40-49","20-29","80-89"],"SERIES_NAME":["MALE","MALE","MALE","MALE","MALE","MALE","MALE","FEMALE","FEMALE","FEMALE","FEMALE","FEMALE","MALE","FEMALE","FEMALE","FEMALE","MALE"],"X_CALENDAR_YEAR":[2019,2019,2019,2019,2019,2019,2019,2019,2019,2019,2019,2019,2019,2019,2019,2019,2019],"Y_PREVALENCE_1000PP":[2.52062,4.45831,3.22723,2.52781,2.30769,2.04768,3.05033,2.75243,2.22387,3.99543,1.96764,2.76783,3.22764,2.31384,3.28337,2.9975,3.31309]},"PREVALENCE_BY_MONTH":{"X_CALENDAR_MONTH":[201901,201902,201903,201904,201905,201906,201907,201908,201909,201910,201911,201912],"Y_PREVALENCE_1000PP":[0.3,0.25,0.16,0.31,0.22,0.21,0.27,0.28,0.18,0.24,0.13,0.23]},"CONDITIONS_BY_TYPE":{"CONCEPT_NAME":"Claim","COUNT_VALUE":1508},"AGE_AT_FIRST_DIAGNOSIS":{"CATEGORY":["FEMALE","MALE"],"MIN_VALUE":[0,0],"P10_VALUE":[15,7],"P25_VALUE":[27,22],"MEDIAN_VALUE":[45,47],"P75_VALUE":[63,64],"P90_VALUE":[75,77],"MAX_VALUE":[90,98]}}
