{"PREVALENCE_BY_GENDER_AGE_YEAR":{"TRELLIS_NAME":["90-99","0-9","80-89","70-79","40-49","10-19","30-39","20-29","60-69","50-59","80-89","90-99","70-79","20-29","30-39","60-69","10-19","0-9","50-59","40-49"],"SERIES_NAME":["MALE","FEMALE","MALE","MALE","FEMALE","FEMALE","FEMALE","FEMALE","FEMALE","FEMALE","FEMALE","FEMALE","FEMALE","MALE","MALE","MALE","MALE","MALE","MALE","MALE"],"X_CALENDAR_YEAR":[2019,2019,2019,2019,2019,2019,2019,2019,2019,2019,2019,2019,2019,2019,2019,2019,2019,2019,2019,2019],"Y_PREVALENCE_1000PP":[11.96581,19.14178,16.01325,17.65711,19.55746,18.5833,17.58385,15.82015,18.07458,19.70158,18.4438,19.50948,19.64418,20.89653,17.45467,16.73077,22.91476,19.39367,19.06997,16.08893]},"PREVALENCE_BY_MONTH":{"X_CALENDAR_MONTH":[201901,201902,201903,201904,201905,201906,201907,201908,201909,201910,201911,201912],"Y_PREVALENCE_1000PP":[1.85,1.49,1.33,1.73,1.64,1.41,1.7,1.48,1.49,1.9,1.17,1.32]},"CONDITIONS_BY_TYPE":{"CONCEPT_NAME":"Claim","COUNT_VALUE":9948},"AGE_AT_FIRST_DIAGNOSIS":{"CATEGORY":["No matching concept","FEMALE","MALE"],"MIN_VALUE":[1,0,0],"P10_VALUE":[16,10,10],"P25_VALUE":[27,26,23],"MEDIAN_VALUE":[49,46,42],"P75_VALUE":[63,64,60],"P90_VALUE":[77,77,76],"MAX_VALUE":[94,99,99]}}
