{"PREVALENCE_BY_GENDER_AGE_YEAR":{"TRELLIS_NAME":["50-59","60-69","80-89","90-99","70-79","40-49","60-69","20-29","30-39","0-9","10-19","50-59","0-9","70-79","20-29","90-99","10-19","80-89","30-39","40-49"],"SERIES_NAME":["FEMALE","FEMALE","FEMALE","FEMALE","FEMALE","MALE","MALE","MALE","MALE","MALE","MALE","MALE","FEMALE","MALE","FEMALE","MALE","FEMALE","MALE","FEMALE","FEMALE"],"X_CALENDAR_YEAR":[2019,2019,2019,2019,2019,2019,2019,2019,2019,2019,2019,2019,2019,2019,2019,2019,2019,2019,2019,2019],"Y_PREVALENCE_1000PP":[15.79252,13.80484,8.07382,11.66019,14.98058,16.07482,12.18097,14.64153,14.26146,15.14477,14.92195,13.79918,14.94737,12.93267,13.51802,10.31519,15.30055,16.01325,14.95692,13.15225]},"PREVALENCE_BY_MONTH":{"X_CALENDAR_MONTH":[201901,201902,201903,201904,201905,201906,201907,201908,201909,201910,201911,201912],"Y_PREVALENCE_1000PP":[1.23,0.99,1.15,1.28,1.03,1.21,1.33,1.19,1.18,1.35,1.09,1.12]},"CONDITIONS_BY_TYPE":{"CONCEPT_NAME":"Claim","COUNT_VALUE":1923},"AGE_AT_FIRST_DIAGNOSIS":{"CATEGORY":["MALE","No matching concept","FEMALE"],"MIN_VALUE":[0,1,0],"P10_VALUE":[10,3,9],"P25_VALUE":[23,15,23],"MEDIAN_VALUE":[43,44,44],"P75_VALUE":[61,60,61],"P90_VALUE":[77,69,76],"MAX_VALUE":[98,70,99]}}
