{"PREVALENCE_BY_GENDER_AGE_YEAR":{"TRELLIS_NAME":["30-39","30-39","50-59","60-69"],"SERIES_NAME":["FEMALE","MALE","FEMALE","FEMALE"],"X_CALENDAR_YEAR":[2019,2019,2019,2019],"Y_PREVALENCE_1000PP":[1.13969,1.18624,1.15892,1.71233]},"PREVALENCE_BY_MONTH":{"X_CALENDAR_MONTH":[201903,201904,201906,201907,201908,201910,201911],"Y_PREVALENCE_1000PP":[0.06,0.07,0.08,0.09,0.07,0.14,0.06]},"CONDITIONS_BY_TYPE":{"CONCEPT_NAME":"Claim","COUNT_VALUE":424},"AGE_AT_FIRST_DIAGNOSIS":{"CATEGORY":["MALE","FEMALE"],"MIN_VALUE":[2,2],"P10_VALUE":[7,10],"P25_VALUE":[27,28],"MEDIAN_VALUE":[38,50],"P75_VALUE":[55,62],"P90_VALUE":[76,87],"MAX_VALUE":[95,99]}}
