{"PREVALENCE_BY_GENDER_AGE_YEAR":{"TRELLIS_NAME":["10-19","20-29","40-49","0-9","30-39","60-69","50-59","80-89","70-79","50-59","90-99","60-69","90-99","0-9","80-89","20-29","40-49","70-79","30-39","10-19"],"SERIES_NAME":["MALE","MALE","MALE","MALE","MALE","MALE","MALE","FEMALE","FEMALE","FEMALE","FEMALE","FEMALE","MALE","FEMALE","MALE","FEMALE","FEMALE","MALE","FEMALE","FEMALE"],"X_CALENDAR_YEAR":[2019,2019,2019,2019,2019,2019,2019,2019,2019,2019,2019,2019,2019,2019,2019,2019,2019,2019,2019,2019],"Y_PREVALENCE_1000PP":[38.72594,43.8153,39.05222,39.45609,35.0788,37.11538,40.63371,40.34582,42.0682,37.66478,32.8874,42.23744,38.74644,39.75599,33.13087,41.96503,42.96931,38.16214,40.21491,37.60385]},"PREVALENCE_BY_MONTH":{"X_CALENDAR_MONTH":[201901,201902,201903,201904,201905,201906,201907,201908,201909,201910,201911,201912],"Y_PREVALENCE_1000PP":[3.68,2.96,3.16,3.82,3.28,2.82,3.8,3.4,2.92,3.84,3.31,3.14]},"CONDITIONS_BY_TYPE":{"CONCEPT_NAME":"Claim","COUNT_VALUE":21680},"AGE_AT_FIRST_DIAGNOSIS":{"CATEGORY":["FEMALE","No matching concept","MALE"],"MIN_VALUE":[0,1,0],"P10_VALUE":[10,10,10],"P25_VALUE":[25,23,24],"MEDIAN_VALUE":[44,40,44],"P75_VALUE":[62,63,62],"P90_VALUE":[77,74,77],"MAX_VALUE":[99,99,99]}}
