{"PREVALENCE_BY_GENDER_AGE_YEAR":{"TRELLIS_NAME":["70-79","60-69","40-49","90-99","50-59","80-89","60-69","30-39","70-79","10-19","20-29","90-99","0-9","80-89","0-9","10-19","50-59","30-39","20-29","40-49"],"SERIES_NAME":["FEMALE","FEMALE","FEMALE","FEMALE","FEMALE","FEMALE","MALE","FEMALE","MALE","FEMALE","FEMALE","MALE","FEMALE","MALE","MALE","MALE","MALE","MALE","MALE","MALE"],"X_CALENDAR_YEAR":[2019,2019,2019,2019,2019,2019,2019,2019,2019,2019,2019,2019,2019,2019,2019,2019,2019,2019,2019,2019],"Y_PREVALENCE_1000PP":[8.71016,9.51294,6.70949,7.24638,7.96755,9.2219,7.11538,6.51254,11.01196,8.30783,9.15903,6.26781,6.31048,4.41745,6.91039,8.24931,6.74784,7.45636,8.76306,10.6772]},"PREVALENCE_BY_MONTH":{"X_CALENDAR_MONTH":[201901,201902,201903,201904,201905,201906,201907,201908,201909,201910,201911,201912],"Y_PREVALENCE_1000PP":[0.76,0.6,0.6,0.88,0.68,0.56,0.74,0.58,0.54,0.79,0.62,0.68]},"CONDITIONS_BY_TYPE":{"CONCEPT_NAME":"Claim","COUNT_VALUE":4352},"AGE_AT_FIRST_DIAGNOSIS":{"CATEGORY":["No matching concept","FEMALE","MALE"],"MIN_VALUE":[8,0,0],"P10_VALUE":[17,12,13],"P25_VALUE":[26,26,25],"MEDIAN_VALUE":[64,47,45],"P75_VALUE":[77,65,65],"P90_VALUE":[78,77,76],"MAX_VALUE":[92,99,99]}}
