{"PREVALENCE_BY_GENDER_AGE_YEAR":{"TRELLIS_NAME":["0-9","10-19","40-49","30-39","20-29","70-79","50-59","0-9","60-69","30-39","20-29","10-19","40-49","80-89","60-69","70-79","90-99","50-59"],"SERIES_NAME":["FEMALE","FEMALE","FEMALE","FEMALE","FEMALE","MALE","MALE","MALE","MALE","MALE","MALE","MALE","MALE","FEMALE","FEMALE","FEMALE","FEMALE","FEMALE"],"X_CALENDAR_YEAR":[2019,2019,2019,2019,2019,2019,2019,2019,2019,2019,2019,2019,2019,2019,2019,2019,2019,2019],"Y_PREVALENCE_1000PP":[3.57594,3.27941,3.42612,3.25627,3.66361,3.41751,2.20038,3.78957,2.30769,3.89764,2.52781,2.74977,2.48647,4.03458,2.85388,3.52113,3.9019,3.18702]},"PREVALENCE_BY_MONTH":{"X_CALENDAR_MONTH":[201901,201902,201903,201904,201905,201906,201907,201908,201909,201910,201911,201912],"Y_PREVALENCE_1000PP":[0.29,0.26,0.2,0.24,0.3,0.35,0.34,0.2,0.3,0.26,0.17,0.16]},"CONDITIONS_BY_TYPE":{"CONCEPT_NAME":"Claim","COUNT_VALUE":1640},"AGE_AT_FIRST_DIAGNOSIS":{"CATEGORY":["MALE","No matching concept","FEMALE"],"MIN_VALUE":[2,9,0],"P10_VALUE":[9,9,7],"P25_VALUE":[22,22,24],"MEDIAN_VALUE":[39,32,43],"P75_VALUE":[59,61,65],"P90_VALUE":[71,91,79],"MAX_VALUE":[87,91,99]}}
