{"PREVALENCE_BY_GENDER_AGE_YEAR":{"TRELLIS_NAME":["80-89","40-49","70-79","60-69","50-59","50-59","10-19","40-49","20-29","0-9","30-39","70-79","0-9","60-69","30-39","10-19","20-29"],"SERIES_NAME":["FEMALE","FEMALE","FEMALE","FEMALE","FEMALE","MALE","MALE","MALE","MALE","MALE","MALE","MALE","FEMALE","MALE","FEMALE","FEMALE","FEMALE"],"X_CALENDAR_YEAR":[2019,2019,2019,2019,2019,2019,2019,2019,2019,2019,2019,2019,2019,2019,2019,2019,2019],"Y_PREVALENCE_1000PP":[4.03691,2.71623,2.77418,2.83661,2.17328,2.0552,2.75482,1.89975,3.02928,2.22717,2.71647,2.09205,1.68421,3.09358,2.11348,3.49727,1.66889]},"PREVALENCE_BY_MONTH":{"X_CALENDAR_MONTH":[201901,201902,201903,201904,201905,201906,201907,201908,201909,201910,201911,201912],"Y_PREVALENCE_1000PP":[0.22,0.13,0.13,0.33,0.26,0.13,0.28,0.21,0.18,0.19,0.14,0.2]},"CONDITIONS_BY_TYPE":{"CONCEPT_NAME":"Claim","COUNT_VALUE":317},"AGE_AT_FIRST_DIAGNOSIS":{"CATEGORY":["FEMALE","MALE"],"MIN_VALUE":[0,1],"P10_VALUE":[13,11],"P25_VALUE":[27,23],"MEDIAN_VALUE":[46,42],"P75_VALUE":[67,64],"P90_VALUE":[79,74],"MAX_VALUE":[95,94]}}
