{"PREVALENCE_BY_GENDER_AGE_YEAR":{"TRELLIS_NAME":["30-39","10-19","50-59","20-29","0-9","30-39","40-49"],"SERIES_NAME":["FEMALE","FEMALE","FEMALE","MALE","MALE","MALE","MALE"],"X_CALENDAR_YEAR":[2019,2019,2019,2019,2019,2019,2019],"Y_PREVALENCE_1000PP":[1.46532,1.31176,0.86919,1.01112,1.78333,1.3557,1.02384]},"PREVALENCE_BY_MONTH":{"X_CALENDAR_MONTH":[201904,201905,201906,201907,201908,201909,201910],"Y_PREVALENCE_1000PP":[0.07,0.06,0.12,0.12,0.07,0.09,0.12]},"CONDITIONS_BY_TYPE":{"CONCEPT_NAME":"Claim","COUNT_VALUE":452},"AGE_AT_FIRST_DIAGNOSIS":{"CATEGORY":["FEMALE","MALE"],"MIN_VALUE":[2,0],"P10_VALUE":[13,5],"P25_VALUE":[26,22],"MEDIAN_VALUE":[39,38],"P75_VALUE":[64,57],"P90_VALUE":[71,78],"MAX_VALUE":[98,95]}}
