{"PREVALENCE_BY_GENDER_AGE_YEAR":{"TRELLIS_NAME":["80-89","0-9","70-79","30-39","10-19","20-29","30-39","10-19","0-9","40-49","20-29","60-69","50-59","50-59","40-49","60-69"],"SERIES_NAME":["MALE","FEMALE","MALE","FEMALE","FEMALE","FEMALE","MALE","MALE","MALE","MALE","MALE","MALE","MALE","FEMALE","FEMALE","FEMALE"],"X_CALENDAR_YEAR":[2019,2019,2019,2019,2019,2019,2019,2019,2019,2019,2019,2019,2019,2019,2019,2019],"Y_PREVALENCE_1000PP":[4.96963,2.31579,2.47242,1.62575,1.96721,2.50334,2.54669,2.06612,3.34076,1.46135,3.87075,1.54679,1.6148,3.47725,3.1451,3.21483]},"PREVALENCE_BY_MONTH":{"X_CALENDAR_MONTH":[201901,201902,201903,201904,201905,201906,201907,201908,201909,201910,201911,201912],"Y_PREVALENCE_1000PP":[0.28,0.15,0.16,0.27,0.17,0.18,0.26,0.11,0.24,0.16,0.19,0.24]},"CONDITIONS_BY_TYPE":{"CONCEPT_NAME":"Claim","COUNT_VALUE":318},"AGE_AT_FIRST_DIAGNOSIS":{"CATEGORY":["No matching concept","FEMALE","MALE"],"MIN_VALUE":[3,0,0],"P10_VALUE":[3,11,5],"P25_VALUE":[25,28,22],"MEDIAN_VALUE":[47,46,35],"P75_VALUE":[63,58,67],"P90_VALUE":[98,69,82],"MAX_VALUE":[98,98,99]}}
