{"PREVALENCE_BY_GENDER_AGE_YEAR":{"TRELLIS_NAME":["50-59","80-89","60-69","50-59","60-69","20-29","0-9","40-49","30-39","10-19","70-79","0-9","80-89","40-49","20-29","30-39"],"SERIES_NAME":["FEMALE","FEMALE","FEMALE","MALE","MALE","MALE","MALE","MALE","MALE","FEMALE","MALE","FEMALE","MALE","FEMALE","FEMALE","FEMALE"],"X_CALENDAR_YEAR":[2019,2019,2019,2019,2019,2019,2019,2019,2019,2019,2019,2019,2019,2019,2019,2019],"Y_PREVALENCE_1000PP":[1.0142,4.03691,2.26929,1.9084,1.35344,2.01952,1.55902,1.75362,1.18846,2.40437,2.28224,2.31579,3.86527,1.57255,1.502,1.62575]},"PREVALENCE_BY_MONTH":{"X_CALENDAR_MONTH":[201901,201902,201903,201904,201905,201906,201907,201908,201909,201910,201911,201912],"Y_PREVALENCE_1000PP":[0.16,0.11,0.16,0.08,0.12,0.11,0.14,0.2,0.16,0.24,0.16,0.1]},"CONDITIONS_BY_TYPE":{"CONCEPT_NAME":"Claim","COUNT_VALUE":231},"AGE_AT_FIRST_DIAGNOSIS":{"CATEGORY":["FEMALE","MALE"],"MIN_VALUE":[0,0],"P10_VALUE":[9,13],"P25_VALUE":[19,26],"MEDIAN_VALUE":[44,49],"P75_VALUE":[64,70],"P90_VALUE":[82,83],"MAX_VALUE":[97,97]}}
