{"PREVALENCE_BY_GENDER_AGE_YEAR":{"TRELLIS_NAME":["50-59","80-89","60-69","70-79","40-49","10-19","30-39","0-9","80-89","70-79","20-29","0-9","50-59","20-29","60-69","10-19","30-39","40-49"],"SERIES_NAME":["FEMALE","FEMALE","FEMALE","FEMALE","FEMALE","FEMALE","FEMALE","FEMALE","MALE","MALE","FEMALE","MALE","MALE","MALE","MALE","MALE","MALE","MALE"],"X_CALENDAR_YEAR":[2019,2019,2019,2019,2019,2019,2019,2019,2019,2019,2019,2019,2019,2019,2019,2019,2019,2019],"Y_PREVALENCE_1000PP":[3.18702,3.45821,1.33181,2.22387,2.42684,1.96764,1.46532,2.10349,3.31309,3.79723,1.99833,1.56041,2.34707,3.03337,2.30769,1.83318,2.54194,2.04768]},"PREVALENCE_BY_MONTH":{"X_CALENDAR_MONTH":[201901,201902,201903,201904,201905,201906,201907,201908,201909,201910,201911,201912],"Y_PREVALENCE_1000PP":[0.22,0.11,0.22,0.17,0.11,0.19,0.18,0.19,0.2,0.22,0.21,0.3]},"CONDITIONS_BY_TYPE":{"CONCEPT_NAME":"Claim","COUNT_VALUE":1268},"AGE_AT_FIRST_DIAGNOSIS":{"CATEGORY":["No matching concept","MALE","FEMALE"],"MIN_VALUE":[2,0,1],"P10_VALUE":[2,12,10],"P25_VALUE":[7,27,26],"MEDIAN_VALUE":[24,49,46],"P75_VALUE":[40,69,60],"P90_VALUE":[58,77,79],"MAX_VALUE":[58,99,98]}}
