{"PREVALENCE_BY_GENDER_AGE_YEAR":{"TRELLIS_NAME":["70-79","10-19","90-99","60-69","50-59","40-49","30-39"],"SERIES_NAME":["FEMALE","FEMALE","MALE","MALE","MALE","MALE","MALE"],"X_CALENDAR_YEAR":[2019,2019,2019,2019,2019,2019,2019],"Y_PREVALENCE_1000PP":[1.47956,1.31148,3.4384,1.74014,1.0276,1.02294,1.01868]},"PREVALENCE_BY_MONTH":{"X_CALENDAR_MONTH":[201901,201902,201904,201908,201909,201910,201911,201912],"Y_PREVALENCE_1000PP":[0.09,0.08,0.09,0.14,0.07,0.16,0.06,0.09]},"CONDITIONS_BY_TYPE":{"CONCEPT_NAME":"Claim","COUNT_VALUE":115},"AGE_AT_FIRST_DIAGNOSIS":{"CATEGORY":["MALE","FEMALE"],"MIN_VALUE":[1,0],"P10_VALUE":[11,16],"P25_VALUE":[24,25],"MEDIAN_VALUE":[48,41],"P75_VALUE":[68,71],"P90_VALUE":[92,78],"MAX_VALUE":[99,98]}}
