{"PREVALENCE_BY_GENDER_AGE_YEAR":{"TRELLIS_NAME":["60-69","80-89","40-49","90-99","70-79","50-59","70-79","0-9","60-69","80-89","10-19","20-29","30-39","90-99","20-29","0-9","50-59","10-19","30-39","40-49"],"SERIES_NAME":["FEMALE","FEMALE","FEMALE","FEMALE","FEMALE","FEMALE","MALE","FEMALE","MALE","MALE","FEMALE","FEMALE","FEMALE","MALE","MALE","MALE","MALE","MALE","MALE","MALE"],"X_CALENDAR_YEAR":[2019,2019,2019,2019,2019,2019,2019,2019,2019,2019,2019,2019,2019,2019,2019,2019,2019,2019,2019,2019],"Y_PREVALENCE_1000PP":[37.48097,43.80403,45.96717,36.7893,38.54707,44.32855,41.57965,43.33193,35.76923,35.89177,44.38129,42.29808,40.37773,47.29345,41.96158,42.79982,44.15432,45.37122,44.39925,40.80737]},"PREVALENCE_BY_MONTH":{"X_CALENDAR_MONTH":[201901,201902,201903,201904,201905,201906,201907,201908,201909,201910,201911,201912],"Y_PREVALENCE_1000PP":[4.14,2.9,3.45,3.85,3.17,3.19,4.28,3.3,3.38,4.33,2.92,3.68]},"CONDITIONS_BY_TYPE":{"CONCEPT_NAME":"Claim","COUNT_VALUE":22900},"AGE_AT_FIRST_DIAGNOSIS":{"CATEGORY":["FEMALE","MALE","No matching concept"],"MIN_VALUE":[0,0,3],"P10_VALUE":[10,10,14],"P25_VALUE":[25,24,35],"MEDIAN_VALUE":[44,43,51],"P75_VALUE":[61,62,63],"P90_VALUE":[76,77,75],"MAX_VALUE":[99,99,99]}}
