{"PREVALENCE_BY_GENDER_AGE_YEAR":{"TRELLIS_NAME":["90-99","70-79","40-49","60-69","50-59","90-99","20-29","70-79","0-9","30-39","80-89","10-19","10-19","20-29","30-39","0-9","50-59","60-69","40-49"],"SERIES_NAME":["FEMALE","FEMALE","FEMALE","FEMALE","FEMALE","MALE","FEMALE","MALE","FEMALE","FEMALE","MALE","FEMALE","MALE","MALE","MALE","MALE","MALE","MALE","MALE"],"X_CALENDAR_YEAR":[2019,2019,2019,2019,2019,2019,2019,2019,2019,2019,2019,2019,2019,2019,2019,2019,2019,2019,2019],"Y_PREVALENCE_1000PP":[7.80379,4.26242,5.4247,3.42466,4.92539,5.12821,3.49709,5.50598,5.46908,6.18691,5.52181,4.59117,3.20807,5.72969,5.9312,5.12706,4.54745,5.19231,5.41173]},"PREVALENCE_BY_MONTH":{"X_CALENDAR_MONTH":[201901,201902,201903,201904,201905,201906,201907,201908,201909,201910,201911,201912],"Y_PREVALENCE_1000PP":[0.37,0.33,0.36,0.44,0.34,0.4,0.52,0.43,0.3,0.68,0.39,0.37]},"CONDITIONS_BY_TYPE":{"CONCEPT_NAME":"Claim","COUNT_VALUE":2600},"AGE_AT_FIRST_DIAGNOSIS":{"CATEGORY":["FEMALE","MALE","No matching concept"],"MIN_VALUE":[1,0,7],"P10_VALUE":[8,10,7],"P25_VALUE":[26,28,27],"MEDIAN_VALUE":[45,44,40],"P75_VALUE":[59,63,76],"P90_VALUE":[78,77,95],"MAX_VALUE":[99,98,95]}}
