{"PREVALENCE_BY_GENDER_AGE_YEAR":{"TRELLIS_NAME":["70-79","30-39","0-9","10-19","90-99","80-89","20-29","60-69","90-99","80-89","40-49","70-79","50-59","10-19","60-69","20-29","0-9","30-39","40-49","50-59"],"SERIES_NAME":["MALE","FEMALE","FEMALE","FEMALE","MALE","MALE","FEMALE","FEMALE","FEMALE","FEMALE","FEMALE","FEMALE","FEMALE","MALE","MALE","MALE","MALE","MALE","MALE","MALE"],"X_CALENDAR_YEAR":[2019,2019,2019,2019,2019,2019,2019,2019,2019,2019,2019,2019,2019,2019,2019,2019,2019,2019,2019,2019],"Y_PREVALENCE_1000PP":[14.23961,13.02507,12.62095,17.70879,19.94302,16.56543,13.98834,13.88889,16.72241,16.7147,16.84511,15.56709,15.9351,16.49863,16.15385,16.34648,15.15827,15.9295,15.06509,16.7229]},"PREVALENCE_BY_MONTH":{"X_CALENDAR_MONTH":[201901,201902,201903,201904,201905,201906,201907,201908,201909,201910,201911,201912],"Y_PREVALENCE_1000PP":[1.72,1.12,1.25,1.43,1.07,1.23,1.42,1.26,1.04,1.39,1.36,1.35]},"CONDITIONS_BY_TYPE":{"CONCEPT_NAME":"Claim","COUNT_VALUE":8508},"AGE_AT_FIRST_DIAGNOSIS":{"CATEGORY":["MALE","No matching concept","FEMALE"],"MIN_VALUE":[0,0,0],"P10_VALUE":[11,6,11],"P25_VALUE":[25,29,26],"MEDIAN_VALUE":[46,53,44],"P75_VALUE":[64,68,63],"P90_VALUE":[78,93,78],"MAX_VALUE":[98,99,99]}}
