{"PREVALENCE_BY_GENDER_AGE_YEAR":{"TRELLIS_NAME":["50-59","20-29","10-19","40-49","30-39","0-9","60-69","70-79","20-29","90-99","0-9","30-39","80-89","40-49","10-19","60-69","50-59","80-89","90-99","70-79"],"SERIES_NAME":["MALE","MALE","MALE","MALE","MALE","MALE","MALE","MALE","FEMALE","MALE","FEMALE","FEMALE","MALE","FEMALE","FEMALE","FEMALE","FEMALE","FEMALE","FEMALE","FEMALE"],"X_CALENDAR_YEAR":[2019,2019,2019,2019,2019,2019,2019,2019,2019,2019,2019,2019,2019,2019,2019,2019,2019,2019,2019,2019],"Y_PREVALENCE_1000PP":[8.66119,9.59273,9.87144,10.0833,8.14941,8.68597,9.08739,10.07988,10.51402,11.46132,9.89474,10.72996,7.73054,9.57827,10.05464,9.26626,7.53405,9.22722,7.21821,11.09673]},"PREVALENCE_BY_MONTH":{"X_CALENDAR_MONTH":[201901,201902,201903,201904,201905,201906,201907,201908,201909,201910,201911,201912],"Y_PREVALENCE_1000PP":[0.81,0.63,0.92,0.82,0.77,0.74,1.02,0.77,0.65,0.95,0.64,0.79]},"CONDITIONS_BY_TYPE":{"CONCEPT_NAME":"Claim","COUNT_VALUE":1278},"AGE_AT_FIRST_DIAGNOSIS":{"CATEGORY":["MALE","No matching concept","FEMALE"],"MIN_VALUE":[0,0,0],"P10_VALUE":[10,2,10],"P25_VALUE":[26,13,23],"MEDIAN_VALUE":[45,31,42],"P75_VALUE":[64,64,64],"P90_VALUE":[78,84,77],"MAX_VALUE":[99,97,99]}}
