{"PREVALENCE_BY_GENDER_AGE_YEAR":{"TRELLIS_NAME":["20-29","10-19","30-39","50-59","0-9","40-49","90-99","50-59","80-89","40-49","70-79","60-69","70-79","20-29","80-89","10-19","90-99","30-39","60-69","0-9"],"SERIES_NAME":["MALE","MALE","MALE","MALE","MALE","MALE","FEMALE","FEMALE","FEMALE","FEMALE","FEMALE","FEMALE","MALE","FEMALE","MALE","FEMALE","MALE","FEMALE","MALE","FEMALE"],"X_CALENDAR_YEAR":[2019,2019,2019,2019,2019,2019,2019,2019,2019,2019,2019,2019,2019,2019,2019,2019,2019,2019,2019,2019],"Y_PREVALENCE_1000PP":[19.35375,17.21763,20.03396,17.46917,19.15367,20.31273,12.77068,21.73283,19.60784,16.72623,19.78916,18.91074,18.82845,17.69025,18.77416,18.14208,18.33811,20.9722,15.08121,19.78947]},"PREVALENCE_BY_MONTH":{"X_CALENDAR_MONTH":[201901,201902,201903,201904,201905,201906,201907,201908,201909,201910,201911,201912],"Y_PREVALENCE_1000PP":[1.66,1.35,1.41,1.65,1.55,1.58,1.96,1.65,1.4,1.91,1.33,1.4]},"CONDITIONS_BY_TYPE":{"CONCEPT_NAME":"Claim","COUNT_VALUE":2512},"AGE_AT_FIRST_DIAGNOSIS":{"CATEGORY":["No matching concept","MALE","FEMALE"],"MIN_VALUE":[2,0,0],"P10_VALUE":[12,10,10],"P25_VALUE":[31,25,25],"MEDIAN_VALUE":[44,43,45],"P75_VALUE":[62,62,62],"P90_VALUE":[76,77,76],"MAX_VALUE":[90,99,99]}}
