{"PREVALENCE_BY_GENDER_AGE_YEAR":{"TRELLIS_NAME":["50-59","60-69","70-79","0-9","70-79","40-49","30-39","10-19","20-29","20-29","10-19","40-49","30-39","60-69","50-59","0-9"],"SERIES_NAME":["FEMALE","FEMALE","FEMALE","FEMALE","MALE","FEMALE","FEMALE","FEMALE","FEMALE","MALE","MALE","MALE","MALE","MALE","MALE","MALE"],"X_CALENDAR_YEAR":[2019,2019,2019,2019,2019,2019,2019,2019,2019,2019,2019,2019,2019,2019,2019,2019],"Y_PREVALENCE_1000PP":[2.31817,1.13464,1.66451,1.26316,2.47242,1.71551,2.6012,2.40437,1.33511,2.5244,1.60698,2.63043,1.35823,2.12684,1.468,2.00445]},"PREVALENCE_BY_MONTH":{"X_CALENDAR_MONTH":[201901,201902,201903,201904,201905,201906,201907,201908,201909,201910,201911,201912],"Y_PREVALENCE_1000PP":[0.18,0.17,0.16,0.13,0.18,0.16,0.17,0.1,0.17,0.19,0.13,0.14]},"CONDITIONS_BY_TYPE":{"CONCEPT_NAME":"Claim","COUNT_VALUE":254},"AGE_AT_FIRST_DIAGNOSIS":{"CATEGORY":["MALE","FEMALE"],"MIN_VALUE":[0,1],"P10_VALUE":[10,11],"P25_VALUE":[27,22],"MEDIAN_VALUE":[46,42],"P75_VALUE":[67,55],"P90_VALUE":[78,72],"MAX_VALUE":[99,91]}}
