{"PREVALENCE_BY_GENDER_AGE_YEAR":{"TRELLIS_NAME":["30-39","20-29","40-49","10-19","50-59","0-9","20-29","30-39","40-49","70-79","10-19","70-79","50-59","60-69"],"SERIES_NAME":["MALE","MALE","MALE","MALE","MALE","FEMALE","FEMALE","FEMALE","FEMALE","MALE","FEMALE","FEMALE","FEMALE","FEMALE"],"X_CALENDAR_YEAR":[2019,2019,2019,2019,2019,2019,2019,2019,2019,2019,2019,2019,2019,2019],"Y_PREVALENCE_1000PP":[1.01678,1.34816,1.60889,1.60403,1.46692,1.68279,1.83181,1.13969,1.57031,1.13917,1.74902,1.29726,1.59351,1.71233]},"PREVALENCE_BY_MONTH":{"X_CALENDAR_MONTH":[201901,201902,201903,201904,201905,201906,201907,201908,201909,201910,201911,201912],"Y_PREVALENCE_1000PP":[0.14,0.07,0.15,0.19,0.07,0.15,0.14,0.08,0.12,0.09,0.08,0.14]},"CONDITIONS_BY_TYPE":{"CONCEPT_NAME":"Claim","COUNT_VALUE":748},"AGE_AT_FIRST_DIAGNOSIS":{"CATEGORY":["FEMALE","MALE"],"MIN_VALUE":[1,0],"P10_VALUE":[9,16],"P25_VALUE":[20,24],"MEDIAN_VALUE":[43,43],"P75_VALUE":[60,60],"P90_VALUE":[72,77],"MAX_VALUE":[99,95]}}
