{"PREVALENCE_BY_GENDER_AGE_YEAR":{"TRELLIS_NAME":["30-39","40-49","70-79","0-9","40-49","60-69","30-39","20-29","60-69","70-79","50-59"],"SERIES_NAME":["FEMALE","FEMALE","MALE","FEMALE","MALE","MALE","MALE","MALE","FEMALE","FEMALE","FEMALE"],"X_CALENDAR_YEAR":[2019,2019,2019,2019,2019,2019,2019,2019,2019,2019,2019],"Y_PREVALENCE_1000PP":[1.3006,1.71551,1.14112,1.26316,1.16908,1.16009,1.18846,1.17805,1.32375,1.10967,1.30397]},"PREVALENCE_BY_MONTH":{"X_CALENDAR_MONTH":[201901,201904,201905,201906,201907,201908,201909,201910,201911,201912],"Y_PREVALENCE_1000PP":[0.1,0.13,0.09,0.08,0.16,0.09,0.11,0.07,0.11,0.11]},"CONDITIONS_BY_TYPE":{"CONCEPT_NAME":"Claim","COUNT_VALUE":153},"AGE_AT_FIRST_DIAGNOSIS":{"CATEGORY":["FEMALE","No matching concept","MALE"],"MIN_VALUE":[1,20,3],"P10_VALUE":[10,20,13],"P25_VALUE":[31,29,24],"MEDIAN_VALUE":[46,33,44],"P75_VALUE":[63,64,65],"P90_VALUE":[77,92,76],"MAX_VALUE":[96,92,97]}}
