{"PREVALENCE_BY_GENDER_AGE_YEAR":{"TRELLIS_NAME":["60-69","50-59","0-9","40-49","10-19","30-39","20-29","50-59","40-49","60-69","80-89","70-79","80-89","0-9","10-19","20-29","90-99","30-39","70-79"],"SERIES_NAME":["MALE","MALE","MALE","MALE","MALE","MALE","MALE","FEMALE","FEMALE","FEMALE","FEMALE","FEMALE","MALE","FEMALE","FEMALE","FEMALE","MALE","FEMALE","MALE"],"X_CALENDAR_YEAR":[2019,2019,2019,2019,2019,2019,2019,2019,2019,2019,2019,2019,2019,2019,2019,2019,2019,2019,2019],"Y_PREVALENCE_1000PP":[2.51353,3.52319,2.89532,2.92269,3.44353,4.75382,2.35611,2.46305,2.85919,3.02572,3.46021,3.14407,6.07399,1.89474,3.06011,3.33778,4.01146,1.9509,3.42335]},"PREVALENCE_BY_MONTH":{"X_CALENDAR_MONTH":[201901,201902,201903,201904,201905,201906,201907,201908,201909,201910,201911,201912],"Y_PREVALENCE_1000PP":[0.41,0.16,0.25,0.25,0.21,0.18,0.3,0.22,0.24,0.31,0.22,0.29]},"CONDITIONS_BY_TYPE":{"CONCEPT_NAME":"Claim","COUNT_VALUE":410},"AGE_AT_FIRST_DIAGNOSIS":{"CATEGORY":["MALE","FEMALE"],"MIN_VALUE":[0,1],"P10_VALUE":[12,11],"P25_VALUE":[29,25],"MEDIAN_VALUE":[46,46],"P75_VALUE":[66,64],"P90_VALUE":[82,79],"MAX_VALUE":[99,99]}}
