{"PREVALENCE_BY_GENDER_AGE_YEAR":{"TRELLIS_NAME":["70-79","50-59","40-49","60-69","0-9","10-19","20-29","30-39","60-69","50-59","40-49","30-39","20-29"],"SERIES_NAME":["FEMALE","FEMALE","FEMALE","FEMALE","FEMALE","FEMALE","FEMALE","FEMALE","MALE","MALE","MALE","MALE","MALE"],"X_CALENDAR_YEAR":[2019,2019,2019,2019,2019,2019,2019,2019,2019,2019,2019,2019,2019],"Y_PREVALENCE_1000PP":[2.58924,1.73863,2.28735,1.70197,2.10526,1.74863,1.33511,3.08893,2.12684,1.7616,2.04589,2.20713,1.51464]},"PREVALENCE_BY_MONTH":{"X_CALENDAR_MONTH":[201901,201902,201903,201904,201905,201906,201907,201908,201909,201910,201911,201912],"Y_PREVALENCE_1000PP":[0.2,0.1,0.17,0.19,0.15,0.14,0.21,0.1,0.07,0.2,0.11,0.18]},"CONDITIONS_BY_TYPE":{"CONCEPT_NAME":"Claim","COUNT_VALUE":238},"AGE_AT_FIRST_DIAGNOSIS":{"CATEGORY":["FEMALE","MALE"],"MIN_VALUE":[0,0],"P10_VALUE":[10,23],"P25_VALUE":[29,33],"MEDIAN_VALUE":[43,47],"P75_VALUE":[66,63],"P90_VALUE":[77,82],"MAX_VALUE":[97,99]}}
