{"PREVALENCE_BY_GENDER_AGE_YEAR":{"TRELLIS_NAME":["20-29","70-79","50-59","10-19","60-69"],"SERIES_NAME":["FEMALE","MALE","MALE","MALE","FEMALE"],"X_CALENDAR_YEAR":[2019,2019,2019,2019,2019],"Y_PREVALENCE_1000PP":[1.16822,1.52149,0.8808,1.60698,1.32375]},"PREVALENCE_BY_MONTH":{"X_CALENDAR_MONTH":[201901,201904,201905,201906,201907,201909,201910,201912],"Y_PREVALENCE_1000PP":[0.07,0.08,0.08,0.08,0.12,0.1,0.1,0.12]},"CONDITIONS_BY_TYPE":{"CONCEPT_NAME":"Claim","COUNT_VALUE":124},"AGE_AT_FIRST_DIAGNOSIS":{"CATEGORY":["FEMALE","MALE"],"MIN_VALUE":[0,0],"P10_VALUE":[10,12],"P25_VALUE":[22,18],"MEDIAN_VALUE":[42,37],"P75_VALUE":[65,67],"P90_VALUE":[89,74],"MAX_VALUE":[94,94]}}
