{"PREVALENCE_BY_GENDER_AGE_YEAR":{"TRELLIS_NAME":["50-59","60-69","70-79","40-49","0-9","30-39","10-19","20-29","70-79","10-19","30-39","20-29","60-69","0-9","50-59","40-49"],"SERIES_NAME":["FEMALE","FEMALE","FEMALE","FEMALE","FEMALE","FEMALE","FEMALE","FEMALE","MALE","MALE","MALE","MALE","MALE","MALE","MALE","MALE"],"X_CALENDAR_YEAR":[2019,2019,2019,2019,2019,2019,2019,2019,2019,2019,2019,2019,2019,2019,2019,2019],"Y_PREVALENCE_1000PP":[2.4627,3.04414,2.77984,2.28408,2.73454,2.4422,3.06078,2.66445,2.65806,2.06233,1.69463,2.69633,3.07692,2.67499,3.37392,2.92526]},"PREVALENCE_BY_MONTH":{"X_CALENDAR_MONTH":[201901,201902,201903,201904,201905,201906,201907,201908,201909,201910,201911,201912],"Y_PREVALENCE_1000PP":[0.31,0.16,0.22,0.27,0.25,0.2,0.16,0.17,0.16,0.23,0.24,0.27]},"CONDITIONS_BY_TYPE":{"CONCEPT_NAME":"Claim","COUNT_VALUE":1404},"AGE_AT_FIRST_DIAGNOSIS":{"CATEGORY":["MALE","No matching concept","FEMALE"],"MIN_VALUE":[0,2,0],"P10_VALUE":[12,2,10],"P25_VALUE":[27,40,22],"MEDIAN_VALUE":[48,44,44],"P75_VALUE":[62,60,64],"P90_VALUE":[74,70,77],"MAX_VALUE":[98,70,98]}}
