{"PREVALENCE_BY_GENDER_AGE_YEAR":{"TRELLIS_NAME":["10-19","40-49","90-99","20-29","0-9","30-39","80-89","70-79","10-19","40-49","60-69","50-59","30-39","0-9","20-29","80-89","70-79","50-59","90-99","60-69"],"SERIES_NAME":["FEMALE","FEMALE","MALE","FEMALE","FEMALE","FEMALE","MALE","MALE","MALE","MALE","MALE","MALE","MALE","MALE","MALE","FEMALE","FEMALE","FEMALE","FEMALE","FEMALE"],"X_CALENDAR_YEAR":[2019,2019,2019,2019,2019,2019,2019,2019,2019,2019,2019,2019,2019,2019,2019,2019,2019,2019,2019,2019],"Y_PREVALENCE_1000PP":[5.90293,5.99572,9.11681,5.16236,6.31048,4.55878,6.07399,5.8857,6.87443,5.99678,5.57692,5.42761,5.59227,6.01872,6.74082,3.45821,7.4129,6.66377,6.68896,4.94673]},"PREVALENCE_BY_MONTH":{"X_CALENDAR_MONTH":[201901,201902,201903,201904,201905,201906,201907,201908,201909,201910,201911,201912],"Y_PREVALENCE_1000PP":[0.54,0.49,0.44,0.59,0.53,0.41,0.73,0.39,0.44,0.62,0.4,0.38]},"CONDITIONS_BY_TYPE":{"CONCEPT_NAME":"Claim","COUNT_VALUE":3228},"AGE_AT_FIRST_DIAGNOSIS":{"CATEGORY":["MALE","No matching concept","FEMALE"],"MIN_VALUE":[0,1,0],"P10_VALUE":[10,2,9],"P25_VALUE":[23,14,25],"MEDIAN_VALUE":[44,36,46],"P75_VALUE":[64,55,62],"P90_VALUE":[79,75,75],"MAX_VALUE":[99,81,98]}}
