{"PREVALENCE_BY_GENDER_AGE_YEAR":{"TRELLIS_NAME":["0-9","30-39","90-99","10-19","20-29","70-79","60-69","90-99","70-79","40-49","50-59","60-69","80-89","10-19","0-9","30-39","20-29","40-49","50-59"],"SERIES_NAME":["FEMALE","FEMALE","MALE","FEMALE","FEMALE","MALE","MALE","FEMALE","FEMALE","FEMALE","FEMALE","FEMALE","FEMALE","MALE","MALE","MALE","MALE","MALE","MALE"],"X_CALENDAR_YEAR":[2019,2019,2019,2019,2019,2019,2019,2019,2019,2019,2019,2019,2019,2019,2019,2019,2019,2019,2019],"Y_PREVALENCE_1000PP":[4.63158,4.38953,5.73066,5.02732,4.17223,6.08596,4.83372,3.33148,4.99353,3.71694,4.34657,5.1059,5.19031,5.05051,4.23163,4.41426,4.03904,5.99152,4.25719]},"PREVALENCE_BY_MONTH":{"X_CALENDAR_MONTH":[201901,201902,201903,201904,201905,201906,201907,201908,201909,201910,201911,201912],"Y_PREVALENCE_1000PP":[0.49,0.35,0.28,0.45,0.34,0.27,0.53,0.33,0.3,0.45,0.49,0.34]},"CONDITIONS_BY_TYPE":{"CONCEPT_NAME":"Claim","COUNT_VALUE":630},"AGE_AT_FIRST_DIAGNOSIS":{"CATEGORY":["MALE","No matching concept","FEMALE"],"MIN_VALUE":[0,1,1],"P10_VALUE":[12,1,10],"P25_VALUE":[26,24,23],"MEDIAN_VALUE":[46,36,44],"P75_VALUE":[65,70,64],"P90_VALUE":[76,89,75],"MAX_VALUE":[99,89,98]}}
