{"PREVALENCE_BY_GENDER_AGE_YEAR":{"TRELLIS_NAME":["60-69","70-79","50-59","90-99","80-89","50-59","60-69","10-19","20-29","30-39","40-49","0-9","70-79","10-19","0-9","30-39","90-99","40-49","80-89","20-29"],"SERIES_NAME":["FEMALE","FEMALE","FEMALE","FEMALE","FEMALE","MALE","MALE","MALE","MALE","MALE","MALE","MALE","MALE","FEMALE","FEMALE","FEMALE","MALE","FEMALE","MALE","FEMALE"],"X_CALENDAR_YEAR":[2019,2019,2019,2019,2019,2019,2019,2019,2019,2019,2019,2019,2019,2019,2019,2019,2019,2019,2019,2019],"Y_PREVALENCE_1000PP":[10.84475,8.52483,12.60322,6.68896,5.18732,9.38829,8.07692,10.54079,9.1001,6.60905,9.79962,10.69996,10.63224,9.40096,9.04501,10.74569,9.68661,9.42184,11.5958,9.82515]},"PREVALENCE_BY_MONTH":{"X_CALENDAR_MONTH":[201901,201902,201903,201904,201905,201906,201907,201908,201909,201910,201911,201912],"Y_PREVALENCE_1000PP":[0.95,0.56,0.83,1.04,0.56,0.77,0.96,0.82,0.75,0.96,0.73,0.67]},"CONDITIONS_BY_TYPE":{"CONCEPT_NAME":"Claim","COUNT_VALUE":5080},"AGE_AT_FIRST_DIAGNOSIS":{"CATEGORY":["No matching concept","FEMALE","MALE"],"MIN_VALUE":[2,0,0],"P10_VALUE":[16,11,9],"P25_VALUE":[22,26,23],"MEDIAN_VALUE":[37,45,45],"P75_VALUE":[44,60,65],"P90_VALUE":[74,75,77],"MAX_VALUE":[88,99,98]}}
