{"PREVALENCE_BY_GENDER_AGE_YEAR":{"TRELLIS_NAME":["30-39","20-29","10-19","50-59","40-49","40-49","10-19","0-9","20-29","70-79","70-79","60-69","50-59"],"SERIES_NAME":["MALE","MALE","MALE","MALE","MALE","FEMALE","FEMALE","FEMALE","FEMALE","MALE","FEMALE","FEMALE","FEMALE"],"X_CALENDAR_YEAR":[2019,2019,2019,2019,2019,2019,2019,2019,2019,2019,2019,2019,2019],"Y_PREVALENCE_1000PP":[1.69779,2.18782,1.83655,1.7616,1.60748,2.00143,1.74863,1.68421,1.00134,2.47242,1.47956,1.51286,1.59374]},"PREVALENCE_BY_MONTH":{"X_CALENDAR_MONTH":[201901,201902,201903,201904,201905,201906,201907,201908,201909,201910,201911,201912],"Y_PREVALENCE_1000PP":[0.18,0.08,0.12,0.15,0.09,0.14,0.15,0.06,0.1,0.26,0.11,0.16]},"CONDITIONS_BY_TYPE":{"CONCEPT_NAME":"Claim","COUNT_VALUE":212},"AGE_AT_FIRST_DIAGNOSIS":{"CATEGORY":["MALE","FEMALE"],"MIN_VALUE":[4,1],"P10_VALUE":[15,8],"P25_VALUE":[24,22],"MEDIAN_VALUE":[45,48],"P75_VALUE":[66,65],"P90_VALUE":[78,76],"MAX_VALUE":[95,99]}}
