{"PREVALENCE_BY_GENDER_AGE_YEAR":{"TRELLIS_NAME":["40-49","30-39","20-29","0-9","60-69","10-19","50-59","30-39","70-79","80-89","0-9","20-29","10-19","90-99","60-69","90-99","50-59","70-79","80-89","40-49"],"SERIES_NAME":["MALE","MALE","MALE","MALE","MALE","MALE","MALE","FEMALE","MALE","MALE","FEMALE","FEMALE","FEMALE","MALE","FEMALE","FEMALE","FEMALE","FEMALE","FEMALE","FEMALE"],"X_CALENDAR_YEAR":[2019,2019,2019,2019,2019,2019,2019,2019,2019,2019,2019,2019,2019,2019,2019,2019,2019,2019,2019,2019],"Y_PREVALENCE_1000PP":[14.46734,16.63837,14.30495,12.91759,17.78809,13.0854,15.26718,13.33117,15.97566,16.56543,16,18.69159,12.6776,20.05731,18.91074,12.77068,16.95161,15.53542,13.26413,14.43888]},"PREVALENCE_BY_MONTH":{"X_CALENDAR_MONTH":[201901,201902,201903,201904,201905,201906,201907,201908,201909,201910,201911,201912],"Y_PREVALENCE_1000PP":[1.49,1.07,1.18,1.4,1.12,1.17,1.61,1.33,1.12,1.49,1.33,1.3]},"CONDITIONS_BY_TYPE":{"CONCEPT_NAME":"Claim","COUNT_VALUE":2113},"AGE_AT_FIRST_DIAGNOSIS":{"CATEGORY":["MALE","FEMALE","No matching concept"],"MIN_VALUE":[0,0,10],"P10_VALUE":[11,10,20],"P25_VALUE":[28,25,31],"MEDIAN_VALUE":[47,45,54],"P75_VALUE":[66,63,71],"P90_VALUE":[78,76,87],"MAX_VALUE":[99,99,98]}}
