{"PREVALENCE_BY_GENDER_AGE_YEAR":{"TRELLIS_NAME":["30-39","70-79","20-29","40-49","0-9","80-89","50-59","70-79","60-69","50-59","20-29","10-19","60-69","40-49"],"SERIES_NAME":["FEMALE","MALE","FEMALE","FEMALE","FEMALE","FEMALE","FEMALE","FEMALE","FEMALE","MALE","MALE","MALE","MALE","MALE"],"X_CALENDAR_YEAR":[2019,2019,2019,2019,2019,2019,2019,2019,2019,2019,2019,2019,2019,2019],"Y_PREVALENCE_1000PP":[2.11657,2.4682,0.99917,0.99929,2.31384,3.45821,1.59351,1.6679,1.52207,1.17354,2.19077,1.60403,1.15385,2.48647]},"PREVALENCE_BY_MONTH":{"X_CALENDAR_MONTH":[201901,201902,201903,201904,201905,201906,201907,201908,201909,201910,201911,201912],"Y_PREVALENCE_1000PP":[0.13,0.09,0.13,0.16,0.13,0.12,0.13,0.09,0.17,0.22,0.14,0.07]},"CONDITIONS_BY_TYPE":{"CONCEPT_NAME":"Claim","COUNT_VALUE":832},"AGE_AT_FIRST_DIAGNOSIS":{"CATEGORY":["MALE","FEMALE"],"MIN_VALUE":[1,0],"P10_VALUE":[16,4],"P25_VALUE":[25,29],"MEDIAN_VALUE":[44,43],"P75_VALUE":[69,66],"P90_VALUE":[79,80],"MAX_VALUE":[97,96]}}
