{"PREVALENCE_BY_GENDER_AGE_YEAR":{"TRELLIS_NAME":["50-59","10-19","60-69","40-49","30-39","0-9","20-29","40-49","50-59","60-69","70-79","10-19","70-79","20-29","80-89","30-39","0-9"],"SERIES_NAME":["MALE","MALE","MALE","MALE","MALE","MALE","MALE","FEMALE","FEMALE","FEMALE","FEMALE","FEMALE","MALE","FEMALE","MALE","FEMALE","FEMALE"],"X_CALENDAR_YEAR":[2019,2019,2019,2019,2019,2019,2019,2019,2019,2019,2019,2019,2019,2019,2019,2019,2019],"Y_PREVALENCE_1000PP":[4.40399,3.44353,4.06032,4.23791,4.75382,4.67706,3.02928,4.14582,3.76702,4.16036,4.0688,5.02732,4.1841,3.00401,6.62617,3.41408,4]},"PREVALENCE_BY_MONTH":{"X_CALENDAR_MONTH":[201901,201902,201903,201904,201905,201906,201907,201908,201909,201910,201911,201912],"Y_PREVALENCE_1000PP":[0.3,0.25,0.33,0.42,0.3,0.25,0.35,0.26,0.4,0.46,0.39,0.3]},"CONDITIONS_BY_TYPE":{"CONCEPT_NAME":"Claim","COUNT_VALUE":536},"AGE_AT_FIRST_DIAGNOSIS":{"CATEGORY":["MALE","FEMALE","No matching concept"],"MIN_VALUE":[0,0,8],"P10_VALUE":[8,9,8],"P25_VALUE":[26,23,27],"MEDIAN_VALUE":[45,44,44],"P75_VALUE":[63,62,70],"P90_VALUE":[77,74,76],"MAX_VALUE":[99,98,98]}}
