{"PREVALENCE_BY_GENDER_AGE_YEAR":{"TRELLIS_NAME":["50-59","60-69","80-89","70-79","10-19","70-79","0-9","40-49","20-29","30-39","30-39","0-9","40-49","10-19","60-69","20-29","50-59"],"SERIES_NAME":["FEMALE","FEMALE","FEMALE","FEMALE","FEMALE","MALE","FEMALE","FEMALE","FEMALE","FEMALE","MALE","MALE","MALE","MALE","MALE","MALE","MALE"],"X_CALENDAR_YEAR":[2019,2019,2019,2019,2019,2019,2019,2019,2019,2019,2019,2019,2019,2019,2019,2019,2019],"Y_PREVALENCE_1000PP":[5.21512,3.04414,4.61095,2.77984,4.15391,4.17695,3.78629,3.56888,4.32973,4.07034,3.55872,5.34998,3.80284,3.89551,2.5,3.53893,3.22723]},"PREVALENCE_BY_MONTH":{"X_CALENDAR_MONTH":[201901,201902,201903,201904,201905,201906,201907,201908,201909,201910,201911,201912],"Y_PREVALENCE_1000PP":[0.42,0.27,0.25,0.28,0.32,0.2,0.42,0.31,0.24,0.4,0.29,0.35]},"CONDITIONS_BY_TYPE":{"CONCEPT_NAME":"Claim","COUNT_VALUE":2072},"AGE_AT_FIRST_DIAGNOSIS":{"CATEGORY":["MALE","No matching concept","FEMALE"],"MIN_VALUE":[0,28,0],"P10_VALUE":[7,28,12],"P25_VALUE":[20,30,24],"MEDIAN_VALUE":[40,48,42],"P75_VALUE":[59,68,58],"P90_VALUE":[77,79,73],"MAX_VALUE":[96,79,99]}}
