{"PREVALENCE_BY_GENDER_AGE_YEAR":{"TRELLIS_NAME":["30-39","60-69","40-49","20-29","10-19","0-9","50-59","0-9","20-29","40-49","30-39","50-59","60-69","70-79"],"SERIES_NAME":["MALE","MALE","MALE","MALE","MALE","MALE","MALE","FEMALE","FEMALE","FEMALE","FEMALE","FEMALE","FEMALE","FEMALE"],"X_CALENDAR_YEAR":[2019,2019,2019,2019,2019,2019,2019,2019,2019,2019,2019,2019,2019,2019],"Y_PREVALENCE_1000PP":[2.03735,1.54679,1.89975,2.01952,1.83655,1.78174,1.0276,2.94737,1.33511,2.00143,2.6012,1.44886,1.89107,1.29462]},"PREVALENCE_BY_MONTH":{"X_CALENDAR_MONTH":[201901,201902,201903,201904,201905,201906,201907,201908,201909,201910,201911,201912],"Y_PREVALENCE_1000PP":[0.17,0.11,0.15,0.17,0.12,0.16,0.17,0.13,0.12,0.15,0.16,0.12]},"CONDITIONS_BY_TYPE":{"CONCEPT_NAME":"Claim","COUNT_VALUE":238},"AGE_AT_FIRST_DIAGNOSIS":{"CATEGORY":["No matching concept","MALE","FEMALE"],"MIN_VALUE":[12,0,2],"P10_VALUE":[12,7,6],"P25_VALUE":[40,22,26],"MEDIAN_VALUE":[42,38,42],"P75_VALUE":[70,57,63],"P90_VALUE":[73,76,79],"MAX_VALUE":[73,98,99]}}
