{"PREVALENCE_BY_GENDER_AGE_YEAR":{"TRELLIS_NAME":["60-69","80-89","40-49","50-59","90-99","70-79","50-59","60-69","40-49","30-39","0-9","10-19","20-29","90-99","0-9","20-29","30-39","10-19","80-89","70-79"],"SERIES_NAME":["FEMALE","FEMALE","FEMALE","FEMALE","FEMALE","FEMALE","MALE","MALE","MALE","MALE","MALE","MALE","MALE","MALE","FEMALE","FEMALE","FEMALE","FEMALE","MALE","MALE"],"X_CALENDAR_YEAR":[2019,2019,2019,2019,2019,2019,2019,2019,2019,2019,2019,2019,2019,2019,2019,2019,2019,2019,2019,2019],"Y_PREVALENCE_1000PP":[20.35769,20.17291,22.12705,18.97726,17.27982,22.79466,20.68359,24.61538,22.08571,22.53855,20.50825,21.31072,21.23357,25.07123,20.19352,19.15071,19.3748,18.36467,24.84815,17.46725]},"PREVALENCE_BY_MONTH":{"X_CALENDAR_MONTH":[201901,201902,201903,201904,201905,201906,201907,201908,201909,201910,201911,201912],"Y_PREVALENCE_1000PP":[2.04,1.6,1.66,1.91,1.63,1.33,2.14,1.73,1.62,2.03,1.63,1.63]},"CONDITIONS_BY_TYPE":{"CONCEPT_NAME":"Claim","COUNT_VALUE":11232},"AGE_AT_FIRST_DIAGNOSIS":{"CATEGORY":["MALE","No matching concept","FEMALE"],"MIN_VALUE":[0,10,0],"P10_VALUE":[11,13,10],"P25_VALUE":[25,34,26],"MEDIAN_VALUE":[45,48,45],"P75_VALUE":[63,58,64],"P90_VALUE":[78,65,76],"MAX_VALUE":[99,78,99]}}
