{"PREVALENCE_BY_GENDER_AGE_YEAR":{"TRELLIS_NAME":["10-19","90-99","0-9","80-89","60-69","20-29","70-79","30-39","0-9","10-19","20-29","30-39","40-49","50-59","80-89","40-49","90-99","50-59","60-69","70-79"],"SERIES_NAME":["FEMALE","MALE","FEMALE","MALE","MALE","FEMALE","MALE","FEMALE","MALE","MALE","MALE","MALE","MALE","MALE","FEMALE","FEMALE","FEMALE","FEMALE","FEMALE","FEMALE"],"X_CALENDAR_YEAR":[2019,2019,2019,2019,2019,2019,2019,2019,2019,2019,2019,2019,2019,2019,2019,2019,2019,2019,2019,2019],"Y_PREVALENCE_1000PP":[12.89899,10.25641,13.46235,8.8349,13.46154,10.99084,11.39168,11.07131,13.15203,11.68653,11.62791,9.65938,11.70104,10.85521,12.10375,12.27695,7.24638,10.71998,13.50837,12.04596]},"PREVALENCE_BY_MONTH":{"X_CALENDAR_MONTH":[201901,201902,201903,201904,201905,201906,201907,201908,201909,201910,201911,201912],"Y_PREVALENCE_1000PP":[1.01,0.81,0.89,1.2,0.76,0.84,1.17,1.09,0.93,1.09,0.91,0.98]},"CONDITIONS_BY_TYPE":{"CONCEPT_NAME":"Claim","COUNT_VALUE":6256},"AGE_AT_FIRST_DIAGNOSIS":{"CATEGORY":["MALE","FEMALE","No matching concept"],"MIN_VALUE":[0,0,7],"P10_VALUE":[9,9,12],"P25_VALUE":[24,23,24],"MEDIAN_VALUE":[45,44,45],"P75_VALUE":[65,63,62],"P90_VALUE":[75,76,70],"MAX_VALUE":[99,99,85]}}
