{"PREVALENCE_BY_GENDER_AGE_YEAR":{"TRELLIS_NAME":["40-49","20-29","10-19","30-39","0-9","50-59","10-19","70-79","30-39","90-99","20-29","0-9","60-69","40-49","80-89","50-59","70-79","60-69"],"SERIES_NAME":["MALE","MALE","MALE","MALE","MALE","MALE","FEMALE","MALE","FEMALE","MALE","FEMALE","FEMALE","MALE","FEMALE","FEMALE","FEMALE","FEMALE","FEMALE"],"X_CALENDAR_YEAR":[2019,2019,2019,2019,2019,2019,2019,2019,2019,2019,2019,2019,2019,2019,2019,2019,2019,2019],"Y_PREVALENCE_1000PP":[3.9491,3.03337,2.29148,2.7114,2.67499,2.78715,4.15391,3.22764,2.27939,4.5584,3.83014,3.36559,3.26923,3.71163,3.45821,2.89729,2.22387,2.85388]},"PREVALENCE_BY_MONTH":{"X_CALENDAR_MONTH":[201901,201902,201903,201904,201905,201906,201907,201908,201909,201910,201911,201912],"Y_PREVALENCE_1000PP":[0.39,0.15,0.16,0.35,0.23,0.28,0.24,0.29,0.2,0.3,0.25,0.26]},"CONDITIONS_BY_TYPE":{"CONCEPT_NAME":"Claim","COUNT_VALUE":1656},"AGE_AT_FIRST_DIAGNOSIS":{"CATEGORY":["MALE","FEMALE"],"MIN_VALUE":[0,0],"P10_VALUE":[12,9],"P25_VALUE":[25,21],"MEDIAN_VALUE":[45,41],"P75_VALUE":[66,58],"P90_VALUE":[78,78],"MAX_VALUE":[98,94]}}
