{"PREVALENCE_BY_GENDER_AGE_YEAR":{"TRELLIS_NAME":["10-19","20-29","50-59","30-39","40-49","0-9","70-79","60-69","50-59","40-49","90-99","20-29","30-39","70-79","60-69","0-9","10-19"],"SERIES_NAME":["MALE","MALE","MALE","MALE","MALE","MALE","FEMALE","FEMALE","FEMALE","FEMALE","MALE","FEMALE","FEMALE","MALE","MALE","FEMALE","FEMALE"],"X_CALENDAR_YEAR":[2019,2019,2019,2019,2019,2019,2019,2019,2019,2019,2019,2019,2019,2019,2019,2019,2019],"Y_PREVALENCE_1000PP":[3.43721,1.85372,2.49377,2.37248,3.21779,2.45207,1.85322,2.28311,3.04216,2.42684,3.4188,1.33222,2.4422,1.89861,1.92308,3.15524,2.4049]},"PREVALENCE_BY_MONTH":{"X_CALENDAR_MONTH":[201901,201902,201903,201904,201905,201906,201907,201908,201909,201910,201911,201912],"Y_PREVALENCE_1000PP":[0.19,0.17,0.14,0.23,0.19,0.25,0.23,0.15,0.16,0.26,0.15,0.24]},"CONDITIONS_BY_TYPE":{"CONCEPT_NAME":"Claim","COUNT_VALUE":1284},"AGE_AT_FIRST_DIAGNOSIS":{"CATEGORY":["MALE","FEMALE"],"MIN_VALUE":[0,0],"P10_VALUE":[10,7],"P25_VALUE":[23,21],"MEDIAN_VALUE":[42,44],"P75_VALUE":[59,58],"P90_VALUE":[75,73],"MAX_VALUE":[99,97]}}
