{"PREVALENCE_BY_GENDER_AGE_YEAR":{"TRELLIS_NAME":["40-49","10-19","60-69","30-39","0-9","20-29","50-59","50-59","80-89","60-69","70-79","20-29","30-39","10-19","70-79","90-99","40-49","0-9"],"SERIES_NAME":["MALE","MALE","MALE","MALE","MALE","MALE","MALE","FEMALE","FEMALE","FEMALE","FEMALE","FEMALE","FEMALE","FEMALE","MALE","MALE","FEMALE","FEMALE"],"X_CALENDAR_YEAR":[2019,2019,2019,2019,2019,2019,2019,2019,2019,2019,2019,2019,2019,2019,2019,2019,2019,2019],"Y_PREVALENCE_1000PP":[1.60748,2.06612,2.70688,2.88625,2.89532,1.34635,1.9084,2.75283,4.03691,1.51286,1.47956,2.33645,2.43863,2.62295,2.8528,5.73066,2.14439,2.52632]},"PREVALENCE_BY_MONTH":{"X_CALENDAR_MONTH":[201901,201902,201903,201904,201905,201906,201907,201908,201909,201910,201911,201912],"Y_PREVALENCE_1000PP":[0.26,0.15,0.21,0.08,0.14,0.18,0.21,0.18,0.27,0.27,0.21,0.17]},"CONDITIONS_BY_TYPE":{"CONCEPT_NAME":"Claim","COUNT_VALUE":312},"AGE_AT_FIRST_DIAGNOSIS":{"CATEGORY":["MALE","FEMALE"],"MIN_VALUE":[4,0],"P10_VALUE":[9,8],"P25_VALUE":[29,22],"MEDIAN_VALUE":[46,41],"P75_VALUE":[69,59],"P90_VALUE":[81,81],"MAX_VALUE":[99,99]}}
