{"PREVALENCE_BY_GENDER_AGE_YEAR":{"TRELLIS_NAME":["80-89","30-39","70-79","10-19","0-9","20-29","90-99","40-49","50-59","30-39","60-69","20-29","10-19","40-49","0-9","50-59","70-79","80-89","60-69","90-99"],"SERIES_NAME":["MALE","FEMALE","MALE","FEMALE","FEMALE","FEMALE","MALE","FEMALE","MALE","MALE","MALE","MALE","MALE","MALE","MALE","FEMALE","FEMALE","FEMALE","FEMALE","FEMALE"],"X_CALENDAR_YEAR":[2019,2019,2019,2019,2019,2019,2019,2019,2019,2019,2019,2019,2019,2019,2019,2019,2019,2019,2019,2019],"Y_PREVALENCE_1000PP":[7.17835,6.18691,7.02487,8.96371,5.46908,7.1607,6.83761,7.85153,6.74784,6.94797,7.88462,5.56117,5.49954,6.7281,6.01872,7.09836,6.30096,9.2219,8.56164,5.57414]},"PREVALENCE_BY_MONTH":{"X_CALENDAR_MONTH":[201901,201902,201903,201904,201905,201906,201907,201908,201909,201910,201911,201912],"Y_PREVALENCE_1000PP":[0.7,0.32,0.55,0.65,0.61,0.51,0.66,0.54,0.64,0.7,0.44,0.57]},"CONDITIONS_BY_TYPE":{"CONCEPT_NAME":"Claim","COUNT_VALUE":3776},"AGE_AT_FIRST_DIAGNOSIS":{"CATEGORY":["MALE","FEMALE","No matching concept"],"MIN_VALUE":[0,0,3],"P10_VALUE":[10,12,5],"P25_VALUE":[29,25,9],"MEDIAN_VALUE":[47,44,31],"P75_VALUE":[66,63,58],"P90_VALUE":[78,77,74],"MAX_VALUE":[98,99,83]}}
