{"PREVALENCE_BY_GENDER_AGE_YEAR":{"TRELLIS_NAME":["70-79","90-99","80-89","50-59","60-69","70-79","80-89","90-99","0-9","10-19","30-39","20-29","40-49","20-29","50-59","10-19","40-49","30-39","60-69","0-9"],"SERIES_NAME":["FEMALE","FEMALE","FEMALE","FEMALE","FEMALE","MALE","MALE","MALE","FEMALE","FEMALE","FEMALE","FEMALE","FEMALE","MALE","MALE","MALE","MALE","MALE","MALE","MALE"],"X_CALENDAR_YEAR":[2019,2019,2019,2019,2019,2019,2019,2019,2019,2019,2019,2019,2019,2019,2019,2019,2019,2019,2019,2019],"Y_PREVALENCE_1000PP":[44.20196,45.53026,39.21569,47.81223,40.27988,44.12324,51.90502,41.83381,42.73684,44.80874,46.98423,46.89586,44.88921,43.08314,49.91192,41.78145,42.81748,49.06621,41.18329,48.77506]},"PREVALENCE_BY_MONTH":{"X_CALENDAR_MONTH":[201901,201902,201903,201904,201905,201906,201907,201908,201909,201910,201911,201912],"Y_PREVALENCE_1000PP":[4.31,3.57,3.61,4.73,3.89,3.46,4.18,3.4,3.28,4.71,3.42,3.52]},"CONDITIONS_BY_TYPE":{"CONCEPT_NAME":"Claim","COUNT_VALUE":6133},"AGE_AT_FIRST_DIAGNOSIS":{"CATEGORY":["FEMALE","No matching concept","MALE"],"MIN_VALUE":[0,0,0],"P10_VALUE":[11,14,10],"P25_VALUE":[25,27,26],"MEDIAN_VALUE":[44,49,45],"P75_VALUE":[62,66,63],"P90_VALUE":[76,78,77],"MAX_VALUE":[99,99,99]}}
