{"PREVALENCE_BY_GENDER_AGE_YEAR":{"TRELLIS_NAME":["50-59","0-9","40-49","30-39","10-19","20-29","60-69","10-19","30-39","0-9","80-89","70-79","20-29","90-99","90-99","40-49","60-69","70-79","50-59","80-89"],"SERIES_NAME":["MALE","MALE","MALE","MALE","MALE","MALE","MALE","FEMALE","FEMALE","FEMALE","MALE","MALE","FEMALE","MALE","FEMALE","FEMALE","FEMALE","FEMALE","FEMALE","FEMALE"],"X_CALENDAR_YEAR":[2019,2019,2019,2019,2019,2019,2019,2019,2019,2019,2019,2019,2019,2019,2019,2019,2019,2019,2019,2019],"Y_PREVALENCE_1000PP":[4.84439,5.34521,5.69925,5.7725,4.3618,5.89027,5.02707,6.3388,6.01528,6.94737,3.86527,5.51541,3.50467,6.30372,7.21821,5.14653,3.02572,6.47309,4.20168,6.34371]},"PREVALENCE_BY_MONTH":{"X_CALENDAR_MONTH":[201901,201902,201903,201904,201905,201906,201907,201908,201909,201910,201911,201912],"Y_PREVALENCE_1000PP":[0.56,0.37,0.42,0.56,0.31,0.39,0.52,0.41,0.39,0.42,0.54,0.41]},"CONDITIONS_BY_TYPE":{"CONCEPT_NAME":"Claim","COUNT_VALUE":710},"AGE_AT_FIRST_DIAGNOSIS":{"CATEGORY":["No matching concept","FEMALE","MALE"],"MIN_VALUE":[20,0,0],"P10_VALUE":[33,7,11],"P25_VALUE":[33,21,26],"MEDIAN_VALUE":[53,42,43],"P75_VALUE":[75,63,63],"P90_VALUE":[93,79,76],"MAX_VALUE":[99,99,99]}}
