{"PREVALENCE_BY_GENDER_AGE_YEAR":{"TRELLIS_NAME":["60-69","50-59","40-49","20-29","0-9","30-39","10-19","40-49","70-79","10-19","60-69","30-39"],"SERIES_NAME":["FEMALE","FEMALE","FEMALE","MALE","MALE","MALE","MALE","MALE","MALE","FEMALE","MALE","FEMALE"],"X_CALENDAR_YEAR":[2019,2019,2019,2019,2019,2019,2019,2019,2019,2019,2019,2019],"Y_PREVALENCE_1000PP":[1.13464,1.44886,1.28663,1.00976,1.78174,1.18846,1.60698,1.31521,1.71168,1.74863,1.74014,1.13803]},"PREVALENCE_BY_MONTH":{"X_CALENDAR_MONTH":[201901,201903,201904,201905,201906,201907,201909,201910,201911,201912],"Y_PREVALENCE_1000PP":[0.1,0.08,0.09,0.15,0.15,0.1,0.07,0.14,0.09,0.09]},"CONDITIONS_BY_TYPE":{"CONCEPT_NAME":"Claim","COUNT_VALUE":164},"AGE_AT_FIRST_DIAGNOSIS":{"CATEGORY":["MALE","FEMALE"],"MIN_VALUE":[0,0],"P10_VALUE":[4,13],"P25_VALUE":[19,23],"MEDIAN_VALUE":[42,46],"P75_VALUE":[64,59],"P90_VALUE":[74,72],"MAX_VALUE":[99,96]}}
