{"PREVALENCE_BY_GENDER_AGE_YEAR":{"TRELLIS_NAME":["60-69","80-89","70-79","10-19","20-29","0-9","90-99","30-39","50-59","60-69","90-99","80-89","70-79","40-49","50-59","0-9","40-49","10-19","20-29","30-39"],"SERIES_NAME":["MALE","MALE","MALE","FEMALE","FEMALE","FEMALE","MALE","FEMALE","FEMALE","FEMALE","FEMALE","FEMALE","FEMALE","FEMALE","MALE","MALE","MALE","MALE","MALE","MALE"],"X_CALENDAR_YEAR":[2019,2019,2019,2019,2019,2019,2019,2019,2019,2019,2019,2019,2019,2019,2019,2019,2019,2019,2019,2019],"Y_PREVALENCE_1000PP":[7.11538,7.17835,6.64515,8.52645,9.32556,7.99327,5.69801,9.11755,8.83674,8.18113,8.91862,8.64553,8.33951,9.27909,7.04122,9.80829,7.45941,8.02016,10.27974,8.98153]},"PREVALENCE_BY_MONTH":{"X_CALENDAR_MONTH":[201901,201902,201903,201904,201905,201906,201907,201908,201909,201910,201911,201912],"Y_PREVALENCE_1000PP":[0.94,0.55,0.67,0.67,0.63,0.68,0.65,0.72,0.5,1.04,0.66,0.7]},"CONDITIONS_BY_TYPE":{"CONCEPT_NAME":"Claim","COUNT_VALUE":4468},"AGE_AT_FIRST_DIAGNOSIS":{"CATEGORY":["FEMALE","MALE","No matching concept"],"MIN_VALUE":[0,0,4],"P10_VALUE":[10,9,10],"P25_VALUE":[24,22,26],"MEDIAN_VALUE":[44,40,48],"P75_VALUE":[62,59,58],"P90_VALUE":[77,74,78],"MAX_VALUE":[99,99,92]}}
