{"PREVALENCE_BY_GENDER_AGE_YEAR":{"TRELLIS_NAME":["50-59","20-29","10-19","30-39","60-69","40-49","0-9","20-29","70-79","10-19","0-9","40-49","30-39","60-69","70-79","50-59"],"SERIES_NAME":["MALE","MALE","MALE","MALE","MALE","MALE","MALE","FEMALE","MALE","FEMALE","FEMALE","FEMALE","FEMALE","FEMALE","FEMALE","FEMALE"],"X_CALENDAR_YEAR":[2019,2019,2019,2019,2019,2019,2019,2019,2019,2019,2019,2019,2019,2019,2019,2019],"Y_PREVALENCE_1000PP":[2.3488,1.85123,1.60698,3.73514,2.32019,2.33816,2.44989,1.83578,1.52149,2.40437,2.52632,2.28735,1.9509,2.26929,2.0344,1.73863]},"PREVALENCE_BY_MONTH":{"X_CALENDAR_MONTH":[201901,201902,201903,201904,201905,201906,201907,201908,201909,201910,201911,201912],"Y_PREVALENCE_1000PP":[0.24,0.16,0.17,0.23,0.16,0.12,0.21,0.15,0.13,0.25,0.16,0.18]},"CONDITIONS_BY_TYPE":{"CONCEPT_NAME":"Claim","COUNT_VALUE":284},"AGE_AT_FIRST_DIAGNOSIS":{"CATEGORY":["FEMALE","MALE"],"MIN_VALUE":[0,0],"P10_VALUE":[6,10],"P25_VALUE":[24,27],"MEDIAN_VALUE":[44,43],"P75_VALUE":[60,60],"P90_VALUE":[75,77],"MAX_VALUE":[95,98]}}
