{"PREVALENCE_BY_GENDER_AGE_YEAR":{"TRELLIS_NAME":["60-69","50-59","40-49","20-29","10-19","0-9","30-39","30-39","40-49","10-19","20-29","0-9","70-79","60-69","50-59","70-79"],"SERIES_NAME":["MALE","MALE","MALE","MALE","MALE","MALE","MALE","FEMALE","FEMALE","FEMALE","FEMALE","FEMALE","MALE","FEMALE","FEMALE","FEMALE"],"X_CALENDAR_YEAR":[2019,2019,2019,2019,2019,2019,2019,2019,2019,2019,2019,2019,2019,2019,2019,2019],"Y_PREVALENCE_1000PP":[1.34615,1.46692,2.19394,2.52781,1.83318,1.56041,1.52517,1.95376,1.71306,2.18627,2.16486,2.31384,2.65806,2.28311,3.33188,1.29726]},"PREVALENCE_BY_MONTH":{"X_CALENDAR_MONTH":[201901,201902,201903,201904,201905,201906,201907,201908,201909,201910,201911,201912],"Y_PREVALENCE_1000PP":[0.21,0.11,0.16,0.2,0.15,0.09,0.19,0.15,0.08,0.29,0.14,0.21]},"CONDITIONS_BY_TYPE":{"CONCEPT_NAME":"Claim","COUNT_VALUE":1040},"AGE_AT_FIRST_DIAGNOSIS":{"CATEGORY":["FEMALE","MALE"],"MIN_VALUE":[0,1],"P10_VALUE":[9,12],"P25_VALUE":[26,23],"MEDIAN_VALUE":[47,44],"P75_VALUE":[58,66],"P90_VALUE":[73,78],"MAX_VALUE":[97,92]}}
