{"PREVALENCE_BY_GENDER_AGE_YEAR":{"TRELLIS_NAME":["80-89","60-69","50-59","70-79","90-99","90-99","30-39","10-19","0-9","70-79","80-89","40-49","20-29","50-59","40-49","30-39","20-29","0-9","10-19","60-69"],"SERIES_NAME":["FEMALE","FEMALE","FEMALE","FEMALE","FEMALE","MALE","FEMALE","FEMALE","FEMALE","MALE","MALE","FEMALE","FEMALE","MALE","MALE","MALE","MALE","MALE","MALE","MALE"],"X_CALENDAR_YEAR":[2019,2019,2019,2019,2019,2019,2019,2019,2019,2019,2019,2019,2019,2019,2019,2019,2019,2019,2019,2019],"Y_PREVALENCE_1000PP":[6.34006,6.65906,7.96755,7.96887,6.13155,7.97721,7.81504,6.77744,5.25873,8.54376,3.86527,6.13847,6.66112,6.74784,8.19073,8.81207,4.71857,6.01872,6.18698,8.07692]},"PREVALENCE_BY_MONTH":{"X_CALENDAR_MONTH":[201901,201902,201903,201904,201905,201906,201907,201908,201909,201910,201911,201912],"Y_PREVALENCE_1000PP":[0.64,0.57,0.41,0.51,0.62,0.61,0.88,0.53,0.51,0.58,0.52,0.62]},"CONDITIONS_BY_TYPE":{"CONCEPT_NAME":"Claim","COUNT_VALUE":3688},"AGE_AT_FIRST_DIAGNOSIS":{"CATEGORY":["No matching concept","FEMALE","MALE"],"MIN_VALUE":[4,0,0],"P10_VALUE":[27,12,12],"P25_VALUE":[42,28,30],"MEDIAN_VALUE":[53,44,46],"P75_VALUE":[67,62,64],"P90_VALUE":[71,78,77],"MAX_VALUE":[73,98,98]}}
