{"PREVALENCE_BY_GENDER_AGE_YEAR":{"TRELLIS_NAME":["70-79","50-59","10-19","60-69","40-49","20-29","30-39","20-29","10-19","70-79","0-9"],"SERIES_NAME":["FEMALE","FEMALE","MALE","MALE","MALE","MALE","FEMALE","FEMALE","FEMALE","MALE","FEMALE"],"X_CALENDAR_YEAR":[2019,2019,2019,2019,2019,2019,2019,2019,2019,2019,2019],"Y_PREVALENCE_1000PP":[1.11193,1.15892,1.60403,1.34615,1.1701,1.01112,1.30251,1.49875,1.31176,1.32903,1.89314]},"PREVALENCE_BY_MONTH":{"X_CALENDAR_MONTH":[201901,201902,201903,201904,201905,201906,201907,201908,201909,201910,201911,201912],"Y_PREVALENCE_1000PP":[0.06,0.07,0.09,0.08,0.06,0.1,0.14,0.11,0.1,0.09,0.08,0.08]},"CONDITIONS_BY_TYPE":{"CONCEPT_NAME":"Claim","COUNT_VALUE":568},"AGE_AT_FIRST_DIAGNOSIS":{"CATEGORY":["FEMALE","MALE"],"MIN_VALUE":[1,11],"P10_VALUE":[5,16],"P25_VALUE":[19,25],"MEDIAN_VALUE":[38,48],"P75_VALUE":[61,64],"P90_VALUE":[78,77],"MAX_VALUE":[97,99]}}
