{"PREVALENCE_BY_GENDER_AGE_YEAR":{"TRELLIS_NAME":["50-59","10-19","30-39","40-49","50-59"],"SERIES_NAME":["FEMALE","FEMALE","FEMALE","FEMALE","MALE"],"X_CALENDAR_YEAR":[2019,2019,2019,2019,2019],"Y_PREVALENCE_1000PP":[0.86919,1.31176,1.79095,0.85653,0.88015]},"PREVALENCE_BY_MONTH":{"X_CALENDAR_MONTH":[201901,201902,201903,201906,201907,201908,201910,201911,201912],"Y_PREVALENCE_1000PP":[0.08,0.06,0.07,0.08,0.1,0.07,0.07,0.06,0.07]},"CONDITIONS_BY_TYPE":{"CONCEPT_NAME":"Claim","COUNT_VALUE":384},"AGE_AT_FIRST_DIAGNOSIS":{"CATEGORY":["MALE","FEMALE"],"MIN_VALUE":[1,3],"P10_VALUE":[5,16],"P25_VALUE":[34,30],"MEDIAN_VALUE":[55,40],"P75_VALUE":[71,60],"P90_VALUE":[83,73],"MAX_VALUE":[96,98]}}
