{"PREVALENCE_BY_GENDER_AGE_YEAR":{"TRELLIS_NAME":["30-39","40-49","70-79","20-29","60-69","70-79","50-59","40-49","20-29","60-69","50-59"],"SERIES_NAME":["FEMALE","FEMALE","MALE","FEMALE","FEMALE","FEMALE","FEMALE","MALE","MALE","MALE","MALE"],"X_CALENDAR_YEAR":[2019,2019,2019,2019,2019,2019,2019,2019,2019,2019,2019],"Y_PREVALENCE_1000PP":[1.62575,1.14367,1.3313,1.83578,1.32375,1.10967,0.86931,2.19202,1.68294,1.35344,1.0276]},"PREVALENCE_BY_MONTH":{"X_CALENDAR_MONTH":[201901,201903,201904,201905,201906,201907,201908,201909,201910,201911,201912],"Y_PREVALENCE_1000PP":[0.18,0.11,0.13,0.09,0.15,0.15,0.07,0.09,0.11,0.07,0.1]},"CONDITIONS_BY_TYPE":{"CONCEPT_NAME":"Claim","COUNT_VALUE":169},"AGE_AT_FIRST_DIAGNOSIS":{"CATEGORY":["MALE","FEMALE","No matching concept"],"MIN_VALUE":[1,1,4],"P10_VALUE":[13,16,4],"P25_VALUE":[27,27,27],"MEDIAN_VALUE":[43,41,54],"P75_VALUE":[67,64,63],"P90_VALUE":[79,75,64],"MAX_VALUE":[95,89,64]}}
