{"PREVALENCE_BY_GENDER_AGE_YEAR":{"TRELLIS_NAME":["70-79","50-59","60-69","80-89","40-49","20-29","0-9","30-39","40-49","50-59","10-19","60-69","0-9","90-99","30-39","20-29","70-79","10-19"],"SERIES_NAME":["FEMALE","FEMALE","FEMALE","FEMALE","FEMALE","MALE","MALE","MALE","MALE","MALE","MALE","MALE","FEMALE","MALE","FEMALE","FEMALE","MALE","FEMALE"],"X_CALENDAR_YEAR":[2019,2019,2019,2019,2019,2019,2019,2019,2019,2019,2019,2019,2019,2019,2019,2019,2019,2019],"Y_PREVALENCE_1000PP":[2.95913,1.73863,2.26929,4.61361,2.85919,3.53416,2.67261,3.05603,3.7995,1.7616,3.67309,2.51353,3.36842,4.58453,3.57665,3.50467,3.23317,4.15301]},"PREVALENCE_BY_MONTH":{"X_CALENDAR_MONTH":[201901,201902,201903,201904,201905,201906,201907,201908,201909,201910,201911,201912],"Y_PREVALENCE_1000PP":[0.26,0.18,0.27,0.27,0.3,0.18,0.26,0.25,0.29,0.2,0.25,0.26]},"CONDITIONS_BY_TYPE":{"CONCEPT_NAME":"Claim","COUNT_VALUE":398},"AGE_AT_FIRST_DIAGNOSIS":{"CATEGORY":["FEMALE","MALE"],"MIN_VALUE":[0,0],"P10_VALUE":[9,12],"P25_VALUE":[21,24],"MEDIAN_VALUE":[38,42],"P75_VALUE":[60,64],"P90_VALUE":[77,78],"MAX_VALUE":[91,99]}}
