{"PREVALENCE_BY_GENDER_AGE_YEAR":{"TRELLIS_NAME":["20-29","90-99","0-9","10-19","60-69","30-39","70-79","80-89","0-9","20-29","50-59","10-19","30-39","40-49","60-69","50-59","40-49","80-89","90-99","70-79"],"SERIES_NAME":["FEMALE","MALE","FEMALE","FEMALE","MALE","FEMALE","MALE","MALE","MALE","MALE","MALE","MALE","MALE","MALE","FEMALE","FEMALE","FEMALE","FEMALE","FEMALE","FEMALE"],"X_CALENDAR_YEAR":[2019,2019,2019,2019,2019,2019,2019,2019,2019,2019,2019,2019,2019,2019,2019,2019,2019,2019,2019,2019],"Y_PREVALENCE_1000PP":[15.82015,15.38462,17.66933,13.99213,12.88462,17.25822,14.42947,18.77416,19.39367,14.49275,16.42951,13.51971,14.5738,12.72488,13.50837,17.09402,16.5596,13.25648,21.73913,16.12305]},"PREVALENCE_BY_MONTH":{"X_CALENDAR_MONTH":[201901,201902,201903,201904,201905,201906,201907,201908,201909,201910,201911,201912],"Y_PREVALENCE_1000PP":[1.81,1.12,1.21,1.44,1.08,1.15,1.66,1.22,1.27,1.41,1.01,1.31]},"CONDITIONS_BY_TYPE":{"CONCEPT_NAME":"Claim","COUNT_VALUE":8320},"AGE_AT_FIRST_DIAGNOSIS":{"CATEGORY":["FEMALE","MALE","No matching concept"],"MIN_VALUE":[0,0,0],"P10_VALUE":[9,7,10],"P25_VALUE":[26,24,23],"MEDIAN_VALUE":[44,44,44],"P75_VALUE":[62,63,70],"P90_VALUE":[78,78,94],"MAX_VALUE":[99,99,98]}}
