{"PREVALENCE_BY_GENDER_AGE_YEAR":{"TRELLIS_NAME":["40-49","30-39","60-69","50-59","0-9","10-19","20-29","50-59","70-79","80-89","60-69","90-99","40-49","30-39","10-19","20-29","90-99","80-89","0-9","70-79"],"SERIES_NAME":["MALE","MALE","MALE","MALE","MALE","MALE","MALE","FEMALE","FEMALE","FEMALE","FEMALE","FEMALE","FEMALE","FEMALE","FEMALE","FEMALE","MALE","MALE","FEMALE","MALE"],"X_CALENDAR_YEAR":[2019,2019,2019,2019,2019,2019,2019,2019,2019,2019,2019,2019,2019,2019,2019,2019,2019,2019,2019,2019],"Y_PREVALENCE_1000PP":[8.92204,12.70971,9.61538,11.29529,13.37494,10.31164,11.29087,12.60322,13.15789,13.25648,10.84475,8.3612,13.27623,11.88538,14.42938,10.32473,10.82621,8.28272,14.0934,11.20182]},"PREVALENCE_BY_MONTH":{"X_CALENDAR_MONTH":[201901,201902,201903,201904,201905,201906,201907,201908,201909,201910,201911,201912],"Y_PREVALENCE_1000PP":[1.1,0.89,0.97,1.07,0.75,0.74,1.16,1.05,0.93,1.13,0.89,0.97]},"CONDITIONS_BY_TYPE":{"CONCEPT_NAME":"Claim","COUNT_VALUE":6288},"AGE_AT_FIRST_DIAGNOSIS":{"CATEGORY":["MALE","No matching concept","FEMALE"],"MIN_VALUE":[0,3,0],"P10_VALUE":[8,10,9],"P25_VALUE":[23,23,23],"MEDIAN_VALUE":[42,43,44],"P75_VALUE":[61,60,62],"P90_VALUE":[76,73,75],"MAX_VALUE":[99,84,99]}}
