{"PREVALENCE_BY_GENDER_AGE_YEAR":{"TRELLIS_NAME":["50-59","30-39","40-49","10-19","0-9","20-29","80-89","90-99","60-69","70-79","50-59","40-49","10-19","60-69","0-9","30-39","70-79","20-29","80-89","90-99"],"SERIES_NAME":["MALE","MALE","MALE","MALE","MALE","MALE","FEMALE","FEMALE","FEMALE","FEMALE","FEMALE","FEMALE","FEMALE","MALE","FEMALE","FEMALE","MALE","FEMALE","MALE","MALE"],"X_CALENDAR_YEAR":[2019,2019,2019,2019,2019,2019,2019,2019,2019,2019,2019,2019,2019,2019,2019,2019,2019,2019,2019,2019],"Y_PREVALENCE_1000PP":[56.81151,52.80136,60.49978,64.27916,61.24722,60.75395,58.24683,57.19045,59.00151,57.51803,50.42017,55.03931,58.14208,55.10441,56.84211,58.03934,50.58958,58.07744,57.97902,53.29513]},"PREVALENCE_BY_MONTH":{"X_CALENDAR_MONTH":[201901,201902,201903,201904,201905,201906,201907,201908,201909,201910,201911,201912],"Y_PREVALENCE_1000PP":[5.72,4.34,4.39,5.62,4.58,4.14,5.75,4.78,4.63,5.52,4.3,4.56]},"CONDITIONS_BY_TYPE":{"CONCEPT_NAME":"Claim","COUNT_VALUE":7849},"AGE_AT_FIRST_DIAGNOSIS":{"CATEGORY":["FEMALE","MALE","No matching concept"],"MIN_VALUE":[0,0,0],"P10_VALUE":[10,10,10],"P25_VALUE":[24,24,25],"MEDIAN_VALUE":[44,43,44],"P75_VALUE":[63,61,58],"P90_VALUE":[77,76,73],"MAX_VALUE":[99,99,98]}}
