{"PREVALENCE_BY_GENDER_AGE_YEAR":{"TRELLIS_NAME":["60-69","0-9","30-39","50-59","40-49","40-49","50-59","70-79","60-69","0-9","30-39","70-79"],"SERIES_NAME":["MALE","MALE","MALE","MALE","MALE","FEMALE","FEMALE","FEMALE","FEMALE","FEMALE","FEMALE","MALE"],"X_CALENDAR_YEAR":[2019,2019,2019,2019,2019,2019,2019,2019,2019,2019,2019,2019],"Y_PREVALENCE_1000PP":[2.12684,1.55902,1.18846,1.0276,1.16908,1.28663,0.86931,1.29462,1.51286,1.26316,1.62575,1.3313]},"PREVALENCE_BY_MONTH":{"X_CALENDAR_MONTH":[201901,201903,201904,201905,201906,201907,201908,201909,201910,201911,201912],"Y_PREVALENCE_1000PP":[0.18,0.13,0.1,0.06,0.06,0.11,0.09,0.11,0.09,0.08,0.08]},"CONDITIONS_BY_TYPE":{"CONCEPT_NAME":"Claim","COUNT_VALUE":149},"AGE_AT_FIRST_DIAGNOSIS":{"CATEGORY":["MALE","FEMALE"],"MIN_VALUE":[2,0],"P10_VALUE":[9,4],"P25_VALUE":[28,35],"MEDIAN_VALUE":[49,49],"P75_VALUE":[66,69],"P90_VALUE":[73,86],"MAX_VALUE":[93,97]}}
