{"PREVALENCE_BY_GENDER_AGE_YEAR":{"TRELLIS_NAME":["60-69","40-49","50-59","30-39","30-39","40-49","50-59"],"SERIES_NAME":["FEMALE","FEMALE","FEMALE","FEMALE","MALE","MALE","MALE"],"X_CALENDAR_YEAR":[2019,2019,2019,2019,2019,2019,2019],"Y_PREVALENCE_1000PP":[1.32375,0.85776,0.86931,1.13803,1.01868,1.31521,0.8808]},"PREVALENCE_BY_MONTH":{"X_CALENDAR_MONTH":[201901,201903,201904,201905,201906,201907,201910],"Y_PREVALENCE_1000PP":[0.07,0.06,0.06,0.1,0.07,0.07,0.1]},"CONDITIONS_BY_TYPE":{"CONCEPT_NAME":"Claim","COUNT_VALUE":94},"AGE_AT_FIRST_DIAGNOSIS":{"CATEGORY":["FEMALE","MALE"],"MIN_VALUE":[3,1],"P10_VALUE":[11,10],"P25_VALUE":[27,36],"MEDIAN_VALUE":[43,47],"P75_VALUE":[58,59],"P90_VALUE":[66,71],"MAX_VALUE":[90,99]}}
