{"PREVALENCE_BY_GENDER_AGE_YEAR":{"TRELLIS_NAME":["60-69","50-59","70-79","80-89","40-49","40-49","50-59","20-29","0-9","10-19","60-69","30-39","0-9","30-39","20-29","70-79"],"SERIES_NAME":["FEMALE","FEMALE","FEMALE","FEMALE","FEMALE","MALE","MALE","MALE","MALE","MALE","MALE","MALE","FEMALE","FEMALE","FEMALE","MALE"],"X_CALENDAR_YEAR":[2019,2019,2019,2019,2019,2019,2019,2019,2019,2019,2019,2019,2019,2019,2019,2019],"Y_PREVALENCE_1000PP":[2.85388,2.89729,3.15048,4.03458,2.56959,2.63273,4.69415,3.70745,2.00624,2.06233,2.69231,2.7114,3.15524,2.60501,2.33139,2.08848]},"PREVALENCE_BY_MONTH":{"X_CALENDAR_MONTH":[201901,201902,201903,201904,201905,201906,201907,201908,201909,201910,201911,201912],"Y_PREVALENCE_1000PP":[0.33,0.19,0.24,0.18,0.22,0.24,0.29,0.18,0.16,0.33,0.17,0.2]},"CONDITIONS_BY_TYPE":{"CONCEPT_NAME":"Claim","COUNT_VALUE":1460},"AGE_AT_FIRST_DIAGNOSIS":{"CATEGORY":["MALE","No matching concept","FEMALE"],"MIN_VALUE":[0,6,0],"P10_VALUE":[15,6,8],"P25_VALUE":[26,24,29],"MEDIAN_VALUE":[44,47,48],"P75_VALUE":[57,82,67],"P90_VALUE":[70,87,79],"MAX_VALUE":[96,87,99]}}
