{"PREVALENCE_BY_GENDER_AGE_YEAR":{"TRELLIS_NAME":["60-69","70-79","80-89","50-59","60-69","50-59","0-9","10-19","40-49","30-39","30-39","70-79","20-29","10-19","40-49","0-9"],"SERIES_NAME":["FEMALE","FEMALE","FEMALE","FEMALE","MALE","MALE","MALE","MALE","MALE","MALE","FEMALE","MALE","FEMALE","FEMALE","FEMALE","FEMALE"],"X_CALENDAR_YEAR":[2019,2019,2019,2019,2019,2019,2019,2019,2019,2019,2019,2019,2019,2019,2019,2019],"Y_PREVALENCE_1000PP":[1.89107,1.84945,4.03691,1.59374,1.74014,1.3212,2.00445,1.37741,1.46135,1.18846,2.27605,1.90186,2.50334,1.53005,2.14439,2.52632]},"PREVALENCE_BY_MONTH":{"X_CALENDAR_MONTH":[201901,201902,201903,201904,201905,201906,201907,201908,201909,201910,201911,201912],"Y_PREVALENCE_1000PP":[0.22,0.13,0.08,0.15,0.16,0.16,0.18,0.15,0.15,0.23,0.09,0.07]},"CONDITIONS_BY_TYPE":{"CONCEPT_NAME":"Claim","COUNT_VALUE":248},"AGE_AT_FIRST_DIAGNOSIS":{"CATEGORY":["FEMALE","MALE"],"MIN_VALUE":[0,0],"P10_VALUE":[9,6],"P25_VALUE":[26,23],"MEDIAN_VALUE":[41,47],"P75_VALUE":[61,68],"P90_VALUE":[74,78],"MAX_VALUE":[89,99]}}
