{"PREVALENCE_BY_GENDER_AGE_YEAR":{"TRELLIS_NAME":["80-89","90-99","60-69","50-59","70-79","80-89","10-19","90-99","20-29","30-39","70-79","40-49","0-9","30-39","50-59","10-19","60-69","0-9","20-29","40-49"],"SERIES_NAME":["FEMALE","FEMALE","FEMALE","FEMALE","FEMALE","MALE","FEMALE","MALE","FEMALE","FEMALE","MALE","FEMALE","FEMALE","MALE","MALE","MALE","MALE","MALE","MALE","MALE"],"X_CALENDAR_YEAR":[2019,2019,2019,2019,2019,2019,2019,2019,2019,2019,2019,2019,2019,2019,2019,2019,2019,2019,2019,2019],"Y_PREVALENCE_1000PP":[16.13833,12.82051,11.60578,13.907,11.48999,13.25235,14.86664,9.68661,13.1557,13.67633,12.34099,13.99001,11.14851,10.33723,12.17544,12.37397,11.92308,10.03121,10.95383,14.6263]},"PREVALENCE_BY_MONTH":{"X_CALENDAR_MONTH":[201901,201902,201903,201904,201905,201906,201907,201908,201909,201910,201911,201912],"Y_PREVALENCE_1000PP":[1.36,0.92,1,1.35,0.9,0.92,1.02,1.1,0.99,1.2,0.97,0.82]},"CONDITIONS_BY_TYPE":{"CONCEPT_NAME":"Claim","COUNT_VALUE":6748},"AGE_AT_FIRST_DIAGNOSIS":{"CATEGORY":["FEMALE","MALE","No matching concept"],"MIN_VALUE":[0,0,1],"P10_VALUE":[12,13,5],"P25_VALUE":[24,26,35],"MEDIAN_VALUE":[43,46,41],"P75_VALUE":[62,63,61],"P90_VALUE":[77,78,72],"MAX_VALUE":[99,99,94]}}
