{"PREVALENCE_BY_GENDER_AGE_YEAR":{"TRELLIS_NAME":["40-49","60-69","0-9","20-29","10-19","30-39","50-59","30-39","80-89","70-79","90-99","40-49","10-19","20-29","0-9","90-99","50-59","70-79","80-89","60-69"],"SERIES_NAME":["MALE","MALE","MALE","MALE","MALE","MALE","MALE","FEMALE","MALE","MALE","MALE","FEMALE","FEMALE","FEMALE","FEMALE","FEMALE","FEMALE","FEMALE","FEMALE","FEMALE"],"X_CALENDAR_YEAR":[2019,2019,2019,2019,2019,2019,2019,2019,2019,2019,2019,2019,2019,2019,2019,2019,2019,2019,2019,2019],"Y_PREVALENCE_1000PP":[4.82668,7.30769,6.46456,5.56117,7.10357,5.25335,7.04122,3.90752,4.96963,6.83501,8.54701,5.4247,5.90293,7.49376,6.10013,6.13155,4.4908,4.07709,4.03458,7.61035]},"PREVALENCE_BY_MONTH":{"X_CALENDAR_MONTH":[201901,201902,201903,201904,201905,201906,201907,201908,201909,201910,201911,201912],"Y_PREVALENCE_1000PP":[0.49,0.36,0.45,0.59,0.31,0.43,0.59,0.48,0.47,0.59,0.53,0.56]},"CONDITIONS_BY_TYPE":{"CONCEPT_NAME":"Claim","COUNT_VALUE":3056},"AGE_AT_FIRST_DIAGNOSIS":{"CATEGORY":["FEMALE","MALE","No matching concept"],"MIN_VALUE":[0,0,27],"P10_VALUE":[9,10,27],"P25_VALUE":[21,23,42],"MEDIAN_VALUE":[44,47,60],"P75_VALUE":[63,65,68],"P90_VALUE":[73,78,77],"MAX_VALUE":[98,97,77]}}
