{"PREVALENCE_BY_GENDER_AGE_YEAR":{"TRELLIS_NAME":["0-9","40-49","20-29","30-39","10-19","70-79","50-59","70-79","60-69","30-39","60-69","0-9","20-29","10-19","50-59","40-49"],"SERIES_NAME":["FEMALE","FEMALE","FEMALE","FEMALE","FEMALE","MALE","FEMALE","FEMALE","FEMALE","MALE","MALE","MALE","MALE","MALE","MALE","MALE"],"X_CALENDAR_YEAR":[2019,2019,2019,2019,2019,2019,2019,2019,2019,2019,2019,2019,2019,2019,2019,2019],"Y_PREVALENCE_1000PP":[2.52632,2.14439,2.33645,1.9509,1.96721,1.71168,1.73863,2.21935,1.70197,1.69779,2.70688,2.67261,2.18782,4.3618,3.37639,2.48429]},"PREVALENCE_BY_MONTH":{"X_CALENDAR_MONTH":[201901,201902,201903,201904,201905,201906,201907,201908,201909,201910,201911,201912],"Y_PREVALENCE_1000PP":[0.2,0.2,0.28,0.17,0.17,0.17,0.17,0.21,0.18,0.22,0.17,0.19]},"CONDITIONS_BY_TYPE":{"CONCEPT_NAME":"Claim","COUNT_VALUE":321},"AGE_AT_FIRST_DIAGNOSIS":{"CATEGORY":["MALE","No matching concept","FEMALE"],"MIN_VALUE":[1,0,0],"P10_VALUE":[10,0,7],"P25_VALUE":[20,0,25],"MEDIAN_VALUE":[43,10,42],"P75_VALUE":[59,37,61],"P90_VALUE":[74,60,78],"MAX_VALUE":[95,60,97]}}
