{"PREVALENCE_BY_GENDER_AGE_YEAR":{"TRELLIS_NAME":["30-39","20-29","70-79","60-69","50-59","40-49","20-29","40-49","10-19","0-9","50-59","30-39"],"SERIES_NAME":["FEMALE","FEMALE","MALE","FEMALE","FEMALE","FEMALE","MALE","MALE","MALE","MALE","MALE","MALE"],"X_CALENDAR_YEAR":[2019,2019,2019,2019,2019,2019,2019,2019,2019,2019,2019,2019],"Y_PREVALENCE_1000PP":[1.62813,1.33222,2.65806,1.14155,1.15892,1.2848,1.17964,1.46263,1.83318,2.00624,1.46692,1.01678]},"PREVALENCE_BY_MONTH":{"X_CALENDAR_MONTH":[201901,201902,201903,201904,201905,201907,201908,201909,201910,201911,201912],"Y_PREVALENCE_1000PP":[0.13,0.06,0.09,0.12,0.06,0.14,0.14,0.08,0.14,0.07,0.17]},"CONDITIONS_BY_TYPE":{"CONCEPT_NAME":"Claim","COUNT_VALUE":692},"AGE_AT_FIRST_DIAGNOSIS":{"CATEGORY":["MALE","FEMALE"],"MIN_VALUE":[1,2],"P10_VALUE":[9,14],"P25_VALUE":[19,27],"MEDIAN_VALUE":[44,43],"P75_VALUE":[62,59],"P90_VALUE":[75,75],"MAX_VALUE":[79,99]}}
