{"PREVALENCE_BY_GENDER_AGE_YEAR":{"TRELLIS_NAME":["10-19","20-29","0-9","60-69","90-99","30-39","30-39","40-49","0-9","20-29","50-59","10-19","90-99","40-49","70-79","50-59","60-69"],"SERIES_NAME":["FEMALE","FEMALE","FEMALE","MALE","MALE","FEMALE","MALE","MALE","MALE","MALE","MALE","MALE","FEMALE","FEMALE","FEMALE","FEMALE","FEMALE"],"X_CALENDAR_YEAR":[2019,2019,2019,2019,2019,2019,2019,2019,2019,2019,2019,2019,2019,2019,2019,2019,2019],"Y_PREVALENCE_1000PP":[1.31148,2.00267,1.68421,1.35344,4.58453,2.92635,2.54669,2.04589,2.00445,2.35611,2.202,3.21396,3.33148,3.00214,1.66451,1.73863,3.40393]},"PREVALENCE_BY_MONTH":{"X_CALENDAR_MONTH":[201901,201902,201903,201904,201905,201906,201907,201908,201909,201910,201911,201912],"Y_PREVALENCE_1000PP":[0.22,0.11,0.17,0.3,0.2,0.16,0.14,0.19,0.18,0.22,0.15,0.17]},"CONDITIONS_BY_TYPE":{"CONCEPT_NAME":"Claim","COUNT_VALUE":299},"AGE_AT_FIRST_DIAGNOSIS":{"CATEGORY":["FEMALE","MALE"],"MIN_VALUE":[2,0],"P10_VALUE":[19,10],"P25_VALUE":[30,21],"MEDIAN_VALUE":[45,37],"P75_VALUE":[61,58],"P90_VALUE":[78,79],"MAX_VALUE":[99,99]}}
