{"PREVALENCE_BY_GENDER_AGE_YEAR":{"TRELLIS_NAME":["80-89","50-59","70-79","90-99","60-69","10-19","0-9","20-29","40-49","50-59","60-69","30-39","40-49","20-29","30-39","10-19","70-79","0-9","80-89","90-99"],"SERIES_NAME":["FEMALE","FEMALE","FEMALE","FEMALE","FEMALE","MALE","MALE","MALE","MALE","MALE","MALE","MALE","FEMALE","FEMALE","FEMALE","FEMALE","MALE","FEMALE","MALE","MALE"],"X_CALENDAR_YEAR":[2019,2019,2019,2019,2019,2019,2019,2019,2019,2019,2019,2019,2019,2019,2019,2019,2019,2019,2019,2019],"Y_PREVALENCE_1000PP":[6.91643,6.22918,4.26242,3.34448,4.18569,4.12466,5.57289,7.4149,5.1192,5.13422,4.80769,6.60905,4.99643,4.99584,6.51254,5.24705,5.31612,5.67943,5.52181,6.26781]},"PREVALENCE_BY_MONTH":{"X_CALENDAR_MONTH":[201901,201902,201903,201904,201905,201906,201907,201908,201909,201910,201911,201912],"Y_PREVALENCE_1000PP":[0.51,0.47,0.41,0.44,0.58,0.36,0.45,0.35,0.5,0.59,0.34,0.42]},"CONDITIONS_BY_TYPE":{"CONCEPT_NAME":"Claim","COUNT_VALUE":2948},"AGE_AT_FIRST_DIAGNOSIS":{"CATEGORY":["No matching concept","FEMALE","MALE"],"MIN_VALUE":[1,2,0],"P10_VALUE":[1,9,10],"P25_VALUE":[11,24,25],"MEDIAN_VALUE":[29,43,42],"P75_VALUE":[62,59,62],"P90_VALUE":[73,77,78],"MAX_VALUE":[74,98,99]}}
