{"PREVALENCE_BY_GENDER_AGE_YEAR":{"TRELLIS_NAME":["80-89","90-99","70-79","60-69","40-49","50-59","30-39","10-19","20-29","0-9","40-49","50-59","30-39","90-99","60-69","20-29","80-89","10-19","70-79","0-9"],"SERIES_NAME":["FEMALE","FEMALE","FEMALE","FEMALE","FEMALE","FEMALE","MALE","MALE","MALE","MALE","MALE","MALE","FEMALE","MALE","MALE","FEMALE","MALE","FEMALE","MALE","FEMALE"],"X_CALENDAR_YEAR":[2019,2019,2019,2019,2019,2019,2019,2019,2019,2019,2019,2019,2019,2019,2019,2019,2019,2019,2019,2019],"Y_PREVALENCE_1000PP":[62.82421,57.97101,72.27576,60.31202,61.09921,61.27771,55.07541,58.89093,57.46545,55.06019,59.38277,56.76984,60.56659,55.84046,66.15385,69.10908,67.3661,66.02536,61.70496,55.74253]},"PREVALENCE_BY_MONTH":{"X_CALENDAR_MONTH":[201901,201902,201903,201904,201905,201906,201907,201908,201909,201910,201911,201912],"Y_PREVALENCE_1000PP":[6.68,4.43,4.89,6.08,5.07,4.55,6.05,4.4,4.53,6.41,4.54,5.31]},"CONDITIONS_BY_TYPE":{"CONCEPT_NAME":"Claim","COUNT_VALUE":34036},"AGE_AT_FIRST_DIAGNOSIS":{"CATEGORY":["FEMALE","MALE","No matching concept"],"MIN_VALUE":[0,0,0],"P10_VALUE":[11,11,9],"P25_VALUE":[25,25,25],"MEDIAN_VALUE":[45,46,42],"P75_VALUE":[64,64,62],"P90_VALUE":[77,78,75],"MAX_VALUE":[99,99,98]}}
