{"PREVALENCE_BY_GENDER_AGE_YEAR":{"TRELLIS_NAME":["0-9","60-69","50-59","40-49","10-19","30-39","20-29","10-19","80-89","70-79","30-39","0-9","20-29","90-99","80-89","70-79","50-59","60-69","40-49","90-99"],"SERIES_NAME":["MALE","MALE","MALE","MALE","MALE","MALE","MALE","FEMALE","MALE","MALE","FEMALE","FEMALE","FEMALE","MALE","FEMALE","FEMALE","FEMALE","FEMALE","FEMALE","FEMALE"],"X_CALENDAR_YEAR":[2019,2019,2019,2019,2019,2019,2019,2019,2019,2019,2019,2019,2019,2019,2019,2019,2019,2019,2019,2019],"Y_PREVALENCE_1000PP":[44.98886,42.15004,36.84674,41.6484,39.9449,40.57725,36.3514,42.84153,39.20486,40.89007,42.5947,39.15789,42.55674,39.54155,31.14187,39.57832,42.59635,40.09077,42.03002,34.42532]},"PREVALENCE_BY_MONTH":{"X_CALENDAR_MONTH":[201901,201902,201903,201904,201905,201906,201907,201908,201909,201910,201911,201912],"Y_PREVALENCE_1000PP":[4.02,2.72,3.09,4,2.92,3.51,4.13,3.13,3.09,3.72,3.43,3.43]},"CONDITIONS_BY_TYPE":{"CONCEPT_NAME":"Claim","COUNT_VALUE":5571},"AGE_AT_FIRST_DIAGNOSIS":{"CATEGORY":["No matching concept","MALE","FEMALE"],"MIN_VALUE":[0,0,0],"P10_VALUE":[10,9,10],"P25_VALUE":[24,24,25],"MEDIAN_VALUE":[37,45,43],"P75_VALUE":[52,64,61],"P90_VALUE":[78,78,76],"MAX_VALUE":[96,99,99]}}
