{"PREVALENCE_BY_GENDER_AGE_YEAR":{"TRELLIS_NAME":["20-29","10-19","60-69","50-59","40-49","30-39","0-9","50-59","60-69","70-79","80-89","40-49","20-29","70-79","90-99","30-39","0-9","10-19"],"SERIES_NAME":["MALE","MALE","MALE","MALE","MALE","MALE","MALE","FEMALE","FEMALE","FEMALE","FEMALE","FEMALE","FEMALE","MALE","MALE","FEMALE","FEMALE","FEMALE"],"X_CALENDAR_YEAR":[2019,2019,2019,2019,2019,2019,2019,2019,2019,2019,2019,2019,2019,2019,2019,2019,2019,2019],"Y_PREVALENCE_1000PP":[2.35929,2.52062,2.11538,1.76031,1.75516,1.69463,2.45207,1.59351,2.66362,1.48258,4.61095,2.14133,1.99833,1.13917,3.9886,1.79095,1.89314,1.96764]},"PREVALENCE_BY_MONTH":{"X_CALENDAR_MONTH":[201901,201902,201903,201904,201905,201906,201907,201908,201909,201910,201911,201912],"Y_PREVALENCE_1000PP":[0.37,0.13,0.12,0.2,0.12,0.14,0.18,0.17,0.2,0.13,0.12,0.15]},"CONDITIONS_BY_TYPE":{"CONCEPT_NAME":"Claim","COUNT_VALUE":1116},"AGE_AT_FIRST_DIAGNOSIS":{"CATEGORY":["FEMALE","MALE"],"MIN_VALUE":[1,0],"P10_VALUE":[11,9],"P25_VALUE":[24,22],"MEDIAN_VALUE":[44,42],"P75_VALUE":[66,61],"P90_VALUE":[81,83],"MAX_VALUE":[99,99]}}
