{"PREVALENCE_BY_GENDER_AGE_YEAR":{"TRELLIS_NAME":["0-9","60-69","40-49","30-39","10-19","20-29","50-59","50-59","70-79","60-69","40-49","0-9","20-29","70-79","10-19","30-39"],"SERIES_NAME":["MALE","MALE","MALE","MALE","MALE","MALE","MALE","FEMALE","FEMALE","FEMALE","FEMALE","FEMALE","FEMALE","MALE","FEMALE","FEMALE"],"X_CALENDAR_YEAR":[2019,2019,2019,2019,2019,2019,2019,2019,2019,2019,2019,2019,2019,2019,2019,2019],"Y_PREVALENCE_1000PP":[2.67499,2.30769,3.07152,2.54194,2.06233,2.19077,1.32023,2.17297,2.40919,2.28311,2.56959,3.36559,2.16486,2.84792,1.74902,3.09345]},"PREVALENCE_BY_MONTH":{"X_CALENDAR_MONTH":[201901,201902,201903,201904,201905,201906,201907,201908,201909,201910,201911,201912],"Y_PREVALENCE_1000PP":[0.28,0.26,0.12,0.19,0.13,0.22,0.22,0.2,0.15,0.26,0.12,0.27]},"CONDITIONS_BY_TYPE":{"CONCEPT_NAME":"Claim","COUNT_VALUE":1308},"AGE_AT_FIRST_DIAGNOSIS":{"CATEGORY":["MALE","FEMALE","No matching concept"],"MIN_VALUE":[1,0,3],"P10_VALUE":[9,7,3],"P25_VALUE":[24,25,23],"MEDIAN_VALUE":[43,43,39],"P75_VALUE":[63,61,72],"P90_VALUE":[75,75,74],"MAX_VALUE":[97,99,78]}}
