{"PREVALENCE_BY_GENDER_AGE_YEAR":{"TRELLIS_NAME":["70-79","50-59","30-39","40-49","0-9"],"SERIES_NAME":["FEMALE","MALE","MALE","MALE","FEMALE"],"X_CALENDAR_YEAR":[2019,2019,2019,2019,2019],"Y_PREVALENCE_1000PP":[1.29726,0.88015,1.01678,0.87758,1.68279]},"PREVALENCE_BY_MONTH":{"X_CALENDAR_MONTH":[201901,201902,201903,201905,201906,201907,201910,201911],"Y_PREVALENCE_1000PP":[0.12,0.07,0.07,0.06,0.09,0.07,0.12,0.06]},"CONDITIONS_BY_TYPE":{"CONCEPT_NAME":"Claim","COUNT_VALUE":468},"AGE_AT_FIRST_DIAGNOSIS":{"CATEGORY":["FEMALE","MALE"],"MIN_VALUE":[0,2],"P10_VALUE":[5,12],"P25_VALUE":[13,27],"MEDIAN_VALUE":[47,42],"P75_VALUE":[67,58],"P90_VALUE":[75,71],"MAX_VALUE":[87,77]}}
