{"PREVALENCE_BY_GENDER_AGE_YEAR":{"TRELLIS_NAME":["0-9","10-19","30-39","40-49","60-69","50-59","20-29","70-79","40-49","60-69","80-89","50-59","90-99","10-19","20-29","0-9","30-39","70-79","80-89","90-99"],"SERIES_NAME":["MALE","MALE","MALE","MALE","MALE","MALE","MALE","FEMALE","FEMALE","FEMALE","FEMALE","FEMALE","FEMALE","FEMALE","FEMALE","FEMALE","FEMALE","MALE","MALE","MALE"],"X_CALENDAR_YEAR":[2019,2019,2019,2019,2019,2019,2019,2019,2019,2019,2019,2019,2019,2019,2019,2019,2019,2019,2019,2019],"Y_PREVALENCE_1000PP":[4.23163,3.67309,4.41426,4.38404,6.18716,4.11039,4.54392,6.1032,4.5747,4.34947,5.76701,5.07099,4.44198,3.93443,4.6729,4.21053,5.36498,4.56447,7.17835,6.87679]},"PREVALENCE_BY_MONTH":{"X_CALENDAR_MONTH":[201901,201902,201903,201904,201905,201906,201907,201908,201909,201910,201911,201912],"Y_PREVALENCE_1000PP":[0.41,0.33,0.43,0.43,0.53,0.3,0.67,0.35,0.41,0.34,0.27,0.31]},"CONDITIONS_BY_TYPE":{"CONCEPT_NAME":"Claim","COUNT_VALUE":642},"AGE_AT_FIRST_DIAGNOSIS":{"CATEGORY":["MALE","FEMALE","No matching concept"],"MIN_VALUE":[0,0,2],"P10_VALUE":[10,12,6],"P25_VALUE":[28,27,28],"MEDIAN_VALUE":[48,46,47],"P75_VALUE":[67,65,67],"P90_VALUE":[82,78,67],"MAX_VALUE":[99,98,68]}}
