{"PREVALENCE_BY_GENDER_AGE_YEAR":{"TRELLIS_NAME":["90-99","40-49","60-69","70-79","50-59","80-89","10-19","30-39","0-9","40-49","20-29","50-59","80-89","10-19","60-69","20-29","90-99","0-9","70-79","30-39"],"SERIES_NAME":["FEMALE","FEMALE","FEMALE","FEMALE","FEMALE","FEMALE","MALE","MALE","MALE","MALE","MALE","MALE","MALE","FEMALE","MALE","FEMALE","MALE","FEMALE","MALE","FEMALE"],"X_CALENDAR_YEAR":[2019,2019,2019,2019,2019,2019,2019,2019,2019,2019,2019,2019,2019,2019,2019,2019,2019,2019,2019,2019],"Y_PREVALENCE_1000PP":[34.98057,30.1644,34.60666,32.92029,32.45436,34.60208,36.73095,31.40917,34.07572,38.43344,37.86604,34.20435,39.75704,29.72678,34.41609,34.71295,32.66476,33.47368,37.08634,37.71744]},"PREVALENCE_BY_MONTH":{"X_CALENDAR_MONTH":[201901,201902,201903,201904,201905,201906,201907,201908,201909,201910,201911,201912],"Y_PREVALENCE_1000PP":[3.68,2.35,2.69,3.25,2.78,2.92,3.27,2.65,2.62,3.35,2.66,2.71]},"CONDITIONS_BY_TYPE":{"CONCEPT_NAME":"Claim","COUNT_VALUE":4762},"AGE_AT_FIRST_DIAGNOSIS":{"CATEGORY":["FEMALE","MALE","No matching concept"],"MIN_VALUE":[0,0,2],"P10_VALUE":[10,10,11],"P25_VALUE":[25,25,21],"MEDIAN_VALUE":[43,45,41],"P75_VALUE":[63,64,57],"P90_VALUE":[77,78,74],"MAX_VALUE":[99,99,98]}}
