{"PREVALENCE_BY_GENDER_AGE_YEAR":{"TRELLIS_NAME":["40-49","50-59","30-39","50-59","20-29","30-39"],"SERIES_NAME":["MALE","MALE","MALE","FEMALE","FEMALE","FEMALE"],"X_CALENDAR_YEAR":[2019,2019,2019,2019,2019,2019],"Y_PREVALENCE_1000PP":[1.31637,0.88015,1.3557,0.86919,1.33222,0.97688]},"PREVALENCE_BY_MONTH":{"X_CALENDAR_MONTH":[201901,201903,201904,201905,201907,201908,201909,201910,201912],"Y_PREVALENCE_1000PP":[0.06,0.11,0.08,0.06,0.07,0.07,0.06,0.06,0.11]},"CONDITIONS_BY_TYPE":{"CONCEPT_NAME":"Claim","COUNT_VALUE":444},"AGE_AT_FIRST_DIAGNOSIS":{"CATEGORY":["FEMALE","MALE"],"MIN_VALUE":[5,0],"P10_VALUE":[16,11],"P25_VALUE":[26,32],"MEDIAN_VALUE":[40,41],"P75_VALUE":[60,59],"P90_VALUE":[77,72],"MAX_VALUE":[99,99]}}
