{"PREVALENCE_BY_GENDER_AGE_YEAR":{"TRELLIS_NAME":["50-59","60-69","40-49","40-49","50-59","30-39","20-29"],"SERIES_NAME":["FEMALE","FEMALE","FEMALE","MALE","MALE","MALE","FEMALE"],"X_CALENDAR_YEAR":[2019,2019,2019,2019,2019,2019,2019],"Y_PREVALENCE_1000PP":[0.86931,1.13464,1.00071,0.87681,1.3212,1.35823,1.16822]},"PREVALENCE_BY_MONTH":{"X_CALENDAR_MONTH":[201903,201904,201905,201906,201908,201909,201910,201912],"Y_PREVALENCE_1000PP":[0.07,0.09,0.06,0.12,0.11,0.06,0.08,0.09]},"CONDITIONS_BY_TYPE":{"CONCEPT_NAME":"Claim","COUNT_VALUE":111},"AGE_AT_FIRST_DIAGNOSIS":{"CATEGORY":["FEMALE","MALE"],"MIN_VALUE":[1,0],"P10_VALUE":[10,24],"P25_VALUE":[25,35],"MEDIAN_VALUE":[43,46],"P75_VALUE":[60,58],"P90_VALUE":[73,65],"MAX_VALUE":[92,99]}}
