{"PREVALENCE_BY_GENDER_AGE_YEAR":{"TRELLIS_NAME":["90-99","60-69","70-79","50-59","80-89","90-99","30-39","80-89","40-49","20-29","0-9","10-19","70-79","40-49","10-19","30-39","60-69","50-59","0-9","20-29"],"SERIES_NAME":["FEMALE","FEMALE","FEMALE","FEMALE","FEMALE","MALE","FEMALE","MALE","FEMALE","FEMALE","FEMALE","FEMALE","MALE","MALE","MALE","MALE","MALE","MALE","MALE","MALE"],"X_CALENDAR_YEAR":[2019,2019,2019,2019,2019,2019,2019,2019,2019,2019,2019,2019,2019,2019,2019,2019,2019,2019,2019,2019],"Y_PREVALENCE_1000PP":[3.33148,3.21483,3.51396,4.49145,4.61361,4.01146,4.06438,3.86527,4.28878,2.50334,5.26316,3.06011,2.47242,2.63043,5.73921,2.88625,4.83372,3.96359,3.56347,3.70246]},"PREVALENCE_BY_MONTH":{"X_CALENDAR_MONTH":[201901,201902,201903,201904,201905,201906,201907,201908,201909,201910,201911,201912],"Y_PREVALENCE_1000PP":[0.46,0.26,0.29,0.38,0.27,0.29,0.3,0.37,0.28,0.25,0.32,0.27]},"CONDITIONS_BY_TYPE":{"CONCEPT_NAME":"Claim","COUNT_VALUE":499},"AGE_AT_FIRST_DIAGNOSIS":{"CATEGORY":["FEMALE","MALE","No matching concept"],"MIN_VALUE":[0,0,12],"P10_VALUE":[7,10,12],"P25_VALUE":[26,20,13],"MEDIAN_VALUE":[46,45,38],"P75_VALUE":[60,64,77],"P90_VALUE":[75,76,98],"MAX_VALUE":[99,97,98]}}
