{"PREVALENCE_BY_GENDER_AGE_YEAR":{"TRELLIS_NAME":["70-79","60-69","50-59","30-39","20-29"],"SERIES_NAME":["FEMALE","MALE","MALE","FEMALE","FEMALE"],"X_CALENDAR_YEAR":[2019,2019,2019,2019,2019],"Y_PREVALENCE_1000PP":[1.6679,1.34615,1.02684,1.13969,1.49875]},"PREVALENCE_BY_MONTH":{"X_CALENDAR_MONTH":[201901,201903,201904,201905,201907,201908,201909,201911,201912],"Y_PREVALENCE_1000PP":[0.09,0.11,0.06,0.08,0.07,0.09,0.12,0.07,0.08]},"CONDITIONS_BY_TYPE":{"CONCEPT_NAME":"Claim","COUNT_VALUE":504},"AGE_AT_FIRST_DIAGNOSIS":{"CATEGORY":["FEMALE","MALE"],"MIN_VALUE":[0,0],"P10_VALUE":[9,7],"P25_VALUE":[23,32],"MEDIAN_VALUE":[38,51],"P75_VALUE":[64,65],"P90_VALUE":[74,77],"MAX_VALUE":[97,81]}}
