{"PREVALENCE_BY_GENDER_AGE_YEAR":{"TRELLIS_NAME":["50-59","70-79","60-69","40-49","0-9","50-59","10-19","20-29","40-49","30-39","10-19","0-9","20-29"],"SERIES_NAME":["FEMALE","FEMALE","FEMALE","FEMALE","MALE","MALE","MALE","MALE","MALE","MALE","FEMALE","FEMALE","FEMALE"],"X_CALENDAR_YEAR":[2019,2019,2019,2019,2019,2019,2019,2019,2019,2019,2019,2019,2019],"Y_PREVALENCE_1000PP":[1.15892,1.48258,1.14155,1.71306,2.00624,1.32023,1.83318,1.6852,1.75516,1.69463,1.74902,1.89314,0.99917]},"PREVALENCE_BY_MONTH":{"X_CALENDAR_MONTH":[201901,201902,201903,201904,201905,201906,201907,201908,201909,201910,201911,201912],"Y_PREVALENCE_1000PP":[0.12,0.07,0.08,0.17,0.14,0.14,0.13,0.07,0.1,0.13,0.14,0.14]},"CONDITIONS_BY_TYPE":{"CONCEPT_NAME":"Claim","COUNT_VALUE":760},"AGE_AT_FIRST_DIAGNOSIS":{"CATEGORY":["FEMALE","MALE"],"MIN_VALUE":[0,0],"P10_VALUE":[5,5],"P25_VALUE":[18,20],"MEDIAN_VALUE":[44,38],"P75_VALUE":[63,53],"P90_VALUE":[78,72],"MAX_VALUE":[96,97]}}
