{"PREVALENCE_BY_GENDER_AGE_YEAR":{"TRELLIS_NAME":["30-39","10-19","20-29","40-49","0-9","70-79","80-89","60-69","70-79","50-59","90-99","80-89","50-59","0-9","60-69","20-29","40-49","30-39","10-19"],"SERIES_NAME":["FEMALE","FEMALE","FEMALE","FEMALE","FEMALE","MALE","MALE","FEMALE","FEMALE","FEMALE","FEMALE","FEMALE","MALE","MALE","MALE","MALE","MALE","MALE","MALE"],"X_CALENDAR_YEAR":[2019,2019,2019,2019,2019,2019,2019,2019,2019,2019,2019,2019,2019,2019,2019,2019,2019,2019,2019],"Y_PREVALENCE_1000PP":[3.74471,3.49803,3.66361,2.8551,2.31384,4.17695,3.31309,3.80518,2.40919,1.73837,3.9019,3.45821,2.93384,2.22916,2.5,3.37041,3.65657,4.40603,3.43721]},"PREVALENCE_BY_MONTH":{"X_CALENDAR_MONTH":[201901,201902,201903,201904,201905,201906,201907,201908,201909,201910,201911,201912],"Y_PREVALENCE_1000PP":[0.3,0.23,0.15,0.33,0.22,0.23,0.36,0.23,0.23,0.37,0.28,0.29]},"CONDITIONS_BY_TYPE":{"CONCEPT_NAME":"Claim","COUNT_VALUE":1760},"AGE_AT_FIRST_DIAGNOSIS":{"CATEGORY":["MALE","FEMALE","No matching concept"],"MIN_VALUE":[0,1,5],"P10_VALUE":[15,12,5],"P25_VALUE":[28,25,32],"MEDIAN_VALUE":[43,42,40],"P75_VALUE":[65,62,48],"P90_VALUE":[76,76,53],"MAX_VALUE":[95,98,54]}}
