{"PREVALENCE_BY_GENDER_AGE_YEAR":{"TRELLIS_NAME":["40-49","60-69","20-29","40-49","30-39","70-79"],"SERIES_NAME":["MALE","MALE","MALE","FEMALE","FEMALE","FEMALE"],"X_CALENDAR_YEAR":[2019,2019,2019,2019,2019,2019],"Y_PREVALENCE_1000PP":[1.60889,1.53846,1.17964,1.42755,1.13969,1.6679]},"PREVALENCE_BY_MONTH":{"X_CALENDAR_MONTH":[201901,201902,201903,201904,201907,201908,201909,201910,201911,201912],"Y_PREVALENCE_1000PP":[0.12,0.08,0.06,0.13,0.1,0.09,0.06,0.08,0.08,0.12]},"CONDITIONS_BY_TYPE":{"CONCEPT_NAME":"Claim","COUNT_VALUE":524},"AGE_AT_FIRST_DIAGNOSIS":{"CATEGORY":["MALE","FEMALE"],"MIN_VALUE":[2,2],"P10_VALUE":[19,16],"P25_VALUE":[28,28],"MEDIAN_VALUE":[44,46],"P75_VALUE":[63,70],"P90_VALUE":[76,79],"MAX_VALUE":[96,98]}}
