{"PREVALENCE_BY_GENDER_AGE_YEAR":{"TRELLIS_NAME":["40-49","70-79","60-69","50-59","60-69","30-39","40-49","50-59","20-29","0-9","0-9","20-29","70-79","30-39"],"SERIES_NAME":["FEMALE","FEMALE","FEMALE","FEMALE","MALE","MALE","MALE","MALE","MALE","MALE","FEMALE","FEMALE","MALE","FEMALE"],"X_CALENDAR_YEAR":[2019,2019,2019,2019,2019,2019,2019,2019,2019,2019,2019,2019,2019,2019],"Y_PREVALENCE_1000PP":[2.43031,1.66451,1.32375,1.59374,2.51353,2.20713,2.63043,1.9084,1.68294,2.89532,2.31579,2.00267,3.04298,2.43863]},"PREVALENCE_BY_MONTH":{"X_CALENDAR_MONTH":[201901,201902,201903,201904,201905,201906,201907,201908,201909,201910,201911,201912],"Y_PREVALENCE_1000PP":[0.22,0.09,0.08,0.25,0.21,0.23,0.11,0.22,0.14,0.21,0.1,0.16]},"CONDITIONS_BY_TYPE":{"CONCEPT_NAME":"Claim","COUNT_VALUE":267},"AGE_AT_FIRST_DIAGNOSIS":{"CATEGORY":["FEMALE","MALE"],"MIN_VALUE":[0,0],"P10_VALUE":[8,7],"P25_VALUE":[25,29],"MEDIAN_VALUE":[41,47],"P75_VALUE":[58,67],"P90_VALUE":[76,77],"MAX_VALUE":[94,97]}}
