{"PREVALENCE_BY_GENDER_AGE_YEAR":{"TRELLIS_NAME":["40-49","60-69","20-29","0-9","10-19","50-59","30-39","0-9","20-29","70-79","30-39","40-49","10-19","50-59","70-79","60-69","80-89"],"SERIES_NAME":["MALE","MALE","MALE","MALE","MALE","MALE","MALE","FEMALE","FEMALE","MALE","FEMALE","FEMALE","FEMALE","FEMALE","FEMALE","FEMALE","FEMALE"],"X_CALENDAR_YEAR":[2019,2019,2019,2019,2019,2019,2019,2019,2019,2019,2019,2019,2019,2019,2019,2019,2019],"Y_PREVALENCE_1000PP":[1.1701,2.11538,1.34816,1.56041,2.29148,2.93384,1.69463,1.2621,1.33222,1.89861,2.4422,2.42684,2.62352,1.15892,2.96516,1.33181,3.45821]},"PREVALENCE_BY_MONTH":{"X_CALENDAR_MONTH":[201901,201902,201903,201904,201905,201906,201907,201908,201909,201910,201911,201912],"Y_PREVALENCE_1000PP":[0.14,0.22,0.12,0.16,0.08,0.17,0.19,0.1,0.1,0.21,0.19,0.22]},"CONDITIONS_BY_TYPE":{"CONCEPT_NAME":"Claim","COUNT_VALUE":1016},"AGE_AT_FIRST_DIAGNOSIS":{"CATEGORY":["MALE","FEMALE"],"MIN_VALUE":[0,0],"P10_VALUE":[12,11],"P25_VALUE":[25,28],"MEDIAN_VALUE":[50,43],"P75_VALUE":[63,70],"P90_VALUE":[75,79],"MAX_VALUE":[99,99]}}
