{"PREVALENCE_BY_GENDER_AGE_YEAR":{"TRELLIS_NAME":["0-9","40-49","30-39","20-29","10-19","60-69","50-59","90-99","50-59","70-79","80-89","60-69","90-99","30-39","70-79","0-9","20-29","10-19","40-49"],"SERIES_NAME":["MALE","MALE","MALE","MALE","MALE","MALE","MALE","FEMALE","FEMALE","FEMALE","FEMALE","FEMALE","MALE","FEMALE","MALE","FEMALE","FEMALE","FEMALE","FEMALE"],"X_CALENDAR_YEAR":[2019,2019,2019,2019,2019,2019,2019,2019,2019,2019,2019,2019,2019,2019,2019,2019,2019,2019,2019],"Y_PREVALENCE_1000PP":[3.11804,3.50723,4.24448,5.04881,4.3618,2.90023,4.11039,6.10772,6.51985,4.0688,4.03691,4.16036,4.58453,2.76378,3.80373,3.57895,3.67156,3.71585,3.28806]},"PREVALENCE_BY_MONTH":{"X_CALENDAR_MONTH":[201901,201902,201903,201904,201905,201906,201907,201908,201909,201910,201911,201912],"Y_PREVALENCE_1000PP":[0.47,0.25,0.32,0.45,0.3,0.26,0.4,0.34,0.27,0.36,0.21,0.32]},"CONDITIONS_BY_TYPE":{"CONCEPT_NAME":"Claim","COUNT_VALUE":529},"AGE_AT_FIRST_DIAGNOSIS":{"CATEGORY":["MALE","FEMALE"],"MIN_VALUE":[0,0],"P10_VALUE":[12,13],"P25_VALUE":[25,26],"MEDIAN_VALUE":[42,52],"P75_VALUE":[62,66],"P90_VALUE":[78,78],"MAX_VALUE":[98,98]}}
