{"PREVALENCE_BY_GENDER_AGE_YEAR":{"TRELLIS_NAME":["50-59","20-29","0-9","10-19","30-39","40-49","60-69","70-79","90-99","60-69","50-59","70-79","30-39","0-9","20-29","40-49"],"SERIES_NAME":["MALE","MALE","MALE","MALE","MALE","MALE","MALE","FEMALE","FEMALE","FEMALE","FEMALE","MALE","FEMALE","FEMALE","FEMALE","FEMALE"],"X_CALENDAR_YEAR":[2019,2019,2019,2019,2019,2019,2019,2019,2019,2019,2019,2019,2019,2019,2019,2019],"Y_PREVALENCE_1000PP":[2.936,2.01952,2.44989,3.67309,1.69779,1.16908,3.28693,1.10967,4.99722,2.83661,1.73863,1.90186,2.11348,2.94737,1.83578,3.1451]},"PREVALENCE_BY_MONTH":{"X_CALENDAR_MONTH":[201901,201902,201903,201904,201905,201906,201907,201908,201909,201910,201911,201912],"Y_PREVALENCE_1000PP":[0.28,0.19,0.15,0.16,0.18,0.17,0.2,0.2,0.15,0.31,0.13,0.19]},"CONDITIONS_BY_TYPE":{"CONCEPT_NAME":"Claim","COUNT_VALUE":322},"AGE_AT_FIRST_DIAGNOSIS":{"CATEGORY":["FEMALE","MALE","No matching concept"],"MIN_VALUE":[0,0,22],"P10_VALUE":[6,10,22],"P25_VALUE":[25,20,44],"MEDIAN_VALUE":[44,48,46],"P75_VALUE":[63,64,60],"P90_VALUE":[83,75,72],"MAX_VALUE":[99,95,72]}}
