{"PREVALENCE_BY_GENDER_AGE_YEAR":{"TRELLIS_NAME":["50-59","30-39","40-49","10-19","20-29","40-49","30-39","70-79","60-69","50-59"],"SERIES_NAME":["MALE","MALE","MALE","FEMALE","FEMALE","FEMALE","FEMALE","FEMALE","FEMALE","FEMALE"],"X_CALENDAR_YEAR":[2019,2019,2019,2019,2019,2019,2019,2019,2019,2019],"Y_PREVALENCE_1000PP":[0.88015,1.3557,0.87758,1.53039,1.1657,0.99929,1.30251,1.6679,1.14155,1.73837]},"PREVALENCE_BY_MONTH":{"X_CALENDAR_MONTH":[201901,201904,201905,201906,201907,201908,201909,201910,201912],"Y_PREVALENCE_1000PP":[0.15,0.12,0.14,0.08,0.1,0.1,0.13,0.11,0.06]},"CONDITIONS_BY_TYPE":{"CONCEPT_NAME":"Claim","COUNT_VALUE":628},"AGE_AT_FIRST_DIAGNOSIS":{"CATEGORY":["MALE","FEMALE"],"MIN_VALUE":[4,5],"P10_VALUE":[12,16],"P25_VALUE":[30,29],"MEDIAN_VALUE":[46,50],"P75_VALUE":[69,66],"P90_VALUE":[83,79],"MAX_VALUE":[98,96]}}
