{"PREVALENCE_BY_GENDER_AGE_YEAR":{"TRELLIS_NAME":["30-39","20-29","60-69","0-9","40-49","10-19","50-59","0-9","70-79","10-19","30-39","20-29","60-69","40-49","50-59","70-79","90-99"],"SERIES_NAME":["MALE","MALE","MALE","MALE","MALE","MALE","MALE","FEMALE","MALE","FEMALE","FEMALE","FEMALE","FEMALE","FEMALE","FEMALE","FEMALE","FEMALE"],"X_CALENDAR_YEAR":[2019,2019,2019,2019,2019,2019,2019,2019,2019,2019,2019,2019,2019,2019,2019,2019,2019],"Y_PREVALENCE_1000PP":[1.86409,1.85372,1.53846,3.12082,1.75516,2.29148,2.05369,1.68279,2.08848,1.74902,1.13969,1.33222,2.28311,2.14133,1.59351,2.22387,3.34448]},"PREVALENCE_BY_MONTH":{"X_CALENDAR_MONTH":[201901,201902,201903,201904,201905,201906,201907,201908,201909,201910,201911,201912],"Y_PREVALENCE_1000PP":[0.12,0.18,0.14,0.17,0.2,0.19,0.16,0.16,0.15,0.11,0.17,0.17]},"CONDITIONS_BY_TYPE":{"CONCEPT_NAME":"Claim","COUNT_VALUE":1056},"AGE_AT_FIRST_DIAGNOSIS":{"CATEGORY":["MALE","FEMALE","No matching concept"],"MIN_VALUE":[1,0,2],"P10_VALUE":[6,10,2],"P25_VALUE":[20,28,45],"MEDIAN_VALUE":[42,49,48],"P75_VALUE":[60,67,67],"P90_VALUE":[76,79,72],"MAX_VALUE":[98,98,72]}}
