{"PREVALENCE_BY_GENDER_AGE_YEAR":{"TRELLIS_NAME":["50-59","70-79","80-89","60-69","90-99","70-79","20-29","80-89","90-99","30-39","10-19","40-49","0-9","30-39","50-59","20-29","10-19","40-49","60-69","0-9"],"SERIES_NAME":["FEMALE","FEMALE","FEMALE","FEMALE","FEMALE","MALE","FEMALE","MALE","MALE","FEMALE","FEMALE","FEMALE","FEMALE","MALE","MALE","MALE","MALE","MALE","MALE","MALE"],"X_CALENDAR_YEAR":[2019,2019,2019,2019,2019,2019,2019,2019,2019,2019,2019,2019,2019,2019,2019,2019,2019,2019,2019,2019],"Y_PREVALENCE_1000PP":[3.33237,4.62364,4.61361,4.16036,4.44198,3.23317,2.50334,5.52181,6.30372,2.43863,2.40437,2.43031,3.57895,4.58404,3.66999,4.20734,4.13223,3.65337,2.32019,4.45434]},"PREVALENCE_BY_MONTH":{"X_CALENDAR_MONTH":[201901,201902,201903,201904,201905,201906,201907,201908,201909,201910,201911,201912],"Y_PREVALENCE_1000PP":[0.34,0.2,0.33,0.26,0.23,0.26,0.25,0.26,0.27,0.48,0.37,0.35]},"CONDITIONS_BY_TYPE":{"CONCEPT_NAME":"Claim","COUNT_VALUE":479},"AGE_AT_FIRST_DIAGNOSIS":{"CATEGORY":["No matching concept","MALE","FEMALE"],"MIN_VALUE":[34,1,0],"P10_VALUE":[34,9,9],"P25_VALUE":[37,23,26],"MEDIAN_VALUE":[62,41,52],"P75_VALUE":[74,60,70],"P90_VALUE":[99,81,79],"MAX_VALUE":[99,99,98]}}
