{"PREVALENCE_BY_GENDER_AGE_YEAR":{"TRELLIS_NAME":["80-89","0-9","30-39","90-99","70-79","10-19","20-29","60-69","40-49","50-59","0-9","10-19","30-39","20-29","40-49","50-59","70-79","90-99","80-89","60-69"],"SERIES_NAME":["MALE","FEMALE","FEMALE","MALE","MALE","FEMALE","FEMALE","MALE","MALE","MALE","MALE","MALE","MALE","MALE","FEMALE","FEMALE","FEMALE","FEMALE","FEMALE","FEMALE"],"X_CALENDAR_YEAR":[2019,2019,2019,2019,2019,2019,2019,2019,2019,2019,2019,2019,2019,2019,2019,2019,2019,2019,2019,2019],"Y_PREVALENCE_1000PP":[4.41745,4.83803,4.8844,5.69801,2.08848,3.49803,3.83014,4.03846,3.07152,3.08053,6.01872,4.12466,3.72818,4.55005,3.85439,4.20107,5.00371,3.34448,6.34006,4.56621]},"PREVALENCE_BY_MONTH":{"X_CALENDAR_MONTH":[201901,201902,201903,201904,201905,201906,201907,201908,201909,201910,201911,201912],"Y_PREVALENCE_1000PP":[0.45,0.3,0.39,0.17,0.2,0.24,0.39,0.36,0.39,0.57,0.29,0.36]},"CONDITIONS_BY_TYPE":{"CONCEPT_NAME":"Claim","COUNT_VALUE":2184},"AGE_AT_FIRST_DIAGNOSIS":{"CATEGORY":["No matching concept","MALE","FEMALE"],"MIN_VALUE":[4,0,0],"P10_VALUE":[4,4,8],"P25_VALUE":[22,20,25],"MEDIAN_VALUE":[48,39,46],"P75_VALUE":[52,62,66],"P90_VALUE":[79,78,79],"MAX_VALUE":[79,99,99]}}
