{"PREVALENCE_BY_GENDER_AGE_YEAR":{"TRELLIS_NAME":["60-69","30-39","90-99","70-79","20-29","80-89","10-19","0-9","30-39","50-59","40-49","20-29","10-19","0-9","70-79","80-89","40-49","50-59","60-69","90-99"],"SERIES_NAME":["MALE","FEMALE","MALE","MALE","FEMALE","MALE","FEMALE","FEMALE","MALE","MALE","MALE","MALE","MALE","MALE","FEMALE","FEMALE","FEMALE","FEMALE","FEMALE","FEMALE"],"X_CALENDAR_YEAR":[2019,2019,2019,2019,2019,2019,2019,2019,2019,2019,2019,2019,2019,2019,2019,2019,2019,2019,2019,2019],"Y_PREVALENCE_1000PP":[34.23077,34.19082,39.31624,36.45339,37.46878,32.0265,31.26366,31.76273,34.23149,30.36526,33.05543,35.5578,34.37214,34.77486,36.50852,34.00576,32.26267,32.15993,33.10502,29.54292]},"PREVALENCE_BY_MONTH":{"X_CALENDAR_MONTH":[201901,201902,201903,201904,201905,201906,201907,201908,201909,201910,201911,201912],"Y_PREVALENCE_1000PP":[2.99,2.27,3.05,3.19,2.62,2.57,3.37,2.69,2.62,3.55,2.63,2.62]},"CONDITIONS_BY_TYPE":{"CONCEPT_NAME":"Claim","COUNT_VALUE":18548},"AGE_AT_FIRST_DIAGNOSIS":{"CATEGORY":["No matching concept","MALE","FEMALE"],"MIN_VALUE":[3,0,0],"P10_VALUE":[12,10,11],"P25_VALUE":[24,25,26],"MEDIAN_VALUE":[43,44,44],"P75_VALUE":[62,64,63],"P90_VALUE":[77,78,77],"MAX_VALUE":[94,99,99]}}
