{"PREVALENCE_BY_GENDER_AGE_YEAR":{"TRELLIS_NAME":["70-79","60-69","50-59","40-49","10-19","80-89","20-29","30-39","0-9","70-79","0-9","60-69","10-19","50-59","40-49","20-29","30-39"],"SERIES_NAME":["FEMALE","FEMALE","FEMALE","FEMALE","FEMALE","MALE","FEMALE","FEMALE","FEMALE","MALE","MALE","MALE","MALE","MALE","MALE","MALE","MALE"],"X_CALENDAR_YEAR":[2019,2019,2019,2019,2019,2019,2019,2019,2019,2019,2019,2019,2019,2019,2019,2019,2019],"Y_PREVALENCE_1000PP":[2.40429,2.6475,2.75283,3.1451,3.27869,3.31309,2.50334,3.08893,3.36842,2.09205,3.11804,3.09358,2.98439,2.6424,3.50723,3.36587,3.05603]},"PREVALENCE_BY_MONTH":{"X_CALENDAR_MONTH":[201901,201902,201903,201904,201905,201906,201907,201908,201909,201910,201911,201912],"Y_PREVALENCE_1000PP":[0.2,0.16,0.32,0.34,0.12,0.23,0.27,0.18,0.22,0.37,0.21,0.27]},"CONDITIONS_BY_TYPE":{"CONCEPT_NAME":"Claim","COUNT_VALUE":380},"AGE_AT_FIRST_DIAGNOSIS":{"CATEGORY":["MALE","FEMALE"],"MIN_VALUE":[0,0],"P10_VALUE":[10,8],"P25_VALUE":[24,22],"MEDIAN_VALUE":[42,44],"P75_VALUE":[59,61],"P90_VALUE":[75,75],"MAX_VALUE":[98,98]}}
