{"PREVALENCE_BY_GENDER_AGE_YEAR":{"TRELLIS_NAME":["0-9","40-49","30-39","50-59","10-19","20-29","60-69","70-79","40-49","90-99","50-59","0-9","20-29","10-19","70-79","30-39","60-69","80-89"],"SERIES_NAME":["MALE","MALE","MALE","MALE","MALE","MALE","FEMALE","FEMALE","FEMALE","FEMALE","FEMALE","FEMALE","FEMALE","FEMALE","MALE","FEMALE","MALE","MALE"],"X_CALENDAR_YEAR":[2019,2019,2019,2019,2019,2019,2019,2019,2019,2019,2019,2019,2019,2019,2019,2019,2019,2019],"Y_PREVALENCE_1000PP":[2.45207,3.07152,3.72818,3.52061,3.66636,2.35929,4.56621,3.89177,3.56888,3.34448,3.18702,2.52419,3.16403,4.15391,3.03778,4.07034,3.65385,3.31309]},"PREVALENCE_BY_MONTH":{"X_CALENDAR_MONTH":[201901,201902,201903,201904,201905,201906,201907,201908,201909,201910,201911,201912],"Y_PREVALENCE_1000PP":[0.31,0.22,0.2,0.29,0.28,0.23,0.26,0.3,0.32,0.31,0.27,0.37]},"CONDITIONS_BY_TYPE":{"CONCEPT_NAME":"Claim","COUNT_VALUE":1808},"AGE_AT_FIRST_DIAGNOSIS":{"CATEGORY":["No matching concept","MALE","FEMALE"],"MIN_VALUE":[22,1,0],"P10_VALUE":[22,13,13],"P25_VALUE":[62,29,28],"MEDIAN_VALUE":[72,44,45],"P75_VALUE":[91,64,64],"P90_VALUE":[92,78,76],"MAX_VALUE":[92,98,98]}}
