{"PREVALENCE_BY_GENDER_AGE_YEAR":{"TRELLIS_NAME":["50-59","0-9","30-39","30-39","60-69","20-29"],"SERIES_NAME":["FEMALE","FEMALE","FEMALE","MALE","MALE","MALE"],"X_CALENDAR_YEAR":[2019,2019,2019,2019,2019,2019],"Y_PREVALENCE_1000PP":[1.01405,1.2621,0.97688,1.18624,1.34615,1.01112]},"PREVALENCE_BY_MONTH":{"X_CALENDAR_MONTH":[201901,201903,201904,201905,201906,201907,201908,201910,201911],"Y_PREVALENCE_1000PP":[0.12,0.1,0.09,0.08,0.09,0.06,0.1,0.09,0.09]},"CONDITIONS_BY_TYPE":{"CONCEPT_NAME":"Claim","COUNT_VALUE":500},"AGE_AT_FIRST_DIAGNOSIS":{"CATEGORY":["FEMALE","MALE"],"MIN_VALUE":[4,0],"P10_VALUE":[9,10],"P25_VALUE":[25,25],"MEDIAN_VALUE":[51,43],"P75_VALUE":[74,67],"P90_VALUE":[90,86],"MAX_VALUE":[98,98]}}
