{"PREVALENCE_BY_GENDER_AGE_YEAR":{"TRELLIS_NAME":["80-89","90-99","50-59","70-79","60-69","70-79","30-39","40-49","10-19","80-89","20-29","0-9","90-99","30-39","10-19","20-29","60-69","40-49","0-9","50-59"],"SERIES_NAME":["FEMALE","FEMALE","FEMALE","FEMALE","FEMALE","MALE","FEMALE","FEMALE","FEMALE","MALE","FEMALE","FEMALE","MALE","MALE","MALE","MALE","MALE","MALE","MALE","MALE"],"X_CALENDAR_YEAR":[2019,2019,2019,2019,2019,2019,2019,2019,2019,2019,2019,2019,2019,2019,2019,2019,2019,2019,2019,2019],"Y_PREVALENCE_1000PP":[3.46021,4.44198,3.0426,4.80858,3.59304,3.42335,2.6012,4.14582,6.3388,4.41745,3.33778,4,4.01146,4.0747,4.59137,3.19758,4.83372,3.94564,4.67706,2.4956]},"PREVALENCE_BY_MONTH":{"X_CALENDAR_MONTH":[201901,201902,201903,201904,201905,201906,201907,201908,201909,201910,201911,201912],"Y_PREVALENCE_1000PP":[0.3,0.32,0.33,0.35,0.35,0.2,0.39,0.3,0.35,0.45,0.23,0.31]},"CONDITIONS_BY_TYPE":{"CONCEPT_NAME":"Claim","COUNT_VALUE":518},"AGE_AT_FIRST_DIAGNOSIS":{"CATEGORY":["MALE","No matching concept","FEMALE"],"MIN_VALUE":[0,2,0],"P10_VALUE":[8,2,10],"P25_VALUE":[23,22,20],"MEDIAN_VALUE":[42,53,44],"P75_VALUE":[65,69,63],"P90_VALUE":[76,76,78],"MAX_VALUE":[98,76,96]}}
