{"PREVALENCE_BY_GENDER_AGE_YEAR":{"TRELLIS_NAME":["60-69","90-99","70-79","50-59","80-89","40-49","10-19","70-79","0-9","20-29","30-39","20-29","60-69","0-9","40-49","50-59","30-39","10-19"],"SERIES_NAME":["FEMALE","FEMALE","FEMALE","FEMALE","MALE","FEMALE","FEMALE","MALE","FEMALE","FEMALE","FEMALE","MALE","MALE","MALE","MALE","MALE","MALE","MALE"],"X_CALENDAR_YEAR":[2019,2019,2019,2019,2019,2019,2019,2019,2019,2019,2019,2019,2019,2019,2019,2019,2019,2019],"Y_PREVALENCE_1000PP":[4.18569,3.34448,2.96516,4.20107,4.41745,3.14061,4.15391,4.17695,3.99663,2.83097,2.93064,4.21301,5,2.45207,3.9491,5.13422,5.42281,2.97892]},"PREVALENCE_BY_MONTH":{"X_CALENDAR_MONTH":[201901,201902,201903,201904,201905,201906,201907,201908,201909,201910,201911,201912],"Y_PREVALENCE_1000PP":[0.54,0.23,0.3,0.43,0.27,0.31,0.27,0.34,0.27,0.28,0.32,0.27]},"CONDITIONS_BY_TYPE":{"CONCEPT_NAME":"Claim","COUNT_VALUE":2076},"AGE_AT_FIRST_DIAGNOSIS":{"CATEGORY":["FEMALE","No matching concept","MALE"],"MIN_VALUE":[0,17,0],"P10_VALUE":[9,17,17],"P25_VALUE":[23,22,30],"MEDIAN_VALUE":[47,38,47],"P75_VALUE":[62,42,62],"P90_VALUE":[74,70,76],"MAX_VALUE":[98,70,98]}}
