{"PREVALENCE_BY_GENDER_AGE_YEAR":{"TRELLIS_NAME":["20-29","60-69","50-59","10-19","30-39","40-49","0-9","40-49","70-79","90-99","60-69","50-59","20-29","10-19","0-9","30-39","70-79"],"SERIES_NAME":["MALE","MALE","MALE","MALE","MALE","MALE","MALE","FEMALE","FEMALE","FEMALE","FEMALE","FEMALE","FEMALE","FEMALE","FEMALE","FEMALE","MALE"],"X_CALENDAR_YEAR":[2019,2019,2019,2019,2019,2019,2019,2019,2019,2019,2019,2019,2019,2019,2019,2019,2019],"Y_PREVALENCE_1000PP":[1.17805,1.93349,1.9084,1.60698,2.37691,2.33816,3.11804,1.57255,2.95913,4.44198,3.02572,2.60794,2.16956,2.62295,2.10526,1.9509,2.66261]},"PREVALENCE_BY_MONTH":{"X_CALENDAR_MONTH":[201901,201902,201903,201904,201905,201906,201907,201908,201909,201910,201911,201912],"Y_PREVALENCE_1000PP":[0.17,0.2,0.13,0.17,0.22,0.2,0.24,0.25,0.17,0.19,0.18,0.14]},"CONDITIONS_BY_TYPE":{"CONCEPT_NAME":"Claim","COUNT_VALUE":302},"AGE_AT_FIRST_DIAGNOSIS":{"CATEGORY":["FEMALE","MALE"],"MIN_VALUE":[0,0],"P10_VALUE":[12,7],"P25_VALUE":[24,25],"MEDIAN_VALUE":[50,47],"P75_VALUE":[67,65],"P90_VALUE":[79,77],"MAX_VALUE":[99,99]}}
