{"PREVALENCE_BY_GENDER_AGE_YEAR":{"TRELLIS_NAME":["0-9","30-39","20-29","50-59","60-69","40-49","10-19","70-79","90-99","50-59","10-19","30-39","40-49","70-79"],"SERIES_NAME":["MALE","MALE","MALE","MALE","MALE","MALE","MALE","FEMALE","FEMALE","FEMALE","FEMALE","FEMALE","FEMALE","MALE"],"X_CALENDAR_YEAR":[2019,2019,2019,2019,2019,2019,2019,2019,2019,2019,2019,2019,2019,2019],"Y_PREVALENCE_1000PP":[1.33749,1.86409,2.69633,1.32023,1.15385,1.1701,1.37489,2.22387,3.34448,2.0281,3.06078,1.46532,1.2848,1.89861]},"PREVALENCE_BY_MONTH":{"X_CALENDAR_MONTH":[201901,201902,201903,201904,201905,201906,201907,201908,201909,201910,201911,201912],"Y_PREVALENCE_1000PP":[0.09,0.08,0.16,0.17,0.08,0.15,0.18,0.17,0.15,0.12,0.13,0.12]},"CONDITIONS_BY_TYPE":{"CONCEPT_NAME":"Claim","COUNT_VALUE":848},"AGE_AT_FIRST_DIAGNOSIS":{"CATEGORY":["FEMALE","MALE"],"MIN_VALUE":[0,1],"P10_VALUE":[12,12],"P25_VALUE":[24,23],"MEDIAN_VALUE":[48,39],"P75_VALUE":[69,62],"P90_VALUE":[79,75],"MAX_VALUE":[97,87]}}
