{"PREVALENCE_BY_GENDER_AGE_YEAR":{"TRELLIS_NAME":["20-29","30-39","30-39","50-59","60-69"],"SERIES_NAME":["MALE","MALE","FEMALE","FEMALE","FEMALE"],"X_CALENDAR_YEAR":[2019,2019,2019,2019,2019],"Y_PREVALENCE_1000PP":[1.51464,1.35823,1.3006,0.86931,1.13464]},"PREVALENCE_BY_MONTH":{"X_CALENDAR_MONTH":[201902,201903,201904,201907,201908,201909,201910],"Y_PREVALENCE_1000PP":[0.07,0.14,0.1,0.09,0.07,0.08,0.08]},"CONDITIONS_BY_TYPE":{"CONCEPT_NAME":"Claim","COUNT_VALUE":114},"AGE_AT_FIRST_DIAGNOSIS":{"CATEGORY":["MALE","FEMALE"],"MIN_VALUE":[0,0],"P10_VALUE":[11,9],"P25_VALUE":[24,22],"MEDIAN_VALUE":[34,44],"P75_VALUE":[52,62],"P90_VALUE":[68,84],"MAX_VALUE":[71,92]}}
