{"PREVALENCE_BY_GENDER_AGE_YEAR":{"TRELLIS_NAME":["0-9","30-39","10-19","20-29","70-79","90-99","80-89","90-99","60-69","40-49","70-79","80-89","50-59","0-9","20-29","10-19","50-59","40-49","30-39","60-69"],"SERIES_NAME":["FEMALE","FEMALE","FEMALE","FEMALE","MALE","MALE","MALE","FEMALE","FEMALE","FEMALE","FEMALE","FEMALE","FEMALE","MALE","MALE","MALE","MALE","MALE","MALE","MALE"],"X_CALENDAR_YEAR":[2019,2019,2019,2019,2019,2019,2019,2019,2019,2019,2019,2019,2019,2019,2019,2019,2019,2019,2019,2019],"Y_PREVALENCE_1000PP":[50.52632,53.48724,46.12022,49.23231,45.26436,50.4298,43.62231,53.30372,46.70953,52.60901,44.7568,41.52249,51.57925,50.11136,45.94413,50.04591,52.40752,48.22446,47.36842,51.23743]},"PREVALENCE_BY_MONTH":{"X_CALENDAR_MONTH":[201901,201902,201903,201904,201905,201906,201907,201908,201909,201910,201911,201912],"Y_PREVALENCE_1000PP":[4.92,3.52,3.9,4.63,3.76,3.86,4.67,3.95,3.63,5.25,3.86,3.94]},"CONDITIONS_BY_TYPE":{"CONCEPT_NAME":"Claim","COUNT_VALUE":6750},"AGE_AT_FIRST_DIAGNOSIS":{"CATEGORY":["FEMALE","No matching concept","MALE"],"MIN_VALUE":[0,0,0],"P10_VALUE":[10,7,10],"P25_VALUE":[25,23,24],"MEDIAN_VALUE":[44,48,45],"P75_VALUE":[61,64,63],"P90_VALUE":[77,73,76],"MAX_VALUE":[99,91,99]}}
