{"PREVALENCE_BY_GENDER_AGE_YEAR":{"TRELLIS_NAME":["0-9","90-99","30-39","10-19","40-49","20-29","80-89","70-79","50-59","40-49","20-29","60-69","30-39","10-19","0-9","80-89","90-99","70-79","60-69","50-59"],"SERIES_NAME":["FEMALE","MALE","FEMALE","FEMALE","FEMALE","FEMALE","MALE","MALE","MALE","MALE","MALE","MALE","MALE","MALE","MALE","FEMALE","FEMALE","FEMALE","FEMALE","FEMALE"],"X_CALENDAR_YEAR":[2019,2019,2019,2019,2019,2019,2019,2019,2019,2019,2019,2019,2019,2019,2019,2019,2019,2019,2019,2019],"Y_PREVALENCE_1000PP":[22.92806,22.79202,25.23608,24.70485,21.12777,25.31224,19.32634,27.34004,21.56374,22.81703,25.44658,21.92308,25.24996,24.06049,20.50825,28.24207,24.5262,21.49741,28.34855,25.78589]},"PREVALENCE_BY_MONTH":{"X_CALENDAR_MONTH":[201901,201902,201903,201904,201905,201906,201907,201908,201909,201910,201911,201912],"Y_PREVALENCE_1000PP":[2.18,1.88,1.78,2.35,1.82,1.82,2.25,1.85,1.75,2.19,2.04,2.14]},"CONDITIONS_BY_TYPE":{"CONCEPT_NAME":"Claim","COUNT_VALUE":13080},"AGE_AT_FIRST_DIAGNOSIS":{"CATEGORY":["No matching concept","MALE","FEMALE"],"MIN_VALUE":[0,0,0],"P10_VALUE":[20,11,10],"P25_VALUE":[34,26,25],"MEDIAN_VALUE":[41,45,44],"P75_VALUE":[58,64,63],"P90_VALUE":[73,77,77],"MAX_VALUE":[83,99,99]}}
