{"PREVALENCE_BY_GENDER_AGE_YEAR":{"TRELLIS_NAME":["0-9","10-19","20-29","50-59","40-49","60-69","30-39","30-39","80-89","40-49","0-9","10-19","20-29","70-79","70-79","60-69","90-99","80-89","50-59"],"SERIES_NAME":["MALE","MALE","MALE","MALE","MALE","MALE","MALE","FEMALE","MALE","FEMALE","FEMALE","FEMALE","FEMALE","MALE","FEMALE","FEMALE","FEMALE","FEMALE","FEMALE"],"X_CALENDAR_YEAR":[2019,2019,2019,2019,2019,2019,2019,2019,2019,2019,2019,2019,2019,2019,2019,2019,2019,2019,2019],"Y_PREVALENCE_1000PP":[4.89978,4.59137,3.36587,4.55079,2.63043,3.86698,3.22581,3.41408,4.41745,3.00214,3.36842,4.80874,3.33778,3.80373,3.69891,3.40393,5.55247,3.46021,2.60794]},"PREVALENCE_BY_MONTH":{"X_CALENDAR_MONTH":[201901,201902,201903,201904,201905,201906,201907,201908,201909,201910,201911,201912],"Y_PREVALENCE_1000PP":[0.32,0.29,0.27,0.26,0.35,0.25,0.32,0.32,0.22,0.42,0.27,0.31]},"CONDITIONS_BY_TYPE":{"CONCEPT_NAME":"Claim","COUNT_VALUE":492},"AGE_AT_FIRST_DIAGNOSIS":{"CATEGORY":["FEMALE","MALE","No matching concept"],"MIN_VALUE":[0,0,1],"P10_VALUE":[10,7,1],"P25_VALUE":[21,22,40],"MEDIAN_VALUE":[44,44,53],"P75_VALUE":[66,62,58],"P90_VALUE":[77,76,78],"MAX_VALUE":[98,98,78]}}
