{"PREVALENCE_BY_GENDER_AGE_YEAR":{"TRELLIS_NAME":["60-69","90-99","80-89","70-79","50-59","20-29","30-39","90-99","70-79","40-49","0-9","10-19","80-89","30-39","60-69","0-9","40-49","50-59","20-29","10-19"],"SERIES_NAME":["FEMALE","FEMALE","FEMALE","FEMALE","FEMALE","FEMALE","FEMALE","MALE","MALE","FEMALE","FEMALE","FEMALE","MALE","MALE","MALE","MALE","MALE","MALE","MALE","MALE"],"X_CALENDAR_YEAR":[2019,2019,2019,2019,2019,2019,2019,2019,2019,2019,2019,2019,2019,2019,2019,2019,2019,2019,2019,2019],"Y_PREVALENCE_1000PP":[9.13242,10.03344,5.76369,7.4129,8.11241,6.82764,6.51254,6.83761,7.02487,8.13704,7.36222,7.43332,8.8349,8.30368,7.88462,6.46456,6.58183,7.77468,8.2575,7.56187]},"PREVALENCE_BY_MONTH":{"X_CALENDAR_MONTH":[201901,201902,201903,201904,201905,201906,201907,201908,201909,201910,201911,201912],"Y_PREVALENCE_1000PP":[0.81,0.57,0.69,0.62,0.6,0.59,0.72,0.54,0.59,0.71,0.67,0.58]},"CONDITIONS_BY_TYPE":{"CONCEPT_NAME":"Claim","COUNT_VALUE":4104},"AGE_AT_FIRST_DIAGNOSIS":{"CATEGORY":["FEMALE","No matching concept","MALE"],"MIN_VALUE":[0,9,0],"P10_VALUE":[11,18,11],"P25_VALUE":[26,22,26],"MEDIAN_VALUE":[45,36,45],"P75_VALUE":[64,60,63],"P90_VALUE":[78,91,77],"MAX_VALUE":[99,99,97]}}
