{"PREVALENCE_BY_GENDER_AGE_YEAR":{"TRELLIS_NAME":["40-49","10-19","50-59","30-39","20-29","0-9","60-69","60-69","50-59","90-99","70-79","30-39","70-79","10-19","40-49","20-29","0-9","80-89","90-99"],"SERIES_NAME":["MALE","MALE","MALE","MALE","MALE","MALE","MALE","FEMALE","FEMALE","FEMALE","FEMALE","FEMALE","MALE","FEMALE","FEMALE","FEMALE","FEMALE","MALE","MALE"],"X_CALENDAR_YEAR":[2019,2019,2019,2019,2019,2019,2019,2019,2019,2019,2019,2019,2019,2019,2019,2019,2019,2019,2019],"Y_PREVALENCE_1000PP":[6.86833,6.19835,10.12918,5.7725,6.22686,7.57238,5.02707,6.24054,6.51985,5.55247,9.80211,6.99073,6.65652,7.86885,7.005,6.84246,6.94737,7.17835,7.44986]},"PREVALENCE_BY_MONTH":{"X_CALENDAR_MONTH":[201901,201902,201903,201904,201905,201906,201907,201908,201909,201910,201911,201912],"Y_PREVALENCE_1000PP":[0.71,0.5,0.51,0.72,0.51,0.46,0.68,0.62,0.55,0.69,0.49,0.51]},"CONDITIONS_BY_TYPE":{"CONCEPT_NAME":"Claim","COUNT_VALUE":922},"AGE_AT_FIRST_DIAGNOSIS":{"CATEGORY":["No matching concept","MALE","FEMALE"],"MIN_VALUE":[2,0,0],"P10_VALUE":[8,9,10],"P25_VALUE":[24,25,24],"MEDIAN_VALUE":[42,46,44],"P75_VALUE":[63,60,63],"P90_VALUE":[67,79,77],"MAX_VALUE":[78,97,99]}}
