{"PREVALENCE_BY_GENDER_AGE_YEAR":{"TRELLIS_NAME":["70-79","50-59","20-29","30-39","50-59","40-49","30-39","40-49","70-79"],"SERIES_NAME":["FEMALE","FEMALE","MALE","MALE","MALE","MALE","FEMALE","FEMALE","MALE"],"X_CALENDAR_YEAR":[2019,2019,2019,2019,2019,2019,2019,2019,2019],"Y_PREVALENCE_1000PP":[1.47956,1.73863,1.00976,1.18846,1.3212,1.89975,1.3006,1.00071,1.14112]},"PREVALENCE_BY_MONTH":{"X_CALENDAR_MONTH":[201901,201902,201903,201904,201905,201906,201907,201908,201910,201911,201912],"Y_PREVALENCE_1000PP":[0.13,0.06,0.07,0.17,0.06,0.07,0.16,0.07,0.06,0.08,0.1]},"CONDITIONS_BY_TYPE":{"CONCEPT_NAME":"Claim","COUNT_VALUE":152},"AGE_AT_FIRST_DIAGNOSIS":{"CATEGORY":["MALE","FEMALE"],"MIN_VALUE":[1,4],"P10_VALUE":[21,15],"P25_VALUE":[32,32],"MEDIAN_VALUE":[47,50],"P75_VALUE":[59,65],"P90_VALUE":[74,77],"MAX_VALUE":[82,92]}}
