{"PREVALENCE_BY_GENDER_AGE_YEAR":{"TRELLIS_NAME":["50-59","10-19","60-69","0-9","20-29","40-49","30-39","40-49","70-79","50-59","60-69","20-29","30-39","70-79","10-19","90-99","0-9"],"SERIES_NAME":["MALE","MALE","MALE","MALE","MALE","MALE","MALE","FEMALE","FEMALE","FEMALE","FEMALE","FEMALE","FEMALE","MALE","FEMALE","MALE","FEMALE"],"X_CALENDAR_YEAR":[2019,2019,2019,2019,2019,2019,2019,2019,2019,2019,2019,2019,2019,2019,2019,2019,2019],"Y_PREVALENCE_1000PP":[3.08053,4.12466,2.11538,2.8979,3.37041,3.51031,3.55872,3.71163,1.48258,2.31783,3.2344,3.33056,2.27939,3.03778,5.6843,3.9886,3.15524]},"PREVALENCE_BY_MONTH":{"X_CALENDAR_MONTH":[201901,201902,201903,201904,201905,201906,201907,201908,201909,201910,201911,201912],"Y_PREVALENCE_1000PP":[0.29,0.2,0.23,0.33,0.21,0.22,0.25,0.25,0.28,0.27,0.33,0.3]},"CONDITIONS_BY_TYPE":{"CONCEPT_NAME":"Claim","COUNT_VALUE":1664},"AGE_AT_FIRST_DIAGNOSIS":{"CATEGORY":["MALE","No matching concept","FEMALE"],"MIN_VALUE":[2,14,0],"P10_VALUE":[13,14,10],"P25_VALUE":[25,25,18],"MEDIAN_VALUE":[41,46,40],"P75_VALUE":[59,76,57],"P90_VALUE":[75,84,70],"MAX_VALUE":[98,84,98]}}
