{"PREVALENCE_BY_GENDER_AGE_YEAR":{"TRELLIS_NAME":["10-19","40-49","50-59","0-9","20-29","30-39","20-29","10-19","80-89","30-39","70-79","60-69","90-99","0-9","60-69","90-99","70-79","50-59","80-89","40-49"],"SERIES_NAME":["MALE","MALE","MALE","MALE","MALE","MALE","FEMALE","FEMALE","MALE","FEMALE","MALE","MALE","MALE","FEMALE","FEMALE","FEMALE","FEMALE","FEMALE","FEMALE","FEMALE"],"X_CALENDAR_YEAR":[2019,2019,2019,2019,2019,2019,2019,2019,2019,2019,2019,2019,2019,2019,2019,2019,2019,2019,2019,2019],"Y_PREVALENCE_1000PP":[24.74794,22.37824,20.97697,22.06866,18.03168,24.06372,22.31474,20.33231,18.77416,22.30544,17.46725,21.53846,23.36182,24.61085,21.11872,25.08361,20.94144,21.87455,19.02017,19.55746]},"PREVALENCE_BY_MONTH":{"X_CALENDAR_MONTH":[201901,201902,201903,201904,201905,201906,201907,201908,201909,201910,201911,201912],"Y_PREVALENCE_1000PP":[2.35,1.48,1.67,2.09,1.57,1.48,2.2,1.6,1.66,2.08,1.81,1.66]},"CONDITIONS_BY_TYPE":{"CONCEPT_NAME":"Claim","COUNT_VALUE":11860},"AGE_AT_FIRST_DIAGNOSIS":{"CATEGORY":["FEMALE","No matching concept","MALE"],"MIN_VALUE":[0,3,0],"P10_VALUE":[9,13,10],"P25_VALUE":[24,27,24],"MEDIAN_VALUE":[43,39,44],"P75_VALUE":[62,56,62],"P90_VALUE":[77,72,77],"MAX_VALUE":[99,98,99]}}
