{"PREVALENCE_BY_GENDER_AGE_YEAR":{"TRELLIS_NAME":["30-39","40-49","0-9","20-29","10-19","60-69","50-59","30-39","80-89","20-29","40-49","10-19","70-79","90-99","0-9","60-69","50-59","80-89","90-99","70-79"],"SERIES_NAME":["MALE","MALE","MALE","MALE","MALE","MALE","MALE","FEMALE","MALE","FEMALE","FEMALE","FEMALE","MALE","MALE","FEMALE","FEMALE","FEMALE","FEMALE","FEMALE","FEMALE"],"X_CALENDAR_YEAR":[2019,2019,2019,2019,2019,2019,2019,2019,2019,2019,2019,2019,2019,2019,2019,2019,2019,2019,2019,2019],"Y_PREVALENCE_1000PP":[7.64007,6.7222,9.35412,9.42444,9.18274,10.82753,9.54198,9.42936,7.17835,8.34446,6.43317,7.65027,8.17801,10.31519,7.36842,10.40091,7.67893,8.07382,5.55247,10.54189]},"PREVALENCE_BY_MONTH":{"X_CALENDAR_MONTH":[201901,201902,201903,201904,201905,201906,201907,201908,201909,201910,201911,201912],"Y_PREVALENCE_1000PP":[0.6,0.8,0.68,0.88,0.59,0.76,0.82,0.62,0.6,0.86,0.63,0.69]},"CONDITIONS_BY_TYPE":{"CONCEPT_NAME":"Claim","COUNT_VALUE":1135},"AGE_AT_FIRST_DIAGNOSIS":{"CATEGORY":["No matching concept","MALE","FEMALE"],"MIN_VALUE":[2,0,0],"P10_VALUE":[23,10,12],"P25_VALUE":[33,24,26],"MEDIAN_VALUE":[45,46,47],"P75_VALUE":[60,64,65],"P90_VALUE":[87,76,75],"MAX_VALUE":[92,99,99]}}
