{"PREVALENCE_BY_GENDER_AGE_YEAR":{"TRELLIS_NAME":["40-49","70-79","60-69","50-59","70-79","10-19","0-9","60-69","30-39","20-29","10-19","30-39","0-9","40-49","50-59","20-29"],"SERIES_NAME":["FEMALE","FEMALE","FEMALE","FEMALE","MALE","FEMALE","FEMALE","MALE","FEMALE","FEMALE","MALE","MALE","MALE","MALE","MALE","MALE"],"X_CALENDAR_YEAR":[2019,2019,2019,2019,2019,2019,2019,2019,2019,2019,2019,2019,2019,2019,2019,2019],"Y_PREVALENCE_1000PP":[2.28735,3.51396,2.83661,2.0284,2.66261,1.74863,2.10526,1.74014,3.2515,2.00267,1.60698,3.56537,3.56347,2.63043,3.37639,3.02928]},"PREVALENCE_BY_MONTH":{"X_CALENDAR_MONTH":[201901,201902,201903,201904,201905,201906,201907,201908,201909,201910,201911,201912],"Y_PREVALENCE_1000PP":[0.25,0.18,0.15,0.24,0.28,0.16,0.23,0.25,0.16,0.3,0.17,0.23]},"CONDITIONS_BY_TYPE":{"CONCEPT_NAME":"Claim","COUNT_VALUE":358},"AGE_AT_FIRST_DIAGNOSIS":{"CATEGORY":["MALE","FEMALE"],"MIN_VALUE":[0,1],"P10_VALUE":[9,17],"P25_VALUE":[25,30],"MEDIAN_VALUE":[41,47],"P75_VALUE":[57,68],"P90_VALUE":[78,78],"MAX_VALUE":[99,95]}}
