{"PREVALENCE_BY_GENDER_AGE_YEAR":{"TRELLIS_NAME":["40-49","20-29","10-19","0-9","30-39","40-49","70-79","20-29"],"SERIES_NAME":["MALE","MALE","MALE","MALE","MALE","FEMALE","MALE","FEMALE"],"X_CALENDAR_YEAR":[2019,2019,2019,2019,2019,2019,2019,2019],"Y_PREVALENCE_1000PP":[1.75362,1.51464,1.37741,1.3363,1.01868,1.00071,1.3313,1.16822]},"PREVALENCE_BY_MONTH":{"X_CALENDAR_MONTH":[201901,201903,201904,201906,201907,201908,201909,201911,201912],"Y_PREVALENCE_1000PP":[0.09,0.1,0.06,0.11,0.09,0.1,0.08,0.06,0.1]},"CONDITIONS_BY_TYPE":{"CONCEPT_NAME":"Claim","COUNT_VALUE":126},"AGE_AT_FIRST_DIAGNOSIS":{"CATEGORY":["MALE","FEMALE"],"MIN_VALUE":[3,2],"P10_VALUE":[9,12],"P25_VALUE":[24,26],"MEDIAN_VALUE":[40,46],"P75_VALUE":[55,62],"P90_VALUE":[74,72],"MAX_VALUE":[90,85]}}
