{"PREVALENCE_BY_GENDER_AGE_YEAR":{"TRELLIS_NAME":["40-49","0-9","10-19","30-39","50-59","20-29","90-99","0-9","10-19","20-29","40-49","70-79","30-39","50-59","90-99","70-79","60-69"],"SERIES_NAME":["MALE","MALE","MALE","MALE","MALE","MALE","MALE","FEMALE","FEMALE","FEMALE","FEMALE","MALE","FEMALE","FEMALE","FEMALE","FEMALE","FEMALE"],"X_CALENDAR_YEAR":[2019,2019,2019,2019,2019,2019,2019,2019,2019,2019,2019,2019,2019,2019,2019,2019,2019],"Y_PREVALENCE_1000PP":[2.48429,2.44989,1.60698,1.69779,1.7616,1.17805,3.4384,1.47368,2.62295,1.16822,1.57255,2.8528,1.46318,0.86931,3.33148,2.40429,2.08018]},"PREVALENCE_BY_MONTH":{"X_CALENDAR_MONTH":[201901,201902,201903,201904,201905,201906,201907,201908,201909,201910,201911,201912],"Y_PREVALENCE_1000PP":[0.14,0.09,0.11,0.22,0.18,0.12,0.21,0.17,0.1,0.19,0.14,0.14]},"CONDITIONS_BY_TYPE":{"CONCEPT_NAME":"Claim","COUNT_VALUE":241},"AGE_AT_FIRST_DIAGNOSIS":{"CATEGORY":["FEMALE","MALE"],"MIN_VALUE":[4,1],"P10_VALUE":[10,9],"P25_VALUE":[21,26],"MEDIAN_VALUE":[44,47],"P75_VALUE":[68,70],"P90_VALUE":[78,79],"MAX_VALUE":[96,97]}}
