{"PREVALENCE_BY_GENDER_AGE_YEAR":{"TRELLIS_NAME":["20-29","40-49","20-29","40-49"],"SERIES_NAME":["FEMALE","MALE","MALE","FEMALE"],"X_CALENDAR_YEAR":[2019,2019,2019,2019],"Y_PREVALENCE_1000PP":[1.33511,1.02294,1.68294,1.28663]},"PREVALENCE_BY_MONTH":{"X_CALENDAR_MONTH":[201902,201904,201905,201906,201907,201908,201909,201910,201911,201912],"Y_PREVALENCE_1000PP":[0.07,0.08,0.06,0.09,0.07,0.06,0.09,0.06,0.06,0.06]},"CONDITIONS_BY_TYPE":{"CONCEPT_NAME":"Claim","COUNT_VALUE":106},"AGE_AT_FIRST_DIAGNOSIS":{"CATEGORY":["FEMALE","MALE"],"MIN_VALUE":[0,0],"P10_VALUE":[7,17],"P25_VALUE":[23,25],"MEDIAN_VALUE":[43,41],"P75_VALUE":[56,63],"P90_VALUE":[76,77],"MAX_VALUE":[89,86]}}
