{"PREVALENCE_BY_GENDER_AGE_YEAR":{"TRELLIS_NAME":["40-49","10-19","30-39","0-9","70-79","20-29","90-99","80-89","90-99","60-69","70-79","80-89","50-59","0-9","40-49","30-39","20-29","50-59","60-69","10-19"],"SERIES_NAME":["FEMALE","FEMALE","FEMALE","FEMALE","MALE","FEMALE","MALE","MALE","FEMALE","FEMALE","FEMALE","FEMALE","FEMALE","MALE","MALE","MALE","MALE","MALE","MALE","MALE"],"X_CALENDAR_YEAR":[2019,2019,2019,2019,2019,2019,2019,2019,2019,2019,2019,2019,2019,2019,2019,2019,2019,2019,2019,2019],"Y_PREVALENCE_1000PP":[7.13776,8.0892,8.62911,7.78292,7.59446,8.99251,6.83761,7.73054,6.13155,7.99087,6.30096,13.25648,6.80863,7.57914,7.16689,7.62583,6.74082,8.36145,6.92308,8.70761]},"PREVALENCE_BY_MONTH":{"X_CALENDAR_MONTH":[201901,201902,201903,201904,201905,201906,201907,201908,201909,201910,201911,201912],"Y_PREVALENCE_1000PP":[0.88,0.53,0.59,0.76,0.67,0.62,0.57,0.51,0.4,0.92,0.72,0.6]},"CONDITIONS_BY_TYPE":{"CONCEPT_NAME":"Claim","COUNT_VALUE":4120},"AGE_AT_FIRST_DIAGNOSIS":{"CATEGORY":["FEMALE","No matching concept","MALE"],"MIN_VALUE":[0,18,0],"P10_VALUE":[10,21,10],"P25_VALUE":[23,31,25],"MEDIAN_VALUE":[43,41,44],"P75_VALUE":[63,56,62],"P90_VALUE":[77,70,77],"MAX_VALUE":[99,78,99]}}
