{"PREVALENCE_BY_GENDER_AGE_YEAR":{"TRELLIS_NAME":["50-59","40-49","60-69","20-29","0-9","50-59","30-39","60-69","40-49","90-99","70-79"],"SERIES_NAME":["FEMALE","FEMALE","FEMALE","MALE","MALE","MALE","MALE","MALE","MALE","MALE","MALE"],"X_CALENDAR_YEAR":[2019,2019,2019,2019,2019,2019,2019,2019,2019,2019,2019],"Y_PREVALENCE_1000PP":[1.0142,0.85776,1.89107,2.5244,3.11804,1.468,1.35823,1.74014,1.46135,4.01146,1.14112]},"PREVALENCE_BY_MONTH":{"X_CALENDAR_MONTH":[201901,201902,201903,201904,201905,201906,201907,201908,201909,201910,201911,201912],"Y_PREVALENCE_1000PP":[0.09,0.11,0.11,0.16,0.08,0.12,0.1,0.1,0.15,0.12,0.13,0.11]},"CONDITIONS_BY_TYPE":{"CONCEPT_NAME":"Claim","COUNT_VALUE":190},"AGE_AT_FIRST_DIAGNOSIS":{"CATEGORY":["MALE","FEMALE"],"MIN_VALUE":[1,1],"P10_VALUE":[7,10],"P25_VALUE":[21,29],"MEDIAN_VALUE":[40,51],"P75_VALUE":[62,66],"P90_VALUE":[79,79],"MAX_VALUE":[99,92]}}
