{"PREVALENCE_BY_GENDER_AGE_YEAR":{"TRELLIS_NAME":["40-49","50-59","60-69","70-79","0-9","70-79","10-19","20-29","30-39","30-39","10-19","40-49","50-59","20-29","0-9","60-69"],"SERIES_NAME":["FEMALE","FEMALE","FEMALE","FEMALE","FEMALE","MALE","FEMALE","FEMALE","FEMALE","MALE","MALE","MALE","MALE","MALE","MALE","MALE"],"X_CALENDAR_YEAR":[2019,2019,2019,2019,2019,2019,2019,2019,2019,2019,2019,2019,2019,2019,2019,2019],"Y_PREVALENCE_1000PP":[3.28806,3.0426,1.51286,1.47956,2.73684,3.04298,2.84153,3.00401,1.9509,2.37691,2.06612,2.19202,1.7616,1.85123,2.22717,3.48028]},"PREVALENCE_BY_MONTH":{"X_CALENDAR_MONTH":[201901,201902,201903,201904,201905,201906,201907,201908,201909,201910,201911,201912],"Y_PREVALENCE_1000PP":[0.18,0.18,0.25,0.2,0.22,0.18,0.13,0.19,0.21,0.24,0.21,0.16]},"CONDITIONS_BY_TYPE":{"CONCEPT_NAME":"Claim","COUNT_VALUE":326},"AGE_AT_FIRST_DIAGNOSIS":{"CATEGORY":["FEMALE","MALE"],"MIN_VALUE":[0,0],"P10_VALUE":[8,10],"P25_VALUE":[22,26],"MEDIAN_VALUE":[41,46],"P75_VALUE":[55,67],"P90_VALUE":[71,73],"MAX_VALUE":[95,98]}}
