{"PREVALENCE_BY_GENDER_AGE_YEAR":{"TRELLIS_NAME":["90-99","0-9","30-39","20-29","70-79","80-89","10-19","40-49","20-29","0-9","50-59","60-69","30-39","10-19","50-59","80-89","70-79","60-69","40-49"],"SERIES_NAME":["MALE","FEMALE","FEMALE","FEMALE","MALE","MALE","FEMALE","MALE","MALE","MALE","MALE","MALE","MALE","MALE","FEMALE","FEMALE","FEMALE","FEMALE","FEMALE"],"X_CALENDAR_YEAR":[2019,2019,2019,2019,2019,2019,2019,2019,2019,2019,2019,2019,2019,2019,2019,2019,2019,2019,2019],"Y_PREVALENCE_1000PP":[3.9886,4.20698,3.25627,3.66361,4.17695,4.41745,5.02842,3.07152,2.86485,2.00624,3.6673,3.46154,2.20302,4.3538,4.4908,5.76369,3.52113,2.47336,4.99643]},"PREVALENCE_BY_MONTH":{"X_CALENDAR_MONTH":[201901,201902,201903,201904,201905,201906,201907,201908,201909,201910,201911,201912],"Y_PREVALENCE_1000PP":[0.37,0.28,0.31,0.36,0.27,0.22,0.35,0.14,0.32,0.46,0.25,0.34]},"CONDITIONS_BY_TYPE":{"CONCEPT_NAME":"Claim","COUNT_VALUE":1936},"AGE_AT_FIRST_DIAGNOSIS":{"CATEGORY":["FEMALE","MALE","No matching concept"],"MIN_VALUE":[0,0,15],"P10_VALUE":[9,16,15],"P25_VALUE":[24,24,19],"MEDIAN_VALUE":[43,50,29],"P75_VALUE":[59,66,93],"P90_VALUE":[75,79,94],"MAX_VALUE":[98,97,99]}}
