{"PREVALENCE_BY_GENDER_AGE_YEAR":{"TRELLIS_NAME":["40-49","30-39","70-79","20-29","0-9","10-19","30-39","50-59","60-69","20-29","0-9","40-49","10-19","60-69","50-59","70-79"],"SERIES_NAME":["FEMALE","FEMALE","MALE","FEMALE","FEMALE","FEMALE","MALE","MALE","MALE","MALE","MALE","MALE","MALE","FEMALE","FEMALE","FEMALE"],"X_CALENDAR_YEAR":[2019,2019,2019,2019,2019,2019,2019,2019,2019,2019,2019,2019,2019,2019,2019,2019],"Y_PREVALENCE_1000PP":[2.8551,2.27939,2.08848,1.66528,2.52419,3.27941,3.72818,1.46692,1.34615,2.19077,3.12082,1.90142,2.29148,2.47336,1.15892,1.29726]},"PREVALENCE_BY_MONTH":{"X_CALENDAR_MONTH":[201901,201902,201903,201904,201905,201906,201907,201908,201909,201910,201911,201912],"Y_PREVALENCE_1000PP":[0.15,0.14,0.22,0.2,0.16,0.18,0.25,0.18,0.15,0.25,0.14,0.15]},"CONDITIONS_BY_TYPE":{"CONCEPT_NAME":"Claim","COUNT_VALUE":1184},"AGE_AT_FIRST_DIAGNOSIS":{"CATEGORY":["FEMALE","MALE"],"MIN_VALUE":[1,0],"P10_VALUE":[7,8],"P25_VALUE":[19,21],"MEDIAN_VALUE":[41,37],"P75_VALUE":[60,56],"P90_VALUE":[73,74],"MAX_VALUE":[95,99]}}
