{"PREVALENCE_BY_GENDER_AGE_YEAR":{"TRELLIS_NAME":["70-79","40-49","0-9","30-39","20-29","60-69","40-49"],"SERIES_NAME":["MALE","FEMALE","MALE","MALE","MALE","MALE","MALE"],"X_CALENDAR_YEAR":[2019,2019,2019,2019,2019,2019,2019],"Y_PREVALENCE_1000PP":[1.3313,1.00071,1.3363,1.69779,2.01952,1.93349,0.87681]},"PREVALENCE_BY_MONTH":{"X_CALENDAR_MONTH":[201901,201903,201904,201906,201907,201908,201909,201910,201912],"Y_PREVALENCE_1000PP":[0.09,0.1,0.07,0.12,0.17,0.07,0.08,0.07,0.06]},"CONDITIONS_BY_TYPE":{"CONCEPT_NAME":"Claim","COUNT_VALUE":131},"AGE_AT_FIRST_DIAGNOSIS":{"CATEGORY":["MALE","FEMALE"],"MIN_VALUE":[0,0],"P10_VALUE":[11,3],"P25_VALUE":[25,27],"MEDIAN_VALUE":[39,44],"P75_VALUE":[63,63],"P90_VALUE":[73,78],"MAX_VALUE":[99,82]}}
