{"PREVALENCE_BY_GENDER_AGE_YEAR":{"TRELLIS_NAME":["50-59","60-69","80-89","70-79","70-79","0-9","20-29","40-49","30-39","10-19","20-29","30-39","10-19","50-59","40-49","0-9","60-69"],"SERIES_NAME":["FEMALE","FEMALE","FEMALE","FEMALE","MALE","FEMALE","FEMALE","FEMALE","FEMALE","FEMALE","MALE","MALE","MALE","MALE","MALE","MALE","MALE"],"X_CALENDAR_YEAR":[2019,2019,2019,2019,2019,2019,2019,2019,2019,2019,2019,2019,2019,2019,2019,2019,2019],"Y_PREVALENCE_1000PP":[2.89771,2.26929,3.46021,2.77418,3.42335,2.10526,2.16956,1.85847,1.78833,2.62295,2.6927,2.03735,1.83655,1.6148,2.92269,3.11804,2.32019]},"PREVALENCE_BY_MONTH":{"X_CALENDAR_MONTH":[201901,201902,201903,201904,201905,201906,201907,201908,201909,201910,201911,201912],"Y_PREVALENCE_1000PP":[0.25,0.15,0.12,0.25,0.23,0.1,0.21,0.28,0.18,0.2,0.2,0.18]},"CONDITIONS_BY_TYPE":{"CONCEPT_NAME":"Claim","COUNT_VALUE":315},"AGE_AT_FIRST_DIAGNOSIS":{"CATEGORY":["MALE","FEMALE"],"MIN_VALUE":[0,1],"P10_VALUE":[7,10],"P25_VALUE":[25,24],"MEDIAN_VALUE":[43,49],"P75_VALUE":[65,65],"P90_VALUE":[77,75],"MAX_VALUE":[98,93]}}
