{"PREVALENCE_BY_GENDER_AGE_YEAR":{"TRELLIS_NAME":["80-89","70-79","90-99","60-69","40-49","50-59","30-39","10-19","60-69","40-49","0-9","20-29","50-59","80-89","10-19","70-79","20-29","90-99","0-9","30-39"],"SERIES_NAME":["FEMALE","FEMALE","FEMALE","FEMALE","FEMALE","FEMALE","MALE","MALE","MALE","MALE","MALE","MALE","MALE","MALE","FEMALE","MALE","FEMALE","MALE","FEMALE","FEMALE"],"X_CALENDAR_YEAR":[2019,2019,2019,2019,2019,2019,2019,2019,2019,2019,2019,2019,2019,2019,2019,2019,2019,2019,2019,2019],"Y_PREVALENCE_1000PP":[34.02537,38.6536,41.08828,41.03631,37.74124,38.39467,45.16129,41.55188,36.73627,42.23294,43.87528,43.08314,42.13153,40.30922,41.53005,41.27045,42.89052,50.4298,40.42105,42.43212]},"PREVALENCE_BY_MONTH":{"X_CALENDAR_MONTH":[201901,201902,201903,201904,201905,201906,201907,201908,201909,201910,201911,201912],"Y_PREVALENCE_1000PP":[3.83,3.32,3.46,3.88,3.05,3.22,3.94,3.27,3.33,4.47,3.16,2.94]},"CONDITIONS_BY_TYPE":{"CONCEPT_NAME":"Claim","COUNT_VALUE":5677},"AGE_AT_FIRST_DIAGNOSIS":{"CATEGORY":["No matching concept","MALE","FEMALE"],"MIN_VALUE":[0,0,0],"P10_VALUE":[8,10,10],"P25_VALUE":[25,25,24],"MEDIAN_VALUE":[45,44,43],"P75_VALUE":[60,62,62],"P90_VALUE":[75,77,76],"MAX_VALUE":[99,99,99]}}
