{"PREVALENCE_BY_GENDER_AGE_YEAR":{"TRELLIS_NAME":["60-69","20-29","40-49","10-19","0-9","50-59","30-39","70-79","50-59","60-69","70-79","10-19","40-49","20-29","30-39","80-89"],"SERIES_NAME":["MALE","MALE","MALE","MALE","MALE","MALE","MALE","FEMALE","FEMALE","FEMALE","MALE","FEMALE","FEMALE","FEMALE","FEMALE","MALE"],"X_CALENDAR_YEAR":[2019,2019,2019,2019,2019,2019,2019,2019,2019,2019,2019,2019,2019,2019,2019,2019],"Y_PREVALENCE_1000PP":[1.34615,2.02224,0.87758,2.06233,2.00624,2.64046,1.86409,2.03855,1.88324,1.33181,2.4682,1.74902,1.99857,1.83181,2.27939,3.86527]},"PREVALENCE_BY_MONTH":{"X_CALENDAR_MONTH":[201901,201902,201903,201904,201905,201906,201907,201908,201909,201910,201911,201912],"Y_PREVALENCE_1000PP":[0.19,0.16,0.18,0.16,0.09,0.13,0.19,0.17,0.2,0.19,0.09,0.11]},"CONDITIONS_BY_TYPE":{"CONCEPT_NAME":"Claim","COUNT_VALUE":1008},"AGE_AT_FIRST_DIAGNOSIS":{"CATEGORY":["MALE","FEMALE"],"MIN_VALUE":[1,0],"P10_VALUE":[10,18],"P25_VALUE":[24,31],"MEDIAN_VALUE":[50,44],"P75_VALUE":[69,65],"P90_VALUE":[80,76],"MAX_VALUE":[99,97]}}
