{"PREVALENCE_BY_GENDER_AGE_YEAR":{"TRELLIS_NAME":["20-29","40-49","10-19","70-79"],"SERIES_NAME":["MALE","MALE","FEMALE","FEMALE"],"X_CALENDAR_YEAR":[2019,2019,2019,2019],"Y_PREVALENCE_1000PP":[1.51668,0.87758,1.53039,1.11193]},"PREVALENCE_BY_MONTH":{"X_CALENDAR_MONTH":[201901,201902,201904,201907,201909,201910,201911,201912],"Y_PREVALENCE_1000PP":[0.07,0.06,0.08,0.08,0.09,0.08,0.1,0.12]},"CONDITIONS_BY_TYPE":{"CONCEPT_NAME":"Claim","COUNT_VALUE":452},"AGE_AT_FIRST_DIAGNOSIS":{"CATEGORY":["FEMALE","MALE"],"MIN_VALUE":[0,0],"P10_VALUE":[8,5],"P25_VALUE":[18,18],"MEDIAN_VALUE":[38,30],"P75_VALUE":[70,55],"P90_VALUE":[80,72],"MAX_VALUE":[97,94]}}
