{"PREVALENCE_BY_GENDER_AGE_YEAR":{"TRELLIS_NAME":["60-69","70-79","40-49","50-59","60-69","30-39","50-59","40-49","20-29","0-9","70-79","20-29","30-39","10-19"],"SERIES_NAME":["FEMALE","FEMALE","FEMALE","FEMALE","MALE","MALE","MALE","MALE","MALE","FEMALE","MALE","FEMALE","FEMALE","FEMALE"],"X_CALENDAR_YEAR":[2019,2019,2019,2019,2019,2019,2019,2019,2019,2019,2019,2019,2019,2019],"Y_PREVALENCE_1000PP":[1.32375,1.84945,1.28663,2.46305,1.35344,1.35823,1.6148,0.87681,2.18782,2.10526,1.3313,1.66889,2.27605,1.53005]},"PREVALENCE_BY_MONTH":{"X_CALENDAR_MONTH":[201901,201902,201903,201904,201905,201906,201907,201908,201909,201910,201911,201912],"Y_PREVALENCE_1000PP":[0.11,0.09,0.14,0.13,0.17,0.15,0.09,0.11,0.12,0.16,0.14,0.17]},"CONDITIONS_BY_TYPE":{"CONCEPT_NAME":"Claim","COUNT_VALUE":218},"AGE_AT_FIRST_DIAGNOSIS":{"CATEGORY":["MALE","FEMALE"],"MIN_VALUE":[6,0],"P10_VALUE":[15,8],"P25_VALUE":[25,23],"MEDIAN_VALUE":[43,44],"P75_VALUE":[62,59],"P90_VALUE":[72,76],"MAX_VALUE":[91,99]}}
