{"PREVALENCE_BY_GENDER_AGE_YEAR":{"TRELLIS_NAME":["40-49","10-19","30-39","70-79","50-59"],"SERIES_NAME":["MALE","FEMALE","FEMALE","MALE","FEMALE"],"X_CALENDAR_YEAR":[2019,2019,2019,2019,2019],"Y_PREVALENCE_1000PP":[1.1701,1.31176,1.13969,1.32903,1.15892]},"PREVALENCE_BY_MONTH":{"X_CALENDAR_MONTH":[201901,201902,201903,201904,201905,201907,201910],"Y_PREVALENCE_1000PP":[0.07,0.07,0.07,0.12,0.1,0.09,0.12]},"CONDITIONS_BY_TYPE":{"CONCEPT_NAME":"Claim","COUNT_VALUE":444},"AGE_AT_FIRST_DIAGNOSIS":{"CATEGORY":["FEMALE","MALE"],"MIN_VALUE":[2,0],"P10_VALUE":[5,6],"P25_VALUE":[19,22],"MEDIAN_VALUE":[42,42],"P75_VALUE":[56,68],"P90_VALUE":[75,76],"MAX_VALUE":[86,94]}}
