{"PREVALENCE_BY_GENDER_AGE_YEAR":{"TRELLIS_NAME":["10-19","20-29","30-39","80-89","0-9","40-49","70-79","40-49","50-59","0-9","60-69","10-19","20-29","30-39","60-69","70-79","50-59"],"SERIES_NAME":["FEMALE","FEMALE","FEMALE","MALE","FEMALE","FEMALE","MALE","MALE","MALE","MALE","MALE","MALE","MALE","MALE","FEMALE","FEMALE","FEMALE"],"X_CALENDAR_YEAR":[2019,2019,2019,2019,2019,2019,2019,2019,2019,2019,2019,2019,2019,2019,2019,2019,2019],"Y_PREVALENCE_1000PP":[3.49803,2.66445,2.27939,3.86527,3.36559,3.28337,4.36681,2.63273,1.907,3.34374,3.26923,3.89551,2.52781,2.20302,2.85388,2.96516,3.62161]},"PREVALENCE_BY_MONTH":{"X_CALENDAR_MONTH":[201901,201902,201903,201904,201905,201906,201907,201908,201909,201910,201911,201912],"Y_PREVALENCE_1000PP":[0.29,0.3,0.3,0.3,0.23,0.15,0.35,0.16,0.2,0.31,0.24,0.21]},"CONDITIONS_BY_TYPE":{"CONCEPT_NAME":"Claim","COUNT_VALUE":1632},"AGE_AT_FIRST_DIAGNOSIS":{"CATEGORY":["FEMALE","MALE","No matching concept"],"MIN_VALUE":[0,0,5],"P10_VALUE":[9,9,10],"P25_VALUE":[24,21,38],"MEDIAN_VALUE":[45,45,42],"P75_VALUE":[60,68,48],"P90_VALUE":[73,78,69],"MAX_VALUE":[98,99,84]}}
