{"PREVALENCE_BY_GENDER_AGE_YEAR":{"TRELLIS_NAME":["30-39","50-59","40-49","60-69","10-19","0-9","20-29","70-79","50-59","60-69","0-9","70-79","30-39","40-49","10-19","20-29"],"SERIES_NAME":["MALE","MALE","MALE","MALE","MALE","MALE","MALE","FEMALE","FEMALE","FEMALE","FEMALE","MALE","FEMALE","FEMALE","FEMALE","FEMALE"],"X_CALENDAR_YEAR":[2019,2019,2019,2019,2019,2019,2019,2019,2019,2019,2019,2019,2019,2019,2019,2019],"Y_PREVALENCE_1000PP":[2.71647,2.7892,1.60748,1.54679,2.06612,2.67261,1.68294,2.0344,2.46305,2.08018,2.31579,3.23317,2.43863,1.71551,2.18579,1.83578]},"PREVALENCE_BY_MONTH":{"X_CALENDAR_MONTH":[201901,201902,201903,201904,201905,201906,201907,201908,201909,201910,201911,201912],"Y_PREVALENCE_1000PP":[0.18,0.16,0.2,0.24,0.15,0.15,0.17,0.19,0.21,0.17,0.13,0.2]},"CONDITIONS_BY_TYPE":{"CONCEPT_NAME":"Claim","COUNT_VALUE":291},"AGE_AT_FIRST_DIAGNOSIS":{"CATEGORY":["FEMALE","MALE"],"MIN_VALUE":[0,0],"P10_VALUE":[9,6],"P25_VALUE":[22,25],"MEDIAN_VALUE":[42,47],"P75_VALUE":[61,63],"P90_VALUE":[77,78],"MAX_VALUE":[99,99]}}
