{"PREVALENCE_BY_GENDER_AGE_YEAR":{"TRELLIS_NAME":["60-69","40-49","50-59","80-89","70-79","70-79","30-39","20-29","10-19","0-9","60-69","20-29","10-19","50-59","40-49","30-39","0-9"],"SERIES_NAME":["FEMALE","FEMALE","FEMALE","FEMALE","FEMALE","MALE","FEMALE","FEMALE","FEMALE","FEMALE","MALE","MALE","MALE","MALE","MALE","MALE","MALE"],"X_CALENDAR_YEAR":[2019,2019,2019,2019,2019,2019,2019,2019,2019,2019,2019,2019,2019,2019,2019,2019,2019],"Y_PREVALENCE_1000PP":[1.33181,1.99857,2.31783,3.45821,2.22387,2.84792,3.41908,2.33139,2.84215,1.47244,1.53846,3.20189,2.06233,2.34707,1.31637,2.37248,2.8979]},"PREVALENCE_BY_MONTH":{"X_CALENDAR_MONTH":[201901,201902,201903,201904,201905,201906,201907,201908,201909,201910,201911,201912],"Y_PREVALENCE_1000PP":[0.27,0.13,0.19,0.22,0.19,0.15,0.21,0.23,0.17,0.15,0.11,0.23]},"CONDITIONS_BY_TYPE":{"CONCEPT_NAME":"Claim","COUNT_VALUE":1196},"AGE_AT_FIRST_DIAGNOSIS":{"CATEGORY":["FEMALE","MALE"],"MIN_VALUE":[3,1],"P10_VALUE":[13,9],"P25_VALUE":[25,22],"MEDIAN_VALUE":[40,38],"P75_VALUE":[64,60],"P90_VALUE":[77,75],"MAX_VALUE":[97,99]}}
