{"PREVALENCE_BY_GENDER_AGE_YEAR":{"TRELLIS_NAME":["20-29","10-19","60-69","40-49","0-9","30-39","50-59","60-69","70-79","80-89","50-59","90-99","10-19","30-39","70-79","90-99","0-9","40-49","20-29"],"SERIES_NAME":["MALE","MALE","MALE","MALE","MALE","MALE","MALE","FEMALE","FEMALE","FEMALE","FEMALE","FEMALE","FEMALE","FEMALE","MALE","MALE","FEMALE","FEMALE","FEMALE"],"X_CALENDAR_YEAR":[2019,2019,2019,2019,2019,2019,2019,2019,2019,2019,2019,2019,2019,2019,2019,2019,2019,2019,2019],"Y_PREVALENCE_1000PP":[4.54392,3.67309,3.86698,4.23791,4.89978,4.24448,2.936,3.97126,3.14407,3.46021,3.33237,4.44198,4.37158,2.43863,4.1841,3.4384,3.78947,4.00286,2.00267]},"PREVALENCE_BY_MONTH":{"X_CALENDAR_MONTH":[201901,201902,201903,201904,201905,201906,201907,201908,201909,201910,201911,201912],"Y_PREVALENCE_1000PP":[0.38,0.22,0.28,0.3,0.32,0.34,0.36,0.22,0.34,0.37,0.27,0.28]},"CONDITIONS_BY_TYPE":{"CONCEPT_NAME":"Claim","COUNT_VALUE":492},"AGE_AT_FIRST_DIAGNOSIS":{"CATEGORY":["FEMALE","MALE","No matching concept"],"MIN_VALUE":[0,0,10],"P10_VALUE":[6,8,10],"P25_VALUE":[24,24,16],"MEDIAN_VALUE":[47,40,48],"P75_VALUE":[62,60,63],"P90_VALUE":[78,76,78],"MAX_VALUE":[98,99,78]}}
