{"PREVALENCE_BY_GENDER_AGE_YEAR":{"TRELLIS_NAME":["0-9","40-49","10-19","70-79","30-39","20-29","70-79","50-59","60-69","0-9","30-39","20-29","10-19","40-49","50-59","60-69"],"SERIES_NAME":["FEMALE","FEMALE","FEMALE","MALE","FEMALE","FEMALE","FEMALE","FEMALE","FEMALE","MALE","MALE","MALE","MALE","MALE","MALE","MALE"],"X_CALENDAR_YEAR":[2019,2019,2019,2019,2019,2019,2019,2019,2019,2019,2019,2019,2019,2019,2019,2019],"Y_PREVALENCE_1000PP":[2.10349,2.8551,3.06078,1.89861,2.11657,1.1657,1.29726,1.15892,3.61492,2.00624,1.86409,2.02224,2.06233,1.90142,2.05369,2.5]},"PREVALENCE_BY_MONTH":{"X_CALENDAR_MONTH":[201901,201902,201903,201904,201905,201906,201907,201908,201909,201910,201911,201912],"Y_PREVALENCE_1000PP":[0.26,0.12,0.15,0.22,0.21,0.2,0.14,0.14,0.13,0.14,0.17,0.17]},"CONDITIONS_BY_TYPE":{"CONCEPT_NAME":"Claim","COUNT_VALUE":1112},"AGE_AT_FIRST_DIAGNOSIS":{"CATEGORY":["FEMALE","MALE"],"MIN_VALUE":[0,0],"P10_VALUE":[10,10],"P25_VALUE":[20,24],"MEDIAN_VALUE":[42,46],"P75_VALUE":[63,63],"P90_VALUE":[72,78],"MAX_VALUE":[94,96]}}
