{"PREVALENCE_BY_GENDER_AGE_YEAR":{"TRELLIS_NAME":["20-29","60-69","50-59","40-49","70-79","50-59","30-39","0-9","20-29"],"SERIES_NAME":["MALE","MALE","MALE","MALE","FEMALE","FEMALE","FEMALE","FEMALE","FEMALE"],"X_CALENDAR_YEAR":[2019,2019,2019,2019,2019,2019,2019,2019,2019],"Y_PREVALENCE_1000PP":[1.17805,1.16009,1.3212,0.87681,1.47956,1.59374,1.13803,1.47368,1.00134]},"PREVALENCE_BY_MONTH":{"X_CALENDAR_MONTH":[201901,201903,201905,201906,201908,201909,201910,201911,201912],"Y_PREVALENCE_1000PP":[0.11,0.1,0.07,0.13,0.1,0.08,0.08,0.08,0.08]},"CONDITIONS_BY_TYPE":{"CONCEPT_NAME":"Claim","COUNT_VALUE":132},"AGE_AT_FIRST_DIAGNOSIS":{"CATEGORY":["FEMALE","MALE"],"MIN_VALUE":[2,1],"P10_VALUE":[9,12],"P25_VALUE":[21,26],"MEDIAN_VALUE":[46,46],"P75_VALUE":[59,60],"P90_VALUE":[75,73],"MAX_VALUE":[84,84]}}
