{"PREVALENCE_BY_GENDER_AGE_YEAR":{"TRELLIS_NAME":["10-19","40-49","0-9","30-39","50-59","20-29","60-69","40-49","70-79","60-69","90-99","80-89","50-59","30-39","70-79","20-29","80-89","0-9","90-99","10-19"],"SERIES_NAME":["MALE","MALE","MALE","MALE","MALE","MALE","MALE","FEMALE","FEMALE","FEMALE","FEMALE","FEMALE","FEMALE","FEMALE","MALE","FEMALE","MALE","FEMALE","MALE","FEMALE"],"X_CALENDAR_YEAR":[2019,2019,2019,2019,2019,2019,2019,2019,2019,2019,2019,2019,2019,2019,2019,2019,2019,2019,2019,2019],"Y_PREVALENCE_1000PP":[8.26446,8.18355,6.68151,8.82852,6.31239,7.40491,7.34725,6.71909,7.58276,8.13162,6.66297,7.49712,7.82382,6.99073,7.0369,7.00935,7.73054,4.84211,6.30372,7.65027]},"PREVALENCE_BY_MONTH":{"X_CALENDAR_MONTH":[201901,201902,201903,201904,201905,201906,201907,201908,201909,201910,201911,201912],"Y_PREVALENCE_1000PP":[0.66,0.48,0.64,0.71,0.59,0.57,0.72,0.62,0.44,0.73,0.49,0.66]},"CONDITIONS_BY_TYPE":{"CONCEPT_NAME":"Claim","COUNT_VALUE":975},"AGE_AT_FIRST_DIAGNOSIS":{"CATEGORY":["MALE","FEMALE","No matching concept"],"MIN_VALUE":[0,0,14],"P10_VALUE":[11,14,25],"P25_VALUE":[24,26,30],"MEDIAN_VALUE":[43,46,47],"P75_VALUE":[63,65,69],"P90_VALUE":[76,77,71],"MAX_VALUE":[99,99,77]}}
