{"PREVALENCE_BY_GENDER_AGE_YEAR":{"TRELLIS_NAME":["90-99","50-59","70-79","60-69","20-29","70-79","30-39","10-19","0-9","40-49","10-19","60-69","20-29","50-59","30-39","40-49","0-9"],"SERIES_NAME":["FEMALE","FEMALE","FEMALE","FEMALE","FEMALE","MALE","FEMALE","FEMALE","FEMALE","FEMALE","MALE","MALE","MALE","MALE","MALE","MALE","MALE"],"X_CALENDAR_YEAR":[2019,2019,2019,2019,2019,2019,2019,2019,2019,2019,2019,2019,2019,2019,2019,2019,2019],"Y_PREVALENCE_1000PP":[3.34448,1.59351,2.40919,1.71233,2.16486,2.65806,1.62813,1.53039,2.94489,2.14133,3.20807,1.53846,1.51668,2.93384,1.86409,3.21779,1.56041]},"PREVALENCE_BY_MONTH":{"X_CALENDAR_MONTH":[201901,201902,201903,201904,201905,201906,201907,201908,201909,201910,201911,201912],"Y_PREVALENCE_1000PP":[0.29,0.18,0.13,0.14,0.13,0.13,0.16,0.23,0.22,0.15,0.22,0.21]},"CONDITIONS_BY_TYPE":{"CONCEPT_NAME":"Claim","COUNT_VALUE":1140},"AGE_AT_FIRST_DIAGNOSIS":{"CATEGORY":["FEMALE","MALE"],"MIN_VALUE":[0,0],"P10_VALUE":[6,15],"P25_VALUE":[21,28],"MEDIAN_VALUE":[45,46],"P75_VALUE":[68,60],"P90_VALUE":[81,78],"MAX_VALUE":[99,99]}}
