{"PREVALENCE_BY_GENDER_AGE_YEAR":{"TRELLIS_NAME":["0-9","40-49","30-39","10-19","50-59","20-29","60-69","50-59","70-79","40-49","80-89","10-19","70-79","20-29","30-39","60-69","0-9"],"SERIES_NAME":["MALE","MALE","MALE","MALE","MALE","MALE","FEMALE","FEMALE","FEMALE","FEMALE","FEMALE","FEMALE","MALE","FEMALE","FEMALE","MALE","FEMALE"],"X_CALENDAR_YEAR":[2019,2019,2019,2019,2019,2019,2019,2019,2019,2019,2019,2019,2019,2019,2019,2019,2019],"Y_PREVALENCE_1000PP":[2.22717,1.46135,2.03735,1.60698,2.936,1.68294,1.13464,3.33237,2.40429,1.28663,3.46021,3.49727,1.90186,1.502,2.11348,2.32019,1.26316]},"PREVALENCE_BY_MONTH":{"X_CALENDAR_MONTH":[201901,201902,201903,201904,201905,201906,201907,201908,201909,201910,201911,201912],"Y_PREVALENCE_1000PP":[0.25,0.16,0.12,0.16,0.18,0.21,0.29,0.12,0.06,0.29,0.16,0.11]},"CONDITIONS_BY_TYPE":{"CONCEPT_NAME":"Claim","COUNT_VALUE":284},"AGE_AT_FIRST_DIAGNOSIS":{"CATEGORY":["FEMALE","MALE"],"MIN_VALUE":[0,0],"P10_VALUE":[13,8],"P25_VALUE":[26,26],"MEDIAN_VALUE":[47,51],"P75_VALUE":[64,64],"P90_VALUE":[81,77],"MAX_VALUE":[97,98]}}
