{"PREVALENCE_BY_GENDER_AGE_YEAR":{"TRELLIS_NAME":["30-39","10-19","60-69","50-59"],"SERIES_NAME":["FEMALE","FEMALE","FEMALE","FEMALE"],"X_CALENDAR_YEAR":[2019,2019,2019,2019],"Y_PREVALENCE_1000PP":[1.13969,1.31176,1.14155,1.44865]},"PREVALENCE_BY_MONTH":{"X_CALENDAR_MONTH":[201901,201902,201904,201905,201907,201909,201910,201912],"Y_PREVALENCE_1000PP":[0.08,0.06,0.08,0.08,0.07,0.06,0.14,0.12]},"CONDITIONS_BY_TYPE":{"CONCEPT_NAME":"Claim","COUNT_VALUE":472},"AGE_AT_FIRST_DIAGNOSIS":{"CATEGORY":["FEMALE","MALE"],"MIN_VALUE":[1,3],"P10_VALUE":[12,7],"P25_VALUE":[26,23],"MEDIAN_VALUE":[47,41],"P75_VALUE":[61,58],"P90_VALUE":[72,73],"MAX_VALUE":[88,79]}}
