{"PREVALENCE_BY_GENDER_AGE_YEAR":{"TRELLIS_NAME":["20-29","30-39","0-9","40-49","50-59","10-19","90-99","70-79","60-69","40-49","50-59","20-29","90-99","30-39","0-9","60-69","10-19"],"SERIES_NAME":["MALE","MALE","MALE","MALE","MALE","MALE","FEMALE","FEMALE","FEMALE","FEMALE","FEMALE","FEMALE","MALE","FEMALE","FEMALE","MALE","FEMALE"],"X_CALENDAR_YEAR":[2019,2019,2019,2019,2019,2019,2019,2019,2019,2019,2019,2019,2019,2019,2019,2019,2019],"Y_PREVALENCE_1000PP":[2.35929,2.54194,2.00624,2.04768,2.05369,3.20807,3.34448,1.6679,3.42466,2.99786,1.88324,1.99833,4.5584,2.93064,1.68279,1.34615,1.31176]},"PREVALENCE_BY_MONTH":{"X_CALENDAR_MONTH":[201901,201902,201903,201904,201905,201906,201907,201908,201909,201910,201911,201912],"Y_PREVALENCE_1000PP":[0.22,0.11,0.17,0.3,0.2,0.16,0.14,0.19,0.18,0.22,0.15,0.17]},"CONDITIONS_BY_TYPE":{"CONCEPT_NAME":"Claim","COUNT_VALUE":1196},"AGE_AT_FIRST_DIAGNOSIS":{"CATEGORY":["FEMALE","MALE"],"MIN_VALUE":[2,0],"P10_VALUE":[19,10],"P25_VALUE":[30,21],"MEDIAN_VALUE":[45,35],"P75_VALUE":[61,57],"P90_VALUE":[78,79],"MAX_VALUE":[99,99]}}
