{"PREVALENCE_BY_GENDER_AGE_YEAR":{"TRELLIS_NAME":["10-19","30-39","20-29","40-49","80-89","70-79","90-99","0-9","60-69","0-9","40-49","30-39","10-19","20-29","50-59","50-59","70-79","60-69","90-99"],"SERIES_NAME":["FEMALE","FEMALE","FEMALE","FEMALE","MALE","MALE","MALE","FEMALE","MALE","MALE","MALE","MALE","MALE","MALE","MALE","FEMALE","FEMALE","FEMALE","FEMALE"],"X_CALENDAR_YEAR":[2019,2019,2019,2019,2019,2019,2019,2019,2019,2019,2019,2019,2019,2019,2019,2019,2019,2019,2019],"Y_PREVALENCE_1000PP":[3.27869,5.36498,4.00534,4.86061,5.52181,4.75466,5.73066,3.78947,4.06032,5.12249,3.7995,2.54669,6.19835,4.71222,2.936,4.20168,3.69891,4.34947,6.10772]},"PREVALENCE_BY_MONTH":{"X_CALENDAR_MONTH":[201901,201902,201903,201904,201905,201906,201907,201908,201909,201910,201911,201912],"Y_PREVALENCE_1000PP":[0.46,0.31,0.41,0.39,0.29,0.28,0.3,0.28,0.4,0.49,0.33,0.37]},"CONDITIONS_BY_TYPE":{"CONCEPT_NAME":"Claim","COUNT_VALUE":599},"AGE_AT_FIRST_DIAGNOSIS":{"CATEGORY":["No matching concept","MALE","FEMALE"],"MIN_VALUE":[2,0,0],"P10_VALUE":[8,9,11],"P25_VALUE":[12,21,28],"MEDIAN_VALUE":[38,44,42],"P75_VALUE":[66,67,61],"P90_VALUE":[81,79,77],"MAX_VALUE":[94,99,98]}}
