{"PREVALENCE_BY_GENDER_AGE_YEAR":{"TRELLIS_NAME":["20-29","40-49","50-59","10-19","0-9","30-39","60-69","30-39","70-79","90-99","10-19","40-49","20-29","0-9","80-89","90-99","70-79","60-69","50-59","80-89"],"SERIES_NAME":["MALE","MALE","MALE","MALE","MALE","MALE","MALE","FEMALE","MALE","MALE","FEMALE","FEMALE","FEMALE","FEMALE","MALE","FEMALE","FEMALE","FEMALE","FEMALE","FEMALE"],"X_CALENDAR_YEAR":[2019,2019,2019,2019,2019,2019,2019,2019,2019,2019,2019,2019,2019,2019,2019,2019,2019,2019,2019,2019],"Y_PREVALENCE_1000PP":[9.08785,8.47581,8.36759,7.57576,7.7951,8.9983,7.9273,10.07966,7.60746,11.46132,8.52459,11.29378,8.84513,7.57895,7.73054,6.10772,9.24727,9.07716,8.25848,10.95732]},"PREVALENCE_BY_MONTH":{"X_CALENDAR_MONTH":[201901,201902,201903,201904,201905,201906,201907,201908,201909,201910,201911,201912],"Y_PREVALENCE_1000PP":[1,0.61,0.87,0.72,0.54,0.59,0.85,0.68,0.83,0.78,0.58,0.74]},"CONDITIONS_BY_TYPE":{"CONCEPT_NAME":"Claim","COUNT_VALUE":1156},"AGE_AT_FIRST_DIAGNOSIS":{"CATEGORY":["FEMALE","No matching concept","MALE"],"MIN_VALUE":[0,2,0],"P10_VALUE":[11,8,12],"P25_VALUE":[27,20,25],"MEDIAN_VALUE":[45,46,43],"P75_VALUE":[62,61,63],"P90_VALUE":[76,65,77],"MAX_VALUE":[99,79,97]}}
