{"PREVALENCE_BY_GENDER_AGE_YEAR":{"TRELLIS_NAME":["60-69","50-59","70-79","90-99","30-39","80-89","70-79","10-19","40-49","20-29","0-9","0-9","10-19","20-29","60-69","30-39","40-49","50-59"],"SERIES_NAME":["FEMALE","FEMALE","FEMALE","FEMALE","FEMALE","MALE","MALE","FEMALE","FEMALE","FEMALE","FEMALE","MALE","MALE","MALE","MALE","MALE","MALE","MALE"],"X_CALENDAR_YEAR":[2019,2019,2019,2019,2019,2019,2019,2019,2019,2019,2019,2019,2019,2019,2019,2019,2019,2019],"Y_PREVALENCE_1000PP":[4.75647,3.04216,5.55967,3.9019,4.8844,7.73054,1.89861,6.34018,3.14061,2.33139,3.36559,4.68123,3.66636,4.88709,2.88462,4.74496,2.779,2.20038]},"PREVALENCE_BY_MONTH":{"X_CALENDAR_MONTH":[201901,201902,201903,201904,201905,201906,201907,201908,201909,201910,201911,201912],"Y_PREVALENCE_1000PP":[0.34,0.33,0.31,0.37,0.33,0.29,0.38,0.15,0.21,0.37,0.36,0.36]},"CONDITIONS_BY_TYPE":{"CONCEPT_NAME":"Claim","COUNT_VALUE":2016},"AGE_AT_FIRST_DIAGNOSIS":{"CATEGORY":["MALE","No matching concept","FEMALE"],"MIN_VALUE":[1,9,0],"P10_VALUE":[8,9,11],"P25_VALUE":[20,26,21],"MEDIAN_VALUE":[37,41,45],"P75_VALUE":[60,63,66],"P90_VALUE":[80,72,76],"MAX_VALUE":[94,83,98]}}
