{"PREVALENCE_BY_GENDER_AGE_YEAR":{"TRELLIS_NAME":["60-69","40-49","50-59","80-89","70-79","90-99","0-9","80-89","20-29","30-39","90-99","10-19","70-79","40-49","0-9","10-19","50-59","60-69","30-39","20-29"],"SERIES_NAME":["FEMALE","FEMALE","FEMALE","FEMALE","FEMALE","FEMALE","FEMALE","MALE","FEMALE","FEMALE","MALE","FEMALE","MALE","MALE","MALE","MALE","MALE","MALE","MALE","MALE"],"X_CALENDAR_YEAR":[2019,2019,2019,2019,2019,2019,2019,2019,2019,2019,2019,2019,2019,2019,2019,2019,2019,2019,2019,2019],"Y_PREVALENCE_1000PP":[454.3379,450.39258,451.54281,449.56772,458.30245,453.73467,464.66134,443.40144,454.12157,450.66754,441.59544,466.55007,461.74293,455.90171,457.42309,455.77452,452.39842,466.92308,452.46568,455.84766]},"PREVALENCE_BY_MONTH":{"X_CALENDAR_MONTH":[201901,201902,201903,201904,201905,201906,201907,201908,201909,201910,201911,201912],"Y_PREVALENCE_1000PP":[54.54,40.9,45.44,56.85,44.94,43.48,54.93,44.77,43.83,56.98,42.09,44.42]},"CONDITIONS_BY_TYPE":{"CONCEPT_NAME":"Claim","COUNT_VALUE":324576},"AGE_AT_FIRST_DIAGNOSIS":{"CATEGORY":["MALE","FEMALE","No matching concept"],"MIN_VALUE":[0,0,0],"P10_VALUE":[10,10,10],"P25_VALUE":[25,24,26],"MEDIAN_VALUE":[45,44,45],"P75_VALUE":[63,63,66],"P90_VALUE":[77,77,78],"MAX_VALUE":[99,99,99]}}
