{"PREVALENCE_BY_GENDER_AGE_YEAR":{"TRELLIS_NAME":["30-39","60-69","70-79","10-19","70-79","50-59","40-49","40-49","0-9"],"SERIES_NAME":["FEMALE","MALE","MALE","FEMALE","FEMALE","FEMALE","FEMALE","MALE","MALE"],"X_CALENDAR_YEAR":[2019,2019,2019,2019,2019,2019,2019,2019,2019],"Y_PREVALENCE_1000PP":[1.62575,1.16009,1.52149,1.31148,1.29462,0.86931,1.57255,1.75362,1.3363]},"PREVALENCE_BY_MONTH":{"X_CALENDAR_MONTH":[201901,201902,201904,201905,201906,201907,201908,201910,201911],"Y_PREVALENCE_1000PP":[0.16,0.11,0.06,0.1,0.07,0.12,0.17,0.12,0.09]},"CONDITIONS_BY_TYPE":{"CONCEPT_NAME":"Claim","COUNT_VALUE":157},"AGE_AT_FIRST_DIAGNOSIS":{"CATEGORY":["FEMALE","MALE"],"MIN_VALUE":[2,0],"P10_VALUE":[12,9],"P25_VALUE":[28,27],"MEDIAN_VALUE":[42,46],"P75_VALUE":[65,65],"P90_VALUE":[87,78],"MAX_VALUE":[96,99]}}
