{"PREVALENCE_BY_GENDER_AGE_YEAR":{"TRELLIS_NAME":["50-59","70-79","80-89","60-69","20-29","30-39","90-99","70-79","50-59","60-69","40-49","20-29"],"SERIES_NAME":["FEMALE","FEMALE","FEMALE","FEMALE","FEMALE","FEMALE","MALE","MALE","MALE","MALE","MALE","MALE"],"X_CALENDAR_YEAR":[2019,2019,2019,2019,2019,2019,2019,2019,2019,2019,2019,2019],"Y_PREVALENCE_1000PP":[1.44886,2.0344,4.03691,2.26929,1.33511,1.3006,3.4384,1.52149,1.9084,1.35344,1.16908,1.00976]},"PREVALENCE_BY_MONTH":{"X_CALENDAR_MONTH":[201901,201902,201903,201904,201905,201906,201907,201908,201909,201910,201911,201912],"Y_PREVALENCE_1000PP":[0.15,0.06,0.07,0.13,0.13,0.15,0.13,0.08,0.1,0.08,0.14,0.11]},"CONDITIONS_BY_TYPE":{"CONCEPT_NAME":"Claim","COUNT_VALUE":167},"AGE_AT_FIRST_DIAGNOSIS":{"CATEGORY":["FEMALE","MALE"],"MIN_VALUE":[3,0],"P10_VALUE":[18,16],"P25_VALUE":[33,32],"MEDIAN_VALUE":[58,56],"P75_VALUE":[70,71],"P90_VALUE":[82,82],"MAX_VALUE":[91,99]}}
