{"PREVALENCE_BY_GENDER_AGE_YEAR":{"TRELLIS_NAME":["50-59","40-49","10-19","0-9","50-59","20-29","30-39","10-19","0-9","20-29","40-49"],"SERIES_NAME":["FEMALE","MALE","MALE","MALE","MALE","MALE","FEMALE","FEMALE","FEMALE","FEMALE","FEMALE"],"X_CALENDAR_YEAR":[2019,2019,2019,2019,2019,2019,2019,2019,2019,2019,2019],"Y_PREVALENCE_1000PP":[1.15908,1.16908,2.06612,1.78174,1.9084,1.51464,1.46318,2.18579,1.68421,1.00134,1.71551]},"PREVALENCE_BY_MONTH":{"X_CALENDAR_MONTH":[201901,201902,201903,201904,201905,201906,201907,201908,201909,201910,201911,201912],"Y_PREVALENCE_1000PP":[0.14,0.13,0.07,0.1,0.07,0.09,0.16,0.11,0.07,0.19,0.12,0.08]},"CONDITIONS_BY_TYPE":{"CONCEPT_NAME":"Claim","COUNT_VALUE":183},"AGE_AT_FIRST_DIAGNOSIS":{"CATEGORY":["MALE","FEMALE"],"MIN_VALUE":[0,0],"P10_VALUE":[6,6],"P25_VALUE":[19,17],"MEDIAN_VALUE":[43,38],"P75_VALUE":[59,52],"P90_VALUE":[77,74],"MAX_VALUE":[97,99]}}
