{"PREVALENCE_BY_GENDER_AGE_YEAR":{"TRELLIS_NAME":["70-79","60-69","50-59","40-49","70-79","20-29","0-9","10-19","30-39","60-69","20-29","30-39","50-59","40-49","0-9"],"SERIES_NAME":["FEMALE","FEMALE","FEMALE","FEMALE","MALE","FEMALE","FEMALE","FEMALE","FEMALE","MALE","MALE","MALE","MALE","MALE","MALE"],"X_CALENDAR_YEAR":[2019,2019,2019,2019,2019,2019,2019,2019,2019,2019,2019,2019,2019,2019,2019],"Y_PREVALENCE_1000PP":[2.59451,1.14155,1.30378,1.14204,2.27834,1.1657,1.89314,2.4049,2.11657,1.73077,1.34816,1.3557,1.17354,1.60889,2.00624]},"PREVALENCE_BY_MONTH":{"X_CALENDAR_MONTH":[201901,201902,201903,201904,201905,201906,201907,201908,201909,201910,201911,201912],"Y_PREVALENCE_1000PP":[0.2,0.11,0.13,0.14,0.08,0.09,0.1,0.13,0.18,0.18,0.11,0.13]},"CONDITIONS_BY_TYPE":{"CONCEPT_NAME":"Claim","COUNT_VALUE":800},"AGE_AT_FIRST_DIAGNOSIS":{"CATEGORY":["FEMALE","MALE"],"MIN_VALUE":[0,0],"P10_VALUE":[8,7],"P25_VALUE":[19,27],"MEDIAN_VALUE":[39,47],"P75_VALUE":[62,65],"P90_VALUE":[74,77],"MAX_VALUE":[91,94]}}
