{"PREVALENCE_BY_GENDER_AGE_YEAR":{"TRELLIS_NAME":["30-39","70-79","40-49","20-29","70-79","80-89","50-59","0-9","40-49","30-39","10-19","60-69","50-59","20-29"],"SERIES_NAME":["FEMALE","MALE","FEMALE","FEMALE","FEMALE","FEMALE","FEMALE","MALE","MALE","MALE","MALE","MALE","MALE","MALE"],"X_CALENDAR_YEAR":[2019,2019,2019,2019,2019,2019,2019,2019,2019,2019,2019,2019,2019,2019],"Y_PREVALENCE_1000PP":[1.78833,1.52149,1.42959,1.33511,1.10967,3.46021,2.60794,1.55902,0.87681,1.69779,1.37741,1.74014,1.6148,1.00976]},"PREVALENCE_BY_MONTH":{"X_CALENDAR_MONTH":[201901,201902,201903,201904,201905,201906,201907,201908,201909,201910,201911,201912],"Y_PREVALENCE_1000PP":[0.1,0.1,0.15,0.16,0.08,0.11,0.14,0.18,0.12,0.15,0.13,0.08]},"CONDITIONS_BY_TYPE":{"CONCEPT_NAME":"Claim","COUNT_VALUE":202},"AGE_AT_FIRST_DIAGNOSIS":{"CATEGORY":["MALE","FEMALE"],"MIN_VALUE":[0,1],"P10_VALUE":[9,13],"P25_VALUE":[23,31],"MEDIAN_VALUE":[48,48],"P75_VALUE":[63,60],"P90_VALUE":[78,81],"MAX_VALUE":[97,98]}}
