{"PREVALENCE_BY_GENDER_AGE_YEAR":{"TRELLIS_NAME":["40-49","70-79","20-29","30-39","10-19","40-49","60-69","50-59","20-29","10-19","0-9","30-39","60-69","50-59","70-79"],"SERIES_NAME":["FEMALE","MALE","FEMALE","FEMALE","FEMALE","MALE","MALE","MALE","MALE","MALE","MALE","MALE","FEMALE","FEMALE","FEMALE"],"X_CALENDAR_YEAR":[2019,2019,2019,2019,2019,2019,2019,2019,2019,2019,2019,2019,2019,2019,2019],"Y_PREVALENCE_1000PP":[2.56959,1.70875,1.83181,1.62813,1.31176,2.92526,3.26923,2.20038,2.02224,2.29148,2.22916,2.37248,3.2344,1.88324,1.85322]},"PREVALENCE_BY_MONTH":{"X_CALENDAR_MONTH":[201901,201902,201903,201904,201905,201906,201907,201908,201909,201910,201911,201912],"Y_PREVALENCE_1000PP":[0.21,0.15,0.15,0.24,0.13,0.15,0.21,0.18,0.14,0.19,0.18,0.21]},"CONDITIONS_BY_TYPE":{"CONCEPT_NAME":"Claim","COUNT_VALUE":1140},"AGE_AT_FIRST_DIAGNOSIS":{"CATEGORY":["FEMALE","MALE"],"MIN_VALUE":[0,1],"P10_VALUE":[18,11],"P25_VALUE":[31,25],"MEDIAN_VALUE":[48,44],"P75_VALUE":[64,61],"P90_VALUE":[76,71],"MAX_VALUE":[97,99]}}
