{"PREVALENCE_BY_GENDER_AGE_YEAR":{"TRELLIS_NAME":["40-49","50-59","70-79","60-69","40-49","30-39","20-29","50-59","60-69","0-9","10-19","30-39","70-79","0-9","20-29","10-19","90-99"],"SERIES_NAME":["FEMALE","FEMALE","FEMALE","FEMALE","MALE","MALE","MALE","MALE","MALE","MALE","MALE","FEMALE","MALE","FEMALE","FEMALE","FEMALE","MALE"],"X_CALENDAR_YEAR":[2019,2019,2019,2019,2019,2019,2019,2019,2019,2019,2019,2019,2019,2019,2019,2019,2019],"Y_PREVALENCE_1000PP":[2.00143,2.0284,1.47956,1.70197,2.04589,2.20713,1.68294,1.7616,2.70688,3.34076,1.37741,1.9509,1.52149,1.47368,1.83578,1.74863,4.58453]},"PREVALENCE_BY_MONTH":{"X_CALENDAR_MONTH":[201901,201902,201903,201904,201905,201906,201907,201908,201909,201910,201911,201912],"Y_PREVALENCE_1000PP":[0.17,0.1,0.17,0.13,0.17,0.17,0.21,0.12,0.17,0.22,0.21,0.14]},"CONDITIONS_BY_TYPE":{"CONCEPT_NAME":"Claim","COUNT_VALUE":276},"AGE_AT_FIRST_DIAGNOSIS":{"CATEGORY":["MALE","No matching concept","FEMALE"],"MIN_VALUE":[0,28,1],"P10_VALUE":[6,28,11],"P25_VALUE":[23,36,26],"MEDIAN_VALUE":[45,42,42],"P75_VALUE":[63,68,59],"P90_VALUE":[80,80,75],"MAX_VALUE":[99,80,98]}}
