{"PREVALENCE_BY_GENDER_AGE_YEAR":{"TRELLIS_NAME":["60-69","50-59","70-79","30-39","20-29"],"SERIES_NAME":["MALE","MALE","FEMALE","FEMALE","FEMALE"],"X_CALENDAR_YEAR":[2019,2019,2019,2019,2019],"Y_PREVALENCE_1000PP":[1.35344,1.0276,1.84945,1.13803,1.502]},"PREVALENCE_BY_MONTH":{"X_CALENDAR_MONTH":[201901,201903,201904,201905,201907,201908,201909,201911,201912],"Y_PREVALENCE_1000PP":[0.09,0.11,0.06,0.08,0.07,0.09,0.12,0.07,0.08]},"CONDITIONS_BY_TYPE":{"CONCEPT_NAME":"Claim","COUNT_VALUE":126},"AGE_AT_FIRST_DIAGNOSIS":{"CATEGORY":["FEMALE","MALE"],"MIN_VALUE":[0,0],"P10_VALUE":[9,7],"P25_VALUE":[23,32],"MEDIAN_VALUE":[38,51],"P75_VALUE":[64,65],"P90_VALUE":[74,78],"MAX_VALUE":[90,97]}}
