{"PREVALENCE_BY_GENDER_AGE_YEAR":{"TRELLIS_NAME":["40-49","50-59","10-19","30-39","60-69","20-29"],"SERIES_NAME":["FEMALE","FEMALE","MALE","MALE","MALE","FEMALE"],"X_CALENDAR_YEAR":[2019,2019,2019,2019,2019,2019],"Y_PREVALENCE_1000PP":[1.14367,1.30397,1.60698,1.86757,1.35344,1.16822]},"PREVALENCE_BY_MONTH":{"X_CALENDAR_MONTH":[201901,201902,201903,201904,201905,201906,201907,201909,201910,201911,201912],"Y_PREVALENCE_1000PP":[0.1,0.1,0.08,0.15,0.06,0.08,0.06,0.06,0.06,0.07,0.12]},"CONDITIONS_BY_TYPE":{"CONCEPT_NAME":"Claim","COUNT_VALUE":132},"AGE_AT_FIRST_DIAGNOSIS":{"CATEGORY":["MALE","FEMALE"],"MIN_VALUE":[1,2],"P10_VALUE":[12,13],"P25_VALUE":[27,29],"MEDIAN_VALUE":[37,49],"P75_VALUE":[60,67],"P90_VALUE":[75,84],"MAX_VALUE":[97,98]}}
