{"PREVALENCE_BY_GENDER_AGE_YEAR":{"TRELLIS_NAME":["40-49","80-89","60-69","50-59","90-99","70-79","20-29","70-79","90-99","10-19","80-89","30-39","0-9","20-29","30-39","10-19","40-49","50-59","60-69","0-9"],"SERIES_NAME":["FEMALE","FEMALE","FEMALE","FEMALE","FEMALE","FEMALE","FEMALE","MALE","MALE","FEMALE","MALE","FEMALE","FEMALE","MALE","MALE","MALE","MALE","MALE","MALE","MALE"],"X_CALENDAR_YEAR":[2019,2019,2019,2019,2019,2019,2019,2019,2019,2019,2019,2019,2019,2019,2019,2019,2019,2019,2019,2019],"Y_PREVALENCE_1000PP":[34.88206,32.29527,33.85023,38.53955,38.8673,35.87942,33.21095,36.13541,26.36103,37.15847,39.75704,37.88002,36.63158,34.33187,38.37012,32.59871,36.38755,35.37874,33.25599,36.08018]},"PREVALENCE_BY_MONTH":{"X_CALENDAR_MONTH":[201901,201902,201903,201904,201905,201906,201907,201908,201909,201910,201911,201912],"Y_PREVALENCE_1000PP":[3.7,2.73,2.88,3.35,2.87,2.97,3.4,2.86,2.56,3.52,2.65,2.67]},"CONDITIONS_BY_TYPE":{"CONCEPT_NAME":"Claim","COUNT_VALUE":4896},"AGE_AT_FIRST_DIAGNOSIS":{"CATEGORY":["MALE","FEMALE","No matching concept"],"MIN_VALUE":[0,0,0],"P10_VALUE":[10,10,8],"P25_VALUE":[26,24,31],"MEDIAN_VALUE":[44,44,51],"P75_VALUE":[63,62,70],"P90_VALUE":[77,77,78],"MAX_VALUE":[99,99,97]}}
