{"PREVALENCE_BY_GENDER_AGE_YEAR":{"TRELLIS_NAME":["90-99","80-89","0-9","30-39","70-79","10-19","20-29","40-49","90-99","70-79","50-59","60-69","80-89","0-9","60-69","30-39","10-19","50-59","40-49","20-29"],"SERIES_NAME":["MALE","MALE","FEMALE","FEMALE","MALE","FEMALE","FEMALE","FEMALE","FEMALE","FEMALE","FEMALE","FEMALE","FEMALE","MALE","MALE","MALE","MALE","MALE","MALE","MALE"],"X_CALENDAR_YEAR":[2019,2019,2019,2019,2019,2019,2019,2019,2019,2019,2019,2019,2019,2019,2019,2019,2019,2019,2019,2019],"Y_PREVALENCE_1000PP":[15.47278,14.90889,18.73684,15.44464,13.31305,17.04918,19.02537,15.01072,22.76513,15.90531,14.19878,18.53253,13.84083,16.9265,12.56767,15.61969,12.39669,17.32237,16.22096,16.82935]},"PREVALENCE_BY_MONTH":{"X_CALENDAR_MONTH":[201901,201902,201903,201904,201905,201906,201907,201908,201909,201910,201911,201912],"Y_PREVALENCE_1000PP":[1.49,1.02,1.21,1.48,1.45,1.14,1.57,1.2,1.21,1.77,1.27,1.37]},"CONDITIONS_BY_TYPE":{"CONCEPT_NAME":"Claim","COUNT_VALUE":2190},"AGE_AT_FIRST_DIAGNOSIS":{"CATEGORY":["MALE","No matching concept","FEMALE"],"MIN_VALUE":[0,0,0],"P10_VALUE":[9,19,8],"P25_VALUE":[25,29,23],"MEDIAN_VALUE":[45,47,43],"P75_VALUE":[60,62,65],"P90_VALUE":[77,69,78],"MAX_VALUE":[99,94,99]}}
