{"PREVALENCE_BY_GENDER_AGE_YEAR":{"TRELLIS_NAME":["50-59","60-69","40-49","30-39","60-69","20-29","0-9","0-9","50-59","40-49","10-19","20-29","30-39"],"SERIES_NAME":["FEMALE","FEMALE","FEMALE","FEMALE","MALE","FEMALE","FEMALE","MALE","MALE","MALE","MALE","MALE","MALE"],"X_CALENDAR_YEAR":[2019,2019,2019,2019,2019,2019,2019,2019,2019,2019,2019,2019,2019],"Y_PREVALENCE_1000PP":[2.31783,2.09285,1.14204,1.79095,2.30769,1.99833,1.89314,2.00624,2.20038,1.1701,1.60403,2.19077,1.52517]},"PREVALENCE_BY_MONTH":{"X_CALENDAR_MONTH":[201901,201903,201904,201905,201906,201907,201908,201909,201910,201911,201912],"Y_PREVALENCE_1000PP":[0.09,0.16,0.21,0.15,0.11,0.12,0.14,0.21,0.15,0.1,0.15]},"CONDITIONS_BY_TYPE":{"CONCEPT_NAME":"Claim","COUNT_VALUE":840},"AGE_AT_FIRST_DIAGNOSIS":{"CATEGORY":["FEMALE","MALE"],"MIN_VALUE":[1,0],"P10_VALUE":[8,9],"P25_VALUE":[25,22],"MEDIAN_VALUE":[45,43],"P75_VALUE":[59,60],"P90_VALUE":[68,70],"MAX_VALUE":[99,97]}}
