{"PREVALENCE_BY_GENDER_AGE_YEAR":{"TRELLIS_NAME":["50-59","90-99","60-69","70-79","30-39","20-29","40-49","90-99","0-9","80-89","70-79","10-19","60-69","50-59","0-9","10-19","40-49","30-39","20-29"],"SERIES_NAME":["FEMALE","FEMALE","FEMALE","FEMALE","FEMALE","FEMALE","FEMALE","MALE","FEMALE","MALE","MALE","FEMALE","MALE","MALE","MALE","MALE","MALE","MALE","MALE"],"X_CALENDAR_YEAR":[2019,2019,2019,2019,2019,2019,2019,2019,2019,2019,2019,2019,2019,2019,2019,2019,2019,2019,2019],"Y_PREVALENCE_1000PP":[7.24428,11.66019,5.86233,8.32254,5.36498,10.01335,7.005,12.60745,7.15789,12.70017,7.0369,7.86885,6.18716,7.19319,7.12695,6.42792,8.18355,8.14941,6.73174]},"PREVALENCE_BY_MONTH":{"X_CALENDAR_MONTH":[201901,201902,201903,201904,201905,201906,201907,201908,201909,201910,201911,201912],"Y_PREVALENCE_1000PP":[0.67,0.51,0.64,0.71,0.62,0.53,0.89,0.56,0.54,0.7,0.45,0.62]},"CONDITIONS_BY_TYPE":{"CONCEPT_NAME":"Claim","COUNT_VALUE":1001},"AGE_AT_FIRST_DIAGNOSIS":{"CATEGORY":["MALE","FEMALE","No matching concept"],"MIN_VALUE":[0,0,7],"P10_VALUE":[11,11,16],"P25_VALUE":[27,23,23],"MEDIAN_VALUE":[46,43,25],"P75_VALUE":[66,64,44],"P90_VALUE":[84,76,63],"MAX_VALUE":[98,99,72]}}
