{"PREVALENCE_BY_GENDER_AGE_YEAR":{"TRELLIS_NAME":["30-39","0-9","70-79","90-99","10-19","20-29","80-89","40-49","80-89","60-69","50-59","70-79","10-19","20-29","40-49","30-39","0-9","60-69","50-59"],"SERIES_NAME":["FEMALE","FEMALE","MALE","MALE","FEMALE","FEMALE","MALE","FEMALE","FEMALE","FEMALE","FEMALE","FEMALE","MALE","MALE","MALE","MALE","MALE","MALE","MALE"],"X_CALENDAR_YEAR":[2019,2019,2019,2019,2019,2019,2019,2019,2019,2019,2019,2019,2019,2019,2019,2019,2019,2019,2019],"Y_PREVALENCE_1000PP":[4.87726,2.94737,4.37429,4.01146,3.27869,2.67023,6.07399,3.57398,6.92042,3.40393,2.17328,2.40429,3.67309,3.87075,4.09177,4.58404,2.44989,2.70688,3.37639]},"PREVALENCE_BY_MONTH":{"X_CALENDAR_MONTH":[201901,201902,201903,201904,201905,201906,201907,201908,201909,201910,201911,201912],"Y_PREVALENCE_1000PP":[0.33,0.28,0.25,0.33,0.27,0.27,0.29,0.29,0.4,0.23,0.24,0.31]},"CONDITIONS_BY_TYPE":{"CONCEPT_NAME":"Claim","COUNT_VALUE":483},"AGE_AT_FIRST_DIAGNOSIS":{"CATEGORY":["FEMALE","MALE"],"MIN_VALUE":[1,3],"P10_VALUE":[12,13],"P25_VALUE":[28,28],"MEDIAN_VALUE":[43,45],"P75_VALUE":[63,65],"P90_VALUE":[79,79],"MAX_VALUE":[99,98]}}
