{"PREVALENCE_BY_GENDER_AGE_YEAR":{"TRELLIS_NAME":["80-89","20-29","10-19","30-39","70-79","0-9","60-69","90-99","10-19","50-59","20-29","0-9","30-39","40-49","40-49","70-79","60-69","90-99","50-59"],"SERIES_NAME":["MALE","FEMALE","FEMALE","FEMALE","MALE","FEMALE","MALE","MALE","MALE","MALE","MALE","MALE","MALE","MALE","FEMALE","FEMALE","FEMALE","FEMALE","FEMALE"],"X_CALENDAR_YEAR":[2019,2019,2019,2019,2019,2019,2019,2019,2019,2019,2019,2019,2019,2019,2019,2019,2019,2019,2019],"Y_PREVALENCE_1000PP":[4.41745,3.49709,4.15391,3.74471,5.31612,1.68279,3.46154,3.9886,5.27039,4.54745,2.19077,3.78957,4.06711,3.80284,2.56959,2.96516,3.04414,3.9019,2.89729]},"PREVALENCE_BY_MONTH":{"X_CALENDAR_MONTH":[201901,201902,201903,201904,201905,201906,201907,201908,201909,201910,201911,201912],"Y_PREVALENCE_1000PP":[0.34,0.24,0.24,0.31,0.27,0.25,0.29,0.31,0.41,0.4,0.27,0.22]},"CONDITIONS_BY_TYPE":{"CONCEPT_NAME":"Claim","COUNT_VALUE":1948},"AGE_AT_FIRST_DIAGNOSIS":{"CATEGORY":["No matching concept","MALE","FEMALE"],"MIN_VALUE":[24,0,2],"P10_VALUE":[24,11,13],"P25_VALUE":[25,27,26],"MEDIAN_VALUE":[51,48,43],"P75_VALUE":[75,68,61],"P90_VALUE":[79,79,77],"MAX_VALUE":[79,99,99]}}
