{"PREVALENCE_BY_GENDER_AGE_YEAR":{"TRELLIS_NAME":["50-59","20-29","60-69","40-49","30-39","10-19","0-9","90-99","50-59","70-79","60-69","80-89","90-99","20-29","70-79","0-9","10-19","40-49","30-39","80-89"],"SERIES_NAME":["MALE","MALE","MALE","MALE","MALE","MALE","MALE","FEMALE","FEMALE","FEMALE","FEMALE","FEMALE","MALE","FEMALE","MALE","FEMALE","FEMALE","FEMALE","FEMALE","MALE"],"X_CALENDAR_YEAR":[2019,2019,2019,2019,2019,2019,2019,2019,2019,2019,2019,2019,2019,2019,2019,2019,2019,2019,2019,2019],"Y_PREVALENCE_1000PP":[12.77158,10.09761,10.82753,12.56759,10.01698,9.64187,14.03118,11.66019,10.43176,11.28167,9.45537,14.41753,14.32665,11.34846,12.74249,9.47368,12.24044,12.2945,9.75451,15.46107]},"PREVALENCE_BY_MONTH":{"X_CALENDAR_MONTH":[201901,201902,201903,201904,201905,201906,201907,201908,201909,201910,201911,201912],"Y_PREVALENCE_1000PP":[1.12,0.79,0.97,1.13,0.9,0.9,0.95,0.86,0.95,1.09,1.01,0.94]},"CONDITIONS_BY_TYPE":{"CONCEPT_NAME":"Claim","COUNT_VALUE":1584},"AGE_AT_FIRST_DIAGNOSIS":{"CATEGORY":["No matching concept","MALE","FEMALE"],"MIN_VALUE":[4,0,0],"P10_VALUE":[8,9,11],"P25_VALUE":[25,27,23],"MEDIAN_VALUE":[45,46,44],"P75_VALUE":[62,65,65],"P90_VALUE":[72,79,78],"MAX_VALUE":[85,99,99]}}
