{"PREVALENCE_BY_GENDER_AGE_YEAR":{"TRELLIS_NAME":["70-79","40-49","60-69","50-59","30-39","60-69","20-29","10-19","0-9","70-79","40-49","30-39","10-19","50-59","20-29","0-9"],"SERIES_NAME":["FEMALE","FEMALE","FEMALE","FEMALE","FEMALE","MALE","FEMALE","FEMALE","FEMALE","MALE","MALE","MALE","MALE","MALE","MALE","MALE"],"X_CALENDAR_YEAR":[2019,2019,2019,2019,2019,2019,2019,2019,2019,2019,2019,2019,2019,2019,2019,2019],"Y_PREVALENCE_1000PP":[1.10967,1.57255,1.13464,2.17328,2.76378,3.48028,1.33511,2.40437,3.78947,1.90186,2.63043,2.54669,2.06612,1.7616,1.68294,2.00445]},"PREVALENCE_BY_MONTH":{"X_CALENDAR_MONTH":[201901,201902,201903,201904,201905,201906,201907,201908,201909,201910,201911,201912],"Y_PREVALENCE_1000PP":[0.25,0.24,0.18,0.16,0.16,0.18,0.13,0.16,0.16,0.18,0.15,0.13]},"CONDITIONS_BY_TYPE":{"CONCEPT_NAME":"Claim","COUNT_VALUE":276},"AGE_AT_FIRST_DIAGNOSIS":{"CATEGORY":["MALE","FEMALE"],"MIN_VALUE":[1,0],"P10_VALUE":[13,4],"P25_VALUE":[28,14],"MEDIAN_VALUE":[46,36],"P75_VALUE":[63,55],"P90_VALUE":[77,78],"MAX_VALUE":[99,98]}}
