{"PREVALENCE_BY_GENDER_AGE_YEAR":{"TRELLIS_NAME":["60-69","40-49","50-59","0-9","10-19","20-29","40-49","30-39","50-59","10-19","60-69","0-9","30-39","70-79","20-29"],"SERIES_NAME":["FEMALE","FEMALE","FEMALE","MALE","MALE","MALE","MALE","MALE","MALE","FEMALE","MALE","FEMALE","FEMALE","MALE","FEMALE"],"X_CALENDAR_YEAR":[2019,2019,2019,2019,2019,2019,2019,2019,2019,2019,2019,2019,2019,2019,2019],"Y_PREVALENCE_1000PP":[1.52207,0.85653,1.15892,2.45207,1.37489,1.01112,1.31637,1.69463,1.46692,2.4049,1.92308,1.47244,1.95376,1.51889,1.49875]},"PREVALENCE_BY_MONTH":{"X_CALENDAR_MONTH":[201901,201902,201903,201904,201905,201906,201907,201908,201909,201910,201911,201912],"Y_PREVALENCE_1000PP":[0.17,0.11,0.16,0.1,0.14,0.07,0.07,0.07,0.18,0.19,0.16,0.09]},"CONDITIONS_BY_TYPE":{"CONCEPT_NAME":"Claim","COUNT_VALUE":804},"AGE_AT_FIRST_DIAGNOSIS":{"CATEGORY":["FEMALE","MALE"],"MIN_VALUE":[1,0],"P10_VALUE":[10,4],"P25_VALUE":[19,21],"MEDIAN_VALUE":[38,47],"P75_VALUE":[61,64],"P90_VALUE":[75,77],"MAX_VALUE":[97,99]}}
