{"PREVALENCE_BY_GENDER_AGE_YEAR":{"TRELLIS_NAME":["60-69","50-59","70-79","90-99","70-79","20-29","30-39","0-9","10-19","40-49","80-89","30-39","40-49","50-59","20-29","10-19","60-69"],"SERIES_NAME":["FEMALE","FEMALE","FEMALE","FEMALE","MALE","FEMALE","FEMALE","FEMALE","FEMALE","FEMALE","MALE","MALE","MALE","MALE","MALE","MALE","MALE"],"X_CALENDAR_YEAR":[2019,2019,2019,2019,2019,2019,2019,2019,2019,2019,2019,2019,2019,2019,2019,2019,2019],"Y_PREVALENCE_1000PP":[2.47336,2.0281,3.52113,4.45931,2.08848,1.99833,2.11657,1.89314,3.49803,1.57031,3.86527,1.86409,2.48647,2.20038,2.02224,1.60403,1.34615]},"PREVALENCE_BY_MONTH":{"X_CALENDAR_MONTH":[201901,201902,201903,201904,201905,201906,201907,201908,201909,201910,201911,201912],"Y_PREVALENCE_1000PP":[0.19,0.16,0.15,0.22,0.23,0.17,0.22,0.15,0.11,0.23,0.15,0.21]},"CONDITIONS_BY_TYPE":{"CONCEPT_NAME":"Claim","COUNT_VALUE":1204},"AGE_AT_FIRST_DIAGNOSIS":{"CATEGORY":["MALE","No matching concept","FEMALE"],"MIN_VALUE":[0,0,3],"P10_VALUE":[17,0,11],"P25_VALUE":[31,2,22],"MEDIAN_VALUE":[48,49,49],"P75_VALUE":[67,58,69],"P90_VALUE":[82,71,79],"MAX_VALUE":[99,71,97]}}
