{"PREVALENCE_BY_GENDER_AGE_YEAR":{"TRELLIS_NAME":["50-59","60-69","70-79","40-49","20-29","0-9","30-39","50-59","10-19","30-39","40-49","60-69","0-9","20-29"],"SERIES_NAME":["FEMALE","FEMALE","FEMALE","FEMALE","FEMALE","FEMALE","FEMALE","MALE","MALE","MALE","MALE","MALE","MALE","MALE"],"X_CALENDAR_YEAR":[2019,2019,2019,2019,2019,2019,2019,2019,2019,2019,2019,2019,2019,2019],"Y_PREVALENCE_1000PP":[1.88324,3.61492,2.03855,2.28408,2.83097,1.68279,1.62813,1.907,1.83318,1.3557,2.779,2.5,1.56041,2.02224]},"PREVALENCE_BY_MONTH":{"X_CALENDAR_MONTH":[201901,201902,201903,201904,201905,201906,201907,201908,201909,201910,201911,201912],"Y_PREVALENCE_1000PP":[0.14,0.09,0.16,0.25,0.15,0.15,0.22,0.23,0.08,0.15,0.18,0.21]},"CONDITIONS_BY_TYPE":{"CONCEPT_NAME":"Claim","COUNT_VALUE":1060},"AGE_AT_FIRST_DIAGNOSIS":{"CATEGORY":["FEMALE","No matching concept","MALE"],"MIN_VALUE":[0,29,2],"P10_VALUE":[18,29,11],"P25_VALUE":[27,36,26],"MEDIAN_VALUE":[47,54,47],"P75_VALUE":[65,80,59],"P90_VALUE":[74,87,76],"MAX_VALUE":[93,95,94]}}
