{"PREVALENCE_BY_GENDER_AGE_YEAR":{"TRELLIS_NAME":["80-89","60-69","40-49","50-59","90-99","70-79","0-9","70-79","60-69","80-89","10-19","30-39","90-99","20-29","50-59","30-39","20-29","10-19","40-49","0-9"],"SERIES_NAME":["FEMALE","FEMALE","FEMALE","FEMALE","FEMALE","FEMALE","FEMALE","MALE","MALE","MALE","FEMALE","FEMALE","MALE","FEMALE","MALE","MALE","MALE","MALE","MALE","MALE"],"X_CALENDAR_YEAR":[2019,2019,2019,2019,2019,2019,2019,2019,2019,2019,2019,2019,2019,2019,2019,2019,2019,2019,2019,2019],"Y_PREVALENCE_1000PP":[5.18732,7.22983,6.28123,7.53296,8.3612,7.22758,8.41397,7.21473,5.76923,6.62617,7.87057,5.86128,7.97721,6.16153,7.18791,7.45636,8.08898,5.27039,7.31315,6.46456]},"PREVALENCE_BY_MONTH":{"X_CALENDAR_MONTH":[201901,201902,201903,201904,201905,201906,201907,201908,201909,201910,201911,201912],"Y_PREVALENCE_1000PP":[0.69,0.53,0.6,0.71,0.62,0.53,0.63,0.5,0.51,0.58,0.53,0.51]},"CONDITIONS_BY_TYPE":{"CONCEPT_NAME":"Claim","COUNT_VALUE":3740},"AGE_AT_FIRST_DIAGNOSIS":{"CATEGORY":["MALE","No matching concept","FEMALE"],"MIN_VALUE":[0,16,0],"P10_VALUE":[11,16,8],"P25_VALUE":[25,36,23],"MEDIAN_VALUE":[44,47,45],"P75_VALUE":[64,59,64],"P90_VALUE":[77,74,76],"MAX_VALUE":[98,76,99]}}
