{"PREVALENCE_BY_GENDER_AGE_YEAR":{"TRELLIS_NAME":["40-49","90-99","70-79","10-19","20-29","30-39","0-9","60-69","70-79","50-59","90-99","80-89","50-59","20-29","60-69","40-49","10-19","30-39","0-9"],"SERIES_NAME":["FEMALE","MALE","MALE","FEMALE","FEMALE","FEMALE","FEMALE","FEMALE","FEMALE","FEMALE","FEMALE","FEMALE","MALE","MALE","MALE","MALE","MALE","MALE","MALE"],"X_CALENDAR_YEAR":[2019,2019,2019,2019,2019,2019,2019,2019,2019,2019,2019,2019,2019,2019,2019,2019,2019,2019,2019],"Y_PREVALENCE_1000PP":[2.56959,3.9886,3.22764,1.74902,1.66528,1.95376,3.57594,2.47336,2.22387,2.89729,3.34448,4.03458,1.907,3.53893,3.07692,2.34021,2.52062,2.88087,2.67499]},"PREVALENCE_BY_MONTH":{"X_CALENDAR_MONTH":[201901,201902,201903,201904,201905,201906,201907,201908,201909,201910,201911,201912],"Y_PREVALENCE_1000PP":[0.19,0.17,0.19,0.29,0.15,0.24,0.29,0.21,0.2,0.29,0.21,0.19]},"CONDITIONS_BY_TYPE":{"CONCEPT_NAME":"Claim","COUNT_VALUE":1416},"AGE_AT_FIRST_DIAGNOSIS":{"CATEGORY":["FEMALE","MALE"],"MIN_VALUE":[1,0],"P10_VALUE":[7,11],"P25_VALUE":[24,24],"MEDIAN_VALUE":[46,43],"P75_VALUE":[66,65],"P90_VALUE":[81,78],"MAX_VALUE":[99,98]}}
