{"PREVALENCE_BY_GENDER_AGE_YEAR":{"TRELLIS_NAME":["60-69","40-49","50-59","70-79","30-39","60-69","50-59","20-29","40-49","0-9","10-19","80-89","70-79","20-29","0-9","30-39","90-99"],"SERIES_NAME":["FEMALE","FEMALE","FEMALE","FEMALE","MALE","MALE","MALE","MALE","MALE","MALE","MALE","MALE","MALE","FEMALE","FEMALE","FEMALE","MALE"],"X_CALENDAR_YEAR":[2019,2019,2019,2019,2019,2019,2019,2019,2019,2019,2019,2019,2019,2019,2019,2019,2019],"Y_PREVALENCE_1000PP":[2.6475,2.14439,2.46305,2.58924,2.37691,2.32019,1.3212,2.35611,1.02294,1.78174,2.06612,4.41745,2.8528,1.66889,1.68421,1.3006,3.4384]},"PREVALENCE_BY_MONTH":{"X_CALENDAR_MONTH":[201901,201902,201903,201904,201905,201906,201907,201908,201909,201910,201911,201912],"Y_PREVALENCE_1000PP":[0.22,0.16,0.14,0.27,0.17,0.18,0.12,0.13,0.19,0.15,0.13,0.15]},"CONDITIONS_BY_TYPE":{"CONCEPT_NAME":"Claim","COUNT_VALUE":282},"AGE_AT_FIRST_DIAGNOSIS":{"CATEGORY":["No matching concept","MALE","FEMALE"],"MIN_VALUE":[5,1,1],"P10_VALUE":[5,12,14],"P25_VALUE":[14,25,30],"MEDIAN_VALUE":[46,47,50],"P75_VALUE":[69,71,65],"P90_VALUE":[74,83,75],"MAX_VALUE":[74,98,93]}}
