{"PREVALENCE_BY_GENDER_AGE_YEAR":{"TRELLIS_NAME":["10-19","50-59","60-69","0-9","30-39","40-49","20-29","60-69","90-99","50-59","70-79","10-19","70-79","30-39","40-49","80-89","20-29"],"SERIES_NAME":["MALE","MALE","MALE","MALE","MALE","MALE","MALE","FEMALE","FEMALE","FEMALE","FEMALE","FEMALE","MALE","FEMALE","FEMALE","MALE","FEMALE"],"X_CALENDAR_YEAR":[2019,2019,2019,2019,2019,2019,2019,2019,2019,2019,2019,2019,2019,2019,2019,2019,2019],"Y_PREVALENCE_1000PP":[2.97892,1.76031,2.69231,3.56665,2.54194,3.21779,3.87597,2.66362,4.45931,2.75243,2.40919,1.96764,2.65806,2.4422,3.14061,4.96963,2.66445]},"PREVALENCE_BY_MONTH":{"X_CALENDAR_MONTH":[201901,201902,201903,201904,201905,201906,201907,201908,201909,201910,201911,201912],"Y_PREVALENCE_1000PP":[0.34,0.21,0.2,0.3,0.16,0.19,0.27,0.2,0.21,0.29,0.18,0.16]},"CONDITIONS_BY_TYPE":{"CONCEPT_NAME":"Claim","COUNT_VALUE":1428},"AGE_AT_FIRST_DIAGNOSIS":{"CATEGORY":["MALE","FEMALE"],"MIN_VALUE":[0,1],"P10_VALUE":[8,18],"P25_VALUE":[23,30],"MEDIAN_VALUE":[41,47],"P75_VALUE":[63,64],"P90_VALUE":[78,79],"MAX_VALUE":[99,99]}}
