{"PREVALENCE_BY_GENDER_AGE_YEAR":{"TRELLIS_NAME":["70-79","40-49","20-29","30-39","60-69","50-59","40-49","50-59","30-39","20-29","0-9","60-69"],"SERIES_NAME":["MALE","FEMALE","FEMALE","FEMALE","FEMALE","FEMALE","MALE","MALE","MALE","MALE","MALE","MALE"],"X_CALENDAR_YEAR":[2019,2019,2019,2019,2019,2019,2019,2019,2019,2019,2019,2019],"Y_PREVALENCE_1000PP":[1.51889,1.85582,1.1657,1.79095,1.90259,1.01405,1.1701,1.32023,1.18624,1.34816,2.00624,1.92308]},"PREVALENCE_BY_MONTH":{"X_CALENDAR_MONTH":[201901,201902,201903,201904,201905,201907,201908,201909,201910,201911,201912],"Y_PREVALENCE_1000PP":[0.16,0.09,0.15,0.13,0.07,0.14,0.15,0.11,0.13,0.06,0.11]},"CONDITIONS_BY_TYPE":{"CONCEPT_NAME":"Claim","COUNT_VALUE":700},"AGE_AT_FIRST_DIAGNOSIS":{"CATEGORY":["MALE","FEMALE"],"MIN_VALUE":[1,2],"P10_VALUE":[6,12],"P25_VALUE":[27,29],"MEDIAN_VALUE":[46,43],"P75_VALUE":[63,62],"P90_VALUE":[79,74],"MAX_VALUE":[97,90]}}
