{"PREVALENCE_BY_GENDER_AGE_YEAR":{"TRELLIS_NAME":["70-79","30-39","20-29","40-49","0-9","10-19","30-39","60-69","20-29","0-9","10-19","50-59","40-49","70-79","50-59","60-69"],"SERIES_NAME":["MALE","FEMALE","FEMALE","FEMALE","FEMALE","FEMALE","MALE","MALE","MALE","MALE","MALE","MALE","MALE","FEMALE","FEMALE","FEMALE"],"X_CALENDAR_YEAR":[2019,2019,2019,2019,2019,2019,2019,2019,2019,2019,2019,2019,2019,2019,2019,2019],"Y_PREVALENCE_1000PP":[1.3313,1.78833,1.83578,2.43031,2.31579,1.74863,2.03735,2.32019,2.5244,2.67261,4.82094,2.0552,1.75362,2.0344,2.0284,2.6475]},"PREVALENCE_BY_MONTH":{"X_CALENDAR_MONTH":[201901,201902,201903,201904,201905,201906,201907,201908,201909,201910,201911,201912],"Y_PREVALENCE_1000PP":[0.19,0.17,0.26,0.17,0.2,0.12,0.17,0.19,0.13,0.29,0.16,0.11]},"CONDITIONS_BY_TYPE":{"CONCEPT_NAME":"Claim","COUNT_VALUE":302},"AGE_AT_FIRST_DIAGNOSIS":{"CATEGORY":["MALE","No matching concept","FEMALE"],"MIN_VALUE":[0,10,0],"P10_VALUE":[9,10,8],"P25_VALUE":[16,21,26],"MEDIAN_VALUE":[35,53,43],"P75_VALUE":[56,71,61],"P90_VALUE":[72,99,72],"MAX_VALUE":[96,99,97]}}
