{"PREVALENCE_BY_GENDER_AGE_YEAR":{"TRELLIS_NAME":["0-9","20-29","50-59","30-39","60-69","40-49","90-99","60-69","70-79","50-59","10-19","70-79","40-49","30-39","20-29","0-9"],"SERIES_NAME":["MALE","MALE","MALE","MALE","MALE","MALE","FEMALE","FEMALE","FEMALE","FEMALE","FEMALE","MALE","FEMALE","FEMALE","FEMALE","FEMALE"],"X_CALENDAR_YEAR":[2019,2019,2019,2019,2019,2019,2019,2019,2019,2019,2019,2019,2019,2019,2019,2019],"Y_PREVALENCE_1000PP":[2.00624,2.35929,2.49377,1.3557,1.92308,2.19394,5.01672,2.09285,3.15048,1.59351,1.96764,1.89861,2.99786,2.27939,1.66528,2.73454]},"PREVALENCE_BY_MONTH":{"X_CALENDAR_MONTH":[201901,201902,201903,201904,201905,201906,201907,201908,201909,201910,201911,201912],"Y_PREVALENCE_1000PP":[0.13,0.15,0.31,0.25,0.2,0.15,0.19,0.15,0.16,0.19,0.18,0.18]},"CONDITIONS_BY_TYPE":{"CONCEPT_NAME":"Claim","COUNT_VALUE":1200},"AGE_AT_FIRST_DIAGNOSIS":{"CATEGORY":["MALE","No matching concept","FEMALE"],"MIN_VALUE":[1,7,0],"P10_VALUE":[11,7,6],"P25_VALUE":[26,11,27],"MEDIAN_VALUE":[48,21,44],"P75_VALUE":[61,57,70],"P90_VALUE":[79,61,83],"MAX_VALUE":[99,61,99]}}
