{"PREVALENCE_BY_GENDER_AGE_YEAR":{"TRELLIS_NAME":["80-89","90-99","50-59","40-49","70-79","60-69","20-29","40-49","0-9","10-19","50-59","30-39","80-89","70-79","20-29","10-19","0-9","60-69","90-99","30-39"],"SERIES_NAME":["FEMALE","FEMALE","FEMALE","FEMALE","FEMALE","FEMALE","MALE","MALE","MALE","MALE","MALE","MALE","MALE","MALE","FEMALE","FEMALE","FEMALE","MALE","MALE","FEMALE"],"X_CALENDAR_YEAR":[2019,2019,2019,2019,2019,2019,2019,2019,2019,2019,2019,2019,2019,2019,2019,2019,2019,2019,2019,2019],"Y_PREVALENCE_1000PP":[35.1585,25.64103,34.47776,38.97216,29.65159,39.76408,37.74857,37.29706,39.23317,38.72594,37.84656,32.19793,35.33959,35.69394,39.80017,32.79405,35.96971,39.03846,28.49003,34.84207]},"PREVALENCE_BY_MONTH":{"X_CALENDAR_MONTH":[201901,201902,201903,201904,201905,201906,201907,201908,201909,201910,201911,201912],"Y_PREVALENCE_1000PP":[3.58,2.99,2.97,3.27,3.01,2.44,3.35,2.55,2.69,4.04,2.72,3.06]},"CONDITIONS_BY_TYPE":{"CONCEPT_NAME":"Claim","COUNT_VALUE":19704},"AGE_AT_FIRST_DIAGNOSIS":{"CATEGORY":["FEMALE","MALE","No matching concept"],"MIN_VALUE":[0,0,1],"P10_VALUE":[10,10,10],"P25_VALUE":[24,24,31],"MEDIAN_VALUE":[43,45,49],"P75_VALUE":[61,62,65],"P90_VALUE":[75,77,74],"MAX_VALUE":[99,99,99]}}
