{"PREVALENCE_BY_GENDER_AGE_YEAR":{"TRELLIS_NAME":["0-9","60-69","10-19","20-29","30-39","50-59","40-49","40-49","50-59","80-89","60-69","70-79","20-29","0-9","30-39"],"SERIES_NAME":["MALE","MALE","MALE","MALE","MALE","MALE","MALE","FEMALE","FEMALE","FEMALE","FEMALE","MALE","FEMALE","FEMALE","FEMALE"],"X_CALENDAR_YEAR":[2019,2019,2019,2019,2019,2019,2019,2019,2019,2019,2019,2019,2019,2019,2019],"Y_PREVALENCE_1000PP":[3.12082,1.92308,1.37489,1.6852,1.86409,2.49377,1.90142,0.99929,1.30378,3.45821,1.33181,1.13917,2.16486,1.68279,0.97688]},"PREVALENCE_BY_MONTH":{"X_CALENDAR_MONTH":[201901,201903,201904,201905,201906,201907,201908,201909,201910,201911,201912],"Y_PREVALENCE_1000PP":[0.15,0.11,0.19,0.1,0.15,0.2,0.12,0.19,0.17,0.12,0.09]},"CONDITIONS_BY_TYPE":{"CONCEPT_NAME":"Claim","COUNT_VALUE":872},"AGE_AT_FIRST_DIAGNOSIS":{"CATEGORY":["FEMALE","MALE"],"MIN_VALUE":[0,0],"P10_VALUE":[7,4],"P25_VALUE":[26,20],"MEDIAN_VALUE":[42,43],"P75_VALUE":[69,59],"P90_VALUE":[83,74],"MAX_VALUE":[94,96]}}
