{"PREVALENCE_BY_GENDER_AGE_YEAR":{"TRELLIS_NAME":["50-59","90-99","60-69","70-79","80-89","0-9","40-49","50-59","30-39","20-29","60-69","10-19","0-9","10-19","70-79","20-29","80-89","30-39","90-99","40-49"],"SERIES_NAME":["FEMALE","FEMALE","FEMALE","FEMALE","FEMALE","MALE","MALE","MALE","MALE","MALE","MALE","MALE","FEMALE","FEMALE","MALE","FEMALE","MALE","FEMALE","MALE","FEMALE"],"X_CALENDAR_YEAR":[2019,2019,2019,2019,2019,2019,2019,2019,2019,2019,2019,2019,2019,2019,2019,2019,2019,2019,2019,2019],"Y_PREVALENCE_1000PP":[4.78053,5.57414,3.42466,4.63306,3.45821,4.90415,3.51031,3.37392,5.08388,4.04449,4.42308,5.27039,5.04838,4.59117,4.74654,4.32973,3.31309,3.74471,6.26781,4.28266]},"PREVALENCE_BY_MONTH":{"X_CALENDAR_MONTH":[201901,201902,201903,201904,201905,201906,201907,201908,201909,201910,201911,201912],"Y_PREVALENCE_1000PP":[0.41,0.29,0.3,0.38,0.36,0.4,0.43,0.33,0.31,0.4,0.46,0.33]},"CONDITIONS_BY_TYPE":{"CONCEPT_NAME":"Claim","COUNT_VALUE":2396},"AGE_AT_FIRST_DIAGNOSIS":{"CATEGORY":["MALE","FEMALE","No matching concept"],"MIN_VALUE":[0,0,4],"P10_VALUE":[9,9,12],"P25_VALUE":[22,24,17],"MEDIAN_VALUE":[41,45,37],"P75_VALUE":[66,61,46],"P90_VALUE":[78,78,76],"MAX_VALUE":[99,99,78]}}
