{"PREVALENCE_BY_GENDER_AGE_YEAR":{"TRELLIS_NAME":["60-69","50-59","40-49","70-79","50-59","10-19","40-49","20-29","30-39","0-9","70-79","20-29","30-39","10-19","0-9","60-69"],"SERIES_NAME":["FEMALE","FEMALE","FEMALE","FEMALE","MALE","MALE","MALE","MALE","MALE","MALE","MALE","FEMALE","FEMALE","FEMALE","FEMALE","MALE"],"X_CALENDAR_YEAR":[2019,2019,2019,2019,2019,2019,2019,2019,2019,2019,2019,2019,2019,2019,2019,2019],"Y_PREVALENCE_1000PP":[2.08018,1.73863,2.00143,2.40429,2.0552,2.29568,2.92269,2.5244,2.71647,2.44989,1.71168,1.66889,2.11348,2.62295,3.15789,3.09358]},"PREVALENCE_BY_MONTH":{"X_CALENDAR_MONTH":[201901,201902,201903,201904,201905,201906,201907,201908,201909,201910,201911,201912],"Y_PREVALENCE_1000PP":[0.2,0.11,0.21,0.2,0.21,0.18,0.21,0.2,0.13,0.27,0.19,0.22]},"CONDITIONS_BY_TYPE":{"CONCEPT_NAME":"Claim","COUNT_VALUE":310},"AGE_AT_FIRST_DIAGNOSIS":{"CATEGORY":["No matching concept","FEMALE","MALE"],"MIN_VALUE":[14,0,0],"P10_VALUE":[14,6,11],"P25_VALUE":[30,19,24],"MEDIAN_VALUE":[34,44,41],"P75_VALUE":[46,63,64],"P90_VALUE":[55,78,76],"MAX_VALUE":[55,97,99]}}
