{"PREVALENCE_BY_GENDER_AGE_YEAR":{"TRELLIS_NAME":["60-69","50-59","40-49","30-39","0-9","20-29","10-19","20-29","10-19","0-9","70-79","30-39","80-89","90-99","60-69","80-89","50-59","70-79","90-99","40-49"],"SERIES_NAME":["MALE","MALE","MALE","MALE","MALE","MALE","MALE","FEMALE","FEMALE","FEMALE","MALE","FEMALE","MALE","MALE","FEMALE","FEMALE","FEMALE","FEMALE","FEMALE","FEMALE"],"X_CALENDAR_YEAR":[2019,2019,2019,2019,2019,2019,2019,2019,2019,2019,2019,2019,2019,2019,2019,2019,2019,2019,2019,2019],"Y_PREVALENCE_1000PP":[128.19026,128.15619,120.70729,132.93718,124.27617,134.8031,130.16529,131.67557,122.40437,123.15789,122.48003,121.60624,144.67145,132.37822,127.83661,126.29758,124.45668,123.91345,127.15158,126.80486]},"PREVALENCE_BY_MONTH":{"X_CALENDAR_MONTH":[201901,201902,201903,201904,201905,201906,201907,201908,201909,201910,201911,201912],"Y_PREVALENCE_1000PP":[13.39,9.72,11,12.79,10.49,10.27,13.03,10.35,9.92,12.91,10.03,10.13]},"CONDITIONS_BY_TYPE":{"CONCEPT_NAME":"Claim","COUNT_VALUE":18234},"AGE_AT_FIRST_DIAGNOSIS":{"CATEGORY":["MALE","No matching concept","FEMALE"],"MIN_VALUE":[0,1,0],"P10_VALUE":[11,14,10],"P25_VALUE":[25,28,25],"MEDIAN_VALUE":[44,47,45],"P75_VALUE":[63,67,63],"P90_VALUE":[77,81,77],"MAX_VALUE":[99,99,99]}}
