{"PREVALENCE_BY_GENDER_AGE_YEAR":{"TRELLIS_NAME":["40-49","0-9","30-39","70-79","60-69","50-59","10-19","20-29","30-39","40-49","50-59","60-69"],"SERIES_NAME":["FEMALE","FEMALE","FEMALE","MALE","MALE","MALE","MALE","MALE","MALE","MALE","FEMALE","FEMALE"],"X_CALENDAR_YEAR":[2019,2019,2019,2019,2019,2019,2019,2019,2019,2019,2019,2019],"Y_PREVALENCE_1000PP":[1.42755,1.47244,1.13969,1.51889,1.92308,1.907,1.60403,1.85372,1.01678,1.31637,1.01405,1.52207]},"PREVALENCE_BY_MONTH":{"X_CALENDAR_MONTH":[201901,201902,201903,201904,201905,201906,201907,201908,201909,201910,201911,201912],"Y_PREVALENCE_1000PP":[0.15,0.09,0.08,0.14,0.07,0.09,0.08,0.1,0.1,0.16,0.11,0.13]},"CONDITIONS_BY_TYPE":{"CONCEPT_NAME":"Claim","COUNT_VALUE":728},"AGE_AT_FIRST_DIAGNOSIS":{"CATEGORY":["FEMALE","MALE"],"MIN_VALUE":[0,1],"P10_VALUE":[5,13],"P25_VALUE":[31,27],"MEDIAN_VALUE":[46,50],"P75_VALUE":[68,66],"P90_VALUE":[74,79],"MAX_VALUE":[95,99]}}
