{"PREVALENCE_BY_GENDER_AGE_YEAR":{"TRELLIS_NAME":["0-9","70-79","30-39","10-19","90-99","20-29","60-69","40-49","0-9","50-59","10-19","20-29","30-39","50-59","60-69","80-89","70-79","40-49"],"SERIES_NAME":["FEMALE","MALE","FEMALE","FEMALE","MALE","FEMALE","MALE","MALE","MALE","MALE","MALE","MALE","MALE","FEMALE","FEMALE","FEMALE","FEMALE","FEMALE"],"X_CALENDAR_YEAR":[2019,2019,2019,2019,2019,2019,2019,2019,2019,2019,2019,2019,2019,2019,2019,2019,2019,2019],"Y_PREVALENCE_1000PP":[4,4.1841,4.71468,5.2459,4.01146,2.50334,4.83372,5.40699,6.4588,5.28479,5.05051,5.2171,4.41426,3.76702,5.29501,4.03691,4.25375,4.28878]},"PREVALENCE_BY_MONTH":{"X_CALENDAR_MONTH":[201901,201902,201903,201904,201905,201906,201907,201908,201909,201910,201911,201912],"Y_PREVALENCE_1000PP":[0.48,0.32,0.3,0.47,0.38,0.36,0.44,0.4,0.31,0.45,0.29,0.32]},"CONDITIONS_BY_TYPE":{"CONCEPT_NAME":"Claim","COUNT_VALUE":613},"AGE_AT_FIRST_DIAGNOSIS":{"CATEGORY":["No matching concept","MALE","FEMALE"],"MIN_VALUE":[5,0,0],"P10_VALUE":[5,6,10],"P25_VALUE":[24,23,26],"MEDIAN_VALUE":[57,43,45],"P75_VALUE":[82,58,64],"P90_VALUE":[84,74,75],"MAX_VALUE":[84,97,99]}}
