{"PREVALENCE_BY_GENDER_AGE_YEAR":{"TRELLIS_NAME":["10-19","0-9","40-49","30-39","20-29","70-79","30-39","10-19","60-69","0-9","20-29","40-49","50-59","70-79","50-59","60-69"],"SERIES_NAME":["FEMALE","FEMALE","FEMALE","FEMALE","FEMALE","MALE","MALE","MALE","MALE","MALE","MALE","MALE","MALE","FEMALE","FEMALE","FEMALE"],"X_CALENDAR_YEAR":[2019,2019,2019,2019,2019,2019,2019,2019,2019,2019,2019,2019,2019,2019,2019,2019],"Y_PREVALENCE_1000PP":[2.18627,2.73454,2.14133,1.62813,1.99833,2.27834,2.88087,2.29148,1.73077,2.22916,2.19077,2.34021,2.78715,1.6679,3.04216,2.09285]},"PREVALENCE_BY_MONTH":{"X_CALENDAR_MONTH":[201901,201902,201903,201904,201905,201906,201907,201908,201909,201910,201911,201912],"Y_PREVALENCE_1000PP":[0.21,0.28,0.17,0.22,0.16,0.13,0.21,0.22,0.15,0.23,0.16,0.13]},"CONDITIONS_BY_TYPE":{"CONCEPT_NAME":"Claim","COUNT_VALUE":1176},"AGE_AT_FIRST_DIAGNOSIS":{"CATEGORY":["MALE","FEMALE"],"MIN_VALUE":[0,0],"P10_VALUE":[12,9],"P25_VALUE":[27,24],"MEDIAN_VALUE":[45,44],"P75_VALUE":[61,58],"P90_VALUE":[78,74],"MAX_VALUE":[99,99]}}
