{"PREVALENCE_BY_GENDER_AGE_YEAR":{"TRELLIS_NAME":["50-59","40-49","70-79","50-59","40-49"],"SERIES_NAME":["FEMALE","FEMALE","MALE","MALE","MALE"],"X_CALENDAR_YEAR":[2019,2019,2019,2019,2019],"Y_PREVALENCE_1000PP":[0.86931,1.00071,1.14112,0.8808,0.87681]},"PREVALENCE_BY_MONTH":{"X_CALENDAR_MONTH":[201901,201903,201904,201905,201906,201908,201909,201910,201912],"Y_PREVALENCE_1000PP":[0.06,0.06,0.08,0.06,0.07,0.07,0.08,0.06,0.09]},"CONDITIONS_BY_TYPE":{"CONCEPT_NAME":"Claim","COUNT_VALUE":106},"AGE_AT_FIRST_DIAGNOSIS":{"CATEGORY":["MALE","FEMALE"],"MIN_VALUE":[0,0],"P10_VALUE":[8,12],"P25_VALUE":[24,28],"MEDIAN_VALUE":[45,45],"P75_VALUE":[63,64],"P90_VALUE":[78,86],"MAX_VALUE":[98,99]}}
