{"PREVALENCE_BY_GENDER_AGE_YEAR":{"TRELLIS_NAME":["60-69","50-59","70-79","40-49","10-19","20-29","30-39","0-9","70-79","30-39","40-49","0-9","60-69","20-29","10-19","50-59"],"SERIES_NAME":["FEMALE","FEMALE","FEMALE","FEMALE","FEMALE","FEMALE","FEMALE","FEMALE","MALE","MALE","MALE","MALE","MALE","MALE","MALE","MALE"],"X_CALENDAR_YEAR":[2019,2019,2019,2019,2019,2019,2019,2019,2019,2019,2019,2019,2019,2019,2019,2019],"Y_PREVALENCE_1000PP":[1.14155,2.31783,1.6679,1.71306,2.62352,1.33222,2.60501,1.2621,2.4682,1.3557,2.63273,2.00624,2.11538,2.52781,1.37489,1.46692]},"PREVALENCE_BY_MONTH":{"X_CALENDAR_MONTH":[201901,201902,201903,201904,201905,201906,201907,201908,201909,201910,201911,201912],"Y_PREVALENCE_1000PP":[0.18,0.17,0.16,0.13,0.18,0.16,0.17,0.1,0.17,0.19,0.13,0.14]},"CONDITIONS_BY_TYPE":{"CONCEPT_NAME":"Claim","COUNT_VALUE":1016},"AGE_AT_FIRST_DIAGNOSIS":{"CATEGORY":["MALE","FEMALE"],"MIN_VALUE":[0,1],"P10_VALUE":[10,10],"P25_VALUE":[28,22],"MEDIAN_VALUE":[46,42],"P75_VALUE":[67,55],"P90_VALUE":[78,72],"MAX_VALUE":[99,91]}}
