{"PREVALENCE_BY_GENDER_AGE_YEAR":{"TRELLIS_NAME":["40-49","10-19","0-9","60-69","30-39","20-29","50-59","90-99","20-29","10-19","30-39","80-89","0-9","70-79","40-49","50-59","80-89","60-69","70-79"],"SERIES_NAME":["MALE","MALE","MALE","MALE","MALE","MALE","MALE","MALE","FEMALE","FEMALE","FEMALE","MALE","FEMALE","MALE","FEMALE","FEMALE","FEMALE","FEMALE","FEMALE"],"X_CALENDAR_YEAR":[2019,2019,2019,2019,2019,2019,2019,2019,2019,2019,2019,2019,2019,2019,2019,2019,2019,2019,2019],"Y_PREVALENCE_1000PP":[5.70426,5.49954,5.57289,4.42308,4.74496,5.56117,6.74784,7.97721,3.66361,5.46568,6.0241,4.96963,5.04838,3.79723,4.85368,5.50485,5.76369,4.18569,5.93032]},"PREVALENCE_BY_MONTH":{"X_CALENDAR_MONTH":[201901,201902,201903,201904,201905,201906,201907,201908,201909,201910,201911,201912],"Y_PREVALENCE_1000PP":[0.56,0.26,0.37,0.43,0.46,0.45,0.59,0.45,0.4,0.43,0.4,0.39]},"CONDITIONS_BY_TYPE":{"CONCEPT_NAME":"Claim","COUNT_VALUE":2780},"AGE_AT_FIRST_DIAGNOSIS":{"CATEGORY":["No matching concept","FEMALE","MALE"],"MIN_VALUE":[2,0,0],"P10_VALUE":[2,10,10],"P25_VALUE":[10,26,24],"MEDIAN_VALUE":[45,44,44],"P75_VALUE":[62,62,61],"P90_VALUE":[80,75,78],"MAX_VALUE":[80,99,99]}}
