{"PREVALENCE_BY_GENDER_AGE_YEAR":{"TRELLIS_NAME":["20-29","30-39","50-59","40-49","60-69","0-9","10-19","70-79","40-49","60-69","50-59","10-19","90-99","70-79","30-39","20-29","0-9"],"SERIES_NAME":["MALE","MALE","MALE","MALE","MALE","MALE","MALE","FEMALE","FEMALE","FEMALE","FEMALE","FEMALE","MALE","MALE","FEMALE","FEMALE","FEMALE"],"X_CALENDAR_YEAR":[2019,2019,2019,2019,2019,2019,2019,2019,2019,2019,2019,2019,2019,2019,2019,2019,2019],"Y_PREVALENCE_1000PP":[1.6852,3.21979,3.08053,2.04768,2.5,2.67499,2.29148,2.03855,1.57031,1.71233,1.30378,1.96764,5.12821,1.89861,2.76783,1.99833,1.89314]},"PREVALENCE_BY_MONTH":{"X_CALENDAR_MONTH":[201901,201902,201903,201904,201905,201906,201907,201908,201909,201910,201911,201912],"Y_PREVALENCE_1000PP":[0.21,0.07,0.23,0.23,0.17,0.23,0.2,0.24,0.12,0.21,0.09,0.18]},"CONDITIONS_BY_TYPE":{"CONCEPT_NAME":"Claim","COUNT_VALUE":1236},"AGE_AT_FIRST_DIAGNOSIS":{"CATEGORY":["MALE","FEMALE"],"MIN_VALUE":[0,1],"P10_VALUE":[10,11],"P25_VALUE":[27,24],"MEDIAN_VALUE":[45,39],"P75_VALUE":[62,60],"P90_VALUE":[81,76],"MAX_VALUE":[99,93]}}
