{"PREVALENCE_BY_GENDER_AGE_YEAR":{"TRELLIS_NAME":["20-29","0-9","70-79","30-39","10-19","50-59","40-49","60-69","20-29","10-19","30-39","0-9","70-79","50-59","40-49","60-69"],"SERIES_NAME":["FEMALE","FEMALE","MALE","FEMALE","FEMALE","MALE","MALE","MALE","MALE","MALE","MALE","MALE","FEMALE","FEMALE","FEMALE","FEMALE"],"X_CALENDAR_YEAR":[2019,2019,2019,2019,2019,2019,2019,2019,2019,2019,2019,2019,2019,2019,2019,2019],"Y_PREVALENCE_1000PP":[2.00267,1.26316,2.47242,1.62575,1.74863,1.1744,1.75362,1.74014,1.51464,1.37741,1.35823,1.3363,2.21935,1.88351,1.71551,2.08018]},"PREVALENCE_BY_MONTH":{"X_CALENDAR_MONTH":[201901,201902,201903,201904,201905,201906,201907,201908,201909,201910,201911,201912],"Y_PREVALENCE_1000PP":[0.12,0.11,0.16,0.14,0.15,0.24,0.13,0.11,0.1,0.11,0.21,0.13]},"CONDITIONS_BY_TYPE":{"CONCEPT_NAME":"Claim","COUNT_VALUE":235},"AGE_AT_FIRST_DIAGNOSIS":{"CATEGORY":["FEMALE","MALE"],"MIN_VALUE":[0,3],"P10_VALUE":[13,11],"P25_VALUE":[25,25],"MEDIAN_VALUE":[45,49],"P75_VALUE":[65,70],"P90_VALUE":[77,82],"MAX_VALUE":[91,99]}}
