{"PREVALENCE_BY_GENDER_AGE_YEAR":{"TRELLIS_NAME":["10-19","0-9","20-29","30-39","40-49","50-59","80-89","40-49","90-99","50-59","70-79","60-69","70-79","0-9","90-99","30-39","80-89","10-19","20-29","60-69"],"SERIES_NAME":["MALE","MALE","MALE","MALE","MALE","MALE","FEMALE","FEMALE","FEMALE","FEMALE","FEMALE","FEMALE","MALE","FEMALE","MALE","FEMALE","MALE","FEMALE","FEMALE","MALE"],"X_CALENDAR_YEAR":[2019,2019,2019,2019,2019,2019,2019,2019,2019,2019,2019,2019,2019,2019,2019,2019,2019,2019,2019,2019],"Y_PREVALENCE_1000PP":[10.78972,8.24053,10.4342,9.33786,8.32968,8.07399,8.07382,7.005,5.55247,9.27267,8.1376,7.7534,8.93876,9.26316,9.74212,9.26679,11.5958,7.43169,8.51135,6.76721]},"PREVALENCE_BY_MONTH":{"X_CALENDAR_MONTH":[201901,201902,201903,201904,201905,201906,201907,201908,201909,201910,201911,201912],"Y_PREVALENCE_1000PP":[0.95,0.53,0.68,0.75,0.73,0.53,0.82,0.61,0.78,0.75,0.8,0.66]},"CONDITIONS_BY_TYPE":{"CONCEPT_NAME":"Claim","COUNT_VALUE":1155},"AGE_AT_FIRST_DIAGNOSIS":{"CATEGORY":["FEMALE","No matching concept","MALE"],"MIN_VALUE":[0,3,0],"P10_VALUE":[9,3,11],"P25_VALUE":[24,21,23],"MEDIAN_VALUE":[42,51,42],"P75_VALUE":[61,68,62],"P90_VALUE":[76,75,78],"MAX_VALUE":[97,83,98]}}
