{"PREVALENCE_BY_GENDER_AGE_YEAR":{"TRELLIS_NAME":["40-49","70-79","20-29","10-19","0-9","30-39","30-39","40-49","50-59","60-69","10-19","0-9","20-29","60-69","70-79","90-99","50-59"],"SERIES_NAME":["FEMALE","MALE","FEMALE","FEMALE","FEMALE","FEMALE","MALE","MALE","MALE","MALE","MALE","MALE","MALE","FEMALE","FEMALE","FEMALE","FEMALE"],"X_CALENDAR_YEAR":[2019,2019,2019,2019,2019,2019,2019,2019,2019,2019,2019,2019,2019,2019,2019,2019,2019],"Y_PREVALENCE_1000PP":[1.2848,2.4682,1.49875,1.74902,1.89314,2.27939,1.69463,1.90142,2.49377,1.34615,2.52062,2.67499,2.35929,1.90259,2.40919,4.45931,2.75243]},"PREVALENCE_BY_MONTH":{"X_CALENDAR_MONTH":[201901,201902,201903,201904,201905,201906,201907,201908,201909,201910,201911,201912],"Y_PREVALENCE_1000PP":[0.3,0.17,0.17,0.17,0.07,0.16,0.23,0.22,0.2,0.19,0.18,0.07]},"CONDITIONS_BY_TYPE":{"CONCEPT_NAME":"Claim","COUNT_VALUE":1148},"AGE_AT_FIRST_DIAGNOSIS":{"CATEGORY":["MALE","FEMALE"],"MIN_VALUE":[0,0],"P10_VALUE":[7,14],"P25_VALUE":[21,28],"MEDIAN_VALUE":[43,51],"P75_VALUE":[60,68],"P90_VALUE":[75,85],"MAX_VALUE":[98,99]}}
