{"PREVALENCE_BY_GENDER_AGE_YEAR":{"TRELLIS_NAME":["60-69","0-9","20-29","10-19","40-49","50-59","30-39","80-89","60-69","70-79","50-59","90-99","70-79","40-49","30-39","0-9","10-19","90-99","80-89","20-29"],"SERIES_NAME":["MALE","MALE","MALE","MALE","MALE","MALE","MALE","FEMALE","FEMALE","FEMALE","FEMALE","FEMALE","MALE","FEMALE","FEMALE","FEMALE","FEMALE","MALE","MALE","FEMALE"],"X_CALENDAR_YEAR":[2019,2019,2019,2019,2019,2019,2019,2019,2019,2019,2019,2019,2019,2019,2019,2019,2019,2019,2019,2019],"Y_PREVALENCE_1000PP":[35.57618,37.41648,42.57826,39.2562,37.26436,38.31474,39.38879,40.94579,40.27988,33.66007,39.98841,47.75125,34.04336,39.02788,41.61925,39.57895,37.37705,35.53009,37.54832,36.38184]},"PREVALENCE_BY_MONTH":{"X_CALENDAR_MONTH":[201901,201902,201903,201904,201905,201906,201907,201908,201909,201910,201911,201912],"Y_PREVALENCE_1000PP":[4.04,2.95,2.91,3.84,3.21,2.71,3.99,2.62,2.94,3.59,3.08,3.32]},"CONDITIONS_BY_TYPE":{"CONCEPT_NAME":"Claim","COUNT_VALUE":5311},"AGE_AT_FIRST_DIAGNOSIS":{"CATEGORY":["MALE","FEMALE","No matching concept"],"MIN_VALUE":[0,0,0],"P10_VALUE":[10,10,10],"P25_VALUE":[24,25,26],"MEDIAN_VALUE":[43,44,37],"P75_VALUE":[62,63,62],"P90_VALUE":[76,78,73],"MAX_VALUE":[99,99,94]}}
