{"PREVALENCE_BY_GENDER_AGE_YEAR":{"TRELLIS_NAME":["20-29","30-39","10-19","70-79","80-89","90-99","0-9","50-59","10-19","60-69","30-39","40-49","20-29","0-9","60-69","70-79","40-49","90-99","50-59"],"SERIES_NAME":["FEMALE","FEMALE","FEMALE","MALE","MALE","MALE","FEMALE","MALE","MALE","MALE","MALE","MALE","MALE","MALE","FEMALE","FEMALE","FEMALE","FEMALE","FEMALE"],"X_CALENDAR_YEAR":[2019,2019,2019,2019,2019,2019,2019,2019,2019,2019,2019,2019,2019,2019,2019,2019,2019,2019,2019],"Y_PREVALENCE_1000PP":[5.82848,6.51254,4.59117,4.36681,5.52181,7.97721,7.57257,6.89453,6.18698,5.19231,4.91442,5.55799,3.70745,7.35622,5.13699,4.44774,5.71021,5.57414,4.4908]},"PREVALENCE_BY_MONTH":{"X_CALENDAR_MONTH":[201901,201902,201903,201904,201905,201906,201907,201908,201909,201910,201911,201912],"Y_PREVALENCE_1000PP":[0.68,0.36,0.46,0.43,0.47,0.36,0.59,0.44,0.43,0.43,0.39,0.46]},"CONDITIONS_BY_TYPE":{"CONCEPT_NAME":"Claim","COUNT_VALUE":2920},"AGE_AT_FIRST_DIAGNOSIS":{"CATEGORY":["MALE","No matching concept","FEMALE"],"MIN_VALUE":[0,2,0],"P10_VALUE":[8,23,7],"P25_VALUE":[21,31,24],"MEDIAN_VALUE":[46,45,40],"P75_VALUE":[64,58,59],"P90_VALUE":[78,62,75],"MAX_VALUE":[99,70,99]}}
