{"PREVALENCE_BY_GENDER_AGE_YEAR":{"TRELLIS_NAME":["10-19","0-9","20-29","50-59","40-49","60-69","30-39","50-59","60-69","70-79","40-49","0-9","20-29","30-39","10-19","70-79"],"SERIES_NAME":["MALE","MALE","MALE","MALE","MALE","MALE","MALE","FEMALE","FEMALE","FEMALE","FEMALE","FEMALE","FEMALE","FEMALE","FEMALE","MALE"],"X_CALENDAR_YEAR":[2019,2019,2019,2019,2019,2019,2019,2019,2019,2019,2019,2019,2019,2019,2019,2019],"Y_PREVALENCE_1000PP":[2.75482,2.00445,2.18782,1.0276,1.31521,2.32019,1.86757,2.89771,2.26929,2.0344,2.14439,1.89474,2.16956,1.78833,2.40437,2.28224]},"PREVALENCE_BY_MONTH":{"X_CALENDAR_MONTH":[201901,201902,201903,201904,201905,201906,201907,201908,201909,201910,201911,201912],"Y_PREVALENCE_1000PP":[0.16,0.16,0.15,0.17,0.1,0.17,0.19,0.21,0.18,0.17,0.14,0.23]},"CONDITIONS_BY_TYPE":{"CONCEPT_NAME":"Claim","COUNT_VALUE":267},"AGE_AT_FIRST_DIAGNOSIS":{"CATEGORY":["MALE","FEMALE"],"MIN_VALUE":[0,0],"P10_VALUE":[10,11],"P25_VALUE":[22,24],"MEDIAN_VALUE":[40,44],"P75_VALUE":[66,60],"P90_VALUE":[79,77],"MAX_VALUE":[96,97]}}
