{"PREVALENCE_BY_GENDER_AGE_YEAR":{"TRELLIS_NAME":["20-29","40-49","0-9","60-69","30-39","10-19","50-59","80-89","90-99","50-59","60-69","70-79","30-39","20-29","80-89","40-49","10-19","70-79","0-9","90-99"],"SERIES_NAME":["MALE","MALE","MALE","MALE","MALE","MALE","MALE","FEMALE","FEMALE","FEMALE","FEMALE","FEMALE","FEMALE","FEMALE","MALE","FEMALE","FEMALE","MALE","FEMALE","MALE"],"X_CALENDAR_YEAR":[2019,2019,2019,2019,2019,2019,2019,2019,2019,2019,2019,2019,2019,2019,2019,2019,2019,2019,2019,2019],"Y_PREVALENCE_1000PP":[33.49041,34.9262,31.62584,34.99613,36.16299,32.13958,31.26835,33.44867,34.42532,36.22139,37.25416,34.02996,34.79109,34.04539,29.81778,29.73553,33.6612,30.04945,30.52632,33.81089]},"PREVALENCE_BY_MONTH":{"X_CALENDAR_MONTH":[201901,201902,201903,201904,201905,201906,201907,201908,201909,201910,201911,201912],"Y_PREVALENCE_1000PP":[3.4,2.27,2.74,3.38,2.74,2.38,3.2,2.59,2.47,3.2,2.61,2.77]},"CONDITIONS_BY_TYPE":{"CONCEPT_NAME":"Claim","COUNT_VALUE":4568},"AGE_AT_FIRST_DIAGNOSIS":{"CATEGORY":["No matching concept","FEMALE","MALE"],"MIN_VALUE":[2,0,0],"P10_VALUE":[13,11,10],"P25_VALUE":[26,25,25],"MEDIAN_VALUE":[48,45,44],"P75_VALUE":[69,64,62],"P90_VALUE":[78,77,77],"MAX_VALUE":[91,99,99]}}
