{"PREVALENCE_BY_GENDER_AGE_YEAR":{"TRELLIS_NAME":["40-49","50-59","10-19","0-9","20-29","60-69","30-39","80-89","70-79","60-69","40-49","50-59","90-99","0-9","70-79","10-19","90-99","20-29","80-89","30-39"],"SERIES_NAME":["MALE","MALE","MALE","MALE","MALE","MALE","MALE","FEMALE","FEMALE","FEMALE","FEMALE","FEMALE","FEMALE","FEMALE","MALE","FEMALE","MALE","FEMALE","MALE","FEMALE"],"X_CALENDAR_YEAR":[2019,2019,2019,2019,2019,2019,2019,2019,2019,2019,2019,2019,2019,2019,2019,2019,2019,2019,2019,2019],"Y_PREVALENCE_1000PP":[8.91422,9.10159,10.78972,8.24053,14.30495,9.47409,8.65874,6.92042,9.61716,5.86233,7.29092,9.41756,9.4392,10.94737,8.17801,5.68306,7.44986,8.67824,3.86527,8.77906]},"PREVALENCE_BY_MONTH":{"X_CALENDAR_MONTH":[201901,201902,201903,201904,201905,201906,201907,201908,201909,201910,201911,201912],"Y_PREVALENCE_1000PP":[0.99,0.74,0.76,0.8,0.62,0.54,0.86,0.88,0.71,0.65,0.77,0.58]},"CONDITIONS_BY_TYPE":{"CONCEPT_NAME":"Claim","COUNT_VALUE":1197},"AGE_AT_FIRST_DIAGNOSIS":{"CATEGORY":["MALE","No matching concept","FEMALE"],"MIN_VALUE":[0,2,0],"P10_VALUE":[11,3,7],"P25_VALUE":[22,14,24],"MEDIAN_VALUE":[41,40,43],"P75_VALUE":[59,61,61],"P90_VALUE":[72,75,77],"MAX_VALUE":[98,76,99]}}
