{"PREVALENCE_BY_GENDER_AGE_YEAR":{"TRELLIS_NAME":["20-29","0-9","90-99","40-49","70-79","80-89","30-39","10-19","50-59","60-69","40-49","20-29","30-39","10-19","0-9","70-79","50-59","80-89","90-99","60-69"],"SERIES_NAME":["FEMALE","FEMALE","MALE","FEMALE","MALE","MALE","FEMALE","FEMALE","MALE","MALE","MALE","MALE","MALE","MALE","MALE","FEMALE","FEMALE","FEMALE","FEMALE","FEMALE"],"X_CALENDAR_YEAR":[2019,2019,2019,2019,2019,2019,2019,2019,2019,2019,2019,2019,2019,2019,2019,2019,2019,2019,2019,2019],"Y_PREVALENCE_1000PP":[19.52603,17.47368,18.91117,17.72695,19.96957,24.29597,16.90782,17.70492,19.23077,16.82135,19.28979,18.84887,18.67572,18.82461,18.93096,17.93971,21.87772,20.76125,18.8784,17.20877]},"PREVALENCE_BY_MONTH":{"X_CALENDAR_MONTH":[201901,201902,201903,201904,201905,201906,201907,201908,201909,201910,201911,201912],"Y_PREVALENCE_1000PP":[1.83,1.63,1.62,1.75,1.34,1.6,1.86,1.43,1.53,1.77,1.16,1.37]},"CONDITIONS_BY_TYPE":{"CONCEPT_NAME":"Claim","COUNT_VALUE":2514},"AGE_AT_FIRST_DIAGNOSIS":{"CATEGORY":["No matching concept","FEMALE","MALE"],"MIN_VALUE":[2,0,0],"P10_VALUE":[9,11,11],"P25_VALUE":[19,25,25],"MEDIAN_VALUE":[35,45,45],"P75_VALUE":[54,62,63],"P90_VALUE":[71,77,78],"MAX_VALUE":[99,99,99]}}
