{"PREVALENCE_BY_GENDER_AGE_YEAR":{"TRELLIS_NAME":["70-79","60-69","90-99","50-59","10-19","0-9","40-49","30-39","50-59","20-29","60-69","30-39","0-9","40-49","80-89","20-29","90-99","70-79","10-19"],"SERIES_NAME":["FEMALE","FEMALE","FEMALE","FEMALE","MALE","MALE","MALE","MALE","MALE","MALE","MALE","FEMALE","FEMALE","FEMALE","MALE","FEMALE","MALE","MALE","FEMALE"],"X_CALENDAR_YEAR":[2019,2019,2019,2019,2019,2019,2019,2019,2019,2019,2019,2019,2019,2019,2019,2019,2019,2019,2019],"Y_PREVALENCE_1000PP":[3.88385,2.6475,3.88673,2.75283,4.3618,2.89532,4.67631,3.05603,2.3488,5.38539,3.09358,4.55211,4.21053,4.00286,4.41745,4.50601,5.15759,4.75466,4.37158]},"PREVALENCE_BY_MONTH":{"X_CALENDAR_MONTH":[201901,201902,201903,201904,201905,201906,201907,201908,201909,201910,201911,201912],"Y_PREVALENCE_1000PP":[0.37,0.29,0.29,0.36,0.41,0.29,0.27,0.23,0.23,0.54,0.22,0.35]},"CONDITIONS_BY_TYPE":{"CONCEPT_NAME":"Claim","COUNT_VALUE":519},"AGE_AT_FIRST_DIAGNOSIS":{"CATEGORY":["No matching concept","FEMALE","MALE"],"MIN_VALUE":[5,1,0],"P10_VALUE":[5,9,13],"P25_VALUE":[13,22,25],"MEDIAN_VALUE":[51,39,44],"P75_VALUE":[60,59,64],"P90_VALUE":[95,77,79],"MAX_VALUE":[95,96,98]}}
