{"PREVALENCE_BY_GENDER_AGE_YEAR":{"TRELLIS_NAME":["90-99","20-29","70-79","30-39","40-49","0-9","10-19","80-89","60-69","70-79","50-59","90-99","10-19","30-39","60-69","40-49","50-59","0-9","20-29"],"SERIES_NAME":["MALE","FEMALE","MALE","FEMALE","FEMALE","FEMALE","FEMALE","FEMALE","FEMALE","FEMALE","FEMALE","FEMALE","MALE","MALE","MALE","MALE","MALE","MALE","MALE"],"X_CALENDAR_YEAR":[2019,2019,2019,2019,2019,2019,2019,2019,2019,2019,2019,2019,2019,2019,2019,2019,2019,2019,2019],"Y_PREVALENCE_1000PP":[3.4384,2.00267,3.61354,2.76378,4.5747,4.42105,2.84153,8.65052,4.16036,4.43869,3.76702,3.33148,2.52525,4.0747,3.48028,3.94564,3.66999,2.67261,2.86099]},"PREVALENCE_BY_MONTH":{"X_CALENDAR_MONTH":[201901,201902,201903,201904,201905,201906,201907,201908,201909,201910,201911,201912],"Y_PREVALENCE_1000PP":[0.39,0.34,0.3,0.32,0.26,0.21,0.38,0.31,0.24,0.37,0.22,0.24]},"CONDITIONS_BY_TYPE":{"CONCEPT_NAME":"Claim","COUNT_VALUE":485},"AGE_AT_FIRST_DIAGNOSIS":{"CATEGORY":["No matching concept","FEMALE","MALE"],"MIN_VALUE":[8,0,0],"P10_VALUE":[8,8,13],"P25_VALUE":[17,30,30],"MEDIAN_VALUE":[50,49,47],"P75_VALUE":[83,67,63],"P90_VALUE":[93,82,77],"MAX_VALUE":[93,95,98]}}
