{"PREVALENCE_BY_GENDER_AGE_YEAR":{"TRELLIS_NAME":["90-99","50-59","60-69","70-79","0-9","30-39","20-29","40-49","50-59","10-19","60-69","90-99","30-39","70-79","10-19","0-9","40-49","20-29"],"SERIES_NAME":["FEMALE","FEMALE","FEMALE","FEMALE","MALE","MALE","MALE","MALE","MALE","MALE","MALE","MALE","FEMALE","MALE","FEMALE","FEMALE","FEMALE","FEMALE"],"X_CALENDAR_YEAR":[2019,2019,2019,2019,2019,2019,2019,2019,2019,2019,2019,2019,2019,2019,2019,2019,2019,2019],"Y_PREVALENCE_1000PP":[3.34448,2.0281,1.71233,2.40919,1.78333,2.03355,2.69633,1.02384,2.05369,1.37489,1.92308,3.4188,2.27939,1.32903,2.4049,2.10349,1.2848,3.16403]},"PREVALENCE_BY_MONTH":{"X_CALENDAR_MONTH":[201901,201902,201903,201904,201905,201906,201907,201908,201909,201910,201911,201912],"Y_PREVALENCE_1000PP":[0.22,0.22,0.15,0.16,0.12,0.09,0.21,0.17,0.12,0.24,0.11,0.19]},"CONDITIONS_BY_TYPE":{"CONCEPT_NAME":"Claim","COUNT_VALUE":1068},"AGE_AT_FIRST_DIAGNOSIS":{"CATEGORY":["FEMALE","MALE"],"MIN_VALUE":[0,0],"P10_VALUE":[11,13],"P25_VALUE":[22,23],"MEDIAN_VALUE":[38,46],"P75_VALUE":[63,61],"P90_VALUE":[77,82],"MAX_VALUE":[98,98]}}
