{"PREVALENCE_BY_GENDER_AGE_YEAR":{"TRELLIS_NAME":["50-59","40-49","60-69","30-39","10-19","70-79","80-89"],"SERIES_NAME":["MALE","MALE","MALE","MALE","FEMALE","MALE","FEMALE"],"X_CALENDAR_YEAR":[2019,2019,2019,2019,2019,2019,2019],"Y_PREVALENCE_1000PP":[1.0276,0.87681,2.12684,1.18846,1.31148,1.52149,3.46021]},"PREVALENCE_BY_MONTH":{"X_CALENDAR_MONTH":[201902,201903,201904,201906,201907,201909,201910,201911],"Y_PREVALENCE_1000PP":[0.07,0.09,0.12,0.1,0.09,0.07,0.08,0.11]},"CONDITIONS_BY_TYPE":{"CONCEPT_NAME":"Claim","COUNT_VALUE":109},"AGE_AT_FIRST_DIAGNOSIS":{"CATEGORY":["FEMALE","MALE"],"MIN_VALUE":[1,0],"P10_VALUE":[7,15],"P25_VALUE":[16,31],"MEDIAN_VALUE":[36,52],"P75_VALUE":[70,68],"P90_VALUE":[85,76],"MAX_VALUE":[96,99]}}
