{"PREVALENCE_BY_GENDER_AGE_YEAR":{"TRELLIS_NAME":["50-59","20-29","70-79","30-39","70-79"],"SERIES_NAME":["MALE","MALE","FEMALE","FEMALE","MALE"],"X_CALENDAR_YEAR":[2019,2019,2019,2019,2019],"Y_PREVALENCE_1000PP":[0.88015,1.01112,1.11193,0.97688,1.13917]},"PREVALENCE_BY_MONTH":{"X_CALENDAR_MONTH":[201901,201902,201903,201904,201905,201906,201907,201909,201910,201911,201912],"Y_PREVALENCE_1000PP":[0.1,0.06,0.08,0.07,0.07,0.06,0.06,0.07,0.08,0.06,0.07]},"CONDITIONS_BY_TYPE":{"CONCEPT_NAME":"Claim","COUNT_VALUE":452},"AGE_AT_FIRST_DIAGNOSIS":{"CATEGORY":["MALE","FEMALE"],"MIN_VALUE":[5,0],"P10_VALUE":[9,9],"P25_VALUE":[22,26],"MEDIAN_VALUE":[47,48],"P75_VALUE":[64,68],"P90_VALUE":[77,79],"MAX_VALUE":[86,96]}}
