{"PREVALENCE_BY_GENDER_AGE_YEAR":{"TRELLIS_NAME":["70-79","60-69","50-59","40-49","50-59","30-39","10-19","70-79","30-39","0-9","40-49"],"SERIES_NAME":["FEMALE","FEMALE","FEMALE","MALE","MALE","MALE","FEMALE","MALE","FEMALE","FEMALE","FEMALE"],"X_CALENDAR_YEAR":[2019,2019,2019,2019,2019,2019,2019,2019,2019,2019,2019],"Y_PREVALENCE_1000PP":[2.03855,1.71233,1.01405,1.31637,1.61361,1.3557,2.18627,1.32903,0.97688,1.2621,1.2848]},"PREVALENCE_BY_MONTH":{"X_CALENDAR_MONTH":[201901,201902,201903,201905,201906,201907,201908,201909,201910,201911,201912],"Y_PREVALENCE_1000PP":[0.15,0.06,0.1,0.12,0.08,0.14,0.06,0.1,0.15,0.11,0.14]},"CONDITIONS_BY_TYPE":{"CONCEPT_NAME":"Claim","COUNT_VALUE":676},"AGE_AT_FIRST_DIAGNOSIS":{"CATEGORY":["MALE","FEMALE"],"MIN_VALUE":[5,0],"P10_VALUE":[11,10],"P25_VALUE":[34,23],"MEDIAN_VALUE":[51,47],"P75_VALUE":[66,68],"P90_VALUE":[80,78],"MAX_VALUE":[99,97]}}
