{"PREVALENCE_BY_GENDER_AGE_YEAR":{"TRELLIS_NAME":["0-9","20-29","40-49","70-79","10-19","30-39","20-29","60-69","30-39","10-19","40-49","0-9","50-59","60-69","50-59","70-79"],"SERIES_NAME":["FEMALE","FEMALE","FEMALE","MALE","FEMALE","FEMALE","MALE","MALE","MALE","MALE","MALE","MALE","MALE","FEMALE","FEMALE","FEMALE"],"X_CALENDAR_YEAR":[2019,2019,2019,2019,2019,2019,2019,2019,2019,2019,2019,2019,2019,2019,2019,2019],"Y_PREVALENCE_1000PP":[3.15789,2.83712,1.28663,1.3313,1.53005,0.97545,1.51464,2.12684,1.35823,1.60698,1.46135,2.22717,2.0552,1.13464,1.88351,2.21935]},"PREVALENCE_BY_MONTH":{"X_CALENDAR_MONTH":[201901,201902,201903,201904,201905,201906,201907,201908,201909,201910,201911,201912],"Y_PREVALENCE_1000PP":[0.1,0.15,0.13,0.18,0.11,0.17,0.14,0.12,0.15,0.19,0.1,0.21]},"CONDITIONS_BY_TYPE":{"CONCEPT_NAME":"Claim","COUNT_VALUE":234},"AGE_AT_FIRST_DIAGNOSIS":{"CATEGORY":["FEMALE","MALE"],"MIN_VALUE":[0,0],"P10_VALUE":[4,9],"P25_VALUE":[20,23],"MEDIAN_VALUE":[40,45],"P75_VALUE":[60,65],"P90_VALUE":[76,78],"MAX_VALUE":[99,95]}}
