{"PREVALENCE_BY_GENDER_AGE_YEAR":{"TRELLIS_NAME":["60-69","50-59","70-79","90-99","10-19","30-39","0-9","20-29","40-49","80-89","70-79","40-49","0-9","10-19","50-59","30-39","60-69","20-29"],"SERIES_NAME":["FEMALE","FEMALE","FEMALE","MALE","FEMALE","FEMALE","FEMALE","FEMALE","FEMALE","MALE","MALE","MALE","MALE","MALE","MALE","MALE","MALE","MALE"],"X_CALENDAR_YEAR":[2019,2019,2019,2019,2019,2019,2019,2019,2019,2019,2019,2019,2019,2019,2019,2019,2019,2019],"Y_PREVALENCE_1000PP":[2.4584,3.0426,1.84945,3.4384,1.96721,3.08893,2.52632,2.50334,3.71694,3.31309,1.52149,2.63043,3.78619,2.06612,2.936,2.37691,3.09358,2.86099]},"PREVALENCE_BY_MONTH":{"X_CALENDAR_MONTH":[201901,201902,201903,201904,201905,201906,201907,201908,201909,201910,201911,201912],"Y_PREVALENCE_1000PP":[0.21,0.19,0.31,0.21,0.25,0.19,0.18,0.19,0.25,0.17,0.26,0.27]},"CONDITIONS_BY_TYPE":{"CONCEPT_NAME":"Claim","COUNT_VALUE":358},"AGE_AT_FIRST_DIAGNOSIS":{"CATEGORY":["FEMALE","No matching concept","MALE"],"MIN_VALUE":[0,3,0],"P10_VALUE":[10,3,7],"P25_VALUE":[26,22,25],"MEDIAN_VALUE":[43,22,44],"P75_VALUE":[57,58,62],"P90_VALUE":[73,64,77],"MAX_VALUE":[96,64,99]}}
