{"PREVALENCE_BY_GENDER_AGE_YEAR":{"TRELLIS_NAME":["30-39","0-9","60-69","50-59","20-29","10-19","40-49","40-49","50-59","70-79","60-69","80-89","0-9","20-29","10-19","70-79"],"SERIES_NAME":["MALE","MALE","MALE","MALE","MALE","MALE","MALE","FEMALE","FEMALE","FEMALE","FEMALE","MALE","FEMALE","FEMALE","FEMALE","MALE"],"X_CALENDAR_YEAR":[2019,2019,2019,2019,2019,2019,2019,2019,2019,2019,2019,2019,2019,2019,2019,2019],"Y_PREVALENCE_1000PP":[2.20713,1.78174,2.12684,2.0552,2.01952,1.37741,1.31521,2.28735,2.31817,1.84945,1.89107,4.41745,2.10526,2.16956,1.31148,2.09205]},"PREVALENCE_BY_MONTH":{"X_CALENDAR_MONTH":[201901,201902,201903,201904,201905,201906,201907,201908,201909,201910,201911,201912],"Y_PREVALENCE_1000PP":[0.17,0.14,0.16,0.13,0.17,0.16,0.19,0.12,0.17,0.17,0.13,0.16]},"CONDITIONS_BY_TYPE":{"CONCEPT_NAME":"Claim","COUNT_VALUE":243},"AGE_AT_FIRST_DIAGNOSIS":{"CATEGORY":["FEMALE","MALE"],"MIN_VALUE":[1,2],"P10_VALUE":[9,11],"P25_VALUE":[24,26],"MEDIAN_VALUE":[47,49],"P75_VALUE":[62,66],"P90_VALUE":[76,81],"MAX_VALUE":[92,97]}}
