{"PREVALENCE_BY_GENDER_AGE_YEAR":{"TRELLIS_NAME":["80-89","70-79","50-59","60-69","80-89","20-29","0-9","40-49","10-19","70-79","30-39","40-49","20-29","10-19","60-69","30-39","50-59","0-9"],"SERIES_NAME":["FEMALE","FEMALE","FEMALE","FEMALE","MALE","FEMALE","FEMALE","FEMALE","FEMALE","MALE","FEMALE","MALE","MALE","MALE","MALE","MALE","MALE","MALE"],"X_CALENDAR_YEAR":[2019,2019,2019,2019,2019,2019,2019,2019,2019,2019,2019,2019,2019,2019,2019,2019,2019,2019],"Y_PREVALENCE_1000PP":[5.19031,3.14407,3.0426,4.16036,5.52181,3.67156,2.94737,3.00214,3.27869,4.1841,3.73923,3.50723,4.71222,2.98439,3.86698,3.73514,2.936,3.34076]},"PREVALENCE_BY_MONTH":{"X_CALENDAR_MONTH":[201901,201902,201903,201904,201905,201906,201907,201908,201909,201910,201911,201912],"Y_PREVALENCE_1000PP":[0.29,0.27,0.33,0.39,0.3,0.34,0.32,0.23,0.3,0.31,0.24,0.21]},"CONDITIONS_BY_TYPE":{"CONCEPT_NAME":"Claim","COUNT_VALUE":479},"AGE_AT_FIRST_DIAGNOSIS":{"CATEGORY":["No matching concept","FEMALE","MALE"],"MIN_VALUE":[9,1,0],"P10_VALUE":[9,11,13],"P25_VALUE":[36,24,27],"MEDIAN_VALUE":[38,43,45],"P75_VALUE":[66,65,64],"P90_VALUE":[79,76,78],"MAX_VALUE":[86,96,94]}}
