{"PREVALENCE_BY_GENDER_AGE_YEAR":{"TRELLIS_NAME":["20-29","30-39","50-59","40-49","0-9","10-19","60-69","50-59","60-69","70-79","10-19","20-29","30-39","70-79","40-49","0-9"],"SERIES_NAME":["MALE","MALE","MALE","MALE","MALE","MALE","MALE","FEMALE","FEMALE","FEMALE","FEMALE","FEMALE","FEMALE","MALE","FEMALE","FEMALE"],"X_CALENDAR_YEAR":[2019,2019,2019,2019,2019,2019,2019,2019,2019,2019,2019,2019,2019,2019,2019,2019],"Y_PREVALENCE_1000PP":[2.35611,1.01868,2.4956,1.89975,2.67261,1.60698,2.32019,1.59374,1.70197,1.47956,1.74863,2.16956,2.43863,1.71168,2.71623,2.31579]},"PREVALENCE_BY_MONTH":{"X_CALENDAR_MONTH":[201901,201902,201903,201904,201905,201906,201907,201908,201909,201910,201911,201912],"Y_PREVALENCE_1000PP":[0.18,0.16,0.16,0.18,0.21,0.15,0.26,0.11,0.12,0.18,0.19,0.1]},"CONDITIONS_BY_TYPE":{"CONCEPT_NAME":"Claim","COUNT_VALUE":272},"AGE_AT_FIRST_DIAGNOSIS":{"CATEGORY":["FEMALE","MALE"],"MIN_VALUE":[0,0],"P10_VALUE":[8,7],"P25_VALUE":[24,23],"MEDIAN_VALUE":[41,46],"P75_VALUE":[58,62],"P90_VALUE":[75,76],"MAX_VALUE":[98,97]}}
