{"PREVALENCE_BY_GENDER_AGE_YEAR":{"TRELLIS_NAME":["30-39","40-49","60-69","50-59","0-9","20-29","30-39","0-9","40-49","20-29","70-79","60-69","50-59"],"SERIES_NAME":["MALE","MALE","MALE","MALE","MALE","MALE","FEMALE","FEMALE","FEMALE","FEMALE","FEMALE","FEMALE","FEMALE"],"X_CALENDAR_YEAR":[2019,2019,2019,2019,2019,2019,2019,2019,2019,2019,2019,2019,2019],"Y_PREVALENCE_1000PP":[1.3557,1.1701,1.92308,0.88015,1.78333,1.01112,0.97688,1.47244,1.2848,1.1657,1.6679,1.14155,1.01405]},"PREVALENCE_BY_MONTH":{"X_CALENDAR_MONTH":[201901,201902,201903,201904,201905,201906,201907,201908,201909,201910,201911,201912],"Y_PREVALENCE_1000PP":[0.12,0.06,0.08,0.06,0.15,0.14,0.1,0.07,0.1,0.11,0.17,0.06]},"CONDITIONS_BY_TYPE":{"CONCEPT_NAME":"Claim","COUNT_VALUE":640},"AGE_AT_FIRST_DIAGNOSIS":{"CATEGORY":["MALE","FEMALE"],"MIN_VALUE":[2,2],"P10_VALUE":[7,9],"P25_VALUE":[27,24],"MEDIAN_VALUE":[45,42],"P75_VALUE":[65,68],"P90_VALUE":[78,74],"MAX_VALUE":[96,98]}}
