{"PREVALENCE_BY_GENDER_AGE_YEAR":{"TRELLIS_NAME":["0-9","10-19","30-39","50-59","70-79","40-49","20-29","30-39","50-59","60-69"],"SERIES_NAME":["MALE","MALE","MALE","MALE","MALE","FEMALE","FEMALE","FEMALE","FEMALE","FEMALE"],"X_CALENDAR_YEAR":[2019,2019,2019,2019,2019,2019,2019,2019,2019,2019],"Y_PREVALENCE_1000PP":[1.3363,1.37741,1.18846,1.1744,1.14112,1.14367,1.00134,1.9509,1.73863,1.51286]},"PREVALENCE_BY_MONTH":{"X_CALENDAR_MONTH":[201901,201902,201903,201904,201905,201907,201908,201909,201910,201912],"Y_PREVALENCE_1000PP":[0.14,0.11,0.12,0.09,0.08,0.06,0.11,0.06,0.13,0.11]},"CONDITIONS_BY_TYPE":{"CONCEPT_NAME":"Claim","COUNT_VALUE":151},"AGE_AT_FIRST_DIAGNOSIS":{"CATEGORY":["MALE","FEMALE"],"MIN_VALUE":[0,2],"P10_VALUE":[9,11],"P25_VALUE":[16,32],"MEDIAN_VALUE":[44,46],"P75_VALUE":[68,59],"P90_VALUE":[91,71],"MAX_VALUE":[95,93]}}
