{"PREVALENCE_BY_GENDER_AGE_YEAR":{"TRELLIS_NAME":["50-59","40-49","30-39","60-69","0-9","10-19","20-29","0-9","30-39","10-19","20-29","40-49","70-79","50-59","70-79","60-69"],"SERIES_NAME":["MALE","MALE","MALE","MALE","MALE","MALE","MALE","FEMALE","FEMALE","FEMALE","FEMALE","FEMALE","MALE","FEMALE","FEMALE","FEMALE"],"X_CALENDAR_YEAR":[2019,2019,2019,2019,2019,2019,2019,2019,2019,2019,2019,2019,2019,2019,2019,2019],"Y_PREVALENCE_1000PP":[1.9084,2.33816,2.71647,1.54679,1.55902,1.83655,3.02928,1.47368,1.78833,2.40437,2.16956,2.00143,2.28224,1.88351,1.84945,1.70197]},"PREVALENCE_BY_MONTH":{"X_CALENDAR_MONTH":[201901,201902,201903,201904,201905,201906,201907,201908,201909,201910,201911,201912],"Y_PREVALENCE_1000PP":[0.19,0.13,0.1,0.23,0.16,0.12,0.16,0.23,0.14,0.16,0.23,0.15]},"CONDITIONS_BY_TYPE":{"CONCEPT_NAME":"Claim","COUNT_VALUE":263},"AGE_AT_FIRST_DIAGNOSIS":{"CATEGORY":["MALE","FEMALE"],"MIN_VALUE":[0,0],"P10_VALUE":[13,11],"P25_VALUE":[25,24],"MEDIAN_VALUE":[41,43],"P75_VALUE":[57,60],"P90_VALUE":[73,76],"MAX_VALUE":[99,90]}}
