{"PREVALENCE_BY_GENDER_AGE_YEAR":{"TRELLIS_NAME":["70-79","80-89","90-99","60-69","50-59","50-59","60-69","40-49","30-39","10-19","20-29","0-9","20-29","70-79","30-39","90-99","40-49","80-89","10-19","0-9"],"SERIES_NAME":["FEMALE","FEMALE","FEMALE","FEMALE","FEMALE","MALE","MALE","MALE","MALE","MALE","MALE","MALE","FEMALE","MALE","FEMALE","MALE","FEMALE","MALE","FEMALE","FEMALE"],"X_CALENDAR_YEAR":[2019,2019,2019,2019,2019,2019,2019,2019,2019,2019,2019,2019,2019,2019,2019,2019,2019,2019,2019,2019],"Y_PREVALENCE_1000PP":[26.50111,28.81844,28.42809,29.87062,34.62263,29.6318,30.96154,31.30028,31.68954,30.01833,30.83923,31.65403,30.64113,32.27644,32.56268,23.36182,31.40614,27.60906,33.88719,33.44552]},"PREVALENCE_BY_MONTH":{"X_CALENDAR_MONTH":[201901,201902,201903,201904,201905,201906,201907,201908,201909,201910,201911,201912],"Y_PREVALENCE_1000PP":[2.67,2.35,2.51,2.91,2.5,2.57,2.97,2.54,2.26,3.19,2.48,2.66]},"CONDITIONS_BY_TYPE":{"CONCEPT_NAME":"Claim","COUNT_VALUE":16872},"AGE_AT_FIRST_DIAGNOSIS":{"CATEGORY":["FEMALE","No matching concept","MALE"],"MIN_VALUE":[0,0,0],"P10_VALUE":[9,7,10],"P25_VALUE":[24,15,25],"MEDIAN_VALUE":[43,36,45],"P75_VALUE":[60,53,62],"P90_VALUE":[76,68,76],"MAX_VALUE":[99,99,99]}}
