{"PREVALENCE_BY_GENDER_AGE_YEAR":{"TRELLIS_NAME":["60-69","50-59","70-79","30-39","50-59","20-29","0-9","0-9"],"SERIES_NAME":["FEMALE","FEMALE","FEMALE","MALE","MALE","MALE","MALE","FEMALE"],"X_CALENDAR_YEAR":[2019,2019,2019,2019,2019,2019,2019,2019],"Y_PREVALENCE_1000PP":[1.33181,1.01405,2.22387,1.18624,1.02684,1.6852,1.56041,1.47244]},"PREVALENCE_BY_MONTH":{"X_CALENDAR_MONTH":[201901,201902,201904,201905,201906,201907,201909,201910,201911,201912],"Y_PREVALENCE_1000PP":[0.12,0.08,0.13,0.12,0.11,0.09,0.06,0.07,0.09,0.08]},"CONDITIONS_BY_TYPE":{"CONCEPT_NAME":"Claim","COUNT_VALUE":556},"AGE_AT_FIRST_DIAGNOSIS":{"CATEGORY":["FEMALE","MALE"],"MIN_VALUE":[0,1],"P10_VALUE":[6,7],"P25_VALUE":[24,26],"MEDIAN_VALUE":[53,37],"P75_VALUE":[75,56],"P90_VALUE":[78,78],"MAX_VALUE":[99,86]}}
