{"PREVALENCE_BY_GENDER_AGE_YEAR":{"TRELLIS_NAME":["20-29","30-39","50-59","50-59","40-49","30-39"],"SERIES_NAME":["FEMALE","FEMALE","FEMALE","MALE","MALE","MALE"],"X_CALENDAR_YEAR":[2019,2019,2019,2019,2019,2019],"Y_PREVALENCE_1000PP":[1.66889,0.97545,1.15908,0.8808,0.87681,1.01868]},"PREVALENCE_BY_MONTH":{"X_CALENDAR_MONTH":[201901,201902,201904,201905,201906,201907,201909,201910,201911],"Y_PREVALENCE_1000PP":[0.12,0.06,0.07,0.14,0.13,0.06,0.07,0.07,0.06]},"CONDITIONS_BY_TYPE":{"CONCEPT_NAME":"Claim","COUNT_VALUE":129},"AGE_AT_FIRST_DIAGNOSIS":{"CATEGORY":["MALE","FEMALE"],"MIN_VALUE":[3,2],"P10_VALUE":[13,19],"P25_VALUE":[30,25],"MEDIAN_VALUE":[47,40],"P75_VALUE":[62,62],"P90_VALUE":[87,85],"MAX_VALUE":[98,94]}}
