{"PREVALENCE_BY_GENDER_AGE_YEAR":{"TRELLIS_NAME":["50-59","20-29","40-49","0-9","60-69","30-39","40-49","50-59","60-69","70-79","90-99","80-89","30-39","10-19","0-9","90-99","20-29","70-79"],"SERIES_NAME":["MALE","MALE","MALE","MALE","MALE","MALE","FEMALE","FEMALE","FEMALE","FEMALE","FEMALE","MALE","FEMALE","FEMALE","FEMALE","MALE","FEMALE","MALE"],"X_CALENDAR_YEAR":[2019,2019,2019,2019,2019,2019,2019,2019,2019,2019,2019,2019,2019,2019,2019,2019,2019,2019],"Y_PREVALENCE_1000PP":[2.4956,2.5244,2.19202,1.78174,2.32019,2.03735,2.28735,2.46305,3.40393,3.14407,3.88673,3.86527,2.92635,3.27869,1.68421,3.4384,1.66889,2.09205]},"PREVALENCE_BY_MONTH":{"X_CALENDAR_MONTH":[201901,201902,201903,201904,201905,201906,201907,201908,201909,201910,201911,201912],"Y_PREVALENCE_1000PP":[0.23,0.16,0.25,0.22,0.16,0.15,0.17,0.3,0.22,0.22,0.15,0.19]},"CONDITIONS_BY_TYPE":{"CONCEPT_NAME":"Claim","COUNT_VALUE":328},"AGE_AT_FIRST_DIAGNOSIS":{"CATEGORY":["MALE","FEMALE"],"MIN_VALUE":[2,1],"P10_VALUE":[16,12],"P25_VALUE":[28,29],"MEDIAN_VALUE":[48,48],"P75_VALUE":[67,65],"P90_VALUE":[81,77],"MAX_VALUE":[99,99]}}
