{"PREVALENCE_BY_GENDER_AGE_YEAR":{"TRELLIS_NAME":["40-49","30-39","50-59","60-69","10-19","20-29","0-9","70-79","50-59","80-89","90-99","60-69","30-39","90-99","10-19","0-9","40-49","70-79","20-29","80-89"],"SERIES_NAME":["MALE","MALE","MALE","MALE","MALE","MALE","MALE","FEMALE","FEMALE","FEMALE","FEMALE","FEMALE","FEMALE","MALE","FEMALE","FEMALE","FEMALE","MALE","FEMALE","MALE"],"X_CALENDAR_YEAR":[2019,2019,2019,2019,2019,2019,2019,2019,2019,2019,2019,2019,2019,2019,2019,2019,2019,2019,2019,2019],"Y_PREVALENCE_1000PP":[5.85052,6.94797,5.28092,7.69231,4.8121,6.74082,5.12706,8.15419,5.07026,6.91643,3.9019,6.27854,6.83816,3.4188,5.6843,4.62768,5.99572,4.74654,5.82848,3.86527]},"PREVALENCE_BY_MONTH":{"X_CALENDAR_MONTH":[201901,201902,201903,201904,201905,201906,201907,201908,201909,201910,201911,201912],"Y_PREVALENCE_1000PP":[0.51,0.41,0.35,0.72,0.54,0.64,0.59,0.47,0.42,0.57,0.36,0.36]},"CONDITIONS_BY_TYPE":{"CONCEPT_NAME":"Claim","COUNT_VALUE":3224},"AGE_AT_FIRST_DIAGNOSIS":{"CATEGORY":["FEMALE","No matching concept","MALE"],"MIN_VALUE":[0,0,0],"P10_VALUE":[13,10,11],"P25_VALUE":[28,30,26],"MEDIAN_VALUE":[46,38,43],"P75_VALUE":[65,72,63],"P90_VALUE":[77,91,73],"MAX_VALUE":[98,92,97]}}
