{"PREVALENCE_BY_GENDER_AGE_YEAR":{"TRELLIS_NAME":["10-19","0-9","50-59","40-49","60-69","30-39","20-29","70-79","90-99","50-59","80-89","40-49","60-69","80-89","0-9","30-39","20-29","70-79","90-99","10-19"],"SERIES_NAME":["MALE","MALE","MALE","MALE","MALE","MALE","MALE","FEMALE","FEMALE","FEMALE","FEMALE","FEMALE","FEMALE","MALE","FEMALE","FEMALE","FEMALE","MALE","MALE","FEMALE"],"X_CALENDAR_YEAR":[2019,2019,2019,2019,2019,2019,2019,2019,2019,2019,2019,2019,2019,2019,2019,2019,2019,2019,2019,2019],"Y_PREVALENCE_1000PP":[36.04224,36.08018,35.96594,35.80301,38.47641,31.06961,35.84652,32.73534,36.64631,36.80093,29.41176,34.59614,37.06505,37.54832,33.68421,31.53959,36.88251,36.3256,30.37249,35.62842]},"PREVALENCE_BY_MONTH":{"X_CALENDAR_MONTH":[201901,201902,201903,201904,201905,201906,201907,201908,201909,201910,201911,201912],"Y_PREVALENCE_1000PP":[3.23,2.28,2.57,3.27,2.84,3.16,3.51,2.75,2.79,3.62,2.66,3.01]},"CONDITIONS_BY_TYPE":{"CONCEPT_NAME":"Claim","COUNT_VALUE":4839},"AGE_AT_FIRST_DIAGNOSIS":{"CATEGORY":["FEMALE","No matching concept","MALE"],"MIN_VALUE":[0,0,0],"P10_VALUE":[10,9,10],"P25_VALUE":[24,26,25],"MEDIAN_VALUE":[45,43,45],"P75_VALUE":[62,63,64],"P90_VALUE":[77,75,77],"MAX_VALUE":[99,99,99]}}
