{"PREVALENCE_BY_GENDER_AGE_YEAR":{"TRELLIS_NAME":["70-79","90-99","50-59","60-69","40-49","30-39","90-99","10-19","70-79","0-9","20-29","60-69","80-89","20-29","0-9","10-19","40-49","30-39","50-59"],"SERIES_NAME":["FEMALE","FEMALE","FEMALE","FEMALE","FEMALE","FEMALE","MALE","FEMALE","MALE","FEMALE","FEMALE","MALE","MALE","MALE","MALE","MALE","MALE","MALE","MALE"],"X_CALENDAR_YEAR":[2019,2019,2019,2019,2019,2019,2019,2019,2019,2019,2019,2019,2019,2019,2019,2019,2019,2019,2019],"Y_PREVALENCE_1000PP":[3.70645,5.01672,4.4908,3.61492,4.71092,4.8844,3.4188,5.24705,2.84792,2.94489,3.49709,4.80769,6.62617,4.21301,3.56665,2.29148,3.21779,3.89764,3.96069]},"PREVALENCE_BY_MONTH":{"X_CALENDAR_MONTH":[201901,201902,201903,201904,201905,201906,201907,201908,201909,201910,201911,201912],"Y_PREVALENCE_1000PP":[0.39,0.27,0.27,0.35,0.39,0.29,0.27,0.39,0.28,0.36,0.34,0.31]},"CONDITIONS_BY_TYPE":{"CONCEPT_NAME":"Claim","COUNT_VALUE":2104},"AGE_AT_FIRST_DIAGNOSIS":{"CATEGORY":["FEMALE","MALE"],"MIN_VALUE":[0,1],"P10_VALUE":[13,10],"P25_VALUE":[27,27],"MEDIAN_VALUE":[43,48],"P75_VALUE":[61,63],"P90_VALUE":[74,78],"MAX_VALUE":[99,99]}}
