{"PREVALENCE_BY_GENDER_AGE_YEAR":{"TRELLIS_NAME":["20-29","30-39","40-49","0-9","70-79","10-19","60-69","10-19","20-29","50-59","40-49","0-9","30-39","50-59","70-79","60-69","90-99"],"SERIES_NAME":["FEMALE","FEMALE","FEMALE","FEMALE","MALE","FEMALE","MALE","MALE","MALE","MALE","MALE","MALE","MALE","FEMALE","FEMALE","FEMALE","FEMALE"],"X_CALENDAR_YEAR":[2019,2019,2019,2019,2019,2019,2019,2019,2019,2019,2019,2019,2019,2019,2019,2019,2019],"Y_PREVALENCE_1000PP":[3.33056,1.62813,2.71235,2.31384,1.32903,3.06078,1.92308,3.43721,3.70745,1.907,3.21779,2.67499,3.21979,3.62161,3.70645,2.09285,3.34448]},"PREVALENCE_BY_MONTH":{"X_CALENDAR_MONTH":[201901,201902,201903,201904,201905,201906,201907,201908,201909,201910,201911,201912],"Y_PREVALENCE_1000PP":[0.28,0.22,0.17,0.26,0.2,0.23,0.32,0.19,0.28,0.23,0.14,0.14]},"CONDITIONS_BY_TYPE":{"CONCEPT_NAME":"Claim","COUNT_VALUE":1404},"AGE_AT_FIRST_DIAGNOSIS":{"CATEGORY":["FEMALE","MALE"],"MIN_VALUE":[0,2],"P10_VALUE":[11,10],"P25_VALUE":[23,22],"MEDIAN_VALUE":[46,35],"P75_VALUE":[64,52],"P90_VALUE":[75,71],"MAX_VALUE":[98,94]}}
