{"PREVALENCE_BY_GENDER_AGE_YEAR":{"TRELLIS_NAME":["50-59","90-99","40-49","60-69","70-79","30-39","20-29","10-19","70-79","0-9","40-49","20-29","60-69","30-39","10-19","50-59"],"SERIES_NAME":["FEMALE","FEMALE","FEMALE","FEMALE","FEMALE","FEMALE","FEMALE","FEMALE","MALE","MALE","MALE","MALE","MALE","MALE","MALE","MALE"],"X_CALENDAR_YEAR":[2019,2019,2019,2019,2019,2019,2019,2019,2019,2019,2019,2019,2019,2019,2019,2019],"Y_PREVALENCE_1000PP":[1.88351,4.44198,2.57327,2.4584,2.58924,1.9509,2.50334,1.31148,2.66261,1.78174,1.89975,1.68294,2.70688,1.86757,2.29568,2.3488]},"PREVALENCE_BY_MONTH":{"X_CALENDAR_MONTH":[201901,201902,201903,201904,201905,201906,201907,201908,201909,201910,201911,201912],"Y_PREVALENCE_1000PP":[0.24,0.15,0.13,0.17,0.1,0.21,0.25,0.15,0.17,0.14,0.18,0.26]},"CONDITIONS_BY_TYPE":{"CONCEPT_NAME":"Claim","COUNT_VALUE":286},"AGE_AT_FIRST_DIAGNOSIS":{"CATEGORY":["FEMALE","MALE","No matching concept"],"MIN_VALUE":[0,0,0],"P10_VALUE":[20,12,0],"P25_VALUE":[31,27,9],"MEDIAN_VALUE":[49,48,19],"P75_VALUE":[67,65,46],"P90_VALUE":[83,79,59],"MAX_VALUE":[98,98,59]}}
