{"PREVALENCE_BY_GENDER_AGE_YEAR":{"TRELLIS_NAME":["80-89","40-49","60-69","50-59","90-99","70-79","50-59","10-19","40-49","30-39","0-9","20-29","60-69","20-29","0-9","10-19","90-99","30-39","80-89","70-79"],"SERIES_NAME":["FEMALE","FEMALE","FEMALE","FEMALE","FEMALE","FEMALE","MALE","MALE","MALE","MALE","MALE","MALE","MALE","FEMALE","FEMALE","FEMALE","MALE","FEMALE","MALE","MALE"],"X_CALENDAR_YEAR":[2019,2019,2019,2019,2019,2019,2019,2019,2019,2019,2019,2019,2019,2019,2019,2019,2019,2019,2019,2019],"Y_PREVALENCE_1000PP":[14.98559,15.13205,14.26941,17.09402,13.37793,16.30838,13.78906,14.89459,15.35761,14.40434,12.7062,14.66127,13.84615,16.15321,12.8313,17.27153,12.53561,16.28134,16.56543,15.56863]},"PREVALENCE_BY_MONTH":{"X_CALENDAR_MONTH":[201901,201902,201903,201904,201905,201906,201907,201908,201909,201910,201911,201912],"Y_PREVALENCE_1000PP":[1.43,1.11,1.14,1.52,1.18,1.19,1.55,1.15,1.09,1.51,1.1,1.12]},"CONDITIONS_BY_TYPE":{"CONCEPT_NAME":"Claim","COUNT_VALUE":8224},"AGE_AT_FIRST_DIAGNOSIS":{"CATEGORY":["MALE","FEMALE","No matching concept"],"MIN_VALUE":[0,0,2],"P10_VALUE":[11,13,8],"P25_VALUE":[25,24,16],"MEDIAN_VALUE":[44,44,38],"P75_VALUE":[64,62,58],"P90_VALUE":[78,76,73],"MAX_VALUE":[99,99,98]}}
