{"PREVALENCE_BY_GENDER_AGE_YEAR":{"TRELLIS_NAME":["50-59","40-49","60-69","0-9","20-29","60-69","10-19","70-79","30-39","50-59","30-39","40-49","20-29","10-19"],"SERIES_NAME":["FEMALE","FEMALE","FEMALE","FEMALE","FEMALE","MALE","FEMALE","MALE","FEMALE","MALE","MALE","MALE","MALE","MALE"],"X_CALENDAR_YEAR":[2019,2019,2019,2019,2019,2019,2019,2019,2019,2019,2019,2019,2019,2019],"Y_PREVALENCE_1000PP":[2.60756,2.14133,1.71233,1.68279,1.83181,1.15385,3.49803,1.13917,1.30251,2.34707,1.52517,1.75516,1.6852,2.29148]},"PREVALENCE_BY_MONTH":{"X_CALENDAR_MONTH":[201901,201902,201903,201904,201905,201906,201907,201908,201909,201910,201911,201912],"Y_PREVALENCE_1000PP":[0.19,0.19,0.13,0.14,0.19,0.09,0.19,0.11,0.18,0.2,0.08,0.1]},"CONDITIONS_BY_TYPE":{"CONCEPT_NAME":"Claim","COUNT_VALUE":924},"AGE_AT_FIRST_DIAGNOSIS":{"CATEGORY":["FEMALE","MALE"],"MIN_VALUE":[0,0],"P10_VALUE":[10,11],"P25_VALUE":[19,25],"MEDIAN_VALUE":[41,47],"P75_VALUE":[57,59],"P90_VALUE":[77,76],"MAX_VALUE":[97,97]}}
