{"PREVALENCE_BY_GENDER_AGE_YEAR":{"TRELLIS_NAME":["40-49","30-39","10-19","60-69","40-49"],"SERIES_NAME":["FEMALE","FEMALE","FEMALE","MALE","MALE"],"X_CALENDAR_YEAR":[2019,2019,2019,2019,2019],"Y_PREVALENCE_1000PP":[0.85653,0.97688,1.31176,1.15385,1.1701]},"PREVALENCE_BY_MONTH":{"X_CALENDAR_MONTH":[201901,201902,201904,201905,201907,201908,201912],"Y_PREVALENCE_1000PP":[0.08,0.1,0.07,0.07,0.07,0.08,0.09]},"CONDITIONS_BY_TYPE":{"CONCEPT_NAME":"Claim","COUNT_VALUE":400},"AGE_AT_FIRST_DIAGNOSIS":{"CATEGORY":["MALE","FEMALE"],"MIN_VALUE":[3,1],"P10_VALUE":[14,12],"P25_VALUE":[27,19],"MEDIAN_VALUE":[47,36],"P75_VALUE":[66,50],"P90_VALUE":[79,70],"MAX_VALUE":[99,76]}}
