{"PREVALENCE_BY_GENDER_AGE_YEAR":{"TRELLIS_NAME":["80-89","90-99","70-79","40-49","60-69","50-59","0-9","10-19","80-89","70-79","30-39","60-69","20-29","40-49","50-59","10-19","0-9","20-29","30-39"],"SERIES_NAME":["FEMALE","FEMALE","FEMALE","FEMALE","FEMALE","FEMALE","FEMALE","FEMALE","MALE","MALE","FEMALE","MALE","FEMALE","MALE","MALE","MALE","MALE","MALE","MALE"],"X_CALENDAR_YEAR":[2019,2019,2019,2019,2019,2019,2019,2019,2019,2019,2019,2019,2019,2019,2019,2019,2019,2019,2019],"Y_PREVALENCE_1000PP":[4.03458,3.9019,2.77984,4.42541,4.18569,5.07026,4.41733,3.27941,7.73054,3.60737,2.27939,4.23077,4.1632,4.68042,2.93384,1.83318,3.12082,4.38153,3.89764]},"PREVALENCE_BY_MONTH":{"X_CALENDAR_MONTH":[201901,201902,201903,201904,201905,201906,201907,201908,201909,201910,201911,201912],"Y_PREVALENCE_1000PP":[0.34,0.35,0.33,0.32,0.3,0.3,0.43,0.31,0.32,0.3,0.32,0.16]},"CONDITIONS_BY_TYPE":{"CONCEPT_NAME":"Claim","COUNT_VALUE":2052},"AGE_AT_FIRST_DIAGNOSIS":{"CATEGORY":["FEMALE","MALE"],"MIN_VALUE":[0,0],"P10_VALUE":[8,13],"P25_VALUE":[24,29],"MEDIAN_VALUE":[47,46],"P75_VALUE":[60,65],"P90_VALUE":[78,79],"MAX_VALUE":[99,98]}}
