{"PREVALENCE_BY_GENDER_AGE_YEAR":{"TRELLIS_NAME":["0-9","40-49","50-59","60-69","10-19","30-39","20-29","70-79","60-69","50-59","80-89","40-49","20-29","70-79","10-19","0-9","30-39"],"SERIES_NAME":["MALE","MALE","MALE","MALE","MALE","MALE","MALE","FEMALE","FEMALE","FEMALE","FEMALE","FEMALE","FEMALE","MALE","FEMALE","FEMALE","FEMALE"],"X_CALENDAR_YEAR":[2019,2019,2019,2019,2019,2019,2019,2019,2019,2019,2019,2019,2019,2019,2019,2019,2019],"Y_PREVALENCE_1000PP":[2.44989,2.92269,3.22959,2.12684,1.83655,3.05603,2.01952,3.32902,3.97126,2.75283,3.46021,3.43102,4.00534,4.75466,2.40437,4.63158,2.6012]},"PREVALENCE_BY_MONTH":{"X_CALENDAR_MONTH":[201901,201902,201903,201904,201905,201906,201907,201908,201909,201910,201911,201912],"Y_PREVALENCE_1000PP":[0.27,0.27,0.18,0.26,0.23,0.21,0.33,0.26,0.26,0.42,0.21,0.21]},"CONDITIONS_BY_TYPE":{"CONCEPT_NAME":"Claim","COUNT_VALUE":417},"AGE_AT_FIRST_DIAGNOSIS":{"CATEGORY":["MALE","FEMALE","No matching concept"],"MIN_VALUE":[0,0,9],"P10_VALUE":[11,7,20],"P25_VALUE":[31,24,30],"MEDIAN_VALUE":[49,42,49],"P75_VALUE":[68,63,80],"P90_VALUE":[77,77,92],"MAX_VALUE":[99,99,98]}}
