{"PREVALENCE_BY_GENDER_AGE_YEAR":{"TRELLIS_NAME":["10-19","90-99","20-29","70-79","30-39","60-69","80-89","0-9","30-39","10-19","50-59","40-49","20-29","0-9","70-79","90-99","40-49","60-69","50-59","80-89"],"SERIES_NAME":["FEMALE","MALE","FEMALE","MALE","FEMALE","MALE","MALE","FEMALE","MALE","MALE","MALE","MALE","MALE","MALE","FEMALE","FEMALE","FEMALE","FEMALE","FEMALE","FEMALE"],"X_CALENDAR_YEAR":[2019,2019,2019,2019,2019,2019,2019,2019,2019,2019,2019,2019,2019,2019,2019,2019,2019,2019,2019,2019],"Y_PREVALENCE_1000PP":[39.79012,40.45584,36.80266,44.80729,44.12244,41.73077,41.96576,42.28019,42.70463,39.41338,41.36717,40.22232,42.29862,35.4436,45.404,37.90412,34.26124,42.4277,38.38911,43.80403]},"PREVALENCE_BY_MONTH":{"X_CALENDAR_MONTH":[201901,201902,201903,201904,201905,201906,201907,201908,201909,201910,201911,201912],"Y_PREVALENCE_1000PP":[4.01,2.86,3.04,4.31,2.81,3.27,4.4,3.27,3.22,3.92,3.37,3.03]},"CONDITIONS_BY_TYPE":{"CONCEPT_NAME":"Claim","COUNT_VALUE":22472},"AGE_AT_FIRST_DIAGNOSIS":{"CATEGORY":["MALE","FEMALE","No matching concept"],"MIN_VALUE":[0,0,2],"P10_VALUE":[12,9,16],"P25_VALUE":[26,25,34],"MEDIAN_VALUE":[45,44,48],"P75_VALUE":[64,65,67],"P90_VALUE":[78,77,79],"MAX_VALUE":[99,99,99]}}
