{"PREVALENCE_BY_GENDER_AGE_YEAR":{"TRELLIS_NAME":["50-59","30-39","40-49","20-29","60-69","80-89","70-79","40-49","30-39"],"SERIES_NAME":["MALE","MALE","MALE","MALE","FEMALE","FEMALE","FEMALE","FEMALE","FEMALE"],"X_CALENDAR_YEAR":[2019,2019,2019,2019,2019,2019,2019,2019,2019],"Y_PREVALENCE_1000PP":[1.468,2.20713,1.16908,1.00976,1.13464,3.46021,1.10967,0.85776,1.62575]},"PREVALENCE_BY_MONTH":{"X_CALENDAR_MONTH":[201901,201902,201903,201904,201905,201906,201907,201908,201910,201911,201912],"Y_PREVALENCE_1000PP":[0.16,0.07,0.09,0.1,0.09,0.09,0.12,0.1,0.1,0.12,0.08]},"CONDITIONS_BY_TYPE":{"CONCEPT_NAME":"Claim","COUNT_VALUE":158},"AGE_AT_FIRST_DIAGNOSIS":{"CATEGORY":["MALE","FEMALE"],"MIN_VALUE":[4,2],"P10_VALUE":[18,10],"P25_VALUE":[30,27],"MEDIAN_VALUE":[44,44],"P75_VALUE":[58,68],"P90_VALUE":[79,80],"MAX_VALUE":[90,88]}}
