{"PREVALENCE_BY_GENDER_AGE_YEAR":{"TRELLIS_NAME":["30-39","50-59","20-29","30-39","10-19","40-49"],"SERIES_NAME":["FEMALE","MALE","MALE","MALE","MALE","MALE"],"X_CALENDAR_YEAR":[2019,2019,2019,2019,2019,2019],"Y_PREVALENCE_1000PP":[1.13803,0.8808,1.17805,1.01868,1.37741,0.87681]},"PREVALENCE_BY_MONTH":{"X_CALENDAR_MONTH":[201901,201903,201904,201907,201909,201910,201911],"Y_PREVALENCE_1000PP":[0.08,0.07,0.16,0.08,0.08,0.07,0.06]},"CONDITIONS_BY_TYPE":{"CONCEPT_NAME":"Claim","COUNT_VALUE":107},"AGE_AT_FIRST_DIAGNOSIS":{"CATEGORY":["FEMALE","MALE"],"MIN_VALUE":[1,4],"P10_VALUE":[13,16],"P25_VALUE":[20,22],"MEDIAN_VALUE":[39,46],"P75_VALUE":[71,64],"P90_VALUE":[76,80],"MAX_VALUE":[89,94]}}
