{"PREVALENCE_BY_GENDER_AGE_YEAR":{"TRELLIS_NAME":["10-19","50-59","0-9","20-29","40-49","30-39","70-79","60-69","50-59","70-79","20-29","40-49","0-9"],"SERIES_NAME":["MALE","MALE","MALE","MALE","MALE","MALE","FEMALE","FEMALE","FEMALE","MALE","FEMALE","FEMALE","FEMALE"],"X_CALENDAR_YEAR":[2019,2019,2019,2019,2019,2019,2019,2019,2019,2019,2019,2019,2019],"Y_PREVALENCE_1000PP":[1.60698,1.468,1.78174,1.00976,0.87681,1.18846,1.29462,1.51286,2.0284,1.90186,1.00134,1.42959,1.68421]},"PREVALENCE_BY_MONTH":{"X_CALENDAR_MONTH":[201901,201902,201903,201904,201905,201906,201907,201908,201909,201910,201911,201912],"Y_PREVALENCE_1000PP":[0.09,0.07,0.1,0.12,0.12,0.11,0.09,0.14,0.18,0.08,0.07,0.1]},"CONDITIONS_BY_TYPE":{"CONCEPT_NAME":"Claim","COUNT_VALUE":173},"AGE_AT_FIRST_DIAGNOSIS":{"CATEGORY":["FEMALE","MALE"],"MIN_VALUE":[1,0],"P10_VALUE":[7,9],"P25_VALUE":[28,20],"MEDIAN_VALUE":[48,42],"P75_VALUE":[60,62],"P90_VALUE":[72,78],"MAX_VALUE":[81,99]}}
