{"PREVALENCE_BY_GENDER_AGE_YEAR":{"TRELLIS_NAME":["70-79","20-29","30-39","10-19","40-49","30-39","0-9","60-69","20-29","40-49","10-19","50-59","60-69","50-59","70-79","90-99"],"SERIES_NAME":["MALE","FEMALE","FEMALE","FEMALE","FEMALE","MALE","MALE","MALE","MALE","MALE","MALE","MALE","FEMALE","FEMALE","FEMALE","FEMALE"],"X_CALENDAR_YEAR":[2019,2019,2019,2019,2019,2019,2019,2019,2019,2019,2019,2019,2019,2019,2019,2019],"Y_PREVALENCE_1000PP":[2.09205,2.16956,2.27605,2.40437,2.28735,2.20713,2.00445,1.74014,2.18782,1.89975,2.75482,1.3212,2.83661,1.44886,3.32902,3.88673]},"PREVALENCE_BY_MONTH":{"X_CALENDAR_MONTH":[201901,201902,201903,201904,201905,201906,201907,201908,201909,201910,201911,201912],"Y_PREVALENCE_1000PP":[0.16,0.11,0.18,0.21,0.2,0.24,0.22,0.18,0.15,0.23,0.1,0.14]},"CONDITIONS_BY_TYPE":{"CONCEPT_NAME":"Claim","COUNT_VALUE":293},"AGE_AT_FIRST_DIAGNOSIS":{"CATEGORY":["FEMALE","MALE","No matching concept"],"MIN_VALUE":[1,4,12],"P10_VALUE":[17,11,12],"P25_VALUE":[29,22,20],"MEDIAN_VALUE":[46,41,31],"P75_VALUE":[69,64,46],"P90_VALUE":[76,78,56],"MAX_VALUE":[99,99,56]}}
