{"PREVALENCE_BY_GENDER_AGE_YEAR":{"TRELLIS_NAME":["60-69","70-79","50-59","40-49","0-9","70-79","20-29","30-39","10-19","30-39","20-29","40-49","50-59","10-19","0-9"],"SERIES_NAME":["FEMALE","FEMALE","FEMALE","FEMALE","FEMALE","MALE","FEMALE","FEMALE","FEMALE","MALE","MALE","MALE","MALE","MALE","MALE"],"X_CALENDAR_YEAR":[2019,2019,2019,2019,2019,2019,2019,2019,2019,2019,2019,2019,2019,2019,2019],"Y_PREVALENCE_1000PP":[2.26929,1.29462,2.0284,1.42959,2.10526,1.3313,1.502,2.11348,1.74863,1.69779,1.34635,2.33816,1.1744,1.37741,2.44989]},"PREVALENCE_BY_MONTH":{"X_CALENDAR_MONTH":[201901,201902,201903,201904,201905,201906,201907,201908,201909,201910,201911,201912],"Y_PREVALENCE_1000PP":[0.17,0.1,0.11,0.15,0.13,0.17,0.21,0.15,0.09,0.15,0.12,0.15]},"CONDITIONS_BY_TYPE":{"CONCEPT_NAME":"Claim","COUNT_VALUE":237},"AGE_AT_FIRST_DIAGNOSIS":{"CATEGORY":["No matching concept","MALE","FEMALE"],"MIN_VALUE":[2,0,0],"P10_VALUE":[2,5,9],"P25_VALUE":[2,22,26],"MEDIAN_VALUE":[29,41,41],"P75_VALUE":[56,54,61],"P90_VALUE":[60,73,74],"MAX_VALUE":[60,99,87]}}
