{"PREVALENCE_BY_GENDER_AGE_YEAR":{"TRELLIS_NAME":["50-59","70-79","60-69","40-49","70-79","30-39","20-29","50-59","60-69","30-39","20-29","40-49"],"SERIES_NAME":["FEMALE","FEMALE","FEMALE","FEMALE","MALE","FEMALE","FEMALE","MALE","MALE","MALE","MALE","MALE"],"X_CALENDAR_YEAR":[2019,2019,2019,2019,2019,2019,2019,2019,2019,2019,2019,2019],"Y_PREVALENCE_1000PP":[0.86931,1.66451,2.26929,1.42959,2.09205,1.46318,1.502,1.468,1.93349,1.86757,1.85123,1.31521]},"PREVALENCE_BY_MONTH":{"X_CALENDAR_MONTH":[201901,201902,201903,201904,201905,201906,201907,201908,201909,201910,201911,201912],"Y_PREVALENCE_1000PP":[0.16,0.09,0.08,0.13,0.13,0.14,0.14,0.1,0.14,0.09,0.12,0.12]},"CONDITIONS_BY_TYPE":{"CONCEPT_NAME":"Claim","COUNT_VALUE":191},"AGE_AT_FIRST_DIAGNOSIS":{"CATEGORY":["FEMALE","MALE"],"MIN_VALUE":[2,0],"P10_VALUE":[19,17],"P25_VALUE":[29,28],"MEDIAN_VALUE":[48,42],"P75_VALUE":[67,67],"P90_VALUE":[79,74],"MAX_VALUE":[98,86]}}
