{"PREVALENCE_BY_GENDER_AGE_YEAR":{"TRELLIS_NAME":["70-79","90-99","50-59","60-69","30-39","10-19","60-69","0-9","20-29","50-59","40-49","0-9","40-49","10-19","70-79","20-29","80-89","30-39"],"SERIES_NAME":["FEMALE","FEMALE","FEMALE","FEMALE","MALE","MALE","MALE","MALE","MALE","MALE","MALE","FEMALE","FEMALE","FEMALE","MALE","FEMALE","MALE","FEMALE"],"X_CALENDAR_YEAR":[2019,2019,2019,2019,2019,2019,2019,2019,2019,2019,2019,2019,2019,2019,2019,2019,2019,2019],"Y_PREVALENCE_1000PP":[3.89177,3.34448,3.47675,3.61492,3.89764,4.58295,4.23077,2.67499,4.55005,2.93384,3.9491,3.15524,3.85439,2.62352,3.22764,5.32889,4.96963,2.76783]},"PREVALENCE_BY_MONTH":{"X_CALENDAR_MONTH":[201901,201902,201903,201904,201905,201906,201907,201908,201909,201910,201911,201912],"Y_PREVALENCE_1000PP":[0.36,0.28,0.3,0.38,0.23,0.34,0.3,0.35,0.31,0.33,0.25,0.2]},"CONDITIONS_BY_TYPE":{"CONCEPT_NAME":"Claim","COUNT_VALUE":1940},"AGE_AT_FIRST_DIAGNOSIS":{"CATEGORY":["FEMALE","MALE","No matching concept"],"MIN_VALUE":[0,0,0],"P10_VALUE":[13,14,0],"P25_VALUE":[24,26,23],"MEDIAN_VALUE":[44,44,50],"P75_VALUE":[63,62,79],"P90_VALUE":[74,78,90],"MAX_VALUE":[99,99,90]}}
