{"PREVALENCE_BY_GENDER_AGE_YEAR":{"TRELLIS_NAME":["60-69","30-39","0-9","20-29","10-19","70-79","40-49","20-29","30-39","50-59","10-19","0-9","70-79","40-49","50-59","90-99","60-69","80-89"],"SERIES_NAME":["MALE","FEMALE","FEMALE","FEMALE","FEMALE","MALE","MALE","MALE","MALE","MALE","MALE","MALE","FEMALE","FEMALE","FEMALE","FEMALE","FEMALE","FEMALE"],"X_CALENDAR_YEAR":[2019,2019,2019,2019,2019,2019,2019,2019,2019,2019,2019,2019,2019,2019,2019,2019,2019,2019],"Y_PREVALENCE_1000PP":[3.09358,3.9018,3.15789,4.6729,3.71585,2.8528,3.21496,3.70246,4.24448,4.40399,3.67309,4.45434,4.0688,4.43174,3.76702,4.44198,3.40393,3.46021]},"PREVALENCE_BY_MONTH":{"X_CALENDAR_MONTH":[201901,201902,201903,201904,201905,201906,201907,201908,201909,201910,201911,201912],"Y_PREVALENCE_1000PP":[0.35,0.27,0.25,0.38,0.32,0.28,0.3,0.31,0.29,0.33,0.35,0.3]},"CONDITIONS_BY_TYPE":{"CONCEPT_NAME":"Claim","COUNT_VALUE":472},"AGE_AT_FIRST_DIAGNOSIS":{"CATEGORY":["MALE","FEMALE"],"MIN_VALUE":[0,0],"P10_VALUE":[7,12],"P25_VALUE":[23,24],"MEDIAN_VALUE":[42,44],"P75_VALUE":[57,62],"P90_VALUE":[73,78],"MAX_VALUE":[99,99]}}
