{"PREVALENCE_BY_GENDER_AGE_YEAR":{"TRELLIS_NAME":["50-59","80-89","60-69","70-79","40-49","30-39","60-69","20-29","50-59","40-49","0-9","10-19","30-39","70-79","90-99","10-19","20-29","0-9","80-89"],"SERIES_NAME":["FEMALE","FEMALE","FEMALE","FEMALE","FEMALE","MALE","MALE","MALE","MALE","MALE","MALE","MALE","FEMALE","MALE","MALE","FEMALE","FEMALE","FEMALE","MALE"],"X_CALENDAR_YEAR":[2019,2019,2019,2019,2019,2019,2019,2019,2019,2019,2019,2019,2019,2019,2019,2019,2019,2019,2019],"Y_PREVALENCE_1000PP":[2.89729,4.03458,2.47336,2.96516,2.56959,3.05033,2.11538,3.53893,2.20038,2.48647,2.00624,2.06233,2.27939,2.08848,3.9886,2.84215,2.83097,3.15524,3.86527]},"PREVALENCE_BY_MONTH":{"X_CALENDAR_MONTH":[201901,201902,201903,201904,201905,201906,201907,201908,201909,201910,201911,201912],"Y_PREVALENCE_1000PP":[0.31,0.24,0.2,0.23,0.16,0.21,0.23,0.26,0.15,0.28,0.21,0.21]},"CONDITIONS_BY_TYPE":{"CONCEPT_NAME":"Claim","COUNT_VALUE":1472},"AGE_AT_FIRST_DIAGNOSIS":{"CATEGORY":["No matching concept","MALE","FEMALE"],"MIN_VALUE":[17,0,0],"P10_VALUE":[17,13,9],"P25_VALUE":[23,25,21],"MEDIAN_VALUE":[61,44,44],"P75_VALUE":[75,66,63],"P90_VALUE":[86,81,76],"MAX_VALUE":[86,99,97]}}
