{"PREVALENCE_BY_GENDER_AGE_YEAR":{"TRELLIS_NAME":["0-9","30-39","10-19","20-29","50-59","40-49","20-29","60-69","10-19","70-79","30-39","0-9","70-79","90-99","60-69","80-89","40-49","50-59"],"SERIES_NAME":["MALE","MALE","MALE","MALE","MALE","MALE","FEMALE","MALE","FEMALE","MALE","FEMALE","FEMALE","FEMALE","FEMALE","FEMALE","FEMALE","FEMALE","FEMALE"],"X_CALENDAR_YEAR":[2019,2019,2019,2019,2019,2019,2019,2019,2019,2019,2019,2019,2019,2019,2019,2019,2019,2019],"Y_PREVALENCE_1000PP":[3.56347,3.56537,3.67309,2.01952,1.6148,2.33816,3.17089,2.90023,4.37158,2.28224,3.41408,2.52632,3.32902,4.99722,2.83661,4.61361,3.57398,2.89771]},"PREVALENCE_BY_MONTH":{"X_CALENDAR_MONTH":[201901,201902,201903,201904,201905,201906,201907,201908,201909,201910,201911,201912],"Y_PREVALENCE_1000PP":[0.24,0.21,0.24,0.3,0.29,0.21,0.23,0.26,0.25,0.26,0.26,0.27]},"CONDITIONS_BY_TYPE":{"CONCEPT_NAME":"Claim","COUNT_VALUE":405},"AGE_AT_FIRST_DIAGNOSIS":{"CATEGORY":["MALE","FEMALE","No matching concept"],"MIN_VALUE":[0,0,0],"P10_VALUE":[7,11,0],"P25_VALUE":[19,23,3],"MEDIAN_VALUE":[38,46,34],"P75_VALUE":[61,67,55],"P90_VALUE":[76,80,57],"MAX_VALUE":[97,99,57]}}
