{"PREVALENCE_BY_GENDER_AGE_YEAR":{"TRELLIS_NAME":["70-79","50-59","60-69","40-49","10-19","70-79","30-39","20-29","0-9","20-29","40-49","50-59","60-69","0-9","30-39","10-19"],"SERIES_NAME":["FEMALE","FEMALE","FEMALE","FEMALE","FEMALE","MALE","FEMALE","FEMALE","FEMALE","MALE","MALE","MALE","MALE","MALE","MALE","MALE"],"X_CALENDAR_YEAR":[2019,2019,2019,2019,2019,2019,2019,2019,2019,2019,2019,2019,2019,2019,2019,2019],"Y_PREVALENCE_1000PP":[1.6679,2.17297,3.04414,1.71306,3.06078,2.4682,1.79095,1.99833,2.94489,3.20189,2.92526,1.17354,2.69231,2.22916,2.37248,2.06233]},"PREVALENCE_BY_MONTH":{"X_CALENDAR_MONTH":[201901,201902,201903,201904,201905,201906,201907,201908,201909,201910,201911,201912],"Y_PREVALENCE_1000PP":[0.28,0.11,0.19,0.15,0.06,0.2,0.3,0.2,0.21,0.2,0.23,0.14]},"CONDITIONS_BY_TYPE":{"CONCEPT_NAME":"Claim","COUNT_VALUE":1184},"AGE_AT_FIRST_DIAGNOSIS":{"CATEGORY":["FEMALE","MALE"],"MIN_VALUE":[0,0],"P10_VALUE":[8,12],"P25_VALUE":[19,26],"MEDIAN_VALUE":[45,42],"P75_VALUE":[62,64],"P90_VALUE":[76,76],"MAX_VALUE":[98,95]}}
