{"PREVALENCE_BY_GENDER_AGE_YEAR":{"TRELLIS_NAME":["20-29","30-39","50-59","10-19","60-69","0-9","40-49","40-49","10-19","30-39","0-9","20-29","80-89","90-99","70-79","50-59","80-89","70-79","90-99","60-69"],"SERIES_NAME":["MALE","MALE","MALE","MALE","MALE","MALE","MALE","FEMALE","FEMALE","FEMALE","FEMALE","FEMALE","MALE","MALE","MALE","FEMALE","FEMALE","FEMALE","FEMALE","FEMALE"],"X_CALENDAR_YEAR":[2019,2019,2019,2019,2019,2019,2019,2019,2019,2019,2019,2019,2019,2019,2019,2019,2019,2019,2019,2019],"Y_PREVALENCE_1000PP":[5.89821,6.94797,6.30776,5.04125,4.80769,5.34998,6.14305,5.56745,5.24705,5.86128,3.36559,5.995,8.28272,8.54701,6.07556,6.22918,8.06916,5.55967,7.24638,5.5175]},"PREVALENCE_BY_MONTH":{"X_CALENDAR_MONTH":[201901,201902,201903,201904,201905,201906,201907,201908,201909,201910,201911,201912],"Y_PREVALENCE_1000PP":[0.6,0.35,0.59,0.52,0.51,0.36,0.64,0.43,0.43,0.52,0.48,0.48]},"CONDITIONS_BY_TYPE":{"CONCEPT_NAME":"Claim","COUNT_VALUE":3128},"AGE_AT_FIRST_DIAGNOSIS":{"CATEGORY":["MALE","FEMALE","No matching concept"],"MIN_VALUE":[0,0,4],"P10_VALUE":[12,15,5],"P25_VALUE":[27,28,15],"MEDIAN_VALUE":[45,45,48],"P75_VALUE":[65,65,62],"P90_VALUE":[80,79,91],"MAX_VALUE":[99,99,94]}}
