{"PREVALENCE_BY_GENDER_AGE_YEAR":{"TRELLIS_NAME":["50-59","30-39","40-49","30-39"],"SERIES_NAME":["FEMALE","MALE","FEMALE","FEMALE"],"X_CALENDAR_YEAR":[2019,2019,2019,2019],"Y_PREVALENCE_1000PP":[1.0142,1.18846,1.00071,0.97545]},"PREVALENCE_BY_MONTH":{"X_CALENDAR_MONTH":[201902,201903,201904,201905,201907,201911,201912],"Y_PREVALENCE_1000PP":[0.06,0.06,0.06,0.1,0.07,0.06,0.06]},"CONDITIONS_BY_TYPE":{"CONCEPT_NAME":"Claim","COUNT_VALUE":82},"AGE_AT_FIRST_DIAGNOSIS":{"CATEGORY":["MALE","FEMALE"],"MIN_VALUE":[10,1],"P10_VALUE":[19,8],"P25_VALUE":[36,32],"MEDIAN_VALUE":[39,45],"P75_VALUE":[71,61],"P90_VALUE":[78,77],"MAX_VALUE":[93,97]}}
