{"PREVALENCE_BY_GENDER_AGE_YEAR":{"TRELLIS_NAME":["40-49","80-89","70-79","0-9","20-29","10-19","30-39","0-9","30-39","20-29","10-19","50-59","60-69","40-49","50-59","60-69","70-79"],"SERIES_NAME":["FEMALE","MALE","MALE","FEMALE","FEMALE","FEMALE","FEMALE","MALE","MALE","MALE","MALE","MALE","MALE","MALE","FEMALE","FEMALE","FEMALE"],"X_CALENDAR_YEAR":[2019,2019,2019,2019,2019,2019,2019,2019,2019,2019,2019,2019,2019,2019,2019,2019,2019],"Y_PREVALENCE_1000PP":[1.71551,7.17835,1.71168,1.89474,3.17089,1.96721,2.43863,3.56347,3.22581,2.35611,1.37741,1.6148,2.90023,2.63043,2.0284,1.51286,2.58924]},"PREVALENCE_BY_MONTH":{"X_CALENDAR_MONTH":[201901,201902,201903,201904,201905,201906,201907,201908,201909,201910,201911,201912],"Y_PREVALENCE_1000PP":[0.27,0.11,0.14,0.2,0.22,0.23,0.25,0.13,0.24,0.19,0.14,0.23]},"CONDITIONS_BY_TYPE":{"CONCEPT_NAME":"Claim","COUNT_VALUE":317},"AGE_AT_FIRST_DIAGNOSIS":{"CATEGORY":["MALE","FEMALE"],"MIN_VALUE":[0,1],"P10_VALUE":[6,11],"P25_VALUE":[26,24],"MEDIAN_VALUE":[43,40],"P75_VALUE":[65,61],"P90_VALUE":[84,76],"MAX_VALUE":[96,99]}}
