{"PREVALENCE_BY_GENDER_AGE_YEAR":{"TRELLIS_NAME":["20-29","30-39","70-79","40-49","0-9","10-19","60-69","40-49","50-59","10-19","30-39","0-9","20-29","70-79","50-59","90-99","80-89","60-69"],"SERIES_NAME":["FEMALE","FEMALE","MALE","FEMALE","FEMALE","FEMALE","MALE","MALE","MALE","MALE","MALE","MALE","MALE","FEMALE","FEMALE","FEMALE","FEMALE","FEMALE"],"X_CALENDAR_YEAR":[2019,2019,2019,2019,2019,2019,2019,2019,2019,2019,2019,2019,2019,2019,2019,2019,2019,2019],"Y_PREVALENCE_1000PP":[2.16486,2.4422,1.51889,2.28408,2.94489,2.84215,1.53846,1.90142,2.49377,2.52062,2.7114,2.67499,2.86485,2.03855,3.18702,3.9019,3.45821,1.33181]},"PREVALENCE_BY_MONTH":{"X_CALENDAR_MONTH":[201901,201902,201903,201904,201905,201906,201907,201908,201909,201910,201911,201912],"Y_PREVALENCE_1000PP":[0.15,0.2,0.28,0.27,0.18,0.18,0.17,0.21,0.2,0.16,0.14,0.22]},"CONDITIONS_BY_TYPE":{"CONCEPT_NAME":"Claim","COUNT_VALUE":1324},"AGE_AT_FIRST_DIAGNOSIS":{"CATEGORY":["FEMALE","MALE"],"MIN_VALUE":[2,0],"P10_VALUE":[8,9],"P25_VALUE":[21,22],"MEDIAN_VALUE":[44,38],"P75_VALUE":[58,56],"P90_VALUE":[81,74],"MAX_VALUE":[98,98]}}
