{"PREVALENCE_BY_GENDER_AGE_YEAR":{"TRELLIS_NAME":["30-39","60-69","70-79","40-49","30-39"],"SERIES_NAME":["MALE","FEMALE","FEMALE","FEMALE","FEMALE"],"X_CALENDAR_YEAR":[2019,2019,2019,2019,2019],"Y_PREVALENCE_1000PP":[2.03735,1.13464,1.10967,0.85776,0.97545]},"PREVALENCE_BY_MONTH":{"X_CALENDAR_MONTH":[201901,201902,201903,201904,201909,201910,201911],"Y_PREVALENCE_1000PP":[0.09,0.07,0.1,0.1,0.06,0.07,0.1]},"CONDITIONS_BY_TYPE":{"CONCEPT_NAME":"Claim","COUNT_VALUE":110},"AGE_AT_FIRST_DIAGNOSIS":{"CATEGORY":["FEMALE","MALE"],"MIN_VALUE":[6,0],"P10_VALUE":[13,14],"P25_VALUE":[26,30],"MEDIAN_VALUE":[45,38],"P75_VALUE":[68,60],"P90_VALUE":[73,78],"MAX_VALUE":[95,99]}}
