{"PREVALENCE_BY_GENDER_AGE_YEAR":{"TRELLIS_NAME":["40-49","70-79","20-29","90-99","10-19","0-9","30-39","80-89","50-59","20-29","60-69","40-49","10-19","30-39","0-9","50-59","80-89","70-79","90-99","60-69"],"SERIES_NAME":["FEMALE","MALE","FEMALE","MALE","FEMALE","FEMALE","FEMALE","MALE","MALE","MALE","MALE","MALE","MALE","MALE","MALE","FEMALE","FEMALE","FEMALE","FEMALE","FEMALE"],"X_CALENDAR_YEAR":[2019,2019,2019,2019,2019,2019,2019,2019,2019,2019,2019,2019,2019,2019,2019,2019,2019,2019,2019,2019],"Y_PREVALENCE_1000PP":[35.40328,34.36491,33.47211,35.32764,37.38522,33.86622,35.98176,37.54832,33.4458,38.59117,35.76923,33.49422,34.83043,32.70632,36.11235,32.88425,33.42939,39.65901,34.55964,34.81735]},"PREVALENCE_BY_MONTH":{"X_CALENDAR_MONTH":[201901,201902,201903,201904,201905,201906,201907,201908,201909,201910,201911,201912],"Y_PREVALENCE_1000PP":[3.56,2.59,2.95,3.27,2.53,2.76,3.59,2.74,2.89,3.44,2.69,2.57]},"CONDITIONS_BY_TYPE":{"CONCEPT_NAME":"Claim","COUNT_VALUE":19112},"AGE_AT_FIRST_DIAGNOSIS":{"CATEGORY":["No matching concept","FEMALE","MALE"],"MIN_VALUE":[0,0,0],"P10_VALUE":[21,10,10],"P25_VALUE":[34,25,24],"MEDIAN_VALUE":[53,44,44],"P75_VALUE":[67,64,63],"P90_VALUE":[78,77,77],"MAX_VALUE":[92,99,99]}}
