{"PREVALENCE_BY_GENDER_AGE_YEAR":{"TRELLIS_NAME":["10-19","50-59","30-39","60-69","40-49","0-9","90-99","60-69","40-49","50-59","30-39","70-79","20-29","0-9","10-19"],"SERIES_NAME":["MALE","MALE","MALE","MALE","MALE","MALE","FEMALE","FEMALE","FEMALE","FEMALE","FEMALE","MALE","FEMALE","FEMALE","FEMALE"],"X_CALENDAR_YEAR":[2019,2019,2019,2019,2019,2019,2019,2019,2019,2019,2019,2019,2019,2019,2019],"Y_PREVALENCE_1000PP":[1.83655,1.6148,1.01868,1.54679,2.04589,2.00445,3.88673,1.32375,1.57255,2.46305,1.9509,2.09205,1.83578,2.31579,2.62295]},"PREVALENCE_BY_MONTH":{"X_CALENDAR_MONTH":[201901,201902,201903,201904,201905,201906,201907,201908,201909,201910,201911,201912],"Y_PREVALENCE_1000PP":[0.2,0.16,0.16,0.2,0.09,0.11,0.17,0.08,0.13,0.14,0.14,0.13]},"CONDITIONS_BY_TYPE":{"CONCEPT_NAME":"Claim","COUNT_VALUE":224},"AGE_AT_FIRST_DIAGNOSIS":{"CATEGORY":["MALE","FEMALE"],"MIN_VALUE":[4,1],"P10_VALUE":[7,7],"P25_VALUE":[24,20],"MEDIAN_VALUE":[48,42],"P75_VALUE":[66,56],"P90_VALUE":[79,73],"MAX_VALUE":[85,96]}}
