{"PREVALENCE_BY_GENDER_AGE_YEAR":{"TRELLIS_NAME":["20-29","40-49","60-69","30-39"],"SERIES_NAME":["FEMALE","FEMALE","MALE","MALE"],"X_CALENDAR_YEAR":[2019,2019,2019,2019],"Y_PREVALENCE_1000PP":[1.16822,0.85776,1.54679,1.01868]},"PREVALENCE_BY_MONTH":{"X_CALENDAR_MONTH":[201901,201903,201904,201905,201908,201910,201911,201912],"Y_PREVALENCE_1000PP":[0.06,0.07,0.08,0.06,0.09,0.07,0.09,0.06]},"CONDITIONS_BY_TYPE":{"CONCEPT_NAME":"Claim","COUNT_VALUE":93},"AGE_AT_FIRST_DIAGNOSIS":{"CATEGORY":["MALE","FEMALE"],"MIN_VALUE":[1,0],"P10_VALUE":[13,14],"P25_VALUE":[27,20],"MEDIAN_VALUE":[44,42],"P75_VALUE":[65,59],"P90_VALUE":[78,76],"MAX_VALUE":[97,96]}}
