{"PREVALENCE_BY_GENDER_AGE_YEAR":{"TRELLIS_NAME":["30-39","60-69","70-79","20-29","10-19","40-49","50-59","30-39","20-29","70-79","50-59","40-49"],"SERIES_NAME":["FEMALE","MALE","MALE","FEMALE","MALE","MALE","MALE","MALE","MALE","FEMALE","FEMALE","FEMALE"],"X_CALENDAR_YEAR":[2019,2019,2019,2019,2019,2019,2019,2019,2019,2019,2019,2019],"Y_PREVALENCE_1000PP":[2.6012,1.74014,1.3313,2.00267,2.29568,1.60748,1.3212,2.03735,1.85123,1.47956,0.86931,1.42959]},"PREVALENCE_BY_MONTH":{"X_CALENDAR_MONTH":[201901,201902,201903,201904,201905,201906,201907,201908,201909,201910,201911,201912],"Y_PREVALENCE_1000PP":[0.13,0.09,0.15,0.14,0.13,0.08,0.16,0.14,0.07,0.13,0.14,0.09]},"CONDITIONS_BY_TYPE":{"CONCEPT_NAME":"Claim","COUNT_VALUE":188},"AGE_AT_FIRST_DIAGNOSIS":{"CATEGORY":["FEMALE","MALE"],"MIN_VALUE":[0,2],"P10_VALUE":[17,12],"P25_VALUE":[28,27],"MEDIAN_VALUE":[39,41],"P75_VALUE":[58,60],"P90_VALUE":[77,75],"MAX_VALUE":[98,99]}}
