{"PREVALENCE_BY_GENDER_AGE_YEAR":{"TRELLIS_NAME":["50-59","60-69","70-79","20-29","30-39","50-59","40-49","0-9","10-19","60-69","20-29","30-39","80-89","70-79","0-9","40-49"],"SERIES_NAME":["FEMALE","FEMALE","FEMALE","MALE","MALE","MALE","MALE","MALE","MALE","MALE","FEMALE","FEMALE","MALE","MALE","FEMALE","FEMALE"],"X_CALENDAR_YEAR":[2019,2019,2019,2019,2019,2019,2019,2019,2019,2019,2019,2019,2019,2019,2019,2019],"Y_PREVALENCE_1000PP":[1.88351,2.4584,2.0344,2.35611,3.05603,2.0552,2.33816,2.00445,2.06612,2.12684,2.16956,1.46318,3.86527,2.47242,1.89474,2.28735]},"PREVALENCE_BY_MONTH":{"X_CALENDAR_MONTH":[201901,201902,201903,201904,201905,201906,201907,201908,201909,201910,201911,201912],"Y_PREVALENCE_1000PP":[0.2,0.16,0.26,0.23,0.09,0.21,0.27,0.16,0.11,0.2,0.18,0.12]},"CONDITIONS_BY_TYPE":{"CONCEPT_NAME":"Claim","COUNT_VALUE":289},"AGE_AT_FIRST_DIAGNOSIS":{"CATEGORY":["FEMALE","MALE","No matching concept"],"MIN_VALUE":[0,2,37],"P10_VALUE":[10,11,37],"P25_VALUE":[25,26,43],"MEDIAN_VALUE":[47,44,66],"P75_VALUE":[65,64,76],"P90_VALUE":[76,79,94],"MAX_VALUE":[99,95,94]}}
