{"PREVALENCE_BY_GENDER_AGE_YEAR":{"TRELLIS_NAME":["0-9","30-39","10-19","40-49","20-29","50-59","60-69","70-79","50-59","80-89","90-99","60-69","0-9","80-89","30-39","70-79","40-49","10-19","90-99","20-29"],"SERIES_NAME":["MALE","MALE","MALE","MALE","MALE","MALE","MALE","FEMALE","FEMALE","FEMALE","FEMALE","FEMALE","FEMALE","MALE","FEMALE","MALE","FEMALE","FEMALE","MALE","FEMALE"],"X_CALENDAR_YEAR":[2019,2019,2019,2019,2019,2019,2019,2019,2019,2019,2019,2019,2019,2019,2019,2019,2019,2019,2019,2019],"Y_PREVALENCE_1000PP":[10.25412,7.2869,7.79102,8.62952,7.75194,7.3346,8.26923,6.48629,7.82269,8.64553,10.03344,7.61035,9.67606,6.07399,10.74569,9.68293,7.85153,5.90293,6.83761,8.82598]},"PREVALENCE_BY_MONTH":{"X_CALENDAR_MONTH":[201901,201902,201903,201904,201905,201906,201907,201908,201909,201910,201911,201912],"Y_PREVALENCE_1000PP":[0.65,0.57,0.7,0.87,0.6,0.78,0.82,0.66,0.57,0.81,0.54,0.63]},"CONDITIONS_BY_TYPE":{"CONCEPT_NAME":"Claim","COUNT_VALUE":4428},"AGE_AT_FIRST_DIAGNOSIS":{"CATEGORY":["MALE","No matching concept","FEMALE"],"MIN_VALUE":[0,9,0],"P10_VALUE":[8,16,8],"P25_VALUE":[23,33,25],"MEDIAN_VALUE":[44,46,41],"P75_VALUE":[64,63,61],"P90_VALUE":[77,73,77],"MAX_VALUE":[98,88,99]}}
