{"PREVALENCE_BY_GENDER_AGE_YEAR":{"TRELLIS_NAME":["10-19","0-9","20-29","70-79","30-39","70-79","40-49","50-59","90-99","60-69","10-19","30-39","50-59","0-9","20-29","60-69","40-49"],"SERIES_NAME":["FEMALE","FEMALE","FEMALE","MALE","FEMALE","FEMALE","FEMALE","FEMALE","FEMALE","FEMALE","MALE","MALE","MALE","MALE","MALE","MALE","MALE"],"X_CALENDAR_YEAR":[2019,2019,2019,2019,2019,2019,2019,2019,2019,2019,2019,2019,2019,2019,2019,2019,2019],"Y_PREVALENCE_1000PP":[3.06078,2.31384,3.66361,3.60737,2.60501,3.52113,2.71235,3.04216,3.34448,2.66362,4.3538,3.38926,2.78715,1.78333,3.53893,4.61538,2.48647]},"PREVALENCE_BY_MONTH":{"X_CALENDAR_MONTH":[201901,201902,201903,201904,201905,201906,201907,201908,201909,201910,201911,201912],"Y_PREVALENCE_1000PP":[0.34,0.25,0.29,0.36,0.23,0.22,0.21,0.29,0.23,0.24,0.12,0.24]},"CONDITIONS_BY_TYPE":{"CONCEPT_NAME":"Claim","COUNT_VALUE":1624},"AGE_AT_FIRST_DIAGNOSIS":{"CATEGORY":["FEMALE","MALE"],"MIN_VALUE":[1,0],"P10_VALUE":[11,15],"P25_VALUE":[25,23],"MEDIAN_VALUE":[44,42],"P75_VALUE":[63,64],"P90_VALUE":[78,76],"MAX_VALUE":[99,99]}}
