{"PREVALENCE_BY_GENDER_AGE_YEAR":{"TRELLIS_NAME":["40-49","50-59","20-29","0-9","10-19","30-39","0-9","30-39","60-69","70-79","20-29","10-19","70-79","60-69","50-59","40-49"],"SERIES_NAME":["MALE","MALE","MALE","MALE","MALE","MALE","FEMALE","FEMALE","MALE","MALE","FEMALE","FEMALE","FEMALE","FEMALE","FEMALE","FEMALE"],"X_CALENDAR_YEAR":[2019,2019,2019,2019,2019,2019,2019,2019,2019,2019,2019,2019,2019,2019,2019,2019],"Y_PREVALENCE_1000PP":[1.60889,2.20038,2.86485,2.67499,1.83318,2.03355,1.68279,1.79095,1.73077,1.51889,2.83097,1.96764,2.03855,2.09285,1.44865,0.85653]},"PREVALENCE_BY_MONTH":{"X_CALENDAR_MONTH":[201901,201902,201903,201904,201905,201906,201907,201908,201909,201910,201911,201912],"Y_PREVALENCE_1000PP":[0.26,0.14,0.22,0.2,0.16,0.1,0.22,0.11,0.17,0.13,0.1,0.16]},"CONDITIONS_BY_TYPE":{"CONCEPT_NAME":"Claim","COUNT_VALUE":1076},"AGE_AT_FIRST_DIAGNOSIS":{"CATEGORY":["No matching concept","MALE","FEMALE"],"MIN_VALUE":[11,1,0],"P10_VALUE":[11,7,11],"P25_VALUE":[16,24,23],"MEDIAN_VALUE":[40,40,39],"P75_VALUE":[58,58,65],"P90_VALUE":[84,73,78],"MAX_VALUE":[84,94,96]}}
