{"PREVALENCE_BY_GENDER_AGE_YEAR":{"TRELLIS_NAME":["0-9","30-39","40-49","40-49","60-69","30-39","20-29","10-19","50-59"],"SERIES_NAME":["FEMALE","FEMALE","FEMALE","MALE","MALE","MALE","MALE","MALE","MALE"],"X_CALENDAR_YEAR":[2019,2019,2019,2019,2019,2019,2019,2019,2019],"Y_PREVALENCE_1000PP":[1.47368,2.76378,1.57255,0.87681,1.54679,2.03735,1.17805,1.83655,1.9084]},"PREVALENCE_BY_MONTH":{"X_CALENDAR_MONTH":[201901,201902,201903,201904,201905,201906,201907,201908,201909,201910,201911,201912],"Y_PREVALENCE_1000PP":[0.08,0.11,0.1,0.1,0.17,0.07,0.12,0.1,0.17,0.07,0.12,0.06]},"CONDITIONS_BY_TYPE":{"CONCEPT_NAME":"Claim","COUNT_VALUE":166},"AGE_AT_FIRST_DIAGNOSIS":{"CATEGORY":["MALE","FEMALE"],"MIN_VALUE":[0,0],"P10_VALUE":[10,6],"P25_VALUE":[23,30],"MEDIAN_VALUE":[43,37],"P75_VALUE":[59,49],"P90_VALUE":[74,70],"MAX_VALUE":[99,86]}}
