{"PREVALENCE_BY_GENDER_AGE_YEAR":{"TRELLIS_NAME":["0-9","20-29","80-89","10-19","70-79","30-39","10-19","20-29","30-39","0-9","60-69","50-59","40-49","60-69","90-99","70-79","50-59","40-49"],"SERIES_NAME":["FEMALE","FEMALE","MALE","FEMALE","MALE","FEMALE","MALE","MALE","MALE","MALE","MALE","MALE","MALE","FEMALE","FEMALE","FEMALE","FEMALE","FEMALE"],"X_CALENDAR_YEAR":[2019,2019,2019,2019,2019,2019,2019,2019,2019,2019,2019,2019,2019,2019,2019,2019,2019,2019],"Y_PREVALENCE_1000PP":[3.78629,3.99667,3.31309,1.96764,3.03778,4.07034,3.20807,3.20189,3.55872,5.12706,2.69231,2.93384,2.779,4.18569,3.9019,3.15048,4.4908,2.71235]},"PREVALENCE_BY_MONTH":{"X_CALENDAR_MONTH":[201901,201902,201903,201904,201905,201906,201907,201908,201909,201910,201911,201912],"Y_PREVALENCE_1000PP":[0.29,0.3,0.26,0.31,0.26,0.25,0.3,0.22,0.33,0.3,0.29,0.31]},"CONDITIONS_BY_TYPE":{"CONCEPT_NAME":"Claim","COUNT_VALUE":1748},"AGE_AT_FIRST_DIAGNOSIS":{"CATEGORY":["No matching concept","FEMALE","MALE"],"MIN_VALUE":[6,1,0],"P10_VALUE":[7,9,7],"P25_VALUE":[21,26,20],"MEDIAN_VALUE":[39,43,40],"P75_VALUE":[75,63,60],"P90_VALUE":[79,75,78],"MAX_VALUE":[84,99,97]}}
