{"PREVALENCE_BY_GENDER_AGE_YEAR":{"TRELLIS_NAME":["20-29","40-49","10-19","50-59","0-9","60-69","30-39","90-99","60-69","70-79","50-59","30-39","70-79","10-19","20-29","90-99","80-89","40-49","0-9"],"SERIES_NAME":["MALE","MALE","MALE","MALE","MALE","MALE","MALE","FEMALE","FEMALE","FEMALE","FEMALE","FEMALE","MALE","FEMALE","FEMALE","MALE","MALE","FEMALE","FEMALE"],"X_CALENDAR_YEAR":[2019,2019,2019,2019,2019,2019,2019,2019,2019,2019,2019,2019,2019,2019,2019,2019,2019,2019,2019],"Y_PREVALENCE_1000PP":[3.53416,4.82245,4.82094,2.4956,4.45434,4.44702,2.54669,4.44198,2.08018,4.80858,3.47725,3.41408,4.94485,3.71585,3.50467,3.4384,3.31309,3.43102,4.21053]},"PREVALENCE_BY_MONTH":{"X_CALENDAR_MONTH":[201901,201902,201903,201904,201905,201906,201907,201908,201909,201910,201911,201912],"Y_PREVALENCE_1000PP":[0.37,0.25,0.28,0.31,0.32,0.24,0.41,0.3,0.35,0.28,0.3,0.33]},"CONDITIONS_BY_TYPE":{"CONCEPT_NAME":"Claim","COUNT_VALUE":505},"AGE_AT_FIRST_DIAGNOSIS":{"CATEGORY":["FEMALE","MALE","No matching concept"],"MIN_VALUE":[1,0,8],"P10_VALUE":[6,9,27],"P25_VALUE":[23,23,29],"MEDIAN_VALUE":[43,44,43],"P75_VALUE":[65,65,84],"P90_VALUE":[76,78,88],"MAX_VALUE":[99,97,95]}}
