{"PREVALENCE_BY_GENDER_AGE_YEAR":{"TRELLIS_NAME":["0-9","30-39","10-19","50-59","40-49","20-29","60-69","20-29","70-79","90-99","10-19","80-89","0-9","30-39","50-59","40-49","90-99","70-79","60-69"],"SERIES_NAME":["MALE","MALE","MALE","MALE","MALE","MALE","MALE","FEMALE","MALE","MALE","FEMALE","MALE","FEMALE","FEMALE","FEMALE","FEMALE","FEMALE","FEMALE","FEMALE"],"X_CALENDAR_YEAR":[2019,2019,2019,2019,2019,2019,2019,2019,2019,2019,2019,2019,2019,2019,2019,2019,2019,2019,2019],"Y_PREVALENCE_1000PP":[3.34076,4.0747,2.52525,2.6424,3.3611,2.6927,4.44702,3.17089,3.42335,4.58453,3.93443,3.86527,3.36842,4.38953,3.91191,2.71623,3.88673,3.14407,3.78215]},"PREVALENCE_BY_MONTH":{"X_CALENDAR_MONTH":[201901,201902,201903,201904,201905,201906,201907,201908,201909,201910,201911,201912],"Y_PREVALENCE_1000PP":[0.44,0.17,0.23,0.38,0.22,0.18,0.28,0.3,0.23,0.42,0.27,0.34]},"CONDITIONS_BY_TYPE":{"CONCEPT_NAME":"Claim","COUNT_VALUE":450},"AGE_AT_FIRST_DIAGNOSIS":{"CATEGORY":["No matching concept","MALE","FEMALE"],"MIN_VALUE":[4,0,0],"P10_VALUE":[4,11,11],"P25_VALUE":[14,28,25],"MEDIAN_VALUE":[47,46,43],"P75_VALUE":[58,67,62],"P90_VALUE":[91,79,76],"MAX_VALUE":[91,99,99]}}
