{"PREVALENCE_BY_GENDER_AGE_YEAR":{"TRELLIS_NAME":["30-39","50-59","10-19","0-9","20-29","40-49","10-19","20-29","60-69","70-79","0-9","30-39","50-59","40-49","70-79","60-69"],"SERIES_NAME":["MALE","MALE","MALE","MALE","MALE","MALE","FEMALE","FEMALE","MALE","MALE","FEMALE","FEMALE","FEMALE","FEMALE","FEMALE","FEMALE"],"X_CALENDAR_YEAR":[2019,2019,2019,2019,2019,2019,2019,2019,2019,2019,2019,2019,2019,2019,2019,2019],"Y_PREVALENCE_1000PP":[1.69779,1.7616,1.83655,1.78174,2.18782,1.89975,1.96721,2.00267,2.51353,1.71168,2.52632,3.41408,1.73863,2.14439,1.84945,1.13464]},"PREVALENCE_BY_MONTH":{"X_CALENDAR_MONTH":[201901,201902,201903,201904,201905,201906,201907,201908,201909,201910,201911,201912],"Y_PREVALENCE_1000PP":[0.16,0.21,0.13,0.17,0.17,0.16,0.23,0.18,0.21,0.12,0.12,0.22]},"CONDITIONS_BY_TYPE":{"CONCEPT_NAME":"Claim","COUNT_VALUE":283},"AGE_AT_FIRST_DIAGNOSIS":{"CATEGORY":["MALE","FEMALE","No matching concept"],"MIN_VALUE":[0,0,34],"P10_VALUE":[13,8,34],"P25_VALUE":[26,25,36],"MEDIAN_VALUE":[47,37,44],"P75_VALUE":[65,57,54],"P90_VALUE":[78,76,87],"MAX_VALUE":[99,98,87]}}
