{"PREVALENCE_BY_GENDER_AGE_YEAR":{"TRELLIS_NAME":["50-59","40-49","0-9","20-29","20-29","40-49","30-39","50-59","10-19"],"SERIES_NAME":["FEMALE","FEMALE","FEMALE","FEMALE","MALE","MALE","MALE","MALE","MALE"],"X_CALENDAR_YEAR":[2019,2019,2019,2019,2019,2019,2019,2019,2019],"Y_PREVALENCE_1000PP":[0.86919,1.57031,1.2621,1.49875,1.17964,1.60889,1.69463,1.02684,1.60403]},"PREVALENCE_BY_MONTH":{"X_CALENDAR_MONTH":[201901,201902,201904,201905,201906,201907,201908,201909,201910,201911,201912],"Y_PREVALENCE_1000PP":[0.09,0.1,0.13,0.12,0.06,0.11,0.14,0.06,0.08,0.11,0.11]},"CONDITIONS_BY_TYPE":{"CONCEPT_NAME":"Claim","COUNT_VALUE":604},"AGE_AT_FIRST_DIAGNOSIS":{"CATEGORY":["FEMALE","MALE"],"MIN_VALUE":[0,0],"P10_VALUE":[8,11],"P25_VALUE":[25,23],"MEDIAN_VALUE":[44,39],"P75_VALUE":[64,56],"P90_VALUE":[85,73],"MAX_VALUE":[99,84]}}
