{"PREVALENCE_BY_GENDER_AGE_YEAR":{"TRELLIS_NAME":["20-29","50-59","30-39","60-69","10-19","0-9","40-49","0-9","80-89","30-39","40-49","90-99","70-79","20-29","10-19","80-89","60-69","90-99","70-79","50-59"],"SERIES_NAME":["MALE","MALE","MALE","MALE","MALE","MALE","MALE","FEMALE","MALE","FEMALE","FEMALE","MALE","MALE","FEMALE","FEMALE","FEMALE","FEMALE","FEMALE","FEMALE","FEMALE"],"X_CALENDAR_YEAR":[2019,2019,2019,2019,2019,2019,2019,2019,2019,2019,2019,2019,2019,2019,2019,2019,2019,2019,2019,2019],"Y_PREVALENCE_1000PP":[171.15449,171.31533,164.00679,167.44006,180.44077,166.59243,170.97764,172.84211,175.59359,174.76833,171.97999,168.48138,177.4439,172.22964,176.61202,168.97347,173.03328,168.79511,169.22508,171.68937]},"PREVALENCE_BY_MONTH":{"X_CALENDAR_MONTH":[201901,201902,201903,201904,201905,201906,201907,201908,201909,201910,201911,201912],"Y_PREVALENCE_1000PP":[17.91,12.9,15.03,17.8,14.54,13.79,18.38,14.15,14.29,18.09,13.62,14.73]},"CONDITIONS_BY_TYPE":{"CONCEPT_NAME":"Claim","COUNT_VALUE":25372},"AGE_AT_FIRST_DIAGNOSIS":{"CATEGORY":["No matching concept","MALE","FEMALE"],"MIN_VALUE":[0,0,0],"P10_VALUE":[10,10,10],"P25_VALUE":[25,25,25],"MEDIAN_VALUE":[43,45,44],"P75_VALUE":[63,63,62],"P90_VALUE":[77,77,76],"MAX_VALUE":[98,99,99]}}
