{"PREVALENCE_BY_GENDER_AGE_YEAR":{"TRELLIS_NAME":["50-59","40-49","60-69","80-89","70-79","20-29","0-9","70-79","10-19","30-39","0-9","20-29","10-19","30-39","60-69","50-59","40-49"],"SERIES_NAME":["FEMALE","FEMALE","FEMALE","FEMALE","FEMALE","FEMALE","FEMALE","MALE","FEMALE","FEMALE","MALE","MALE","MALE","MALE","MALE","MALE","MALE"],"X_CALENDAR_YEAR":[2019,2019,2019,2019,2019,2019,2019,2019,2019,2019,2019,2019,2019,2019,2019,2019,2019],"Y_PREVALENCE_1000PP":[3.62214,2.85919,2.4584,4.03691,2.95913,1.66889,2.73684,2.47242,1.96721,2.6012,2.44989,2.18782,2.06612,3.73514,3.28693,3.37639,1.75362]},"PREVALENCE_BY_MONTH":{"X_CALENDAR_MONTH":[201901,201902,201903,201904,201905,201906,201907,201908,201909,201910,201911,201912],"Y_PREVALENCE_1000PP":[0.27,0.18,0.17,0.29,0.24,0.19,0.26,0.16,0.24,0.3,0.2,0.17]},"CONDITIONS_BY_TYPE":{"CONCEPT_NAME":"Claim","COUNT_VALUE":353},"AGE_AT_FIRST_DIAGNOSIS":{"CATEGORY":["MALE","FEMALE","No matching concept"],"MIN_VALUE":[1,0,0],"P10_VALUE":[12,9,0],"P25_VALUE":[27,31,10],"MEDIAN_VALUE":[45,46,22],"P75_VALUE":[61,64,33],"P90_VALUE":[75,76,94],"MAX_VALUE":[98,97,94]}}
