{"PREVALENCE_BY_GENDER_AGE_YEAR":{"TRELLIS_NAME":["50-59","10-19","30-39","20-29","0-9","40-49","40-49","60-69","50-59","70-79","10-19","70-79","20-29","30-39","60-69"],"SERIES_NAME":["MALE","MALE","MALE","MALE","MALE","MALE","FEMALE","FEMALE","FEMALE","FEMALE","FEMALE","MALE","FEMALE","FEMALE","MALE"],"X_CALENDAR_YEAR":[2019,2019,2019,2019,2019,2019,2019,2019,2019,2019,2019,2019,2019,2019,2019],"Y_PREVALENCE_1000PP":[1.76031,1.83318,2.03355,1.01112,1.56041,1.46263,1.57031,1.14155,1.59351,1.11193,1.31176,1.13917,1.33222,2.27939,1.73077]},"PREVALENCE_BY_MONTH":{"X_CALENDAR_MONTH":[201901,201902,201903,201904,201905,201906,201907,201908,201909,201910,201912],"Y_PREVALENCE_1000PP":[0.13,0.15,0.06,0.13,0.11,0.11,0.2,0.12,0.18,0.17,0.09]},"CONDITIONS_BY_TYPE":{"CONCEPT_NAME":"Claim","COUNT_VALUE":780},"AGE_AT_FIRST_DIAGNOSIS":{"CATEGORY":["MALE","FEMALE"],"MIN_VALUE":[1,0],"P10_VALUE":[10,17],"P25_VALUE":[24,29],"MEDIAN_VALUE":[46,44],"P75_VALUE":[61,57],"P90_VALUE":[76,78],"MAX_VALUE":[99,96]}}
