{"PREVALENCE_BY_GENDER_AGE_YEAR":{"TRELLIS_NAME":["30-39","40-49","50-59","10-19","40-49","20-29","30-39","70-79"],"SERIES_NAME":["MALE","MALE","FEMALE","FEMALE","FEMALE","FEMALE","FEMALE","MALE"],"X_CALENDAR_YEAR":[2019,2019,2019,2019,2019,2019,2019,2019],"Y_PREVALENCE_1000PP":[1.3557,0.87758,0.86919,1.31176,1.14204,1.1657,1.13969,1.13917]},"PREVALENCE_BY_MONTH":{"X_CALENDAR_MONTH":[201901,201903,201905,201907,201908,201910,201912],"Y_PREVALENCE_1000PP":[0.1,0.09,0.06,0.09,0.1,0.13,0.07]},"CONDITIONS_BY_TYPE":{"CONCEPT_NAME":"Claim","COUNT_VALUE":480},"AGE_AT_FIRST_DIAGNOSIS":{"CATEGORY":["FEMALE","MALE"],"MIN_VALUE":[0,2],"P10_VALUE":[12,13],"P25_VALUE":[27,31],"MEDIAN_VALUE":[36,44],"P75_VALUE":[52,66],"P90_VALUE":[79,76],"MAX_VALUE":[99,94]}}
