{"PREVALENCE_BY_GENDER_AGE_YEAR":{"TRELLIS_NAME":["70-79","60-69","0-9","20-29","10-19","30-39","80-89","30-39","40-49","20-29","10-19","50-59","0-9","50-59","60-69","90-99","80-89","70-79","40-49"],"SERIES_NAME":["MALE","MALE","FEMALE","FEMALE","FEMALE","FEMALE","MALE","MALE","MALE","MALE","MALE","MALE","MALE","FEMALE","FEMALE","FEMALE","FEMALE","FEMALE","FEMALE"],"X_CALENDAR_YEAR":[2019,2019,2019,2019,2019,2019,2019,2019,2019,2019,2019,2019,2019,2019,2019,2019,2019,2019,2019],"Y_PREVALENCE_1000PP":[3.42335,4.06032,4.42105,3.00401,5.2459,3.08893,7.73054,3.90492,3.3611,3.87075,2.98439,4.55079,3.11804,5.36076,3.78215,4.99722,4.61361,2.95913,4.28878]},"PREVALENCE_BY_MONTH":{"X_CALENDAR_MONTH":[201901,201902,201903,201904,201905,201906,201907,201908,201909,201910,201911,201912],"Y_PREVALENCE_1000PP":[0.44,0.24,0.41,0.43,0.27,0.31,0.29,0.29,0.25,0.47,0.31,0.24]},"CONDITIONS_BY_TYPE":{"CONCEPT_NAME":"Claim","COUNT_VALUE":538},"AGE_AT_FIRST_DIAGNOSIS":{"CATEGORY":["MALE","FEMALE","No matching concept"],"MIN_VALUE":[1,0,3],"P10_VALUE":[13,9,3],"P25_VALUE":[28,21,11],"MEDIAN_VALUE":[49,46,44],"P75_VALUE":[65,60,75],"P90_VALUE":[80,75,78],"MAX_VALUE":[99,99,78]}}
