{"PREVALENCE_BY_GENDER_AGE_YEAR":{"TRELLIS_NAME":["40-49","0-9","60-69","30-39","50-59","10-19","30-39","20-29","70-79","40-49","0-9","70-79","50-59"],"SERIES_NAME":["MALE","MALE","MALE","MALE","MALE","MALE","FEMALE","FEMALE","MALE","FEMALE","FEMALE","FEMALE","FEMALE"],"X_CALENDAR_YEAR":[2019,2019,2019,2019,2019,2019,2019,2019,2019,2019,2019,2019,2019],"Y_PREVALENCE_1000PP":[2.04768,2.22916,1.15385,1.18624,1.61361,1.83318,0.97688,0.99917,2.08848,1.2848,1.2621,1.85322,1.30378]},"PREVALENCE_BY_MONTH":{"X_CALENDAR_MONTH":[201901,201902,201903,201904,201905,201906,201907,201908,201909,201910,201911,201912],"Y_PREVALENCE_1000PP":[0.18,0.07,0.11,0.19,0.11,0.07,0.15,0.09,0.11,0.14,0.11,0.11]},"CONDITIONS_BY_TYPE":{"CONCEPT_NAME":"Claim","COUNT_VALUE":760},"AGE_AT_FIRST_DIAGNOSIS":{"CATEGORY":["FEMALE","MALE"],"MIN_VALUE":[2,0],"P10_VALUE":[9,8],"P25_VALUE":[28,27],"MEDIAN_VALUE":[47,48],"P75_VALUE":[64,70],"P90_VALUE":[75,81],"MAX_VALUE":[99,99]}}
