{"PREVALENCE_BY_GENDER_AGE_YEAR":{"TRELLIS_NAME":["0-9","40-49","30-39","70-79","20-29","10-19","10-19","40-49","50-59","30-39","60-69","20-29","0-9","60-69","90-99","70-79","50-59"],"SERIES_NAME":["FEMALE","FEMALE","FEMALE","MALE","FEMALE","FEMALE","MALE","MALE","MALE","MALE","MALE","MALE","MALE","FEMALE","FEMALE","FEMALE","FEMALE"],"X_CALENDAR_YEAR":[2019,2019,2019,2019,2019,2019,2019,2019,2019,2019,2019,2019,2019,2019,2019,2019,2019],"Y_PREVALENCE_1000PP":[1.47244,3.28337,2.60501,3.03778,2.33139,2.62352,1.83318,2.04768,1.76031,2.03355,3.07692,2.02224,2.22916,1.14155,4.45931,3.15048,2.60756]},"PREVALENCE_BY_MONTH":{"X_CALENDAR_MONTH":[201901,201902,201903,201904,201905,201906,201907,201908,201909,201910,201911,201912],"Y_PREVALENCE_1000PP":[0.25,0.2,0.1,0.19,0.24,0.22,0.19,0.21,0.21,0.24,0.12,0.19]},"CONDITIONS_BY_TYPE":{"CONCEPT_NAME":"Claim","COUNT_VALUE":1232},"AGE_AT_FIRST_DIAGNOSIS":{"CATEGORY":["MALE","FEMALE"],"MIN_VALUE":[0,1],"P10_VALUE":[12,14],"P25_VALUE":[27,29],"MEDIAN_VALUE":[46,45],"P75_VALUE":[68,64],"P90_VALUE":[79,79],"MAX_VALUE":[94,99]}}
