{"PREVALENCE_BY_GENDER_AGE_YEAR":{"TRELLIS_NAME":["0-9","50-59","30-39","10-19","20-29","40-49","0-9","10-19","90-99","20-29","30-39","80-89","60-69","70-79","80-89","40-49","90-99","50-59","70-79","60-69"],"SERIES_NAME":["MALE","MALE","MALE","MALE","MALE","MALE","FEMALE","FEMALE","MALE","FEMALE","FEMALE","MALE","MALE","MALE","FEMALE","FEMALE","FEMALE","FEMALE","FEMALE","FEMALE"],"X_CALENDAR_YEAR":[2019,2019,2019,2019,2019,2019,2019,2019,2019,2019,2019,2019,2019,2019,2019,2019,2019,2019,2019,2019],"Y_PREVALENCE_1000PP":[18.93096,20.99237,22.58065,20.66116,21.37327,18.70525,25.89474,17.48634,20.05731,19.02537,17.7207,18.77416,19.14153,21.30087,23.06805,24.01716,19.43365,20.86352,19.97411,18.15431]},"PREVALENCE_BY_MONTH":{"X_CALENDAR_MONTH":[201901,201902,201903,201904,201905,201906,201907,201908,201909,201910,201911,201912],"Y_PREVALENCE_1000PP":[2.07,1.52,1.64,2.07,1.58,1.36,1.93,1.53,1.75,1.89,1.75,1.62]},"CONDITIONS_BY_TYPE":{"CONCEPT_NAME":"Claim","COUNT_VALUE":2788},"AGE_AT_FIRST_DIAGNOSIS":{"CATEGORY":["MALE","No matching concept","FEMALE"],"MIN_VALUE":[0,0,0],"P10_VALUE":[11,10,7],"P25_VALUE":[25,34,25],"MEDIAN_VALUE":[44,46,45],"P75_VALUE":[63,56,63],"P90_VALUE":[76,78,77],"MAX_VALUE":[99,94,99]}}
