{"PREVALENCE_BY_GENDER_AGE_YEAR":{"TRELLIS_NAME":["70-79","0-9","30-39","10-19","40-49","20-29","10-19","20-29","60-69","30-39","40-49","50-59","70-79","60-69","50-59","80-89"],"SERIES_NAME":["MALE","FEMALE","FEMALE","FEMALE","FEMALE","FEMALE","MALE","MALE","MALE","MALE","MALE","MALE","FEMALE","FEMALE","FEMALE","FEMALE"],"X_CALENDAR_YEAR":[2019,2019,2019,2019,2019,2019,2019,2019,2019,2019,2019,2019,2019,2019,2019,2019],"Y_PREVALENCE_1000PP":[2.47242,2.10526,1.13803,1.96721,2.43031,2.16956,1.83655,2.18782,1.93349,2.20713,1.89975,1.3212,1.47956,1.13464,1.73863,3.46021]},"PREVALENCE_BY_MONTH":{"X_CALENDAR_MONTH":[201901,201902,201903,201904,201905,201906,201907,201908,201909,201910,201911,201912],"Y_PREVALENCE_1000PP":[0.17,0.12,0.14,0.23,0.13,0.16,0.18,0.17,0.13,0.2,0.14,0.12]},"CONDITIONS_BY_TYPE":{"CONCEPT_NAME":"Claim","COUNT_VALUE":268},"AGE_AT_FIRST_DIAGNOSIS":{"CATEGORY":["No matching concept","MALE","FEMALE"],"MIN_VALUE":[2,1,0],"P10_VALUE":[2,13,8],"P25_VALUE":[37,25,21],"MEDIAN_VALUE":[43,44,41],"P75_VALUE":[61,67,59],"P90_VALUE":[68,78,79],"MAX_VALUE":[79,99,96]}}
