{"PREVALENCE_BY_GENDER_AGE_YEAR":{"TRELLIS_NAME":["20-29","50-59","40-49","50-59","70-79"],"SERIES_NAME":["MALE","MALE","FEMALE","FEMALE","FEMALE"],"X_CALENDAR_YEAR":[2019,2019,2019,2019,2019],"Y_PREVALENCE_1000PP":[1.34635,0.8808,1.14367,1.0142,1.47956]},"PREVALENCE_BY_MONTH":{"X_CALENDAR_MONTH":[201901,201902,201903,201904,201905,201907,201910,201911],"Y_PREVALENCE_1000PP":[0.13,0.07,0.06,0.08,0.07,0.1,0.07,0.08]},"CONDITIONS_BY_TYPE":{"CONCEPT_NAME":"Claim","COUNT_VALUE":111},"AGE_AT_FIRST_DIAGNOSIS":{"CATEGORY":["MALE","FEMALE"],"MIN_VALUE":[1,0],"P10_VALUE":[12,9],"P25_VALUE":[21,31],"MEDIAN_VALUE":[41,50],"P75_VALUE":[58,70],"P90_VALUE":[78,78],"MAX_VALUE":[95,98]}}
