{"PREVALENCE_BY_GENDER_AGE_YEAR":{"TRELLIS_NAME":["50-59","20-29","10-19","70-79","40-49","40-49","20-29"],"SERIES_NAME":["FEMALE","FEMALE","FEMALE","MALE","FEMALE","MALE","MALE"],"X_CALENDAR_YEAR":[2019,2019,2019,2019,2019,2019,2019],"Y_PREVALENCE_1000PP":[1.0142,1.33511,1.31148,1.14112,0.85776,1.16908,1.68294]},"PREVALENCE_BY_MONTH":{"X_CALENDAR_MONTH":[201901,201903,201904,201905,201906,201907,201908,201910,201911,201912],"Y_PREVALENCE_1000PP":[0.08,0.06,0.07,0.07,0.08,0.17,0.06,0.1,0.09,0.06]},"CONDITIONS_BY_TYPE":{"CONCEPT_NAME":"Claim","COUNT_VALUE":124},"AGE_AT_FIRST_DIAGNOSIS":{"CATEGORY":["FEMALE","MALE"],"MIN_VALUE":[7,0],"P10_VALUE":[16,12],"P25_VALUE":[23,27],"MEDIAN_VALUE":[42,41],"P75_VALUE":[54,67],"P90_VALUE":[79,77],"MAX_VALUE":[97,97]}}
