{"PREVALENCE_BY_GENDER_AGE_YEAR":{"TRELLIS_NAME":["70-79","50-59","40-49","90-99","60-69","80-89","20-29","10-19","0-9","80-89","70-79","90-99","30-39","0-9","50-59","20-29","30-39","40-49","10-19","60-69"],"SERIES_NAME":["FEMALE","FEMALE","FEMALE","FEMALE","FEMALE","FEMALE","FEMALE","FEMALE","FEMALE","MALE","MALE","MALE","FEMALE","MALE","MALE","MALE","MALE","MALE","MALE","MALE"],"X_CALENDAR_YEAR":[2019,2019,2019,2019,2019,2019,2019,2019,2019,2019,2019,2019,2019,2019,2019,2019,2019,2019,2019,2019],"Y_PREVALENCE_1000PP":[7.21287,6.66473,6.43317,4.99722,6.24054,5.76701,4.6729,6.77596,7.36842,6.62617,7.60746,4.01146,6.99073,6.4588,6.60599,6.22686,5.43294,6.86833,5.28007,5.60712]},"PREVALENCE_BY_MONTH":{"X_CALENDAR_MONTH":[201901,201902,201903,201904,201905,201906,201907,201908,201909,201910,201911,201912],"Y_PREVALENCE_1000PP":[0.65,0.39,0.41,0.56,0.58,0.55,0.63,0.54,0.51,0.58,0.38,0.56]},"CONDITIONS_BY_TYPE":{"CONCEPT_NAME":"Claim","COUNT_VALUE":856},"AGE_AT_FIRST_DIAGNOSIS":{"CATEGORY":["MALE","No matching concept","FEMALE"],"MIN_VALUE":[0,1,0],"P10_VALUE":[10,6,9],"P25_VALUE":[26,24,23],"MEDIAN_VALUE":[45,48,45],"P75_VALUE":[63,59,62],"P90_VALUE":[76,87,77],"MAX_VALUE":[97,94,99]}}
