{"PREVALENCE_BY_GENDER_AGE_YEAR":{"TRELLIS_NAME":["90-99","30-39","0-9","20-29","10-19","40-49","70-79","50-59","70-79","80-89","60-69","50-59","40-49","10-19","60-69","30-39","0-9","20-29"],"SERIES_NAME":["MALE","FEMALE","FEMALE","FEMALE","FEMALE","FEMALE","MALE","FEMALE","FEMALE","FEMALE","FEMALE","MALE","MALE","MALE","MALE","MALE","MALE","MALE"],"X_CALENDAR_YEAR":[2019,2019,2019,2019,2019,2019,2019,2019,2019,2019,2019,2019,2019,2019,2019,2019,2019,2019],"Y_PREVALENCE_1000PP":[6.83761,3.09345,2.73454,3.49709,2.62352,3.28337,1.32903,5.07026,2.22387,5.18732,4.75647,2.93384,3.21779,6.18698,4.03846,3.89764,2.00624,3.53893]},"PREVALENCE_BY_MONTH":{"X_CALENDAR_MONTH":[201901,201902,201903,201904,201905,201906,201907,201908,201909,201910,201911,201912],"Y_PREVALENCE_1000PP":[0.34,0.19,0.33,0.23,0.23,0.27,0.34,0.32,0.26,0.48,0.25,0.2]},"CONDITIONS_BY_TYPE":{"CONCEPT_NAME":"Claim","COUNT_VALUE":1872},"AGE_AT_FIRST_DIAGNOSIS":{"CATEGORY":["MALE","FEMALE"],"MIN_VALUE":[0,0],"P10_VALUE":[12,16],"P25_VALUE":[23,27],"MEDIAN_VALUE":[40,47],"P75_VALUE":[60,63],"P90_VALUE":[81,76],"MAX_VALUE":[99,99]}}
