{"PREVALENCE_BY_GENDER_AGE_YEAR":{"TRELLIS_NAME":["40-49","70-79","50-59","80-89","60-69","50-59","10-19","0-9","30-39","40-49","60-69","20-29","70-79","0-9","10-19","30-39","20-29"],"SERIES_NAME":["FEMALE","FEMALE","FEMALE","FEMALE","FEMALE","MALE","MALE","MALE","MALE","MALE","MALE","MALE","MALE","FEMALE","FEMALE","FEMALE","FEMALE"],"X_CALENDAR_YEAR":[2019,2019,2019,2019,2019,2019,2019,2019,2019,2019,2019,2019,2019,2019,2019,2019,2019],"Y_PREVALENCE_1000PP":[2.57327,2.21935,2.75283,3.46021,1.70197,1.6148,2.98439,1.3363,1.69779,2.48429,2.90023,1.68294,1.90186,1.68421,1.74863,1.9509,2.16956]},"PREVALENCE_BY_MONTH":{"X_CALENDAR_MONTH":[201901,201902,201903,201904,201905,201906,201907,201908,201909,201910,201911,201912],"Y_PREVALENCE_1000PP":[0.14,0.18,0.2,0.18,0.2,0.12,0.21,0.14,0.14,0.26,0.16,0.18]},"CONDITIONS_BY_TYPE":{"CONCEPT_NAME":"Claim","COUNT_VALUE":285},"AGE_AT_FIRST_DIAGNOSIS":{"CATEGORY":["MALE","FEMALE","No matching concept"],"MIN_VALUE":[0,0,10],"P10_VALUE":[12,13,10],"P25_VALUE":[23,27,20],"MEDIAN_VALUE":[44,45,22],"P75_VALUE":[63,66,29],"P90_VALUE":[74,79,54],"MAX_VALUE":[97,99,54]}}
