{"PREVALENCE_BY_GENDER_AGE_YEAR":{"TRELLIS_NAME":["20-29","40-49","30-39","30-39","20-29","70-79","60-69","40-49"],"SERIES_NAME":["MALE","MALE","MALE","FEMALE","FEMALE","FEMALE","FEMALE","FEMALE"],"X_CALENDAR_YEAR":[2019,2019,2019,2019,2019,2019,2019,2019],"Y_PREVALENCE_1000PP":[1.51668,0.87758,1.52517,1.79095,1.33222,1.6679,1.14155,0.85653]},"PREVALENCE_BY_MONTH":{"X_CALENDAR_MONTH":[201901,201902,201903,201904,201905,201909,201910,201911,201912],"Y_PREVALENCE_1000PP":[0.08,0.07,0.11,0.11,0.08,0.07,0.16,0.06,0.11]},"CONDITIONS_BY_TYPE":{"CONCEPT_NAME":"Claim","COUNT_VALUE":488},"AGE_AT_FIRST_DIAGNOSIS":{"CATEGORY":["MALE","FEMALE"],"MIN_VALUE":[8,3],"P10_VALUE":[21,18],"P25_VALUE":[23,31],"MEDIAN_VALUE":[38,46],"P75_VALUE":[49,72],"P90_VALUE":[62,82],"MAX_VALUE":[90,97]}}
