{"PREVALENCE_BY_GENDER_AGE_YEAR":{"TRELLIS_NAME":["0-9","20-29","10-19","80-89","70-79","90-99","30-39","60-69","50-59","70-79","80-89","90-99","40-49","60-69","40-49","50-59","20-29","0-9","10-19","30-39"],"SERIES_NAME":["FEMALE","FEMALE","FEMALE","MALE","MALE","MALE","FEMALE","FEMALE","FEMALE","FEMALE","FEMALE","FEMALE","FEMALE","MALE","MALE","MALE","MALE","MALE","MALE","MALE"],"X_CALENDAR_YEAR":[2019,2019,2019,2019,2019,2019,2019,2019,2019,2019,2019,2019,2019,2019,2019,2019,2019,2019,2019,2019],"Y_PREVALENCE_1000PP":[8.21053,8.51135,7.86885,9.93926,11.03081,12.03438,9.91709,7.7534,9.85222,9.06233,4.03691,4.99722,8.86347,7.73395,8.32968,9.54198,9.59273,8.68597,7.34619,7.80985]},"PREVALENCE_BY_MONTH":{"X_CALENDAR_MONTH":[201901,201902,201903,201904,201905,201906,201907,201908,201909,201910,201911,201912],"Y_PREVALENCE_1000PP":[0.85,0.62,0.77,0.89,0.61,0.56,0.95,0.71,0.55,0.72,0.69,0.8]},"CONDITIONS_BY_TYPE":{"CONCEPT_NAME":"Claim","COUNT_VALUE":1143},"AGE_AT_FIRST_DIAGNOSIS":{"CATEGORY":["MALE","No matching concept","FEMALE"],"MIN_VALUE":[0,4,0],"P10_VALUE":[11,23,11],"P25_VALUE":[26,38,26],"MEDIAN_VALUE":[47,44,43],"P75_VALUE":[68,74,60],"P90_VALUE":[79,76,73],"MAX_VALUE":[99,89,99]}}
