{"PREVALENCE_BY_GENDER_AGE_YEAR":{"TRELLIS_NAME":["90-99","80-89","0-9","70-79","60-69","20-29","10-19","30-39","40-49","50-59","10-19","30-39","0-9","20-29","80-89","40-49","70-79","50-59","60-69"],"SERIES_NAME":["MALE","MALE","FEMALE","MALE","MALE","FEMALE","FEMALE","FEMALE","MALE","MALE","MALE","MALE","MALE","MALE","FEMALE","FEMALE","FEMALE","FEMALE","FEMALE"],"X_CALENDAR_YEAR":[2019,2019,2019,2019,2019,2019,2019,2019,2019,2019,2019,2019,2019,2019,2019,2019,2019,2019,2019],"Y_PREVALENCE_1000PP":[5.15759,3.86527,3.78947,2.8528,5.41377,3.50467,3.49727,3.57665,4.09177,4.40399,3.21396,4.24448,3.11804,4.03904,5.76701,3.00214,2.95913,2.89771,4.53858]},"PREVALENCE_BY_MONTH":{"X_CALENDAR_MONTH":[201901,201902,201903,201904,201905,201906,201907,201908,201909,201910,201911,201912],"Y_PREVALENCE_1000PP":[0.38,0.24,0.33,0.3,0.27,0.31,0.38,0.32,0.17,0.47,0.28,0.27]},"CONDITIONS_BY_TYPE":{"CONCEPT_NAME":"Claim","COUNT_VALUE":492},"AGE_AT_FIRST_DIAGNOSIS":{"CATEGORY":["MALE","FEMALE"],"MIN_VALUE":[2,0],"P10_VALUE":[15,9],"P25_VALUE":[28,24],"MEDIAN_VALUE":[48,45],"P75_VALUE":[64,63],"P90_VALUE":[78,78],"MAX_VALUE":[99,98]}}
