{"PREVALENCE_BY_GENDER_AGE_YEAR":{"TRELLIS_NAME":["20-29","30-39","10-19","60-69","80-89","0-9","70-79","50-59","70-79","40-49","60-69","40-49","30-39","50-59","0-9","20-29","10-19"],"SERIES_NAME":["FEMALE","FEMALE","FEMALE","MALE","MALE","FEMALE","MALE","FEMALE","FEMALE","FEMALE","FEMALE","MALE","MALE","MALE","MALE","MALE","MALE"],"X_CALENDAR_YEAR":[2019,2019,2019,2019,2019,2019,2019,2019,2019,2019,2019,2019,2019,2019,2019,2019,2019],"Y_PREVALENCE_1000PP":[3.67156,4.55211,2.18579,4.06032,3.86527,3.15789,3.23317,4.0568,4.80858,3.71694,2.83661,3.7995,3.05603,4.11039,4.23163,4.54392,4.59137]},"PREVALENCE_BY_MONTH":{"X_CALENDAR_MONTH":[201901,201902,201903,201904,201905,201906,201907,201908,201909,201910,201911,201912],"Y_PREVALENCE_1000PP":[0.22,0.27,0.27,0.35,0.34,0.19,0.43,0.36,0.34,0.37,0.21,0.37]},"CONDITIONS_BY_TYPE":{"CONCEPT_NAME":"Claim","COUNT_VALUE":506},"AGE_AT_FIRST_DIAGNOSIS":{"CATEGORY":["MALE","FEMALE","No matching concept"],"MIN_VALUE":[0,1,46],"P10_VALUE":[9,12,46],"P25_VALUE":[23,28,53],"MEDIAN_VALUE":[42,45,56],"P75_VALUE":[60,63,68],"P90_VALUE":[76,75,75],"MAX_VALUE":[98,97,75]}}
