{"PREVALENCE_BY_GENDER_AGE_YEAR":{"TRELLIS_NAME":["90-99","20-29","70-79","80-89","30-39","10-19","40-49","0-9","10-19","60-69","40-49","30-39","50-59","0-9","20-29","60-69","80-89","70-79","50-59"],"SERIES_NAME":["MALE","FEMALE","MALE","MALE","FEMALE","FEMALE","FEMALE","FEMALE","MALE","MALE","MALE","MALE","MALE","MALE","MALE","FEMALE","FEMALE","FEMALE","FEMALE"],"X_CALENDAR_YEAR":[2019,2019,2019,2019,2019,2019,2019,2019,2019,2019,2019,2019,2019,2019,2019,2019,2019,2019,2019],"Y_PREVALENCE_1000PP":[4.58453,5.34045,3.61354,3.31309,2.43863,2.40437,4.00286,4.42105,3.44353,4.83372,5.11472,4.24448,3.52319,3.78619,3.87075,2.26929,3.46021,3.88385,4.92611]},"PREVALENCE_BY_MONTH":{"X_CALENDAR_MONTH":[201901,201902,201903,201904,201905,201906,201907,201908,201909,201910,201911,201912],"Y_PREVALENCE_1000PP":[0.4,0.28,0.27,0.33,0.24,0.21,0.51,0.3,0.32,0.49,0.27,0.31]},"CONDITIONS_BY_TYPE":{"CONCEPT_NAME":"Claim","COUNT_VALUE":537},"AGE_AT_FIRST_DIAGNOSIS":{"CATEGORY":["MALE","No matching concept","FEMALE"],"MIN_VALUE":[0,5,0],"P10_VALUE":[11,20,8],"P25_VALUE":[26,27,24],"MEDIAN_VALUE":[45,39,44],"P75_VALUE":[62,47,58],"P90_VALUE":[76,51,78],"MAX_VALUE":[99,76,95]}}
