{"PREVALENCE_BY_GENDER_AGE_YEAR":{"TRELLIS_NAME":["60-69","20-29","10-19","40-49","50-59","30-39","0-9","50-59","90-99","70-79","60-69","80-89","0-9","80-89","20-29","70-79","10-19","40-49","30-39","90-99"],"SERIES_NAME":["MALE","MALE","MALE","MALE","MALE","MALE","MALE","FEMALE","FEMALE","FEMALE","FEMALE","FEMALE","FEMALE","MALE","FEMALE","MALE","FEMALE","FEMALE","FEMALE","MALE"],"X_CALENDAR_YEAR":[2019,2019,2019,2019,2019,2019,2019,2019,2019,2019,2019,2019,2019,2019,2019,2019,2019,2019,2019,2019],"Y_PREVALENCE_1000PP":[17.78809,20.53181,18.59504,18.41298,15.70757,18.33616,18.93096,17.82092,16.10217,19.23433,20.04539,22.49135,18.73684,24.84815,18.35781,18.06771,15.30055,19.72838,20.15932,14.89971]},"PREVALENCE_BY_MONTH":{"X_CALENDAR_MONTH":[201901,201902,201903,201904,201905,201906,201907,201908,201909,201910,201911,201912],"Y_PREVALENCE_1000PP":[1.78,1.41,1.46,1.63,1.29,1.31,1.74,1.8,1.47,1.97,1.21,1.56]},"CONDITIONS_BY_TYPE":{"CONCEPT_NAME":"Claim","COUNT_VALUE":2482},"AGE_AT_FIRST_DIAGNOSIS":{"CATEGORY":["FEMALE","MALE","No matching concept"],"MIN_VALUE":[0,0,2],"P10_VALUE":[10,10,10],"P25_VALUE":[26,24,29],"MEDIAN_VALUE":[44,43,43],"P75_VALUE":[64,64,66],"P90_VALUE":[77,78,84],"MAX_VALUE":[99,99,97]}}
