{"PREVALENCE_BY_GENDER_AGE_YEAR":{"TRELLIS_NAME":["80-89","50-59","90-99","60-69","70-79","0-9","40-49","90-99","10-19","80-89","30-39","20-29","70-79","50-59","10-19","60-69","30-39","0-9","20-29","40-49"],"SERIES_NAME":["FEMALE","FEMALE","FEMALE","FEMALE","FEMALE","FEMALE","FEMALE","MALE","FEMALE","MALE","FEMALE","FEMALE","MALE","MALE","MALE","MALE","MALE","MALE","MALE","MALE"],"X_CALENDAR_YEAR":[2019,2019,2019,2019,2019,2019,2019,2019,2019,2019,2019,2019,2019,2019,2019,2019,2019,2019,2019,2019],"Y_PREVALENCE_1000PP":[6.34006,6.37404,4.45931,4.75647,4.81838,3.57594,4.71092,6.83761,4.59117,5.52181,5.04722,4.99584,5.31612,5.13422,5.04125,6.34615,4.5755,5.57289,4.88709,3.51031]},"PREVALENCE_BY_MONTH":{"X_CALENDAR_MONTH":[201901,201902,201903,201904,201905,201906,201907,201908,201909,201910,201911,201912],"Y_PREVALENCE_1000PP":[0.57,0.35,0.5,0.52,0.44,0.38,0.47,0.29,0.37,0.44,0.27,0.4]},"CONDITIONS_BY_TYPE":{"CONCEPT_NAME":"Claim","COUNT_VALUE":2696},"AGE_AT_FIRST_DIAGNOSIS":{"CATEGORY":["No matching concept","FEMALE","MALE"],"MIN_VALUE":[44,0,0],"P10_VALUE":[44,12,9],"P25_VALUE":[55,28,25],"MEDIAN_VALUE":[58,46,48],"P75_VALUE":[68,64,66],"P90_VALUE":[70,79,79],"MAX_VALUE":[70,98,99]}}
