{"PREVALENCE_BY_GENDER_AGE_YEAR":{"TRELLIS_NAME":["50-59","40-49","70-79","60-69","90-99","0-9","60-69","30-39","10-19","70-79","20-29","0-9","10-19","20-29","30-39","40-49","50-59"],"SERIES_NAME":["FEMALE","FEMALE","FEMALE","FEMALE","FEMALE","FEMALE","MALE","FEMALE","FEMALE","MALE","FEMALE","MALE","MALE","MALE","MALE","MALE","MALE"],"X_CALENDAR_YEAR":[2019,2019,2019,2019,2019,2019,2019,2019,2019,2019,2019,2019,2019,2019,2019,2019,2019],"Y_PREVALENCE_1000PP":[2.60756,1.85582,1.48258,2.66362,3.34448,1.47244,1.53846,3.25627,1.74902,1.51889,1.1657,1.33749,2.52062,1.34816,2.37248,1.60889,1.46692]},"PREVALENCE_BY_MONTH":{"X_CALENDAR_MONTH":[201901,201902,201903,201904,201905,201906,201907,201908,201909,201910,201911,201912],"Y_PREVALENCE_1000PP":[0.12,0.12,0.15,0.28,0.14,0.11,0.15,0.15,0.15,0.15,0.18,0.19]},"CONDITIONS_BY_TYPE":{"CONCEPT_NAME":"Claim","COUNT_VALUE":992},"AGE_AT_FIRST_DIAGNOSIS":{"CATEGORY":["MALE","FEMALE"],"MIN_VALUE":[0,0],"P10_VALUE":[11,14],"P25_VALUE":[21,32],"MEDIAN_VALUE":[40,47],"P75_VALUE":[57,65],"P90_VALUE":[72,79],"MAX_VALUE":[97,99]}}
