{"PREVALENCE_BY_GENDER_AGE_YEAR":{"TRELLIS_NAME":["20-29","0-9","50-59","40-49","60-69","0-9","70-79","30-39","20-29","40-49","70-79","50-59"],"SERIES_NAME":["MALE","MALE","MALE","MALE","MALE","FEMALE","MALE","FEMALE","FEMALE","FEMALE","FEMALE","FEMALE"],"X_CALENDAR_YEAR":[2019,2019,2019,2019,2019,2019,2019,2019,2019,2019,2019,2019],"Y_PREVALENCE_1000PP":[1.17964,1.56041,1.907,1.31637,2.5,1.2621,1.13917,2.11657,1.1657,1.14204,2.40919,1.59351]},"PREVALENCE_BY_MONTH":{"X_CALENDAR_MONTH":[201901,201902,201903,201904,201905,201907,201908,201909,201910,201911,201912],"Y_PREVALENCE_1000PP":[0.1,0.16,0.17,0.2,0.1,0.07,0.16,0.12,0.16,0.1,0.06]},"CONDITIONS_BY_TYPE":{"CONCEPT_NAME":"Claim","COUNT_VALUE":768},"AGE_AT_FIRST_DIAGNOSIS":{"CATEGORY":["FEMALE","MALE"],"MIN_VALUE":[2,0],"P10_VALUE":[15,14],"P25_VALUE":[30,24],"MEDIAN_VALUE":[44,52],"P75_VALUE":[67,66],"P90_VALUE":[78,79],"MAX_VALUE":[97,98]}}
