{"PREVALENCE_BY_GENDER_AGE_YEAR":{"TRELLIS_NAME":["40-49","80-89","60-69","90-99","70-79","50-59","10-19","30-39","0-9","80-89","70-79","90-99","20-29","30-39","20-29","40-49","0-9","10-19","50-59","60-69"],"SERIES_NAME":["FEMALE","FEMALE","FEMALE","FEMALE","FEMALE","FEMALE","FEMALE","FEMALE","FEMALE","MALE","MALE","MALE","FEMALE","MALE","MALE","MALE","MALE","MALE","MALE","MALE"],"X_CALENDAR_YEAR":[2019,2019,2019,2019,2019,2019,2019,2019,2019,2019,2019,2019,2019,2019,2019,2019,2019,2019,2019,2019],"Y_PREVALENCE_1000PP":[45.74696,42.67589,46.89864,50.52748,47.71592,46.65314,41.96721,47.79711,51.36842,46.38321,49.44846,41.26074,47.56342,46.01019,51.49781,45.59404,46.10245,47.06152,47.70992,50.27069]},"PREVALENCE_BY_MONTH":{"X_CALENDAR_MONTH":[201901,201902,201903,201904,201905,201906,201907,201908,201909,201910,201911,201912],"Y_PREVALENCE_1000PP":[4.84,3.29,3.6,4.52,4,3.64,4.69,3.77,3.65,4.85,3.72,3.69]},"CONDITIONS_BY_TYPE":{"CONCEPT_NAME":"Claim","COUNT_VALUE":6585},"AGE_AT_FIRST_DIAGNOSIS":{"CATEGORY":["No matching concept","MALE","FEMALE"],"MIN_VALUE":[0,0,0],"P10_VALUE":[9,10,9],"P25_VALUE":[22,25,24],"MEDIAN_VALUE":[50,45,44],"P75_VALUE":[65,63,63],"P90_VALUE":[75,77,77],"MAX_VALUE":[99,99,99]}}
