{"PREVALENCE_BY_GENDER_AGE_YEAR":{"TRELLIS_NAME":["50-59","60-69","90-99","70-79","40-49","20-29","90-99","30-39","0-9","70-79","30-39","60-69","0-9","20-29","50-59","40-49"],"SERIES_NAME":["FEMALE","FEMALE","FEMALE","FEMALE","FEMALE","FEMALE","MALE","FEMALE","FEMALE","MALE","MALE","MALE","MALE","MALE","MALE","MALE"],"X_CALENDAR_YEAR":[2019,2019,2019,2019,2019,2019,2019,2019,2019,2019,2019,2019,2019,2019,2019,2019],"Y_PREVALENCE_1000PP":[1.30397,1.51286,3.88673,1.10967,2.00143,1.16822,3.4384,1.46318,1.89474,2.66261,2.20713,1.93349,2.44989,1.85123,2.0552,1.16908]},"PREVALENCE_BY_MONTH":{"X_CALENDAR_MONTH":[201901,201902,201903,201904,201905,201906,201907,201908,201909,201910,201911,201912],"Y_PREVALENCE_1000PP":[0.24,0.14,0.12,0.19,0.09,0.11,0.22,0.17,0.09,0.19,0.12,0.1]},"CONDITIONS_BY_TYPE":{"CONCEPT_NAME":"Claim","COUNT_VALUE":236},"AGE_AT_FIRST_DIAGNOSIS":{"CATEGORY":["No matching concept","MALE","FEMALE"],"MIN_VALUE":[20,3,0],"P10_VALUE":[20,8,4],"P25_VALUE":[23,24,28],"MEDIAN_VALUE":[44,47,46],"P75_VALUE":[71,68,64],"P90_VALUE":[84,77,85],"MAX_VALUE":[84,99,99]}}
