{"PREVALENCE_BY_GENDER_AGE_YEAR":{"TRELLIS_NAME":["30-39","70-79","10-19","0-9","20-29","40-49","70-79","60-69","50-59","20-29","0-9","60-69","30-39","10-19","50-59","40-49"],"SERIES_NAME":["FEMALE","MALE","FEMALE","FEMALE","FEMALE","FEMALE","FEMALE","FEMALE","FEMALE","MALE","MALE","MALE","MALE","MALE","MALE","MALE"],"X_CALENDAR_YEAR":[2019,2019,2019,2019,2019,2019,2019,2019,2019,2019,2019,2019,2019,2019,2019,2019],"Y_PREVALENCE_1000PP":[2.4422,2.08848,2.18627,3.99663,2.33139,4.1399,3.3358,2.09285,2.4627,3.03337,3.12082,1.53846,3.89764,2.29148,2.05369,1.46263]},"PREVALENCE_BY_MONTH":{"X_CALENDAR_MONTH":[201901,201902,201903,201904,201905,201906,201907,201908,201909,201910,201911,201912],"Y_PREVALENCE_1000PP":[0.4,0.16,0.15,0.18,0.22,0.17,0.27,0.21,0.19,0.25,0.17,0.2]},"CONDITIONS_BY_TYPE":{"CONCEPT_NAME":"Claim","COUNT_VALUE":1344},"AGE_AT_FIRST_DIAGNOSIS":{"CATEGORY":["MALE","FEMALE"],"MIN_VALUE":[0,3],"P10_VALUE":[5,7],"P25_VALUE":[21,23],"MEDIAN_VALUE":[35,43],"P75_VALUE":[56,60],"P90_VALUE":[74,76],"MAX_VALUE":[98,96]}}
