{"PREVALENCE_BY_GENDER_AGE_YEAR":{"TRELLIS_NAME":["30-39","10-19","20-29","40-49","70-79","0-9","20-29","10-19","50-59","40-49","60-69","30-39","50-59","70-79","60-69"],"SERIES_NAME":["FEMALE","FEMALE","FEMALE","FEMALE","MALE","FEMALE","MALE","MALE","MALE","MALE","MALE","MALE","FEMALE","FEMALE","FEMALE"],"X_CALENDAR_YEAR":[2019,2019,2019,2019,2019,2019,2019,2019,2019,2019,2019,2019,2019,2019,2019],"Y_PREVALENCE_1000PP":[1.78833,2.84153,2.00267,3.28806,2.66261,1.89474,2.5244,2.06612,2.6424,3.21496,2.51353,1.86757,2.31817,2.0344,2.83661]},"PREVALENCE_BY_MONTH":{"X_CALENDAR_MONTH":[201901,201902,201903,201904,201905,201906,201907,201908,201909,201910,201911,201912],"Y_PREVALENCE_1000PP":[0.21,0.14,0.22,0.27,0.18,0.23,0.15,0.19,0.17,0.19,0.23,0.15]},"CONDITIONS_BY_TYPE":{"CONCEPT_NAME":"Claim","COUNT_VALUE":308},"AGE_AT_FIRST_DIAGNOSIS":{"CATEGORY":["MALE","FEMALE"],"MIN_VALUE":[0,0],"P10_VALUE":[17,11],"P25_VALUE":[29,25],"MEDIAN_VALUE":[47,45],"P75_VALUE":[66,62],"P90_VALUE":[75,75],"MAX_VALUE":[94,98]}}
