{"PREVALENCE_BY_GENDER_AGE_YEAR":{"TRELLIS_NAME":["20-29","10-19","70-79","30-39","40-49","0-9","50-59","70-79","60-69","0-9","60-69","30-39","50-59","40-49","10-19","20-29"],"SERIES_NAME":["FEMALE","FEMALE","MALE","FEMALE","FEMALE","FEMALE","FEMALE","FEMALE","FEMALE","MALE","MALE","MALE","MALE","MALE","MALE","MALE"],"X_CALENDAR_YEAR":[2019,2019,2019,2019,2019,2019,2019,2019,2019,2019,2019,2019,2019,2019,2019,2019],"Y_PREVALENCE_1000PP":[1.66528,1.31176,2.27834,2.60501,2.71235,2.31384,1.73837,2.77984,1.90259,2.67499,1.92308,1.86409,1.02684,2.34021,1.83318,2.69633]},"PREVALENCE_BY_MONTH":{"X_CALENDAR_MONTH":[201901,201902,201903,201904,201905,201906,201907,201908,201909,201910,201911,201912],"Y_PREVALENCE_1000PP":[0.21,0.09,0.15,0.23,0.15,0.09,0.15,0.25,0.15,0.21,0.19,0.2]},"CONDITIONS_BY_TYPE":{"CONCEPT_NAME":"Claim","COUNT_VALUE":1120},"AGE_AT_FIRST_DIAGNOSIS":{"CATEGORY":["MALE","FEMALE"],"MIN_VALUE":[0,1],"P10_VALUE":[8,9],"P25_VALUE":[23,25],"MEDIAN_VALUE":[41,46],"P75_VALUE":[62,63],"P90_VALUE":[78,75],"MAX_VALUE":[98,98]}}
