{"PREVALENCE_BY_GENDER_AGE_YEAR":{"TRELLIS_NAME":["40-49","60-69","50-59","10-19","30-39","0-9","20-29","50-59","80-89","60-69","70-79","90-99","40-49","20-29","90-99","0-9","30-39","80-89","10-19","70-79"],"SERIES_NAME":["MALE","MALE","MALE","MALE","MALE","MALE","MALE","FEMALE","FEMALE","FEMALE","FEMALE","FEMALE","FEMALE","FEMALE","MALE","FEMALE","FEMALE","MALE","FEMALE","MALE"],"X_CALENDAR_YEAR":[2019,2019,2019,2019,2019,2019,2019,2019,2019,2019,2019,2019,2019,2019,2019,2019,2019,2019,2019,2019],"Y_PREVALENCE_1000PP":[6.43557,6.73077,7.4813,6.64528,7.11744,7.80205,6.23525,6.37404,4.61095,6.27854,6.48629,6.13155,7.70878,5.32889,7.40741,5.46908,5.86128,8.8349,4.15391,4.55667]},"PREVALENCE_BY_MONTH":{"X_CALENDAR_MONTH":[201901,201902,201903,201904,201905,201906,201907,201908,201909,201910,201911,201912],"Y_PREVALENCE_1000PP":[0.52,0.49,0.34,0.56,0.44,0.44,0.63,0.53,0.6,0.72,0.52,0.67]},"CONDITIONS_BY_TYPE":{"CONCEPT_NAME":"Claim","COUNT_VALUE":3440},"AGE_AT_FIRST_DIAGNOSIS":{"CATEGORY":["MALE","FEMALE","No matching concept"],"MIN_VALUE":[0,0,10],"P10_VALUE":[9,13,12],"P25_VALUE":[23,29,31],"MEDIAN_VALUE":[44,46,54],"P75_VALUE":[61,64,74],"P90_VALUE":[79,78,86],"MAX_VALUE":[99,98,90]}}
