{"PREVALENCE_BY_GENDER_AGE_YEAR":{"TRELLIS_NAME":["40-49","60-69","30-39","50-59","20-29","0-9","70-79","10-19","30-39","40-49","20-29","70-79","60-69"],"SERIES_NAME":["MALE","MALE","MALE","MALE","MALE","FEMALE","MALE","FEMALE","FEMALE","FEMALE","FEMALE","FEMALE","FEMALE"],"X_CALENDAR_YEAR":[2019,2019,2019,2019,2019,2019,2019,2019,2019,2019,2019,2019,2019],"Y_PREVALENCE_1000PP":[0.87681,1.35344,1.18846,1.1744,1.85123,1.47368,1.14112,1.31148,1.62575,0.85776,1.66889,1.10967,1.32375]},"PREVALENCE_BY_MONTH":{"X_CALENDAR_MONTH":[201901,201902,201903,201904,201905,201906,201907,201908,201909,201910,201912],"Y_PREVALENCE_1000PP":[0.11,0.06,0.15,0.12,0.1,0.06,0.12,0.13,0.07,0.14,0.13]},"CONDITIONS_BY_TYPE":{"CONCEPT_NAME":"Claim","COUNT_VALUE":173},"AGE_AT_FIRST_DIAGNOSIS":{"CATEGORY":["MALE","FEMALE"],"MIN_VALUE":[0,1],"P10_VALUE":[15,8],"P25_VALUE":[24,20],"MEDIAN_VALUE":[42,36],"P75_VALUE":[65,60],"P90_VALUE":[83,77],"MAX_VALUE":[99,98]}}
