{"PREVALENCE_BY_GENDER_AGE_YEAR":{"TRELLIS_NAME":["70-79","50-59","90-99","40-49","60-69","80-89","0-9","30-39","10-19","90-99","80-89","70-79","20-29","40-49","50-59","10-19","20-29","60-69","0-9","30-39"],"SERIES_NAME":["FEMALE","FEMALE","FEMALE","FEMALE","FEMALE","FEMALE","FEMALE","FEMALE","FEMALE","MALE","MALE","MALE","FEMALE","MALE","MALE","MALE","MALE","MALE","MALE","MALE"],"X_CALENDAR_YEAR":[2019,2019,2019,2019,2019,2019,2019,2019,2019,2019,2019,2019,2019,2019,2019,2019,2019,2019,2019,2019],"Y_PREVALENCE_1000PP":[3.89177,3.76648,3.9019,3.14061,4.75647,5.18732,2.73454,4.8844,3.27941,6.26781,6.07399,3.03778,4.49625,3.9491,3.52061,3.89551,2.02224,3.07692,4.45831,4.40603]},"PREVALENCE_BY_MONTH":{"X_CALENDAR_MONTH":[201901,201902,201903,201904,201905,201906,201907,201908,201909,201910,201911,201912],"Y_PREVALENCE_1000PP":[0.31,0.29,0.33,0.37,0.31,0.3,0.38,0.31,0.3,0.45,0.29,0.21]},"CONDITIONS_BY_TYPE":{"CONCEPT_NAME":"Claim","COUNT_VALUE":2060},"AGE_AT_FIRST_DIAGNOSIS":{"CATEGORY":["No matching concept","FEMALE","MALE"],"MIN_VALUE":[21,0,0],"P10_VALUE":[21,14,7],"P25_VALUE":[48,26,27],"MEDIAN_VALUE":[58,45,46],"P75_VALUE":[70,67,65],"P90_VALUE":[93,77,84],"MAX_VALUE":[93,98,99]}}
