{"PREVALENCE_BY_GENDER_AGE_YEAR":{"TRELLIS_NAME":["20-29","10-19","40-49","0-9","30-39","80-89","70-79","40-49","30-39","10-19","60-69","0-9","50-59","20-29","90-99","80-89","60-69","70-79","50-59"],"SERIES_NAME":["FEMALE","FEMALE","FEMALE","FEMALE","FEMALE","MALE","MALE","MALE","MALE","MALE","MALE","MALE","MALE","MALE","FEMALE","FEMALE","FEMALE","FEMALE","FEMALE"],"X_CALENDAR_YEAR":[2019,2019,2019,2019,2019,2019,2019,2019,2019,2019,2019,2019,2019,2019,2019,2019,2019,2019,2019],"Y_PREVALENCE_1000PP":[4.00534,3.27869,2.57327,5.47368,3.57665,4.41745,3.80373,1.60748,4.0747,2.75482,4.64037,3.78619,3.66999,5.2171,4.99722,3.46021,3.78215,4.62364,3.76702]},"PREVALENCE_BY_MONTH":{"X_CALENDAR_MONTH":[201901,201902,201903,201904,201905,201906,201907,201908,201909,201910,201911,201912],"Y_PREVALENCE_1000PP":[0.3,0.24,0.32,0.35,0.29,0.33,0.39,0.32,0.3,0.32,0.3,0.29]},"CONDITIONS_BY_TYPE":{"CONCEPT_NAME":"Claim","COUNT_VALUE":529},"AGE_AT_FIRST_DIAGNOSIS":{"CATEGORY":["FEMALE","No matching concept","MALE"],"MIN_VALUE":[0,10,0],"P10_VALUE":[8,10,10],"P25_VALUE":[23,27,23],"MEDIAN_VALUE":[42,42,43],"P75_VALUE":[66,72,64],"P90_VALUE":[78,73,76],"MAX_VALUE":[97,86,99]}}
