{"PREVALENCE_BY_GENDER_AGE_YEAR":{"TRELLIS_NAME":["60-69","40-49","80-89","70-79","90-99","50-59","30-39","20-29","40-49","60-69","0-9","10-19","50-59","90-99","0-9","70-79","20-29","80-89","10-19","30-39"],"SERIES_NAME":["FEMALE","FEMALE","FEMALE","FEMALE","FEMALE","FEMALE","MALE","MALE","MALE","MALE","MALE","MALE","MALE","MALE","FEMALE","MALE","FEMALE","MALE","FEMALE","FEMALE"],"X_CALENDAR_YEAR":[2019,2019,2019,2019,2019,2019,2019,2019,2019,2019,2019,2019,2019,2019,2019,2019,2019,2019,2019,2019],"Y_PREVALENCE_1000PP":[8.50983,8.72051,11.53403,8.32254,4.44198,8.11359,8.65874,7.40491,8.18355,7.5406,6.01336,8.49403,6.89959,9.16905,7.36842,7.98783,7.6769,10.49144,7.21311,9.59194]},"PREVALENCE_BY_MONTH":{"X_CALENDAR_MONTH":[201901,201902,201903,201904,201905,201906,201907,201908,201909,201910,201911,201912],"Y_PREVALENCE_1000PP":[0.74,0.69,0.61,0.88,0.59,0.69,0.74,0.45,0.65,0.82,0.63,0.59]},"CONDITIONS_BY_TYPE":{"CONCEPT_NAME":"Claim","COUNT_VALUE":1088},"AGE_AT_FIRST_DIAGNOSIS":{"CATEGORY":["No matching concept","MALE","FEMALE"],"MIN_VALUE":[6,0,0],"P10_VALUE":[6,12,12],"P25_VALUE":[26,26,27],"MEDIAN_VALUE":[42,43,45],"P75_VALUE":[64,65,63],"P90_VALUE":[72,79,77],"MAX_VALUE":[77,99,99]}}
