{"PREVALENCE_BY_GENDER_AGE_YEAR":{"TRELLIS_NAME":["70-79","90-99","80-89","0-9","60-69","30-39","20-29","10-19","20-29","30-39","40-49","0-9","10-19","50-59","60-69","70-79","50-59","90-99","80-89","40-49"],"SERIES_NAME":["MALE","MALE","MALE","FEMALE","MALE","FEMALE","FEMALE","FEMALE","MALE","MALE","MALE","MALE","MALE","MALE","FEMALE","FEMALE","FEMALE","FEMALE","FEMALE","FEMALE"],"X_CALENDAR_YEAR":[2019,2019,2019,2019,2019,2019,2019,2019,2019,2019,2019,2019,2019,2019,2019,2019,2019,2019,2019,2019],"Y_PREVALENCE_1000PP":[377.1396,377.65043,394.8095,385.68421,373.93658,379.61307,376.502,388.63388,381.85796,382.51273,390.91042,386.19154,373.27824,382.70699,393.91074,394.11873,374.81889,376.45752,399.65398,378.98499]},"PREVALENCE_BY_MONTH":{"X_CALENDAR_MONTH":[201901,201902,201903,201904,201905,201906,201907,201908,201909,201910,201911,201912],"Y_PREVALENCE_1000PP":[45.36,32.48,35.99,44.23,35.58,34.58,44.83,35.58,35.02,45.33,34.6,34.94]},"CONDITIONS_BY_TYPE":{"CONCEPT_NAME":"Claim","COUNT_VALUE":64155},"AGE_AT_FIRST_DIAGNOSIS":{"CATEGORY":["MALE","FEMALE","No matching concept"],"MIN_VALUE":[0,0,0],"P10_VALUE":[10,10,10],"P25_VALUE":[25,25,26],"MEDIAN_VALUE":[45,45,45],"P75_VALUE":[63,64,62],"P90_VALUE":[77,77,77],"MAX_VALUE":[99,99,99]}}
