{"PREVALENCE_BY_GENDER_AGE_YEAR":{"TRELLIS_NAME":["10-19","40-49","20-29","30-39","70-79","0-9","50-59","60-69","70-79","80-89","60-69","0-9","20-29","30-39","40-49","50-59","10-19"],"SERIES_NAME":["FEMALE","FEMALE","FEMALE","FEMALE","MALE","FEMALE","FEMALE","FEMALE","FEMALE","FEMALE","MALE","MALE","MALE","MALE","MALE","MALE","MALE"],"X_CALENDAR_YEAR":[2019,2019,2019,2019,2019,2019,2019,2019,2019,2019,2019,2019,2019,2019,2019,2019,2019],"Y_PREVALENCE_1000PP":[1.96721,2.14439,2.67023,2.76378,3.42335,1.26316,1.88351,1.70197,2.58924,4.61361,1.54679,2.67261,2.5244,3.05603,3.06883,3.52319,2.29568]},"PREVALENCE_BY_MONTH":{"X_CALENDAR_MONTH":[201901,201902,201903,201904,201905,201906,201907,201908,201909,201910,201911,201912],"Y_PREVALENCE_1000PP":[0.22,0.19,0.21,0.26,0.21,0.14,0.21,0.2,0.16,0.28,0.23,0.17]},"CONDITIONS_BY_TYPE":{"CONCEPT_NAME":"Claim","COUNT_VALUE":324},"AGE_AT_FIRST_DIAGNOSIS":{"CATEGORY":["FEMALE","MALE"],"MIN_VALUE":[2,2],"P10_VALUE":[16,12],"P25_VALUE":[27,26],"MEDIAN_VALUE":[46,43],"P75_VALUE":[66,59],"P90_VALUE":[80,75],"MAX_VALUE":[99,97]}}
