{"PREVALENCE_BY_GENDER_AGE_YEAR":{"TRELLIS_NAME":["70-79","30-39","60-69","20-29","60-69","70-79","50-59","40-49","20-29","40-49","0-9","10-19","30-39","50-59"],"SERIES_NAME":["MALE","FEMALE","MALE","FEMALE","FEMALE","FEMALE","FEMALE","FEMALE","MALE","MALE","MALE","MALE","MALE","MALE"],"X_CALENDAR_YEAR":[2019,2019,2019,2019,2019,2019,2019,2019,2019,2019,2019,2019,2019,2019],"Y_PREVALENCE_1000PP":[1.90186,2.43863,1.35344,1.502,1.32375,1.66451,2.0284,1.42959,2.18782,1.46135,1.55902,2.06612,1.18846,1.6148]},"PREVALENCE_BY_MONTH":{"X_CALENDAR_MONTH":[201901,201902,201903,201904,201905,201906,201907,201908,201909,201910,201911,201912],"Y_PREVALENCE_1000PP":[0.2,0.09,0.21,0.14,0.12,0.12,0.1,0.09,0.15,0.17,0.17,0.07]},"CONDITIONS_BY_TYPE":{"CONCEPT_NAME":"Claim","COUNT_VALUE":217},"AGE_AT_FIRST_DIAGNOSIS":{"CATEGORY":["MALE","FEMALE"],"MIN_VALUE":[0,0],"P10_VALUE":[12,16],"P25_VALUE":[23,31],"MEDIAN_VALUE":[42,45],"P75_VALUE":[67,62],"P90_VALUE":[77,77],"MAX_VALUE":[98,95]}}
