{"PREVALENCE_BY_GENDER_AGE_YEAR":{"TRELLIS_NAME":["90-99","40-49","60-69","50-59","80-89","70-79","70-79","80-89","10-19","90-99","0-9","30-39","20-29","20-29","0-9","10-19","50-59","40-49","30-39","60-69"],"SERIES_NAME":["FEMALE","FEMALE","FEMALE","FEMALE","FEMALE","FEMALE","MALE","MALE","FEMALE","MALE","FEMALE","FEMALE","FEMALE","MALE","MALE","MALE","MALE","MALE","MALE","MALE"],"X_CALENDAR_YEAR":[2019,2019,2019,2019,2019,2019,2019,2019,2019,2019,2019,2019,2019,2019,2019,2019,2019,2019,2019,2019],"Y_PREVALENCE_1000PP":[20.6243,14.98929,14.45967,17.81834,14.98559,15.93773,14.42947,14.90889,15.95977,14.24501,13.88305,12.04819,14.48793,16.34648,16.27285,16.26948,13.93575,17.99035,15.25165,12.30769]},"PREVALENCE_BY_MONTH":{"X_CALENDAR_MONTH":[201901,201902,201903,201904,201905,201906,201907,201908,201909,201910,201911,201912],"Y_PREVALENCE_1000PP":[1.54,0.87,1.29,1.5,1.18,1.2,1.62,1.22,1.05,1.63,1.18,1.19]},"CONDITIONS_BY_TYPE":{"CONCEPT_NAME":"Claim","COUNT_VALUE":8304},"AGE_AT_FIRST_DIAGNOSIS":{"CATEGORY":["No matching concept","FEMALE","MALE"],"MIN_VALUE":[0,0,0],"P10_VALUE":[5,11,10],"P25_VALUE":[20,26,24],"MEDIAN_VALUE":[44,47,43],"P75_VALUE":[56,64,61],"P90_VALUE":[73,78,77],"MAX_VALUE":[95,99,99]}}
