{"PREVALENCE_BY_GENDER_AGE_YEAR":{"TRELLIS_NAME":["50-59","90-99","70-79","40-49","60-69","80-89","60-69","20-29","70-79","30-39","10-19","90-99","0-9","50-59","30-39","0-9","10-19","40-49","20-29"],"SERIES_NAME":["FEMALE","FEMALE","FEMALE","FEMALE","FEMALE","MALE","MALE","FEMALE","MALE","FEMALE","FEMALE","MALE","FEMALE","MALE","MALE","MALE","MALE","MALE","MALE"],"X_CALENDAR_YEAR":[2019,2019,2019,2019,2019,2019,2019,2019,2019,2019,2019,2019,2019,2019,2019,2019,2019,2019,2019],"Y_PREVALENCE_1000PP":[7.09836,5.57414,5.37435,6.42398,4.94673,7.17835,5.76923,6.99417,5.12626,4.72159,5.46568,4.5584,6.31048,5.5743,5.25335,4.45831,4.3538,4.38789,5.39265]},"PREVALENCE_BY_MONTH":{"X_CALENDAR_MONTH":[201901,201902,201903,201904,201905,201906,201907,201908,201909,201910,201911,201912],"Y_PREVALENCE_1000PP":[0.64,0.32,0.36,0.53,0.48,0.37,0.54,0.33,0.46,0.59,0.37,0.47]},"CONDITIONS_BY_TYPE":{"CONCEPT_NAME":"Claim","COUNT_VALUE":2976},"AGE_AT_FIRST_DIAGNOSIS":{"CATEGORY":["FEMALE","No matching concept","MALE"],"MIN_VALUE":[0,9,0],"P10_VALUE":[9,9,12],"P25_VALUE":[24,36,26],"MEDIAN_VALUE":[44,46,46],"P75_VALUE":[58,62,65],"P90_VALUE":[77,75,79],"MAX_VALUE":[99,75,99]}}
