{"PREVALENCE_BY_GENDER_AGE_YEAR":{"TRELLIS_NAME":["80-89","10-19","90-99","40-49","20-29","70-79","30-39","0-9","40-49","20-29","50-59","0-9","60-69","30-39","10-19","60-69","50-59","70-79","80-89"],"SERIES_NAME":["MALE","FEMALE","MALE","FEMALE","FEMALE","MALE","FEMALE","FEMALE","MALE","MALE","MALE","MALE","MALE","MALE","MALE","FEMALE","FEMALE","FEMALE","FEMALE"],"X_CALENDAR_YEAR":[2019,2019,2019,2019,2019,2019,2019,2019,2019,2019,2019,2019,2019,2019,2019,2019,2019,2019,2019],"Y_PREVALENCE_1000PP":[4.96963,4.59016,4.58453,3.57398,2.83712,2.28224,3.57665,3.36842,3.65337,4.20734,3.81679,3.34076,4.06032,3.73514,1.83655,3.40393,4.49145,3.32902,5.19031]},"PREVALENCE_BY_MONTH":{"X_CALENDAR_MONTH":[201901,201902,201903,201904,201905,201906,201907,201908,201909,201910,201911,201912],"Y_PREVALENCE_1000PP":[0.34,0.3,0.16,0.37,0.24,0.29,0.33,0.32,0.31,0.43,0.27,0.28]},"CONDITIONS_BY_TYPE":{"CONCEPT_NAME":"Claim","COUNT_VALUE":484},"AGE_AT_FIRST_DIAGNOSIS":{"CATEGORY":["No matching concept","MALE","FEMALE"],"MIN_VALUE":[1,0,0],"P10_VALUE":[1,11,12],"P25_VALUE":[21,27,24],"MEDIAN_VALUE":[34,46,45],"P75_VALUE":[53,62,62],"P90_VALUE":[68,76,76],"MAX_VALUE":[80,97,98]}}
