{"PREVALENCE_BY_GENDER_AGE_YEAR":{"TRELLIS_NAME":["60-69","90-99","80-89","70-79","50-59","10-19","40-49","90-99","80-89","70-79","20-29","0-9","30-39","50-59","40-49","10-19","60-69","20-29","30-39","0-9"],"SERIES_NAME":["FEMALE","FEMALE","FEMALE","FEMALE","FEMALE","FEMALE","FEMALE","MALE","MALE","MALE","FEMALE","FEMALE","FEMALE","MALE","MALE","MALE","MALE","MALE","MALE","MALE"],"X_CALENDAR_YEAR":[2019,2019,2019,2019,2019,2019,2019,2019,2019,2019,2019,2019,2019,2019,2019,2019,2019,2019,2019,2019],"Y_PREVALENCE_1000PP":[15.88502,17.21266,17.30104,18.3096,17.24138,18.14208,15.01072,17.19198,19.32634,18.82845,13.68491,15.36842,16.90782,15.85437,17.53617,21.34986,17.78809,15.31471,16.63837,13.36303]},"PREVALENCE_BY_MONTH":{"X_CALENDAR_MONTH":[201901,201902,201903,201904,201905,201906,201907,201908,201909,201910,201911,201912],"Y_PREVALENCE_1000PP":[2.03,1.26,1.31,1.51,1.27,1.11,1.4,1.32,1.23,1.82,1.26,1.19]},"CONDITIONS_BY_TYPE":{"CONCEPT_NAME":"Claim","COUNT_VALUE":2227},"AGE_AT_FIRST_DIAGNOSIS":{"CATEGORY":["No matching concept","MALE","FEMALE"],"MIN_VALUE":[2,0,0],"P10_VALUE":[10,11,10],"P25_VALUE":[23,25,26],"MEDIAN_VALUE":[46,45,46],"P75_VALUE":[62,66,65],"P90_VALUE":[79,78,77],"MAX_VALUE":[94,99,99]}}
