{"PREVALENCE_BY_GENDER_AGE_YEAR":{"TRELLIS_NAME":["90-99","40-49","70-79","60-69","50-59","0-9","50-59","40-49","10-19","30-39","20-29","70-79","0-9","20-29","30-39","60-69"],"SERIES_NAME":["FEMALE","FEMALE","FEMALE","FEMALE","FEMALE","MALE","MALE","MALE","MALE","MALE","MALE","MALE","FEMALE","FEMALE","FEMALE","MALE"],"X_CALENDAR_YEAR":[2019,2019,2019,2019,2019,2019,2019,2019,2019,2019,2019,2019,2019,2019,2019,2019],"Y_PREVALENCE_1000PP":[3.33148,1.85847,1.66451,2.83661,1.88351,2.00445,1.1744,2.04589,2.06612,2.20713,1.85123,1.90186,2.94737,1.33511,1.3006,3.09358]},"PREVALENCE_BY_MONTH":{"X_CALENDAR_MONTH":[201901,201902,201903,201904,201905,201906,201907,201908,201909,201910,201911,201912],"Y_PREVALENCE_1000PP":[0.22,0.17,0.08,0.1,0.16,0.16,0.2,0.11,0.2,0.17,0.15,0.17]},"CONDITIONS_BY_TYPE":{"CONCEPT_NAME":"Claim","COUNT_VALUE":253},"AGE_AT_FIRST_DIAGNOSIS":{"CATEGORY":["MALE","FEMALE"],"MIN_VALUE":[1,1],"P10_VALUE":[10,8],"P25_VALUE":[23,27],"MEDIAN_VALUE":[44,49],"P75_VALUE":[63,66],"P90_VALUE":[75,79],"MAX_VALUE":[95,98]}}
