{"PREVALENCE_BY_GENDER_AGE_YEAR":{"TRELLIS_NAME":["40-49","10-19","50-59","60-69","30-39","20-29","70-79","90-99","80-89","60-69","50-59","70-79","30-39","40-49","20-29","10-19","0-9"],"SERIES_NAME":["MALE","MALE","MALE","MALE","MALE","MALE","FEMALE","FEMALE","FEMALE","FEMALE","FEMALE","MALE","FEMALE","FEMALE","FEMALE","FEMALE","FEMALE"],"X_CALENDAR_YEAR":[2019,2019,2019,2019,2019,2019,2019,2019,2019,2019,2019,2019,2019,2019,2019,2019,2019],"Y_PREVALENCE_1000PP":[2.48647,2.29148,2.05369,1.73077,2.03355,1.17964,1.48258,3.34448,3.45821,1.52207,2.75243,1.89861,1.30251,1.57031,2.83097,1.31176,1.47244]},"PREVALENCE_BY_MONTH":{"X_CALENDAR_MONTH":[201901,201902,201903,201904,201905,201906,201907,201908,201909,201910,201911,201912],"Y_PREVALENCE_1000PP":[0.24,0.08,0.17,0.16,0.18,0.09,0.19,0.18,0.08,0.15,0.21,0.15]},"CONDITIONS_BY_TYPE":{"CONCEPT_NAME":"Claim","COUNT_VALUE":944},"AGE_AT_FIRST_DIAGNOSIS":{"CATEGORY":["MALE","FEMALE"],"MIN_VALUE":[2,1],"P10_VALUE":[17,18],"P25_VALUE":[32,25],"MEDIAN_VALUE":[46,48],"P75_VALUE":[64,64],"P90_VALUE":[77,82],"MAX_VALUE":[92,96]}}
