{"PREVALENCE_BY_GENDER_AGE_YEAR":{"TRELLIS_NAME":["60-69","50-59","40-49","30-39","0-9","70-79","60-69","20-29","10-19","30-39","20-29","50-59","40-49"],"SERIES_NAME":["FEMALE","FEMALE","FEMALE","FEMALE","FEMALE","MALE","MALE","FEMALE","MALE","MALE","MALE","MALE","MALE"],"X_CALENDAR_YEAR":[2019,2019,2019,2019,2019,2019,2019,2019,2019,2019,2019,2019,2019],"Y_PREVALENCE_1000PP":[1.52207,1.01405,0.99929,0.97688,1.47244,1.51889,1.15385,1.33222,1.37489,1.3557,1.17964,1.76031,1.46263]},"PREVALENCE_BY_MONTH":{"X_CALENDAR_MONTH":[201901,201902,201903,201904,201905,201906,201907,201908,201909,201910,201912],"Y_PREVALENCE_1000PP":[0.09,0.11,0.13,0.08,0.12,0.09,0.16,0.12,0.07,0.1,0.13]},"CONDITIONS_BY_TYPE":{"CONCEPT_NAME":"Claim","COUNT_VALUE":660},"AGE_AT_FIRST_DIAGNOSIS":{"CATEGORY":["MALE","FEMALE"],"MIN_VALUE":[4,0],"P10_VALUE":[14,9],"P25_VALUE":[29,21],"MEDIAN_VALUE":[46,42],"P75_VALUE":[65,61],"P90_VALUE":[76,73],"MAX_VALUE":[94,95]}}
