{"PREVALENCE_BY_GENDER_AGE_YEAR":{"TRELLIS_NAME":["20-29","10-19","40-49","0-9","50-59","30-39","40-49","70-79","90-99","60-69","80-89","50-59","20-29","10-19","70-79","60-69","0-9","30-39","80-89"],"SERIES_NAME":["MALE","MALE","MALE","MALE","MALE","MALE","FEMALE","FEMALE","FEMALE","FEMALE","FEMALE","FEMALE","FEMALE","FEMALE","MALE","MALE","FEMALE","FEMALE","MALE"],"X_CALENDAR_YEAR":[2019,2019,2019,2019,2019,2019,2019,2019,2019,2019,2019,2019,2019,2019,2019,2019,2019,2019,2019],"Y_PREVALENCE_1000PP":[4.88051,3.44353,3.7995,3.11804,3.0828,4.75382,3.00214,3.88385,4.44198,3.02572,3.46021,4.34657,5.00668,2.62295,2.66261,4.25367,2.94737,3.9018,4.96963]},"PREVALENCE_BY_MONTH":{"X_CALENDAR_MONTH":[201901,201902,201903,201904,201905,201906,201907,201908,201909,201910,201911,201912],"Y_PREVALENCE_1000PP":[0.45,0.3,0.23,0.29,0.35,0.3,0.36,0.23,0.26,0.29,0.3,0.35]},"CONDITIONS_BY_TYPE":{"CONCEPT_NAME":"Claim","COUNT_VALUE":493},"AGE_AT_FIRST_DIAGNOSIS":{"CATEGORY":["FEMALE","MALE"],"MIN_VALUE":[0,0],"P10_VALUE":[14,12],"P25_VALUE":[27,26],"MEDIAN_VALUE":[44,41],"P75_VALUE":[64,62],"P90_VALUE":[78,77],"MAX_VALUE":[98,98]}}
