{"PREVALENCE_BY_GENDER_AGE_YEAR":{"TRELLIS_NAME":["70-79","50-59","60-69","40-49","10-19","0-9","70-79","20-29","60-69","30-39","40-49","10-19","30-39","50-59","0-9","20-29"],"SERIES_NAME":["FEMALE","FEMALE","FEMALE","FEMALE","FEMALE","FEMALE","MALE","FEMALE","MALE","FEMALE","MALE","MALE","MALE","MALE","MALE","MALE"],"X_CALENDAR_YEAR":[2019,2019,2019,2019,2019,2019,2019,2019,2019,2019,2019,2019,2019,2019,2019,2019],"Y_PREVALENCE_1000PP":[2.59451,2.17297,1.33181,2.14133,1.31176,2.10349,2.65806,1.83181,1.92308,2.93064,1.60889,1.83318,1.69463,3.22723,2.45207,1.85372]},"PREVALENCE_BY_MONTH":{"X_CALENDAR_MONTH":[201901,201902,201903,201904,201905,201906,201907,201908,201909,201910,201911,201912],"Y_PREVALENCE_1000PP":[0.12,0.17,0.21,0.23,0.21,0.1,0.2,0.16,0.18,0.21,0.14,0.15]},"CONDITIONS_BY_TYPE":{"CONCEPT_NAME":"Claim","COUNT_VALUE":1120},"AGE_AT_FIRST_DIAGNOSIS":{"CATEGORY":["FEMALE","MALE"],"MIN_VALUE":[0,0],"P10_VALUE":[11,9],"P25_VALUE":[28,27],"MEDIAN_VALUE":[42,50],"P75_VALUE":[60,64],"P90_VALUE":[77,78],"MAX_VALUE":[94,99]}}
