{"PREVALENCE_BY_GENDER_AGE_YEAR":{"TRELLIS_NAME":["10-19","70-79","20-29","30-39","0-9","60-69","40-49","50-59","70-79","20-29","30-39","10-19","40-49","50-59","0-9"],"SERIES_NAME":["FEMALE","MALE","FEMALE","FEMALE","FEMALE","FEMALE","FEMALE","FEMALE","FEMALE","MALE","MALE","MALE","MALE","MALE","MALE"],"X_CALENDAR_YEAR":[2019,2019,2019,2019,2019,2019,2019,2019,2019,2019,2019,2019,2019,2019,2019],"Y_PREVALENCE_1000PP":[1.31148,2.66261,1.83578,1.78833,1.26316,1.70197,1.85847,2.31817,2.40429,1.85123,1.52801,2.98439,1.16908,2.7892,1.3363]},"PREVALENCE_BY_MONTH":{"X_CALENDAR_MONTH":[201901,201902,201903,201904,201905,201906,201907,201908,201909,201910,201911,201912],"Y_PREVALENCE_1000PP":[0.16,0.15,0.13,0.25,0.14,0.09,0.22,0.09,0.11,0.25,0.09,0.14]},"CONDITIONS_BY_TYPE":{"CONCEPT_NAME":"Claim","COUNT_VALUE":232},"AGE_AT_FIRST_DIAGNOSIS":{"CATEGORY":["FEMALE","MALE"],"MIN_VALUE":[0,0],"P10_VALUE":[17,11],"P25_VALUE":[28,21],"MEDIAN_VALUE":[49,45],"P75_VALUE":[67,59],"P90_VALUE":[75,77],"MAX_VALUE":[97,94]}}
