{"PREVALENCE_BY_GENDER_AGE_YEAR":{"TRELLIS_NAME":["50-59","60-69","70-79","80-89","90-99","80-89","10-19","0-9","20-29","40-49","90-99","30-39","70-79","60-69","40-49","20-29","50-59","10-19","0-9","30-39"],"SERIES_NAME":["FEMALE","FEMALE","FEMALE","FEMALE","FEMALE","MALE","FEMALE","FEMALE","FEMALE","FEMALE","MALE","FEMALE","MALE","MALE","MALE","MALE","MALE","MALE","MALE","MALE"],"X_CALENDAR_YEAR":[2019,2019,2019,2019,2019,2019,2019,2019,2019,2019,2019,2019,2019,2019,2019,2019,2019,2019,2019,2019],"Y_PREVALENCE_1000PP":[33.60858,30.63166,35.95256,28.24207,31.21516,38.65268,32.13817,28.60749,36.96919,37.68737,32.47863,28.16672,34.9345,32.11538,31.30028,29.49107,31.39211,33.2264,34.32902,31.52008]},"PREVALENCE_BY_MONTH":{"X_CALENDAR_MONTH":[201901,201902,201903,201904,201905,201906,201907,201908,201909,201910,201911,201912],"Y_PREVALENCE_1000PP":[2.97,2.42,2.73,3.26,2.58,2.72,2.94,2.66,2.66,3.28,2.57,2.37]},"CONDITIONS_BY_TYPE":{"CONCEPT_NAME":"Claim","COUNT_VALUE":18012},"AGE_AT_FIRST_DIAGNOSIS":{"CATEGORY":["No matching concept","FEMALE","MALE"],"MIN_VALUE":[0,0,0],"P10_VALUE":[6,12,10],"P25_VALUE":[25,25,25],"MEDIAN_VALUE":[39,44,45],"P75_VALUE":[65,62,65],"P90_VALUE":[77,77,78],"MAX_VALUE":[97,99,99]}}
