{"PREVALENCE_BY_GENDER_AGE_YEAR":{"TRELLIS_NAME":["50-59","90-99","60-69","80-89","70-79","20-29","60-69","0-9","50-59","40-49","30-39","10-19","0-9","10-19","90-99","70-79","80-89","40-49","20-29","30-39"],"SERIES_NAME":["FEMALE","FEMALE","FEMALE","FEMALE","FEMALE","MALE","MALE","MALE","MALE","MALE","MALE","MALE","FEMALE","FEMALE","MALE","MALE","MALE","FEMALE","FEMALE","FEMALE"],"X_CALENDAR_YEAR":[2019,2019,2019,2019,2019,2019,2019,2019,2019,2019,2019,2019,2019,2019,2019,2019,2019,2019,2019,2019],"Y_PREVALENCE_1000PP":[10.43025,11.70569,9.13242,10.37464,11.86064,9.77418,9.80769,11.14579,8.65483,11.70104,13.04864,13.29056,10.51746,9.18233,9.11681,8.3539,9.93926,10.70664,10.32473,11.39694]},"PREVALENCE_BY_MONTH":{"X_CALENDAR_MONTH":[201901,201902,201903,201904,201905,201906,201907,201908,201909,201910,201911,201912],"Y_PREVALENCE_1000PP":[1.06,0.86,1.02,0.92,0.85,0.86,1.07,0.74,0.73,0.95,0.94,0.73]},"CONDITIONS_BY_TYPE":{"CONCEPT_NAME":"Claim","COUNT_VALUE":5736},"AGE_AT_FIRST_DIAGNOSIS":{"CATEGORY":["No matching concept","FEMALE","MALE"],"MIN_VALUE":[4,0,0],"P10_VALUE":[14,10,10],"P25_VALUE":[27,26,23],"MEDIAN_VALUE":[44,44,41],"P75_VALUE":[57,64,60],"P90_VALUE":[70,78,76],"MAX_VALUE":[98,99,99]}}
