{"PREVALENCE_BY_GENDER_AGE_YEAR":{"TRELLIS_NAME":["40-49","30-39","50-59","20-29","60-69","0-9","50-59","60-69","70-79","40-49","10-19","70-79","0-9","30-39"],"SERIES_NAME":["MALE","MALE","MALE","MALE","MALE","MALE","FEMALE","FEMALE","FEMALE","FEMALE","FEMALE","MALE","FEMALE","FEMALE"],"X_CALENDAR_YEAR":[2019,2019,2019,2019,2019,2019,2019,2019,2019,2019,2019,2019,2019,2019],"Y_PREVALENCE_1000PP":[3.07152,1.3557,1.46692,1.17964,2.69231,1.78333,1.44865,2.66362,1.48258,2.28408,2.4049,1.13917,1.47244,1.95376]},"PREVALENCE_BY_MONTH":{"X_CALENDAR_MONTH":[201901,201902,201903,201904,201905,201906,201907,201908,201909,201910,201911,201912],"Y_PREVALENCE_1000PP":[0.18,0.15,0.14,0.2,0.13,0.22,0.16,0.19,0.06,0.15,0.09,0.11]},"CONDITIONS_BY_TYPE":{"CONCEPT_NAME":"Claim","COUNT_VALUE":972},"AGE_AT_FIRST_DIAGNOSIS":{"CATEGORY":["MALE","FEMALE"],"MIN_VALUE":[1,0],"P10_VALUE":[15,10],"P25_VALUE":[30,26],"MEDIAN_VALUE":[46,45],"P75_VALUE":[62,63],"P90_VALUE":[73,78],"MAX_VALUE":[98,97]}}
