{"PREVALENCE_BY_GENDER_AGE_YEAR":{"TRELLIS_NAME":["70-79","90-99","10-19","20-29","60-69","0-9","30-39","30-39","10-19","0-9","20-29","50-59","40-49","60-69","40-49","90-99","50-59","80-89","70-79"],"SERIES_NAME":["MALE","MALE","FEMALE","FEMALE","MALE","FEMALE","FEMALE","MALE","MALE","MALE","MALE","MALE","MALE","FEMALE","FEMALE","FEMALE","FEMALE","FEMALE","FEMALE"],"X_CALENDAR_YEAR":[2019,2019,2019,2019,2019,2019,2019,2019,2019,2019,2019,2019,2019,2019,2019,2019,2019,2019,2019],"Y_PREVALENCE_1000PP":[3.22764,3.4188,4.15391,5.16236,3.65385,3.78629,4.23315,3.38926,2.97892,3.12082,2.02224,3.52061,5.1192,3.04414,4.42541,4.45931,4.34594,3.45821,4.26242]},"PREVALENCE_BY_MONTH":{"X_CALENDAR_MONTH":[201901,201902,201903,201904,201905,201906,201907,201908,201909,201910,201911,201912],"Y_PREVALENCE_1000PP":[0.3,0.21,0.34,0.39,0.2,0.23,0.42,0.34,0.31,0.42,0.28,0.39]},"CONDITIONS_BY_TYPE":{"CONCEPT_NAME":"Claim","COUNT_VALUE":2012},"AGE_AT_FIRST_DIAGNOSIS":{"CATEGORY":["MALE","FEMALE","No matching concept"],"MIN_VALUE":[0,0,20],"P10_VALUE":[10,12,20],"P25_VALUE":[30,24,28],"MEDIAN_VALUE":[46,43,44],"P75_VALUE":[63,60,76],"P90_VALUE":[76,77,81],"MAX_VALUE":[95,98,92]}}
