{"PREVALENCE_BY_GENDER_AGE_YEAR":{"TRELLIS_NAME":["50-59","60-69","30-39","20-29","10-19","40-49","0-9","50-59","0-9","20-29","40-49","30-39","70-79","10-19"],"SERIES_NAME":["FEMALE","FEMALE","MALE","MALE","MALE","MALE","MALE","MALE","FEMALE","FEMALE","FEMALE","FEMALE","MALE","FEMALE"],"X_CALENDAR_YEAR":[2019,2019,2019,2019,2019,2019,2019,2019,2019,2019,2019,2019,2019,2019],"Y_PREVALENCE_1000PP":[1.88351,2.4584,1.52801,1.17805,2.75482,2.33816,3.11804,1.9084,2.52632,1.83578,1.14367,1.9509,1.52149,1.96721]},"PREVALENCE_BY_MONTH":{"X_CALENDAR_MONTH":[201901,201902,201903,201904,201905,201906,201907,201908,201909,201910,201911,201912],"Y_PREVALENCE_1000PP":[0.22,0.08,0.14,0.18,0.13,0.09,0.16,0.16,0.17,0.15,0.17,0.13]},"CONDITIONS_BY_TYPE":{"CONCEPT_NAME":"Claim","COUNT_VALUE":241},"AGE_AT_FIRST_DIAGNOSIS":{"CATEGORY":["FEMALE","MALE"],"MIN_VALUE":[0,0],"P10_VALUE":[7,6],"P25_VALUE":[22,14],"MEDIAN_VALUE":[39,40],"P75_VALUE":[60,53],"P90_VALUE":[70,74],"MAX_VALUE":[97,97]}}
