{"PREVALENCE_BY_GENDER_AGE_YEAR":{"TRELLIS_NAME":["50-59","40-49","10-19","20-29","30-39","60-69","0-9","60-69","90-99","50-59","80-89","70-79","0-9","90-99","20-29","10-19","30-39","80-89","40-49","70-79"],"SERIES_NAME":["MALE","MALE","MALE","MALE","MALE","MALE","MALE","FEMALE","FEMALE","FEMALE","FEMALE","FEMALE","FEMALE","MALE","FEMALE","FEMALE","FEMALE","MALE","FEMALE","MALE"],"X_CALENDAR_YEAR":[2019,2019,2019,2019,2019,2019,2019,2019,2019,2019,2019,2019,2019,2019,2019,2019,2019,2019,2019,2019],"Y_PREVALENCE_1000PP":[2.7892,2.92269,4.82094,2.5244,4.41426,2.90023,1.78174,2.83661,3.88673,2.31817,4.03691,2.58924,3.78947,3.4384,3.67156,4.15301,4.22695,3.31309,2.57327,2.8528]},"PREVALENCE_BY_MONTH":{"X_CALENDAR_MONTH":[201901,201902,201903,201904,201905,201906,201907,201908,201909,201910,201911,201912],"Y_PREVALENCE_1000PP":[0.29,0.24,0.24,0.23,0.28,0.22,0.35,0.23,0.2,0.37,0.3,0.28]},"CONDITIONS_BY_TYPE":{"CONCEPT_NAME":"Claim","COUNT_VALUE":442},"AGE_AT_FIRST_DIAGNOSIS":{"CATEGORY":["FEMALE","MALE","No matching concept"],"MIN_VALUE":[0,3,12],"P10_VALUE":[9,14,12],"P25_VALUE":[21,24,17],"MEDIAN_VALUE":[37,42,29],"P75_VALUE":[61,63,40],"P90_VALUE":[78,77,45],"MAX_VALUE":[99,98,71]}}
