{"PREVALENCE_BY_GENDER_AGE_YEAR":{"TRELLIS_NAME":["0-9","30-39","10-19","20-29","70-79","30-39","20-29","0-9","50-59","10-19","40-49","60-69","60-69","40-49","70-79","50-59"],"SERIES_NAME":["FEMALE","FEMALE","FEMALE","FEMALE","MALE","MALE","MALE","MALE","MALE","MALE","MALE","MALE","FEMALE","FEMALE","FEMALE","FEMALE"],"X_CALENDAR_YEAR":[2019,2019,2019,2019,2019,2019,2019,2019,2019,2019,2019,2019,2019,2019,2019,2019],"Y_PREVALENCE_1000PP":[1.47244,2.27939,2.84215,2.33139,2.4682,3.55872,1.51668,2.22916,3.22723,2.29148,2.92526,1.15385,1.52207,3.85439,1.48258,1.88324]},"PREVALENCE_BY_MONTH":{"X_CALENDAR_MONTH":[201901,201902,201903,201904,201905,201906,201907,201908,201909,201910,201911,201912],"Y_PREVALENCE_1000PP":[0.23,0.12,0.21,0.16,0.09,0.21,0.31,0.24,0.18,0.15,0.19,0.21]},"CONDITIONS_BY_TYPE":{"CONCEPT_NAME":"Claim","COUNT_VALUE":1232},"AGE_AT_FIRST_DIAGNOSIS":{"CATEGORY":["No matching concept","FEMALE","MALE"],"MIN_VALUE":[13,2,1],"P10_VALUE":[13,15,11],"P25_VALUE":[14,24,27],"MEDIAN_VALUE":[39,43,43],"P75_VALUE":[72,57,55],"P90_VALUE":[95,75,72],"MAX_VALUE":[95,99,95]}}
