{"PREVALENCE_BY_GENDER_AGE_YEAR":{"TRELLIS_NAME":["0-9","40-49","70-79","20-29","10-19","30-39","80-89","70-79","60-69","90-99","50-59","50-59","0-9","30-39","60-69","20-29","40-49","10-19"],"SERIES_NAME":["FEMALE","FEMALE","MALE","FEMALE","FEMALE","FEMALE","FEMALE","FEMALE","FEMALE","FEMALE","FEMALE","MALE","MALE","MALE","MALE","MALE","MALE","MALE"],"X_CALENDAR_YEAR":[2019,2019,2019,2019,2019,2019,2019,2019,2019,2019,2019,2019,2019,2019,2019,2019,2019,2019],"Y_PREVALENCE_1000PP":[2.52419,2.42684,3.79723,3.16403,3.71666,3.41908,4.61095,2.40919,2.66362,4.45931,2.4627,1.46692,2.00624,1.86409,2.5,1.6852,2.63273,2.97892]},"PREVALENCE_BY_MONTH":{"X_CALENDAR_MONTH":[201901,201902,201903,201904,201905,201906,201907,201908,201909,201910,201911,201912],"Y_PREVALENCE_1000PP":[0.3,0.18,0.18,0.19,0.31,0.2,0.23,0.14,0.19,0.28,0.3,0.15]},"CONDITIONS_BY_TYPE":{"CONCEPT_NAME":"Claim","COUNT_VALUE":1396},"AGE_AT_FIRST_DIAGNOSIS":{"CATEGORY":["MALE","No matching concept","FEMALE"],"MIN_VALUE":[0,23,0],"P10_VALUE":[11,23,12],"P25_VALUE":[24,44,25],"MEDIAN_VALUE":[46,60,42],"P75_VALUE":[69,79,65],"P90_VALUE":[78,86,84],"MAX_VALUE":[93,86,99]}}
