{"PREVALENCE_BY_GENDER_AGE_YEAR":{"TRELLIS_NAME":["80-89","90-99","50-59","40-49","70-79","60-69","30-39","10-19","70-79","20-29","90-99","0-9","80-89","20-29","50-59","40-49","60-69","30-39","10-19","0-9"],"SERIES_NAME":["FEMALE","FEMALE","FEMALE","FEMALE","FEMALE","FEMALE","FEMALE","FEMALE","MALE","FEMALE","MALE","FEMALE","MALE","MALE","MALE","MALE","MALE","MALE","MALE","MALE"],"X_CALENDAR_YEAR":[2019,2019,2019,2019,2019,2019,2019,2019,2019,2019,2019,2019,2019,2019,2019,2019,2019,2019,2019,2019],"Y_PREVALENCE_1000PP":[9.79827,7.24638,5.50485,5.4247,6.48629,4.37595,4.72159,6.55881,4.36681,7.1607,10.82621,4.83803,7.17835,6.5723,6.60114,5.85052,4.23077,6.77851,5.95784,5.34998]},"PREVALENCE_BY_MONTH":{"X_CALENDAR_MONTH":[201901,201902,201903,201904,201905,201906,201907,201908,201909,201910,201911,201912],"Y_PREVALENCE_1000PP":[0.43,0.47,0.45,0.65,0.49,0.44,0.58,0.41,0.41,0.6,0.49,0.49]},"CONDITIONS_BY_TYPE":{"CONCEPT_NAME":"Claim","COUNT_VALUE":3180},"AGE_AT_FIRST_DIAGNOSIS":{"CATEGORY":["FEMALE","MALE","No matching concept"],"MIN_VALUE":[0,2,5],"P10_VALUE":[11,12,5],"P25_VALUE":[25,26,16],"MEDIAN_VALUE":[45,44,45],"P75_VALUE":[66,61,73],"P90_VALUE":[80,82,75],"MAX_VALUE":[99,99,77]}}
