{"PREVALENCE_BY_GENDER_AGE_YEAR":{"TRELLIS_NAME":["20-29","0-9","40-49","90-99","10-19","80-89","30-39","70-79","50-59","60-69","70-79","80-89","90-99","20-29","0-9","40-49","60-69","30-39","50-59","10-19"],"SERIES_NAME":["FEMALE","FEMALE","FEMALE","MALE","FEMALE","MALE","FEMALE","MALE","FEMALE","FEMALE","FEMALE","FEMALE","FEMALE","MALE","MALE","MALE","MALE","MALE","MALE","MALE"],"X_CALENDAR_YEAR":[2019,2019,2019,2019,2019,2019,2019,2019,2019,2019,2019,2019,2019,2019,2019,2019,2019,2019,2019,2019],"Y_PREVALENCE_1000PP":[41.7223,41.05263,40.45747,32.66476,41.96721,47.48758,41.45667,41.27045,41.72704,42.17095,41.24283,43.2526,41.08828,46.6173,38.53007,38.14117,41.37664,38.70968,44.62713,39.48577]},"PREVALENCE_BY_MONTH":{"X_CALENDAR_MONTH":[201901,201902,201903,201904,201905,201906,201907,201908,201909,201910,201911,201912],"Y_PREVALENCE_1000PP":[4.31,3.22,3.34,4.05,2.95,3.23,4.21,3.07,3.22,4.03,3.11,3.28]},"CONDITIONS_BY_TYPE":{"CONCEPT_NAME":"Claim","COUNT_VALUE":5710},"AGE_AT_FIRST_DIAGNOSIS":{"CATEGORY":["MALE","FEMALE","No matching concept"],"MIN_VALUE":[0,0,0],"P10_VALUE":[11,10,14],"P25_VALUE":[25,24,26],"MEDIAN_VALUE":[45,44,50],"P75_VALUE":[63,64,65],"P90_VALUE":[77,77,82],"MAX_VALUE":[99,99,98]}}
