{"PREVALENCE_BY_GENDER_AGE_YEAR":{"TRELLIS_NAME":["20-29","10-19","30-39","20-29","0-9","40-49","60-69","70-79"],"SERIES_NAME":["FEMALE","FEMALE","FEMALE","MALE","MALE","FEMALE","FEMALE","FEMALE"],"X_CALENDAR_YEAR":[2019,2019,2019,2019,2019,2019,2019,2019],"Y_PREVALENCE_1000PP":[1.00134,1.74863,1.13803,1.00976,1.78174,0.85776,1.32375,1.47956]},"PREVALENCE_BY_MONTH":{"X_CALENDAR_MONTH":[201901,201902,201903,201904,201906,201907,201908,201909,201910,201911,201912],"Y_PREVALENCE_1000PP":[0.08,0.07,0.06,0.06,0.08,0.12,0.09,0.07,0.15,0.08,0.06]},"CONDITIONS_BY_TYPE":{"CONCEPT_NAME":"Claim","COUNT_VALUE":130},"AGE_AT_FIRST_DIAGNOSIS":{"CATEGORY":["MALE","FEMALE"],"MIN_VALUE":[1,2],"P10_VALUE":[2,11],"P25_VALUE":[15,27],"MEDIAN_VALUE":[41,49],"P75_VALUE":[63,72],"P90_VALUE":[81,85],"MAX_VALUE":[97,98]}}
