{"PREVALENCE_BY_GENDER_AGE_YEAR":{"TRELLIS_NAME":["50-59","40-49","0-9","30-39","20-29","30-39","10-19","70-79","20-29","90-99","0-9","60-69","40-49","50-59","70-79"],"SERIES_NAME":["MALE","MALE","MALE","MALE","MALE","FEMALE","FEMALE","MALE","FEMALE","MALE","FEMALE","FEMALE","FEMALE","FEMALE","FEMALE"],"X_CALENDAR_YEAR":[2019,2019,2019,2019,2019,2019,2019,2019,2019,2019,2019,2019,2019,2019,2019],"Y_PREVALENCE_1000PP":[1.02684,1.90142,1.33749,1.69463,2.35929,1.13969,1.31176,1.51889,1.99833,3.4188,1.47244,1.52207,1.2848,2.0281,2.59451]},"PREVALENCE_BY_MONTH":{"X_CALENDAR_MONTH":[201901,201902,201903,201904,201905,201906,201907,201908,201909,201910,201911,201912],"Y_PREVALENCE_1000PP":[0.15,0.07,0.14,0.16,0.09,0.12,0.17,0.09,0.11,0.14,0.16,0.15]},"CONDITIONS_BY_TYPE":{"CONCEPT_NAME":"Claim","COUNT_VALUE":864},"AGE_AT_FIRST_DIAGNOSIS":{"CATEGORY":["MALE","FEMALE"],"MIN_VALUE":[0,2],"P10_VALUE":[19,11],"P25_VALUE":[27,25],"MEDIAN_VALUE":[44,48],"P75_VALUE":[62,66],"P90_VALUE":[80,75],"MAX_VALUE":[99,87]}}
