{"PREVALENCE_BY_GENDER_AGE_YEAR":{"TRELLIS_NAME":["20-29","70-79","30-39","40-49","60-69","50-59","50-59","20-29","30-39","10-19"],"SERIES_NAME":["FEMALE","MALE","FEMALE","FEMALE","FEMALE","FEMALE","MALE","MALE","MALE","MALE"],"X_CALENDAR_YEAR":[2019,2019,2019,2019,2019,2019,2019,2019,2019,2019],"Y_PREVALENCE_1000PP":[1.33222,1.70875,1.30251,2.14133,1.71233,1.30378,1.17354,1.01112,1.18624,1.60403]},"PREVALENCE_BY_MONTH":{"X_CALENDAR_MONTH":[201901,201902,201903,201904,201905,201906,201907,201908,201909,201910,201911,201912],"Y_PREVALENCE_1000PP":[0.12,0.09,0.09,0.12,0.1,0.11,0.12,0.07,0.08,0.15,0.12,0.06]},"CONDITIONS_BY_TYPE":{"CONCEPT_NAME":"Claim","COUNT_VALUE":712},"AGE_AT_FIRST_DIAGNOSIS":{"CATEGORY":["MALE","FEMALE"],"MIN_VALUE":[6,4],"P10_VALUE":[11,18],"P25_VALUE":[29,31],"MEDIAN_VALUE":[52,47],"P75_VALUE":[71,60],"P90_VALUE":[79,84],"MAX_VALUE":[98,99]}}
