{"PREVALENCE_BY_GENDER_AGE_YEAR":{"TRELLIS_NAME":["10-19","0-9","90-99","30-39","70-79","40-49","20-29","50-59","90-99","70-79","60-69","80-89","40-49","20-29","30-39","50-59","60-69","0-9","10-19"],"SERIES_NAME":["FEMALE","FEMALE","MALE","FEMALE","MALE","FEMALE","FEMALE","FEMALE","FEMALE","FEMALE","FEMALE","FEMALE","MALE","MALE","MALE","MALE","MALE","MALE","MALE"],"X_CALENDAR_YEAR":[2019,2019,2019,2019,2019,2019,2019,2019,2019,2019,2019,2019,2019,2019,2019,2019,2019,2019,2019],"Y_PREVALENCE_1000PP":[3.71666,3.36559,4.5584,2.76783,2.08848,2.42684,3.66361,3.04216,5.57414,2.96516,3.2344,3.45821,1.46263,2.52781,2.7114,2.49377,2.69231,3.12082,3.20807]},"PREVALENCE_BY_MONTH":{"X_CALENDAR_MONTH":[201901,201902,201903,201904,201905,201906,201907,201908,201909,201910,201911,201912],"Y_PREVALENCE_1000PP":[0.3,0.24,0.26,0.15,0.19,0.22,0.24,0.22,0.22,0.42,0.29,0.12]},"CONDITIONS_BY_TYPE":{"CONCEPT_NAME":"Claim","COUNT_VALUE":1592},"AGE_AT_FIRST_DIAGNOSIS":{"CATEGORY":["MALE","FEMALE"],"MIN_VALUE":[1,0],"P10_VALUE":[7,9],"P25_VALUE":[21,23],"MEDIAN_VALUE":[44,44],"P75_VALUE":[67,66],"P90_VALUE":[79,80],"MAX_VALUE":[97,95]}}
