{"PREVALENCE_BY_GENDER_AGE_YEAR":{"TRELLIS_NAME":["20-29","30-39","0-9","60-69","10-19","40-49","50-59","30-39","10-19","0-9","70-79","90-99","20-29","40-49","90-99","60-69","50-59","80-89","70-79"],"SERIES_NAME":["MALE","MALE","MALE","MALE","MALE","MALE","MALE","FEMALE","FEMALE","FEMALE","MALE","MALE","FEMALE","FEMALE","FEMALE","FEMALE","FEMALE","FEMALE","FEMALE"],"X_CALENDAR_YEAR":[2019,2019,2019,2019,2019,2019,2019,2019,2019,2019,2019,2019,2019,2019,2019,2019,2019,2019,2019],"Y_PREVALENCE_1000PP":[2.86485,3.38926,4.2354,5.96154,2.29148,4.38789,4.69415,4.23315,3.27941,3.99663,4.74654,3.4188,4.49625,4.1399,3.9019,3.61492,4.20107,5.18732,4.44774]},"PREVALENCE_BY_MONTH":{"X_CALENDAR_MONTH":[201901,201902,201903,201904,201905,201906,201907,201908,201909,201910,201911,201912],"Y_PREVALENCE_1000PP":[0.41,0.3,0.28,0.36,0.37,0.26,0.31,0.37,0.42,0.46,0.2,0.34]},"CONDITIONS_BY_TYPE":{"CONCEPT_NAME":"Claim","COUNT_VALUE":2196},"AGE_AT_FIRST_DIAGNOSIS":{"CATEGORY":["MALE","No matching concept","FEMALE"],"MIN_VALUE":[0,43,0],"P10_VALUE":[10,43,11],"P25_VALUE":[31,48,26],"MEDIAN_VALUE":[50,62,44],"P75_VALUE":[65,72,64],"P90_VALUE":[75,91,78],"MAX_VALUE":[96,91,99]}}
