{"PREVALENCE_BY_GENDER_AGE_YEAR":{"TRELLIS_NAME":["50-59","60-69","70-79","50-59","10-19","20-29","40-49","30-39","0-9","60-69","70-79","0-9","20-29","30-39","40-49"],"SERIES_NAME":["FEMALE","FEMALE","FEMALE","MALE","MALE","MALE","MALE","MALE","MALE","MALE","MALE","FEMALE","FEMALE","FEMALE","FEMALE"],"X_CALENDAR_YEAR":[2019,2019,2019,2019,2019,2019,2019,2019,2019,2019,2019,2019,2019,2019,2019],"Y_PREVALENCE_1000PP":[2.75283,2.6475,1.66451,1.7616,2.06612,1.68294,1.75362,2.03735,1.55902,2.70688,1.52149,2.31579,1.502,1.78833,3.00214]},"PREVALENCE_BY_MONTH":{"X_CALENDAR_MONTH":[201901,201902,201903,201904,201905,201906,201907,201908,201909,201910,201911,201912],"Y_PREVALENCE_1000PP":[0.21,0.1,0.26,0.15,0.08,0.16,0.17,0.15,0.13,0.21,0.2,0.1]},"CONDITIONS_BY_TYPE":{"CONCEPT_NAME":"Claim","COUNT_VALUE":255},"AGE_AT_FIRST_DIAGNOSIS":{"CATEGORY":["FEMALE","MALE"],"MIN_VALUE":[0,0],"P10_VALUE":[6,11],"P25_VALUE":[33,26],"MEDIAN_VALUE":[47,47],"P75_VALUE":[60,62],"P90_VALUE":[73,73],"MAX_VALUE":[99,95]}}
