{"PREVALENCE_BY_GENDER_AGE_YEAR":{"TRELLIS_NAME":["60-69","40-49","50-59","70-79","40-49","0-9","30-39","20-29","50-59","60-69","70-79","20-29","0-9","90-99","30-39"],"SERIES_NAME":["FEMALE","FEMALE","FEMALE","FEMALE","MALE","MALE","MALE","MALE","MALE","MALE","MALE","FEMALE","FEMALE","MALE","FEMALE"],"X_CALENDAR_YEAR":[2019,2019,2019,2019,2019,2019,2019,2019,2019,2019,2019,2019,2019,2019,2019],"Y_PREVALENCE_1000PP":[1.52207,1.85582,2.75243,2.22387,2.19394,1.56041,1.86409,1.51668,1.907,1.15385,3.03778,1.66528,1.2621,3.4188,1.79095]},"PREVALENCE_BY_MONTH":{"X_CALENDAR_MONTH":[201901,201902,201903,201904,201905,201906,201907,201908,201909,201910,201911,201912],"Y_PREVALENCE_1000PP":[0.16,0.1,0.16,0.24,0.15,0.2,0.21,0.06,0.15,0.13,0.14,0.12]},"CONDITIONS_BY_TYPE":{"CONCEPT_NAME":"Claim","COUNT_VALUE":1000},"AGE_AT_FIRST_DIAGNOSIS":{"CATEGORY":["FEMALE","MALE"],"MIN_VALUE":[2,3],"P10_VALUE":[16,17],"P25_VALUE":[31,32],"MEDIAN_VALUE":[50,49],"P75_VALUE":[67,71],"P90_VALUE":[77,82],"MAX_VALUE":[97,99]}}
