{"PREVALENCE_BY_GENDER_AGE_YEAR":{"TRELLIS_NAME":["70-79","10-19","90-99","30-39","20-29","0-9","80-89","40-49","50-59","60-69","70-79","10-19","50-59","30-39","20-29","60-69","40-49","0-9"],"SERIES_NAME":["MALE","FEMALE","MALE","FEMALE","FEMALE","FEMALE","FEMALE","FEMALE","FEMALE","FEMALE","FEMALE","MALE","MALE","MALE","MALE","MALE","MALE","MALE"],"X_CALENDAR_YEAR":[2019,2019,2019,2019,2019,2019,2019,2019,2019,2019,2019,2019,2019,2019,2019,2019,2019,2019],"Y_PREVALENCE_1000PP":[6.27615,3.93443,3.4384,4.55211,4.00534,4.63158,4.03691,3.1451,3.76702,4.72769,3.88385,2.98439,5.43159,4.41426,2.18782,5.02707,3.21496,5.12249]},"PREVALENCE_BY_MONTH":{"X_CALENDAR_MONTH":[201901,201902,201903,201904,201905,201906,201907,201908,201909,201910,201911,201912],"Y_PREVALENCE_1000PP":[0.51,0.21,0.33,0.36,0.4,0.28,0.36,0.3,0.29,0.42,0.25,0.38]},"CONDITIONS_BY_TYPE":{"CONCEPT_NAME":"Claim","COUNT_VALUE":551},"AGE_AT_FIRST_DIAGNOSIS":{"CATEGORY":["MALE","FEMALE","No matching concept"],"MIN_VALUE":[0,0,13],"P10_VALUE":[8,9,13],"P25_VALUE":[30,23,27],"MEDIAN_VALUE":[50,44,42],"P75_VALUE":[66,62,65],"P90_VALUE":[78,76,75],"MAX_VALUE":[99,99,75]}}
