{"PREVALENCE_BY_GENDER_AGE_YEAR":{"TRELLIS_NAME":["80-89","60-69","50-59","90-99","70-79","90-99","70-79","40-49","80-89","20-29","30-39","10-19","0-9","40-49","60-69","50-59","0-9","20-29","10-19","30-39"],"SERIES_NAME":["FEMALE","FEMALE","FEMALE","FEMALE","FEMALE","MALE","MALE","FEMALE","MALE","FEMALE","FEMALE","FEMALE","FEMALE","MALE","MALE","MALE","MALE","MALE","MALE","MALE"],"X_CALENDAR_YEAR":[2019,2019,2019,2019,2019,2019,2019,2019,2019,2019,2019,2019,2019,2019,2019,2019,2019,2019,2019,2019],"Y_PREVALENCE_1000PP":[23.05476,24.35312,22.30914,25.08361,25.94514,22.79202,27.90963,22.55532,24.29597,24.97918,24.42201,24.48623,24.19016,20.18429,22.88462,22.00381,24.29782,25.95214,24.28964,24.06372]},"PREVALENCE_BY_MONTH":{"X_CALENDAR_MONTH":[201901,201902,201903,201904,201905,201906,201907,201908,201909,201910,201911,201912],"Y_PREVALENCE_1000PP":[2.22,1.66,1.73,2.17,1.77,1.82,2.36,2.09,1.7,2.63,2.01,1.93]},"CONDITIONS_BY_TYPE":{"CONCEPT_NAME":"Claim","COUNT_VALUE":13276},"AGE_AT_FIRST_DIAGNOSIS":{"CATEGORY":["FEMALE","MALE","No matching concept"],"MIN_VALUE":[0,0,3],"P10_VALUE":[10,10,9],"P25_VALUE":[25,25,27],"MEDIAN_VALUE":[44,44,48],"P75_VALUE":[64,65,65],"P90_VALUE":[77,77,78],"MAX_VALUE":[99,99,98]}}
