{"PREVALENCE_BY_GENDER_AGE_YEAR":{"TRELLIS_NAME":["0-9","20-29","30-39","80-89","90-99","70-79","40-49","10-19","40-49","10-19","60-69","30-39","50-59","20-29","0-9","80-89","50-59","70-79","60-69","90-99"],"SERIES_NAME":["FEMALE","FEMALE","FEMALE","MALE","MALE","MALE","FEMALE","FEMALE","MALE","MALE","MALE","MALE","MALE","MALE","MALE","FEMALE","FEMALE","FEMALE","FEMALE","FEMALE"],"X_CALENDAR_YEAR":[2019,2019,2019,2019,2019,2019,2019,2019,2019,2019,2019,2019,2019,2019,2019,2019,2019,2019,2019,2019],"Y_PREVALENCE_1000PP":[3.36842,5.00668,5.36498,4.96963,4.58453,3.23317,4.86061,3.93443,4.38404,6.42792,6.57386,6.28183,4.99119,6.39515,6.4588,6.34371,5.21588,5.17847,4.72769,6.66297]},"PREVALENCE_BY_MONTH":{"X_CALENDAR_MONTH":[201901,201902,201903,201904,201905,201906,201907,201908,201909,201910,201911,201912],"Y_PREVALENCE_1000PP":[0.43,0.45,0.49,0.59,0.31,0.46,0.4,0.43,0.49,0.51,0.3,0.4]},"CONDITIONS_BY_TYPE":{"CONCEPT_NAME":"Claim","COUNT_VALUE":707},"AGE_AT_FIRST_DIAGNOSIS":{"CATEGORY":["FEMALE","MALE","No matching concept"],"MIN_VALUE":[1,0,5],"P10_VALUE":[13,9,8],"P25_VALUE":[26,21,28],"MEDIAN_VALUE":[46,39,47],"P75_VALUE":[65,61,59],"P90_VALUE":[79,75,78],"MAX_VALUE":[99,99,79]}}
