{"PREVALENCE_BY_GENDER_AGE_YEAR":{"TRELLIS_NAME":["30-39","70-79","10-19","20-29","80-89","40-49","0-9","20-29","30-39","50-59","40-49","10-19","60-69","0-9","70-79","80-89","50-59","60-69"],"SERIES_NAME":["FEMALE","MALE","FEMALE","FEMALE","MALE","FEMALE","FEMALE","MALE","MALE","MALE","MALE","MALE","MALE","MALE","FEMALE","FEMALE","FEMALE","FEMALE"],"X_CALENDAR_YEAR":[2019,2019,2019,2019,2019,2019,2019,2019,2019,2019,2019,2019,2019,2019,2019,2019,2019,2019],"Y_PREVALENCE_1000PP":[2.6012,2.09205,3.93443,3.83845,4.96963,2.85919,3.57895,2.6927,4.41426,4.11039,2.77656,2.98439,3.28693,2.89532,2.58924,4.03691,3.33237,2.26929]},"PREVALENCE_BY_MONTH":{"X_CALENDAR_MONTH":[201901,201902,201903,201904,201905,201906,201907,201908,201909,201910,201911,201912],"Y_PREVALENCE_1000PP":[0.37,0.24,0.26,0.29,0.2,0.23,0.37,0.19,0.3,0.22,0.22,0.28]},"CONDITIONS_BY_TYPE":{"CONCEPT_NAME":"Claim","COUNT_VALUE":425},"AGE_AT_FIRST_DIAGNOSIS":{"CATEGORY":["MALE","FEMALE","No matching concept"],"MIN_VALUE":[0,0,4],"P10_VALUE":[11,9,4],"P25_VALUE":[25,22,11],"MEDIAN_VALUE":[42,41,41],"P75_VALUE":[61,59,57],"P90_VALUE":[77,75,68],"MAX_VALUE":[97,94,68]}}
