{"PREVALENCE_BY_GENDER_AGE_YEAR":{"TRELLIS_NAME":["90-99","80-89","70-79","40-49","50-59","60-69","60-69","20-29","50-59","30-39","10-19","40-49","0-9","0-9","30-39","70-79","20-29","80-89","10-19"],"SERIES_NAME":["FEMALE","FEMALE","FEMALE","FEMALE","FEMALE","FEMALE","MALE","MALE","MALE","MALE","MALE","MALE","MALE","FEMALE","FEMALE","MALE","FEMALE","MALE","FEMALE"],"X_CALENDAR_YEAR":[2019,2019,2019,2019,2019,2019,2019,2019,2019,2019,2019,2019,2019,2019,2019,2019,2019,2019,2019],"Y_PREVALENCE_1000PP":[3.34448,3.45821,4.44774,2.8551,1.88324,3.99543,3.07692,5.89821,4.25407,3.72818,6.41613,4.09536,3.56665,6.10013,5.37284,1.89861,4.82931,4.41745,3.71666]},"PREVALENCE_BY_MONTH":{"X_CALENDAR_MONTH":[201901,201902,201903,201904,201905,201906,201907,201908,201909,201910,201911,201912],"Y_PREVALENCE_1000PP":[0.47,0.25,0.31,0.42,0.27,0.31,0.32,0.3,0.36,0.32,0.37,0.32]},"CONDITIONS_BY_TYPE":{"CONCEPT_NAME":"Claim","COUNT_VALUE":2268},"AGE_AT_FIRST_DIAGNOSIS":{"CATEGORY":["MALE","No matching concept","FEMALE"],"MIN_VALUE":[1,8,0],"P10_VALUE":[11,8,6],"P25_VALUE":[21,9,21],"MEDIAN_VALUE":[38,43,35],"P75_VALUE":[55,56,62],"P90_VALUE":[72,98,77],"MAX_VALUE":[98,98,97]}}
