{"PREVALENCE_BY_GENDER_AGE_YEAR":{"TRELLIS_NAME":["40-49","50-59","0-9","20-29","10-19","60-69","30-39","90-99","70-79","60-69","50-59","0-9","40-49","80-89","10-19","20-29","70-79","30-39","90-99"],"SERIES_NAME":["MALE","MALE","MALE","MALE","MALE","MALE","MALE","FEMALE","FEMALE","FEMALE","FEMALE","FEMALE","FEMALE","MALE","FEMALE","FEMALE","MALE","FEMALE","MALE"],"X_CALENDAR_YEAR":[2019,2019,2019,2019,2019,2019,2019,2019,2019,2019,2019,2019,2019,2019,2019,2019,2019,2019,2019],"Y_PREVALENCE_1000PP":[5.26547,2.93384,5.34998,3.20189,2.97892,4.61538,4.40603,4.45931,3.15048,3.2344,3.91134,3.36559,3.42612,4.96963,5.46568,5.32889,4.17695,3.74471,3.4188]},"PREVALENCE_BY_MONTH":{"X_CALENDAR_MONTH":[201901,201902,201903,201904,201905,201906,201907,201908,201909,201910,201911,201912],"Y_PREVALENCE_1000PP":[0.33,0.29,0.29,0.39,0.3,0.4,0.36,0.33,0.3,0.36,0.3,0.35]},"CONDITIONS_BY_TYPE":{"CONCEPT_NAME":"Claim","COUNT_VALUE":2168},"AGE_AT_FIRST_DIAGNOSIS":{"CATEGORY":["FEMALE","MALE","No matching concept"],"MIN_VALUE":[0,1,22],"P10_VALUE":[11,8,22],"P25_VALUE":[21,25,40],"MEDIAN_VALUE":[39,45,47],"P75_VALUE":[58,62,51],"P90_VALUE":[73,78,62],"MAX_VALUE":[97,96,62]}}
