{"PREVALENCE_BY_GENDER_AGE_YEAR":{"TRELLIS_NAME":["30-39","40-49","20-29","10-19","80-89","0-9","90-99","70-79","20-29","30-39","0-9","60-69","10-19","40-49","50-59","70-79","90-99","50-59","60-69"],"SERIES_NAME":["FEMALE","FEMALE","FEMALE","FEMALE","MALE","FEMALE","MALE","MALE","MALE","MALE","MALE","MALE","MALE","MALE","MALE","FEMALE","FEMALE","FEMALE","FEMALE"],"X_CALENDAR_YEAR":[2019,2019,2019,2019,2019,2019,2019,2019,2019,2019,2019,2019,2019,2019,2019,2019,2019,2019,2019],"Y_PREVALENCE_1000PP":[3.5819,3.85439,3.66361,3.27941,3.31309,2.73454,3.9886,3.79723,3.03337,4.5755,4.01248,2.30769,3.89551,2.92526,3.6673,3.89177,3.34448,4.63567,3.61492]},"PREVALENCE_BY_MONTH":{"X_CALENDAR_MONTH":[201901,201902,201903,201904,201905,201906,201907,201908,201909,201910,201911,201912],"Y_PREVALENCE_1000PP":[0.31,0.24,0.23,0.38,0.21,0.26,0.43,0.3,0.23,0.33,0.32,0.37]},"CONDITIONS_BY_TYPE":{"CONCEPT_NAME":"Claim","COUNT_VALUE":1948},"AGE_AT_FIRST_DIAGNOSIS":{"CATEGORY":["No matching concept","FEMALE","MALE"],"MIN_VALUE":[27,0,2],"P10_VALUE":[27,14,8],"P25_VALUE":[33,28,23],"MEDIAN_VALUE":[34,47,42],"P75_VALUE":[43,60,61],"P90_VALUE":[49,74,76],"MAX_VALUE":[49,99,99]}}
