{"PREVALENCE_BY_GENDER_AGE_YEAR":{"TRELLIS_NAME":["50-59","60-69","70-79","40-49","0-9","20-29","10-19","70-79","80-89","30-39","20-29","10-19","0-9","30-39","40-49","60-69","50-59"],"SERIES_NAME":["FEMALE","FEMALE","FEMALE","FEMALE","FEMALE","FEMALE","FEMALE","MALE","MALE","FEMALE","MALE","MALE","MALE","MALE","MALE","MALE","MALE"],"X_CALENDAR_YEAR":[2019,2019,2019,2019,2019,2019,2019,2019,2019,2019,2019,2019,2019,2019,2019,2019,2019],"Y_PREVALENCE_1000PP":[2.60756,3.42466,4.07709,1.71306,2.73454,2.33139,4.59117,2.27834,3.31309,2.76783,1.85372,3.66636,2.67499,3.55872,2.779,2.5,2.64046]},"PREVALENCE_BY_MONTH":{"X_CALENDAR_MONTH":[201901,201902,201903,201904,201905,201906,201907,201908,201909,201910,201911,201912],"Y_PREVALENCE_1000PP":[0.25,0.14,0.24,0.27,0.28,0.19,0.27,0.2,0.17,0.34,0.21,0.22]},"CONDITIONS_BY_TYPE":{"CONCEPT_NAME":"Claim","COUNT_VALUE":1468},"AGE_AT_FIRST_DIAGNOSIS":{"CATEGORY":["FEMALE","MALE"],"MIN_VALUE":[1,1],"P10_VALUE":[10,10],"P25_VALUE":[20,21],"MEDIAN_VALUE":[43,42],"P75_VALUE":[65,60],"P90_VALUE":[76,75],"MAX_VALUE":[99,99]}}
