{"PREVALENCE_BY_GENDER_AGE_YEAR":{"TRELLIS_NAME":["20-29","30-39","10-19","0-9","70-79","40-49","60-69","70-79","80-89","50-59","50-59","20-29","0-9","40-49","30-39","10-19"],"SERIES_NAME":["FEMALE","FEMALE","FEMALE","FEMALE","MALE","FEMALE","FEMALE","FEMALE","FEMALE","FEMALE","MALE","MALE","MALE","MALE","MALE","MALE"],"X_CALENDAR_YEAR":[2019,2019,2019,2019,2019,2019,2019,2019,2019,2019,2019,2019,2019,2019,2019,2019],"Y_PREVALENCE_1000PP":[2.33645,2.27605,1.74863,1.26316,3.23317,1.71551,1.13464,1.47956,3.46021,2.17328,2.202,2.6927,2.67261,2.77656,2.37691,2.52525]},"PREVALENCE_BY_MONTH":{"X_CALENDAR_MONTH":[201901,201902,201903,201904,201905,201906,201907,201908,201909,201910,201911,201912],"Y_PREVALENCE_1000PP":[0.18,0.12,0.18,0.27,0.15,0.15,0.16,0.23,0.12,0.26,0.19,0.11]},"CONDITIONS_BY_TYPE":{"CONCEPT_NAME":"Claim","COUNT_VALUE":299},"AGE_AT_FIRST_DIAGNOSIS":{"CATEGORY":["FEMALE","MALE"],"MIN_VALUE":[2,1],"P10_VALUE":[11,9],"P25_VALUE":[24,23],"MEDIAN_VALUE":[44,43],"P75_VALUE":[58,61],"P90_VALUE":[79,76],"MAX_VALUE":[96,93]}}
