{"PREVALENCE_BY_GENDER_AGE_YEAR":{"TRELLIS_NAME":["40-49","50-59","20-29","30-39","60-69","10-19","0-9","70-79","90-99","40-49","60-69","50-59","20-29","0-9","10-19","30-39","70-79","80-89"],"SERIES_NAME":["MALE","MALE","MALE","MALE","MALE","MALE","MALE","FEMALE","FEMALE","FEMALE","FEMALE","FEMALE","FEMALE","FEMALE","FEMALE","FEMALE","MALE","MALE"],"X_CALENDAR_YEAR":[2019,2019,2019,2019,2019,2019,2019,2019,2019,2019,2019,2019,2019,2019,2019,2019,2019,2019],"Y_PREVALENCE_1000PP":[4.97294,4.25407,3.03337,3.55872,4.80769,2.97892,4.2354,3.52113,4.45931,4.42541,3.42466,3.47675,3.49709,3.57594,3.71666,5.21003,3.98709,4.41745]},"PREVALENCE_BY_MONTH":{"X_CALENDAR_MONTH":[201901,201902,201903,201904,201905,201906,201907,201908,201909,201910,201911,201912],"Y_PREVALENCE_1000PP":[0.3,0.28,0.26,0.42,0.2,0.28,0.42,0.34,0.41,0.34,0.36,0.3]},"CONDITIONS_BY_TYPE":{"CONCEPT_NAME":"Claim","COUNT_VALUE":2144},"AGE_AT_FIRST_DIAGNOSIS":{"CATEGORY":["No matching concept","MALE","FEMALE"],"MIN_VALUE":[4,0,1],"P10_VALUE":[4,10,11],"P25_VALUE":[13,28,25],"MEDIAN_VALUE":[33,48,42],"P75_VALUE":[40,62,60],"P90_VALUE":[92,76,76],"MAX_VALUE":[92,99,98]}}
