{"PREVALENCE_BY_GENDER_AGE_YEAR":{"TRELLIS_NAME":["90-99","60-69","70-79","50-59","80-89","60-69","0-9","40-49","10-19","30-39","20-29","50-59","20-29","0-9","80-89","30-39","90-99","10-19","40-49","70-79"],"SERIES_NAME":["FEMALE","FEMALE","FEMALE","FEMALE","FEMALE","MALE","MALE","MALE","MALE","MALE","MALE","MALE","FEMALE","FEMALE","MALE","FEMALE","MALE","FEMALE","FEMALE","MALE"],"X_CALENDAR_YEAR":[2019,2019,2019,2019,2019,2019,2019,2019,2019,2019,2019,2019,2019,2019,2019,2019,2019,2019,2019,2019],"Y_PREVALENCE_1000PP":[7.24638,6.4688,4.07709,4.05621,4.03458,6.34615,6.24164,5.85052,5.04125,5.9312,5.72969,4.84084,6.82764,5.67943,5.52181,5.04722,5.12821,5.24705,5.85296,5.69584]},"PREVALENCE_BY_MONTH":{"X_CALENDAR_MONTH":[201901,201902,201903,201904,201905,201906,201907,201908,201909,201910,201911,201912],"Y_PREVALENCE_1000PP":[0.56,0.34,0.45,0.41,0.37,0.44,0.54,0.54,0.4,0.66,0.42,0.38]},"CONDITIONS_BY_TYPE":{"CONCEPT_NAME":"Claim","COUNT_VALUE":2980},"AGE_AT_FIRST_DIAGNOSIS":{"CATEGORY":["No matching concept","MALE","FEMALE"],"MIN_VALUE":[30,0,0],"P10_VALUE":[30,9,9],"P25_VALUE":[32,26,24],"MEDIAN_VALUE":[43,43,43],"P75_VALUE":[54,65,62],"P90_VALUE":[65,76,77],"MAX_VALUE":[65,99,99]}}
