{"PREVALENCE_BY_GENDER_AGE_YEAR":{"TRELLIS_NAME":["20-29","0-9","40-49","30-39","60-69","50-59","10-19","70-79","90-99","0-9","10-19","30-39","20-29","80-89","50-59","40-49","80-89","70-79","90-99","60-69"],"SERIES_NAME":["MALE","MALE","MALE","MALE","MALE","MALE","MALE","MALE","MALE","FEMALE","FEMALE","FEMALE","FEMALE","MALE","FEMALE","FEMALE","FEMALE","FEMALE","FEMALE","FEMALE"],"X_CALENDAR_YEAR":[2019,2019,2019,2019,2019,2019,2019,2019,2019,2019,2019,2019,2019,2019,2019,2019,2019,2019,2019,2019],"Y_PREVALENCE_1000PP":[32.14406,32.96214,32.44191,28.6927,30.16241,30.09395,28.23691,32.52187,28.6533,30.94737,33.6612,29.75126,33.21095,36.44395,33.61345,32.30879,36.90888,28.85149,34.98057,30.44629]},"PREVALENCE_BY_MONTH":{"X_CALENDAR_MONTH":[201901,201902,201903,201904,201905,201906,201907,201908,201909,201910,201911,201912],"Y_PREVALENCE_1000PP":[3.12,2.24,2.5,3.01,2.32,2.39,3.2,2.54,2.45,3.13,2.51,2.54]},"CONDITIONS_BY_TYPE":{"CONCEPT_NAME":"Claim","COUNT_VALUE":4293},"AGE_AT_FIRST_DIAGNOSIS":{"CATEGORY":["MALE","FEMALE","No matching concept"],"MIN_VALUE":[0,0,0],"P10_VALUE":[10,10,9],"P25_VALUE":[25,24,29],"MEDIAN_VALUE":[44,44,46],"P75_VALUE":[63,62,58],"P90_VALUE":[78,77,79],"MAX_VALUE":[99,99,99]}}
