{"PREVALENCE_BY_GENDER_AGE_YEAR":{"TRELLIS_NAME":["50-59","60-69","70-79","70-79","30-39","80-89","0-9","20-29","40-49","10-19","90-99","50-59","30-39","60-69","10-19","20-29","40-49"],"SERIES_NAME":["FEMALE","FEMALE","FEMALE","MALE","FEMALE","MALE","FEMALE","FEMALE","FEMALE","FEMALE","MALE","MALE","MALE","MALE","MALE","MALE","MALE"],"X_CALENDAR_YEAR":[2019,2019,2019,2019,2019,2019,2019,2019,2019,2019,2019,2019,2019,2019,2019,2019,2019],"Y_PREVALENCE_1000PP":[3.33188,3.80518,3.89177,3.60737,3.09345,3.86527,3.57594,3.49709,3.56888,2.62352,5.69801,1.61361,2.7114,2.88462,3.66636,3.03337,3.51031]},"PREVALENCE_BY_MONTH":{"X_CALENDAR_MONTH":[201901,201902,201903,201904,201905,201906,201907,201908,201909,201910,201911,201912],"Y_PREVALENCE_1000PP":[0.25,0.29,0.23,0.31,0.27,0.28,0.26,0.25,0.28,0.28,0.21,0.21]},"CONDITIONS_BY_TYPE":{"CONCEPT_NAME":"Claim","COUNT_VALUE":1720},"AGE_AT_FIRST_DIAGNOSIS":{"CATEGORY":["MALE","FEMALE"],"MIN_VALUE":[2,0],"P10_VALUE":[13,9],"P25_VALUE":[28,25],"MEDIAN_VALUE":[46,45],"P75_VALUE":[70,64],"P90_VALUE":[84,77],"MAX_VALUE":[99,97]}}
