{"PREVALENCE_BY_GENDER_AGE_YEAR":{"TRELLIS_NAME":["40-49","30-39","60-69","20-29","10-19","0-9","50-59","70-79","50-59","60-69","90-99","10-19","70-79","0-9","80-89","20-29","40-49","90-99","30-39"],"SERIES_NAME":["MALE","MALE","MALE","MALE","MALE","MALE","MALE","FEMALE","FEMALE","FEMALE","FEMALE","FEMALE","MALE","FEMALE","MALE","FEMALE","FEMALE","MALE","FEMALE"],"X_CALENDAR_YEAR":[2019,2019,2019,2019,2019,2019,2019,2019,2019,2019,2019,2019,2019,2019,2019,2019,2019,2019,2019],"Y_PREVALENCE_1000PP":[2.19394,3.55872,2.11538,2.35929,1.83318,2.45207,3.6673,2.22387,3.04216,2.66362,3.34448,3.49803,2.4682,2.52419,3.86527,3.49709,2.56959,3.9886,2.93064]},"PREVALENCE_BY_MONTH":{"X_CALENDAR_MONTH":[201901,201902,201903,201904,201905,201906,201907,201908,201909,201910,201911,201912],"Y_PREVALENCE_1000PP":[0.17,0.23,0.23,0.24,0.27,0.23,0.2,0.2,0.2,0.32,0.29,0.25]},"CONDITIONS_BY_TYPE":{"CONCEPT_NAME":"Claim","COUNT_VALUE":1572},"AGE_AT_FIRST_DIAGNOSIS":{"CATEGORY":["No matching concept","FEMALE","MALE"],"MIN_VALUE":[12,1,1],"P10_VALUE":[12,11,14],"P25_VALUE":[15,23,26],"MEDIAN_VALUE":[20,45,47],"P75_VALUE":[62,61,65],"P90_VALUE":[76,73,83],"MAX_VALUE":[76,99,99]}}
