{"PREVALENCE_BY_GENDER_AGE_YEAR":{"TRELLIS_NAME":["20-29","50-59","70-79","40-49","50-59","60-69","20-29","30-39"],"SERIES_NAME":["MALE","MALE","FEMALE","FEMALE","FEMALE","FEMALE","FEMALE","FEMALE"],"X_CALENDAR_YEAR":[2019,2019,2019,2019,2019,2019,2019,2019],"Y_PREVALENCE_1000PP":[1.85123,1.3212,2.21935,1.00071,1.73863,1.51286,1.66889,1.62575]},"PREVALENCE_BY_MONTH":{"X_CALENDAR_MONTH":[201901,201902,201903,201904,201905,201907,201908,201909,201910,201911,201912],"Y_PREVALENCE_1000PP":[0.06,0.11,0.09,0.13,0.1,0.16,0.1,0.1,0.11,0.12,0.06]},"CONDITIONS_BY_TYPE":{"CONCEPT_NAME":"Claim","COUNT_VALUE":158},"AGE_AT_FIRST_DIAGNOSIS":{"CATEGORY":["MALE","FEMALE"],"MIN_VALUE":[0,0],"P10_VALUE":[16,21],"P25_VALUE":[26,32],"MEDIAN_VALUE":[48,50],"P75_VALUE":[68,68],"P90_VALUE":[80,79],"MAX_VALUE":[96,97]}}
