{"PREVALENCE_BY_GENDER_AGE_YEAR":{"TRELLIS_NAME":["60-69","80-89","70-79","40-49","50-59","50-59","40-49","20-29","0-9","30-39","10-19","60-69","70-79","10-19","30-39","20-29","0-9"],"SERIES_NAME":["FEMALE","FEMALE","FEMALE","FEMALE","FEMALE","MALE","MALE","MALE","MALE","MALE","MALE","MALE","MALE","FEMALE","FEMALE","FEMALE","FEMALE"],"X_CALENDAR_YEAR":[2019,2019,2019,2019,2019,2019,2019,2019,2019,2019,2019,2019,2019,2019,2019,2019,2019],"Y_PREVALENCE_1000PP":[1.89107,3.46021,2.0344,3.71694,2.75283,2.7892,2.92269,2.18782,2.22717,3.22581,2.98439,2.70688,2.28224,2.18579,2.27605,4.17223,1.89474]},"PREVALENCE_BY_MONTH":{"X_CALENDAR_MONTH":[201901,201902,201903,201904,201905,201906,201907,201908,201909,201910,201911,201912],"Y_PREVALENCE_1000PP":[0.22,0.14,0.26,0.31,0.28,0.2,0.26,0.18,0.21,0.23,0.2,0.15]},"CONDITIONS_BY_TYPE":{"CONCEPT_NAME":"Claim","COUNT_VALUE":357},"AGE_AT_FIRST_DIAGNOSIS":{"CATEGORY":["MALE","FEMALE"],"MIN_VALUE":[0,0],"P10_VALUE":[11,15],"P25_VALUE":[24,24],"MEDIAN_VALUE":[42,42],"P75_VALUE":[60,58],"P90_VALUE":[78,76],"MAX_VALUE":[96,95]}}
