{"PREVALENCE_BY_GENDER_AGE_YEAR":{"TRELLIS_NAME":["50-59","70-79","60-69","80-89","20-29","0-9","40-49","70-79","30-39","10-19","90-99","20-29","40-49","30-39","10-19","0-9","50-59","60-69"],"SERIES_NAME":["FEMALE","FEMALE","FEMALE","MALE","FEMALE","FEMALE","FEMALE","MALE","FEMALE","FEMALE","MALE","MALE","MALE","MALE","MALE","MALE","MALE","MALE"],"X_CALENDAR_YEAR":[2019,2019,2019,2019,2019,2019,2019,2019,2019,2019,2019,2019,2019,2019,2019,2019,2019,2019],"Y_PREVALENCE_1000PP":[1.59374,2.77418,2.08018,3.31309,2.50334,1.68421,2.28735,2.66261,1.9509,2.18579,3.4384,3.19758,2.77656,2.03735,1.60698,3.56347,2.202,3.28693]},"PREVALENCE_BY_MONTH":{"X_CALENDAR_MONTH":[201901,201902,201903,201904,201905,201906,201907,201908,201909,201910,201911,201912],"Y_PREVALENCE_1000PP":[0.23,0.12,0.27,0.2,0.14,0.21,0.28,0.18,0.22,0.26,0.1,0.21]},"CONDITIONS_BY_TYPE":{"CONCEPT_NAME":"Claim","COUNT_VALUE":325},"AGE_AT_FIRST_DIAGNOSIS":{"CATEGORY":["FEMALE","MALE"],"MIN_VALUE":[2,0],"P10_VALUE":[12,8],"P25_VALUE":[23,25],"MEDIAN_VALUE":[42,44],"P75_VALUE":[66,65],"P90_VALUE":[79,78],"MAX_VALUE":[96,97]}}
