{"PREVALENCE_BY_GENDER_AGE_YEAR":{"TRELLIS_NAME":["70-79","50-59","40-49","10-19","70-79","30-39","10-19","40-49","50-59","60-69","20-29","30-39"],"SERIES_NAME":["FEMALE","FEMALE","FEMALE","FEMALE","MALE","FEMALE","MALE","MALE","MALE","MALE","MALE","MALE"],"X_CALENDAR_YEAR":[2019,2019,2019,2019,2019,2019,2019,2019,2019,2019,2019,2019],"Y_PREVALENCE_1000PP":[1.29462,2.0284,1.14367,1.53005,1.14112,1.3006,2.06612,1.02294,2.202,1.16009,1.85123,1.35823]},"PREVALENCE_BY_MONTH":{"X_CALENDAR_MONTH":[201901,201902,201903,201904,201905,201906,201907,201908,201909,201910,201911,201912],"Y_PREVALENCE_1000PP":[0.15,0.1,0.09,0.15,0.13,0.1,0.1,0.08,0.12,0.09,0.17,0.11]},"CONDITIONS_BY_TYPE":{"CONCEPT_NAME":"Claim","COUNT_VALUE":186},"AGE_AT_FIRST_DIAGNOSIS":{"CATEGORY":["MALE","FEMALE"],"MIN_VALUE":[1,1],"P10_VALUE":[12,11],"P25_VALUE":[22,28],"MEDIAN_VALUE":[43,46],"P75_VALUE":[59,63],"P90_VALUE":[78,79],"MAX_VALUE":[99,94]}}
