{"PREVALENCE_BY_GENDER_AGE_YEAR":{"TRELLIS_NAME":["80-89","70-79","50-59","40-49","90-99","60-69","10-19","90-99","30-39","70-79","20-29","0-9","20-29","30-39","40-49","50-59","60-69","0-9","10-19"],"SERIES_NAME":["FEMALE","FEMALE","FEMALE","FEMALE","FEMALE","FEMALE","FEMALE","MALE","FEMALE","MALE","FEMALE","FEMALE","MALE","MALE","MALE","MALE","MALE","MALE","MALE"],"X_CALENDAR_YEAR":[2019,2019,2019,2019,2019,2019,2019,2019,2019,2019,2019,2019,2019,2019,2019,2019,2019,2019,2019],"Y_PREVALENCE_1000PP":[5.76369,4.26242,4.92539,3.85439,3.9019,4.37595,2.84215,3.9886,3.90752,2.84792,5.995,3.78629,2.86485,3.89764,4.24163,4.69415,2.88462,4.68123,4.8121]},"PREVALENCE_BY_MONTH":{"X_CALENDAR_MONTH":[201901,201902,201903,201904,201905,201906,201907,201908,201909,201910,201911,201912],"Y_PREVALENCE_1000PP":[0.51,0.39,0.3,0.34,0.29,0.31,0.29,0.26,0.34,0.43,0.28,0.33]},"CONDITIONS_BY_TYPE":{"CONCEPT_NAME":"Claim","COUNT_VALUE":2148},"AGE_AT_FIRST_DIAGNOSIS":{"CATEGORY":["MALE","No matching concept","FEMALE"],"MIN_VALUE":[0,0,0],"P10_VALUE":[7,0,13],"P25_VALUE":[20,38,25],"MEDIAN_VALUE":[44,46,44],"P75_VALUE":[58,57,63],"P90_VALUE":[74,95,75],"MAX_VALUE":[97,95,98]}}
