{"PREVALENCE_BY_GENDER_AGE_YEAR":{"TRELLIS_NAME":["20-29","30-39","90-99","70-79","0-9","80-89","70-79","40-49","60-69","50-59","50-59","20-29","0-9","60-69","40-49","30-39","10-19"],"SERIES_NAME":["FEMALE","FEMALE","MALE","MALE","FEMALE","FEMALE","FEMALE","FEMALE","FEMALE","FEMALE","MALE","MALE","MALE","MALE","MALE","MALE","MALE"],"X_CALENDAR_YEAR":[2019,2019,2019,2019,2019,2019,2019,2019,2019,2019,2019,2019,2019,2019,2019,2019,2019],"Y_PREVALENCE_1000PP":[3.00401,2.6012,4.01146,3.80373,1.68421,4.03691,3.32902,2.57327,3.21483,1.30397,1.6148,2.35611,3.34076,2.90023,1.89975,3.39559,1.60698]},"PREVALENCE_BY_MONTH":{"X_CALENDAR_MONTH":[201901,201902,201903,201904,201905,201906,201907,201908,201909,201910,201911,201912],"Y_PREVALENCE_1000PP":[0.23,0.22,0.21,0.12,0.22,0.23,0.27,0.09,0.24,0.2,0.27,0.22]},"CONDITIONS_BY_TYPE":{"CONCEPT_NAME":"Claim","COUNT_VALUE":351},"AGE_AT_FIRST_DIAGNOSIS":{"CATEGORY":["MALE","FEMALE","No matching concept"],"MIN_VALUE":[0,1,0],"P10_VALUE":[7,16,0],"P25_VALUE":[28,29,2],"MEDIAN_VALUE":[44,47,25],"P75_VALUE":[69,66,42],"P90_VALUE":[79,78,99],"MAX_VALUE":[98,94,99]}}
