{"PREVALENCE_BY_GENDER_AGE_YEAR":{"TRELLIS_NAME":["50-59","60-69","30-39","0-9","40-49","10-19","20-29","60-69","50-59","70-79","80-89","90-99","40-49","10-19","80-89","0-9","90-99","70-79","20-29","30-39"],"SERIES_NAME":["MALE","MALE","MALE","MALE","MALE","MALE","MALE","FEMALE","FEMALE","FEMALE","FEMALE","FEMALE","FEMALE","FEMALE","MALE","FEMALE","MALE","MALE","FEMALE","FEMALE"],"X_CALENDAR_YEAR":[2019,2019,2019,2019,2019,2019,2019,2019,2019,2019,2019,2019,2019,2019,2019,2019,2019,2019,2019,2019],"Y_PREVALENCE_1000PP":[16.28282,17.30769,18.47145,19.39367,17.69782,18.10266,21.06505,20.54795,17.23888,18.90289,21.90202,16.72241,20.41399,15.74115,25.40033,18.30038,14.81481,18.41656,17.81848,20.18886]},"PREVALENCE_BY_MONTH":{"X_CALENDAR_MONTH":[201901,201902,201903,201904,201905,201906,201907,201908,201909,201910,201911,201912],"Y_PREVALENCE_1000PP":[1.78,1.41,1.46,1.63,1.29,1.31,1.74,1.8,1.47,1.97,1.21,1.56]},"CONDITIONS_BY_TYPE":{"CONCEPT_NAME":"Claim","COUNT_VALUE":9928},"AGE_AT_FIRST_DIAGNOSIS":{"CATEGORY":["No matching concept","FEMALE","MALE"],"MIN_VALUE":[2,0,0],"P10_VALUE":[10,10,10],"P25_VALUE":[29,26,24],"MEDIAN_VALUE":[43,44,43],"P75_VALUE":[64,64,64],"P90_VALUE":[73,77,78],"MAX_VALUE":[97,99,99]}}
