{"PREVALENCE_BY_GENDER_AGE_YEAR":{"TRELLIS_NAME":["60-69","30-39","20-29","40-49","50-59","0-9","10-19","60-69","70-79","50-59","80-89","30-39","70-79","10-19","0-9","20-29","40-49"],"SERIES_NAME":["MALE","MALE","MALE","MALE","MALE","MALE","MALE","FEMALE","FEMALE","FEMALE","FEMALE","FEMALE","MALE","FEMALE","FEMALE","FEMALE","FEMALE"],"X_CALENDAR_YEAR":[2019,2019,2019,2019,2019,2019,2019,2019,2019,2019,2019,2019,2019,2019,2019,2019,2019],"Y_PREVALENCE_1000PP":[2.30769,2.88087,3.20189,2.34021,2.64046,3.12082,3.43721,2.09285,2.77984,3.18702,4.03458,2.11657,3.41751,3.49803,4.20698,2.66445,3.85439]},"PREVALENCE_BY_MONTH":{"X_CALENDAR_MONTH":[201901,201902,201903,201904,201905,201906,201907,201908,201909,201910,201911,201912],"Y_PREVALENCE_1000PP":[0.29,0.16,0.26,0.3,0.23,0.24,0.24,0.28,0.21,0.3,0.18,0.22]},"CONDITIONS_BY_TYPE":{"CONCEPT_NAME":"Claim","COUNT_VALUE":1544},"AGE_AT_FIRST_DIAGNOSIS":{"CATEGORY":["No matching concept","MALE","FEMALE"],"MIN_VALUE":[2,0,0],"P10_VALUE":[2,9,8],"P25_VALUE":[28,22,20],"MEDIAN_VALUE":[66,43,42],"P75_VALUE":[92,61,58],"P90_VALUE":[97,75,74],"MAX_VALUE":[97,97,95]}}
