{"PREVALENCE_BY_GENDER_AGE_YEAR":{"TRELLIS_NAME":["40-49","10-19","80-89","90-99","70-79","20-29","0-9","30-39","20-29","60-69","40-49","50-59","0-9","30-39","10-19","70-79","50-59","90-99","60-69","80-89"],"SERIES_NAME":["FEMALE","FEMALE","MALE","MALE","MALE","FEMALE","FEMALE","FEMALE","MALE","MALE","MALE","MALE","MALE","MALE","MALE","FEMALE","FEMALE","FEMALE","FEMALE","FEMALE"],"X_CALENDAR_YEAR":[2019,2019,2019,2019,2019,2019,2019,2019,2019,2019,2019,2019,2019,2019,2019,2019,2019,2019,2019,2019],"Y_PREVALENCE_1000PP":[41.97002,40.22737,32.57869,35.32764,31.13727,37.80183,36.81111,39.07522,38.92821,39.03846,39.34474,37.84656,37.44984,41.17946,40.32997,42.0682,37.66478,41.24861,39.57382,36.31124]},"PREVALENCE_BY_MONTH":{"X_CALENDAR_MONTH":[201901,201902,201903,201904,201905,201906,201907,201908,201909,201910,201911,201912],"Y_PREVALENCE_1000PP":[3.55,2.49,3.04,3.68,3.19,2.82,4.09,3.06,3.17,3.77,3.07,3.34]},"CONDITIONS_BY_TYPE":{"CONCEPT_NAME":"Claim","COUNT_VALUE":21248},"AGE_AT_FIRST_DIAGNOSIS":{"CATEGORY":["MALE","FEMALE","No matching concept"],"MIN_VALUE":[0,0,0],"P10_VALUE":[10,11,10],"P25_VALUE":[25,25,27],"MEDIAN_VALUE":[43,44,46],"P75_VALUE":[61,64,60],"P90_VALUE":[75,77,76],"MAX_VALUE":[99,99,99]}}
