{"PREVALENCE_BY_GENDER_AGE_YEAR":{"TRELLIS_NAME":["40-49","70-79","50-59","60-69","20-29","50-59","10-19","40-49","30-39","0-9","60-69","0-9","70-79","30-39","20-29","10-19"],"SERIES_NAME":["FEMALE","FEMALE","FEMALE","FEMALE","MALE","MALE","MALE","MALE","MALE","MALE","MALE","FEMALE","MALE","FEMALE","FEMALE","FEMALE"],"X_CALENDAR_YEAR":[2019,2019,2019,2019,2019,2019,2019,2019,2019,2019,2019,2019,2019,2019,2019,2019],"Y_PREVALENCE_1000PP":[4.28878,3.32902,2.46305,2.08018,2.86099,2.0552,2.29568,1.31521,3.90492,3.11804,1.54679,4,2.09205,2.43863,2.50334,1.96721]},"PREVALENCE_BY_MONTH":{"X_CALENDAR_MONTH":[201901,201902,201903,201904,201905,201906,201907,201908,201909,201910,201911,201912],"Y_PREVALENCE_1000PP":[0.4,0.16,0.15,0.18,0.22,0.17,0.27,0.21,0.19,0.25,0.17,0.2]},"CONDITIONS_BY_TYPE":{"CONCEPT_NAME":"Claim","COUNT_VALUE":336},"AGE_AT_FIRST_DIAGNOSIS":{"CATEGORY":["No matching concept","MALE","FEMALE"],"MIN_VALUE":[11,0,3],"P10_VALUE":[11,5,7],"P25_VALUE":[18,21,23],"MEDIAN_VALUE":[20,35,43],"P75_VALUE":[58,57,59],"P90_VALUE":[77,74,76],"MAX_VALUE":[77,98,96]}}
