{"PREVALENCE_BY_GENDER_AGE_YEAR":{"TRELLIS_NAME":["40-49","20-29","0-9","10-19","50-59","30-39","20-29","40-49"],"SERIES_NAME":["MALE","MALE","MALE","MALE","FEMALE","FEMALE","FEMALE","FEMALE"],"X_CALENDAR_YEAR":[2019,2019,2019,2019,2019,2019,2019,2019],"Y_PREVALENCE_1000PP":[0.87681,1.34635,1.78174,1.60698,1.73863,1.13803,1.16822,1.28663]},"PREVALENCE_BY_MONTH":{"X_CALENDAR_MONTH":[201901,201902,201903,201904,201905,201907,201908,201909,201910],"Y_PREVALENCE_1000PP":[0.13,0.09,0.11,0.09,0.09,0.11,0.13,0.09,0.12]},"CONDITIONS_BY_TYPE":{"CONCEPT_NAME":"Claim","COUNT_VALUE":140},"AGE_AT_FIRST_DIAGNOSIS":{"CATEGORY":["MALE","FEMALE"],"MIN_VALUE":[0,3],"P10_VALUE":[5,20],"P25_VALUE":[16,32],"MEDIAN_VALUE":[35,48],"P75_VALUE":[59,60],"P90_VALUE":[77,81],"MAX_VALUE":[97,97]}}
