{"PREVALENCE_BY_GENDER_AGE_YEAR":{"TRELLIS_NAME":["60-69","80-89","50-59","90-99","70-79","90-99","40-49","70-79","20-29","30-39","0-9","10-19","80-89","10-19","40-49","20-29","60-69","30-39","50-59","0-9"],"SERIES_NAME":["FEMALE","FEMALE","FEMALE","FEMALE","FEMALE","MALE","FEMALE","MALE","FEMALE","FEMALE","FEMALE","FEMALE","MALE","MALE","MALE","MALE","MALE","MALE","MALE","MALE"],"X_CALENDAR_YEAR":[2019,2019,2019,2019,2019,2019,2019,2019,2019,2019,2019,2019,2019,2019,2019,2019,2019,2019,2019,2019],"Y_PREVALENCE_1000PP":[4.18569,4.61095,3.18702,5.01672,4.44774,5.69801,2.56959,3.41751,2.83097,2.4422,3.57594,2.4049,5.52181,4.12466,3.51031,3.87597,2.30769,4.5755,3.6673,4.45831]},"PREVALENCE_BY_MONTH":{"X_CALENDAR_MONTH":[201901,201902,201903,201904,201905,201906,201907,201908,201909,201910,201911,201912],"Y_PREVALENCE_1000PP":[0.34,0.2,0.33,0.26,0.23,0.26,0.25,0.26,0.27,0.48,0.37,0.35]},"CONDITIONS_BY_TYPE":{"CONCEPT_NAME":"Claim","COUNT_VALUE":1916},"AGE_AT_FIRST_DIAGNOSIS":{"CATEGORY":["No matching concept","FEMALE","MALE"],"MIN_VALUE":[34,0,1],"P10_VALUE":[34,9,9],"P25_VALUE":[37,25,22],"MEDIAN_VALUE":[51,51,41],"P75_VALUE":[74,70,62],"P90_VALUE":[83,81,81],"MAX_VALUE":[99,98,99]}}
