{"PREVALENCE_BY_GENDER_AGE_YEAR":{"TRELLIS_NAME":["0-9","50-59","20-29","60-69","40-49","30-39","70-79","50-59","60-69","30-39","40-49","70-79","20-29","10-19","0-9"],"SERIES_NAME":["MALE","MALE","MALE","MALE","MALE","MALE","FEMALE","FEMALE","FEMALE","FEMALE","FEMALE","MALE","FEMALE","FEMALE","FEMALE"],"X_CALENDAR_YEAR":[2019,2019,2019,2019,2019,2019,2019,2019,2019,2019,2019,2019,2019,2019,2019],"Y_PREVALENCE_1000PP":[2.45207,2.78715,2.02224,1.73077,2.48647,2.37248,2.22387,2.60756,2.66362,2.11657,2.14133,3.22764,3.49709,1.31176,2.94489]},"PREVALENCE_BY_MONTH":{"X_CALENDAR_MONTH":[201901,201902,201903,201904,201905,201906,201907,201908,201909,201910,201911,201912],"Y_PREVALENCE_1000PP":[0.22,0.2,0.12,0.22,0.29,0.13,0.22,0.21,0.17,0.24,0.25,0.19]},"CONDITIONS_BY_TYPE":{"CONCEPT_NAME":"Claim","COUNT_VALUE":1312},"AGE_AT_FIRST_DIAGNOSIS":{"CATEGORY":["No matching concept","MALE","FEMALE"],"MIN_VALUE":[25,0,0],"P10_VALUE":[28,12,8],"P25_VALUE":[30,28,24],"MEDIAN_VALUE":[41,46,45],"P75_VALUE":[48,63,64],"P90_VALUE":[49,77,77],"MAX_VALUE":[81,98,99]}}
