{"PREVALENCE_BY_GENDER_AGE_YEAR":{"TRELLIS_NAME":["50-59","40-49","70-79","30-39"],"SERIES_NAME":["MALE","MALE","FEMALE","FEMALE"],"X_CALENDAR_YEAR":[2019,2019,2019,2019],"Y_PREVALENCE_1000PP":[1.0276,1.16908,1.29462,0.97545]},"PREVALENCE_BY_MONTH":{"X_CALENDAR_MONTH":[201902,201903,201904,201905,201907,201908,201910,201911],"Y_PREVALENCE_1000PP":[0.06,0.09,0.06,0.06,0.07,0.08,0.06,0.07]},"CONDITIONS_BY_TYPE":{"CONCEPT_NAME":"Claim","COUNT_VALUE":92},"AGE_AT_FIRST_DIAGNOSIS":{"CATEGORY":["MALE","FEMALE"],"MIN_VALUE":[3,5],"P10_VALUE":[11,7],"P25_VALUE":[26,21],"MEDIAN_VALUE":[46,40],"P75_VALUE":[58,65],"P90_VALUE":[72,76],"MAX_VALUE":[95,91]}}
