{"PREVALENCE_BY_GENDER_AGE_YEAR":{"TRELLIS_NAME":["70-79","40-49","60-69","80-89","50-59","90-99","50-59","30-39","20-29","10-19","40-49","0-9","10-19","20-29","80-89","90-99","60-69","30-39","70-79","0-9"],"SERIES_NAME":["FEMALE","FEMALE","FEMALE","FEMALE","FEMALE","FEMALE","MALE","MALE","MALE","MALE","MALE","MALE","FEMALE","FEMALE","MALE","MALE","MALE","FEMALE","MALE","FEMALE"],"X_CALENDAR_YEAR":[2019,2019,2019,2019,2019,2019,2019,2019,2019,2019,2019,2019,2019,2019,2019,2019,2019,2019,2019,2019],"Y_PREVALENCE_1000PP":[4.80858,6.29021,3.97126,6.34371,5.36076,7.21821,7.33999,6.11205,4.88051,4.82094,5.11472,5.56793,3.49727,4.33912,8.28272,4.58453,4.25367,6.66558,4.75466,7.15789]},"PREVALENCE_BY_MONTH":{"X_CALENDAR_MONTH":[201901,201902,201903,201904,201905,201906,201907,201908,201909,201910,201911,201912],"Y_PREVALENCE_1000PP":[0.59,0.45,0.39,0.6,0.45,0.29,0.49,0.38,0.42,0.52,0.54,0.35]},"CONDITIONS_BY_TYPE":{"CONCEPT_NAME":"Claim","COUNT_VALUE":748},"AGE_AT_FIRST_DIAGNOSIS":{"CATEGORY":["FEMALE","MALE","No matching concept"],"MIN_VALUE":[0,0,22],"P10_VALUE":[8,10,25],"P25_VALUE":[26,27,31],"MEDIAN_VALUE":[43,45,43],"P75_VALUE":[61,62,65],"P90_VALUE":[79,78,67],"MAX_VALUE":[97,96,91]}}
