{"PREVALENCE_BY_GENDER_AGE_YEAR":{"TRELLIS_NAME":["50-59","60-69","40-49","0-9","30-39","10-19","20-29","90-99","70-79","50-59","60-69","80-89","10-19","70-79","80-89","20-29","30-39","90-99","0-9","40-49"],"SERIES_NAME":["MALE","MALE","MALE","MALE","MALE","MALE","MALE","FEMALE","FEMALE","FEMALE","FEMALE","FEMALE","FEMALE","MALE","MALE","FEMALE","FEMALE","MALE","FEMALE","FEMALE"],"X_CALENDAR_YEAR":[2019,2019,2019,2019,2019,2019,2019,2019,2019,2019,2019,2019,2019,2019,2019,2019,2019,2019,2019,2019],"Y_PREVALENCE_1000PP":[13.06518,16.04795,15.78255,13.58575,17.9966,15.15152,14.80983,14.43642,12.02145,11.73573,18.15431,14.41753,16.8306,14.26398,8.8349,14.51936,16.09494,13.18052,16,15.86848]},"PREVALENCE_BY_MONTH":{"X_CALENDAR_MONTH":[201901,201902,201903,201904,201905,201906,201907,201908,201909,201910,201911,201912],"Y_PREVALENCE_1000PP":[1.57,1.14,1.04,1.46,1.16,1.03,1.73,1.29,0.94,1.39,1.13,1.11]},"CONDITIONS_BY_TYPE":{"CONCEPT_NAME":"Claim","COUNT_VALUE":2027},"AGE_AT_FIRST_DIAGNOSIS":{"CATEGORY":["No matching concept","FEMALE","MALE"],"MIN_VALUE":[0,0,0],"P10_VALUE":[8,9,12],"P25_VALUE":[37,23,25],"MEDIAN_VALUE":[42,42,43],"P75_VALUE":[73,63,62],"P90_VALUE":[78,75,75],"MAX_VALUE":[98,99,99]}}
