{"PREVALENCE_BY_GENDER_AGE_YEAR":{"TRELLIS_NAME":["20-29","30-39","10-19","40-49","60-69","70-79","20-29","0-9","30-39","40-49","60-69","50-59"],"SERIES_NAME":["MALE","MALE","MALE","MALE","MALE","MALE","FEMALE","FEMALE","FEMALE","FEMALE","FEMALE","FEMALE"],"X_CALENDAR_YEAR":[2019,2019,2019,2019,2019,2019,2019,2019,2019,2019,2019,2019],"Y_PREVALENCE_1000PP":[1.34816,1.86409,1.60403,1.02384,1.34615,1.13917,1.49875,1.2621,0.97688,2.28408,2.09285,1.88324]},"PREVALENCE_BY_MONTH":{"X_CALENDAR_MONTH":[201901,201902,201903,201904,201905,201906,201907,201908,201909,201910,201911,201912],"Y_PREVALENCE_1000PP":[0.14,0.1,0.16,0.09,0.08,0.09,0.11,0.12,0.08,0.07,0.11,0.14]},"CONDITIONS_BY_TYPE":{"CONCEPT_NAME":"Claim","COUNT_VALUE":712},"AGE_AT_FIRST_DIAGNOSIS":{"CATEGORY":["MALE","FEMALE"],"MIN_VALUE":[4,0],"P10_VALUE":[11,15],"P25_VALUE":[27,29],"MEDIAN_VALUE":[36,46],"P75_VALUE":[63,58],"P90_VALUE":[74,68],"MAX_VALUE":[94,95]}}
