{"PREVALENCE_BY_GENDER_AGE_YEAR":{"TRELLIS_NAME":["40-49","50-59","20-29","30-39","0-9","70-79","20-29","10-19","40-49","80-89"],"SERIES_NAME":["MALE","MALE","MALE","MALE","MALE","MALE","FEMALE","FEMALE","FEMALE","FEMALE"],"X_CALENDAR_YEAR":[2019,2019,2019,2019,2019,2019,2019,2019,2019,2019],"Y_PREVALENCE_1000PP":[1.02294,1.1744,1.00976,1.69779,1.55902,1.14112,1.66889,1.53005,1.00071,4.03691]},"PREVALENCE_BY_MONTH":{"X_CALENDAR_MONTH":[201901,201902,201904,201905,201906,201907,201908,201909,201910,201911,201912],"Y_PREVALENCE_1000PP":[0.08,0.11,0.1,0.16,0.06,0.09,0.06,0.06,0.08,0.12,0.1]},"CONDITIONS_BY_TYPE":{"CONCEPT_NAME":"Claim","COUNT_VALUE":142},"AGE_AT_FIRST_DIAGNOSIS":{"CATEGORY":["FEMALE","MALE"],"MIN_VALUE":[0,1],"P10_VALUE":[11,7],"P25_VALUE":[20,25],"MEDIAN_VALUE":[39,39],"P75_VALUE":[64,57],"P90_VALUE":[84,74],"MAX_VALUE":[98,98]}}
