{"PREVALENCE_BY_GENDER_AGE_YEAR":{"TRELLIS_NAME":["10-19","0-9","30-39","20-29","40-49","50-59","80-89","40-49","70-79","50-59","90-99","60-69","10-19","60-69","90-99","80-89","30-39","0-9","20-29","70-79"],"SERIES_NAME":["MALE","MALE","MALE","MALE","MALE","MALE","FEMALE","FEMALE","FEMALE","FEMALE","FEMALE","FEMALE","FEMALE","MALE","MALE","MALE","FEMALE","FEMALE","FEMALE","MALE"],"X_CALENDAR_YEAR":[2019,2019,2019,2019,2019,2019,2019,2019,2019,2019,2019,2019,2019,2019,2019,2019,2019,2019,2019,2019],"Y_PREVALENCE_1000PP":[30.99174,34.96659,32.42784,34.16358,29.81149,34.79154,29.41176,38.88492,30.70094,34.77253,29.98334,31.95915,32.56831,36.73627,29.22636,32.57869,32.02731,33.26316,32.87717,34.61392]},"PREVALENCE_BY_MONTH":{"X_CALENDAR_MONTH":[201901,201902,201903,201904,201905,201906,201907,201908,201909,201910,201911,201912],"Y_PREVALENCE_1000PP":[3.19,2.76,2.81,3.18,2.63,2.33,3.06,2.77,2.52,3.6,2.54,2.43]},"CONDITIONS_BY_TYPE":{"CONCEPT_NAME":"Claim","COUNT_VALUE":4561},"AGE_AT_FIRST_DIAGNOSIS":{"CATEGORY":["No matching concept","MALE","FEMALE"],"MIN_VALUE":[0,0,0],"P10_VALUE":[11,10,10],"P25_VALUE":[31,24,25],"MEDIAN_VALUE":[51,45,44],"P75_VALUE":[72,64,61],"P90_VALUE":[80,77,76],"MAX_VALUE":[99,99,99]}}
