{"PREVALENCE_BY_GENDER_AGE_YEAR":{"TRELLIS_NAME":["30-39","20-29","70-79","40-49","0-9","10-19","60-69","40-49","30-39","10-19","0-9","20-29","50-59","60-69","50-59","70-79"],"SERIES_NAME":["FEMALE","FEMALE","MALE","FEMALE","FEMALE","FEMALE","MALE","MALE","MALE","MALE","MALE","MALE","MALE","FEMALE","FEMALE","FEMALE"],"X_CALENDAR_YEAR":[2019,2019,2019,2019,2019,2019,2019,2019,2019,2019,2019,2019,2019,2019,2019,2019],"Y_PREVALENCE_1000PP":[2.27939,3.49709,2.65806,1.85582,2.52419,3.71666,2.30769,2.48647,3.05033,3.20807,6.24164,2.02224,2.34707,2.47336,1.73837,1.6679]},"PREVALENCE_BY_MONTH":{"X_CALENDAR_MONTH":[201901,201902,201903,201904,201905,201906,201907,201908,201909,201910,201911,201912],"Y_PREVALENCE_1000PP":[0.37,0.11,0.25,0.21,0.19,0.17,0.16,0.21,0.23,0.21,0.35,0.16]},"CONDITIONS_BY_TYPE":{"CONCEPT_NAME":"Claim","COUNT_VALUE":1440},"AGE_AT_FIRST_DIAGNOSIS":{"CATEGORY":["FEMALE","MALE"],"MIN_VALUE":[0,0],"P10_VALUE":[9,3],"P25_VALUE":[20,14],"MEDIAN_VALUE":[35,37],"P75_VALUE":[59,59],"P90_VALUE":[74,76],"MAX_VALUE":[94,98]}}
