{"PREVALENCE_BY_GENDER_AGE_YEAR":{"TRELLIS_NAME":["60-69","30-39","20-29","0-9","70-79","10-19","80-89","70-79","60-69","50-59","40-49","30-39","20-29","40-49","0-9","10-19","50-59"],"SERIES_NAME":["MALE","FEMALE","FEMALE","FEMALE","MALE","FEMALE","FEMALE","FEMALE","FEMALE","FEMALE","FEMALE","MALE","MALE","MALE","MALE","MALE","MALE"],"X_CALENDAR_YEAR":[2019,2019,2019,2019,2019,2019,2019,2019,2019,2019,2019,2019,2019,2019,2019,2019,2019],"Y_PREVALENCE_1000PP":[2.69231,1.95376,2.49792,2.52419,3.03778,3.27941,3.45821,2.22387,3.04414,1.88324,2.56959,2.88087,3.53893,2.92526,2.00624,2.52062,2.93384]},"PREVALENCE_BY_MONTH":{"X_CALENDAR_MONTH":[201901,201902,201903,201904,201905,201906,201907,201908,201909,201910,201911,201912],"Y_PREVALENCE_1000PP":[0.23,0.2,0.19,0.25,0.19,0.19,0.26,0.21,0.22,0.29,0.21,0.21]},"CONDITIONS_BY_TYPE":{"CONCEPT_NAME":"Claim","COUNT_VALUE":1436},"AGE_AT_FIRST_DIAGNOSIS":{"CATEGORY":["MALE","FEMALE","No matching concept"],"MIN_VALUE":[1,0,28],"P10_VALUE":[15,10,28],"P25_VALUE":[26,22,40],"MEDIAN_VALUE":[44,44,43],"P75_VALUE":[62,63,76],"P90_VALUE":[77,77,78],"MAX_VALUE":[96,97,78]}}
