{"PREVALENCE_BY_GENDER_AGE_YEAR":{"TRELLIS_NAME":["60-69","70-79","90-99","40-49","30-39","20-29","60-69","20-29","50-59","0-9","40-49","30-39"],"SERIES_NAME":["FEMALE","FEMALE","FEMALE","FEMALE","FEMALE","FEMALE","MALE","MALE","MALE","MALE","MALE","MALE"],"X_CALENDAR_YEAR":[2019,2019,2019,2019,2019,2019,2019,2019,2019,2019,2019,2019],"Y_PREVALENCE_1000PP":[1.70197,1.10967,4.44198,1.00071,1.46318,2.50334,1.93349,1.17805,1.1744,1.78174,1.89975,2.20713]},"PREVALENCE_BY_MONTH":{"X_CALENDAR_MONTH":[201901,201902,201903,201904,201905,201906,201907,201908,201909,201910,201911,201912],"Y_PREVALENCE_1000PP":[0.11,0.13,0.12,0.14,0.16,0.06,0.16,0.09,0.12,0.13,0.13,0.1]},"CONDITIONS_BY_TYPE":{"CONCEPT_NAME":"Claim","COUNT_VALUE":203},"AGE_AT_FIRST_DIAGNOSIS":{"CATEGORY":["MALE","FEMALE"],"MIN_VALUE":[4,0],"P10_VALUE":[9,16],"P25_VALUE":[28,26],"MEDIAN_VALUE":[44,42],"P75_VALUE":[64,62],"P90_VALUE":[84,91],"MAX_VALUE":[97,99]}}
