{"PREVALENCE_BY_GENDER_AGE_YEAR":{"TRELLIS_NAME":["60-69","40-49","70-79","90-99","50-59","80-89","30-39","90-99","0-9","60-69","10-19","70-79","20-29","80-89","50-59","40-49","30-39","0-9","20-29","10-19"],"SERIES_NAME":["FEMALE","FEMALE","FEMALE","FEMALE","FEMALE","FEMALE","FEMALE","MALE","FEMALE","MALE","FEMALE","MALE","FEMALE","MALE","MALE","MALE","MALE","MALE","MALE","MALE"],"X_CALENDAR_YEAR":[2019,2019,2019,2019,2019,2019,2019,2019,2019,2019,2019,2019,2019,2019,2019,2019,2019,2019,2019,2019],"Y_PREVALENCE_1000PP":[8.18113,6.995,7.78354,6.13155,9.12647,5.76369,8.30348,10.25641,10.72781,9.03846,6.12156,8.92349,9.49209,8.28272,7.62799,8.62952,6.77851,7.80205,6.5723,6.41613]},"PREVALENCE_BY_MONTH":{"X_CALENDAR_MONTH":[201901,201902,201903,201904,201905,201906,201907,201908,201909,201910,201911,201912],"Y_PREVALENCE_1000PP":[0.75,0.55,0.58,0.84,0.56,0.64,0.94,0.46,0.58,0.9,0.67,0.55]},"CONDITIONS_BY_TYPE":{"CONCEPT_NAME":"Claim","COUNT_VALUE":4312},"AGE_AT_FIRST_DIAGNOSIS":{"CATEGORY":["FEMALE","MALE","No matching concept"],"MIN_VALUE":[0,0,4],"P10_VALUE":[8,10,6],"P25_VALUE":[24,28,11],"MEDIAN_VALUE":[42,48,23],"P75_VALUE":[60,67,50],"P90_VALUE":[75,79,75],"MAX_VALUE":[99,99,79]}}
