{"PREVALENCE_BY_GENDER_AGE_YEAR":{"TRELLIS_NAME":["50-59","90-99","70-79","60-69","50-59","10-19","60-69","30-39","40-49","0-9","20-29","40-49","30-39","20-29","0-9","10-19"],"SERIES_NAME":["FEMALE","FEMALE","FEMALE","FEMALE","MALE","MALE","MALE","MALE","MALE","MALE","MALE","FEMALE","FEMALE","FEMALE","FEMALE","FEMALE"],"X_CALENDAR_YEAR":[2019,2019,2019,2019,2019,2019,2019,2019,2019,2019,2019,2019,2019,2019,2019,2019],"Y_PREVALENCE_1000PP":[2.31817,3.33148,1.47956,1.32375,2.0552,1.37741,1.16009,3.39559,2.04589,1.3363,2.01952,1.57255,2.43863,2.16956,2.10526,2.84153]},"PREVALENCE_BY_MONTH":{"X_CALENDAR_MONTH":[201901,201902,201903,201904,201905,201906,201907,201908,201909,201910,201911,201912],"Y_PREVALENCE_1000PP":[0.21,0.16,0.24,0.15,0.2,0.12,0.13,0.12,0.13,0.15,0.13,0.18]},"CONDITIONS_BY_TYPE":{"CONCEPT_NAME":"Claim","COUNT_VALUE":260},"AGE_AT_FIRST_DIAGNOSIS":{"CATEGORY":["MALE","FEMALE"],"MIN_VALUE":[1,0],"P10_VALUE":[15,10],"P25_VALUE":[28,22],"MEDIAN_VALUE":[39,41],"P75_VALUE":[54,59],"P90_VALUE":[73,78],"MAX_VALUE":[92,97]}}
