{"PREVALENCE_BY_GENDER_AGE_YEAR":{"TRELLIS_NAME":["50-59","40-49","0-9","10-19","30-39","20-29","50-59","60-69","40-49","90-99","80-89","70-79","30-39","10-19","0-9","60-69","80-89","20-29","70-79"],"SERIES_NAME":["MALE","MALE","MALE","MALE","MALE","MALE","FEMALE","FEMALE","FEMALE","FEMALE","FEMALE","FEMALE","FEMALE","FEMALE","FEMALE","MALE","MALE","FEMALE","MALE"],"X_CALENDAR_YEAR":[2019,2019,2019,2019,2019,2019,2019,2019,2019,2019,2019,2019,2019,2019,2019,2019,2019,2019,2019],"Y_PREVALENCE_1000PP":[4.10738,3.36405,4.01248,2.74977,4.23657,2.52781,3.62161,3.80518,3.14061,6.68896,3.45821,2.03855,4.23315,3.93529,2.73454,5,4.41745,3.33056,5.50598]},"PREVALENCE_BY_MONTH":{"X_CALENDAR_MONTH":[201901,201902,201903,201904,201905,201906,201907,201908,201909,201910,201911,201912],"Y_PREVALENCE_1000PP":[0.51,0.2,0.31,0.29,0.34,0.31,0.36,0.19,0.26,0.4,0.24,0.3]},"CONDITIONS_BY_TYPE":{"CONCEPT_NAME":"Claim","COUNT_VALUE":2024},"AGE_AT_FIRST_DIAGNOSIS":{"CATEGORY":["MALE","No matching concept","FEMALE"],"MIN_VALUE":[0,4,0],"P10_VALUE":[13,4,13],"P25_VALUE":[31,11,26],"MEDIAN_VALUE":[50,13,42],"P75_VALUE":[68,37,63],"P90_VALUE":[78,53,80],"MAX_VALUE":[99,87,99]}}
