{"PREVALENCE_BY_GENDER_AGE_YEAR":{"TRELLIS_NAME":["80-89","20-29","10-19","0-9","40-49","70-79","30-39","60-69","50-59","0-9","30-39","20-29","40-49","10-19","60-69","70-79","80-89","50-59"],"SERIES_NAME":["MALE","FEMALE","FEMALE","FEMALE","FEMALE","MALE","FEMALE","MALE","MALE","MALE","MALE","MALE","MALE","MALE","FEMALE","FEMALE","FEMALE","FEMALE"],"X_CALENDAR_YEAR":[2019,2019,2019,2019,2019,2019,2019,2019,2019,2019,2019,2019,2019,2019,2019,2019,2019,2019],"Y_PREVALENCE_1000PP":[4.41745,2.66445,3.93529,2.31384,2.71235,1.89861,2.93064,3.65385,3.08053,2.8979,2.88087,3.70745,2.92526,3.20807,1.33181,2.22387,5.18732,1.88324]},"PREVALENCE_BY_MONTH":{"X_CALENDAR_MONTH":[201901,201902,201903,201904,201905,201906,201907,201908,201909,201910,201911,201912],"Y_PREVALENCE_1000PP":[0.32,0.22,0.21,0.24,0.18,0.22,0.32,0.22,0.13,0.36,0.17,0.19]},"CONDITIONS_BY_TYPE":{"CONCEPT_NAME":"Claim","COUNT_VALUE":1460},"AGE_AT_FIRST_DIAGNOSIS":{"CATEGORY":["FEMALE","MALE"],"MIN_VALUE":[0,0],"P10_VALUE":[10,10],"P25_VALUE":[21,23],"MEDIAN_VALUE":[40,44],"P75_VALUE":[60,61],"P90_VALUE":[81,76],"MAX_VALUE":[98,99]}}
