{"PREVALENCE_BY_GENDER_AGE_YEAR":{"TRELLIS_NAME":["30-39","70-79","20-29","0-9","90-99","40-49","10-19","80-89","20-29","50-59","0-9","60-69","30-39","10-19","40-49","70-79","50-59","90-99","60-69","80-89"],"SERIES_NAME":["FEMALE","MALE","FEMALE","FEMALE","MALE","FEMALE","FEMALE","MALE","MALE","MALE","MALE","MALE","MALE","MALE","MALE","FEMALE","FEMALE","FEMALE","FEMALE","FEMALE"],"X_CALENDAR_YEAR":[2019,2019,2019,2019,2019,2019,2019,2019,2019,2019,2019,2019,2019,2019,2019,2019,2019,2019,2019,2019],"Y_PREVALENCE_1000PP":[15.28207,12.74249,9.67957,8.21053,10.31519,8.72051,12.89617,11.5958,11.94884,11.45038,12.24944,10.24749,12.73345,9.87144,11.54464,13.13113,11.44596,14.99167,10.77912,6.92042]},"PREVALENCE_BY_MONTH":{"X_CALENDAR_MONTH":[201901,201902,201903,201904,201905,201906,201907,201908,201909,201910,201911,201912],"Y_PREVALENCE_1000PP":[1.07,0.97,0.97,0.98,0.86,0.85,1.18,0.99,0.85,1.14,0.75,0.82]},"CONDITIONS_BY_TYPE":{"CONCEPT_NAME":"Claim","COUNT_VALUE":1518},"AGE_AT_FIRST_DIAGNOSIS":{"CATEGORY":["FEMALE","MALE","No matching concept"],"MIN_VALUE":[0,0,0],"P10_VALUE":[13,10,3],"P25_VALUE":[27,26,27],"MEDIAN_VALUE":[43,44,54],"P75_VALUE":[64,63,74],"P90_VALUE":[77,77,80],"MAX_VALUE":[99,99,89]}}
