{"PREVALENCE_BY_GENDER_AGE_YEAR":{"TRELLIS_NAME":["40-49","30-39","70-79","80-89","10-19","0-9","20-29","60-69","70-79","50-59","20-29","40-49","0-9","30-39","10-19","60-69","50-59"],"SERIES_NAME":["FEMALE","FEMALE","MALE","MALE","FEMALE","FEMALE","FEMALE","FEMALE","FEMALE","FEMALE","MALE","MALE","MALE","MALE","MALE","MALE","MALE"],"X_CALENDAR_YEAR":[2019,2019,2019,2019,2019,2019,2019,2019,2019,2019,2019,2019,2019,2019,2019,2019,2019],"Y_PREVALENCE_1000PP":[4.56817,2.93064,4.36681,7.17835,4.37254,3.15524,3.83014,3.04414,4.07709,2.4627,4.88709,4.82668,5.12706,2.88087,4.8121,3.46154,3.52061]},"PREVALENCE_BY_MONTH":{"X_CALENDAR_MONTH":[201901,201902,201903,201904,201905,201906,201907,201908,201909,201910,201911,201912],"Y_PREVALENCE_1000PP":[0.34,0.28,0.29,0.39,0.27,0.32,0.43,0.34,0.19,0.37,0.26,0.37]},"CONDITIONS_BY_TYPE":{"CONCEPT_NAME":"Claim","COUNT_VALUE":2024},"AGE_AT_FIRST_DIAGNOSIS":{"CATEGORY":["FEMALE","No matching concept","MALE"],"MIN_VALUE":[0,1,0],"P10_VALUE":[12,1,9],"P25_VALUE":[22,3,23],"MEDIAN_VALUE":[42,44,43],"P75_VALUE":[61,69,64],"P90_VALUE":[75,90,79],"MAX_VALUE":[97,90,92]}}
