{"PREVALENCE_BY_GENDER_AGE_YEAR":{"TRELLIS_NAME":["70-79","50-59","40-49","60-69","30-39","10-19","70-79","0-9","90-99","20-29","80-89","10-19","40-49","0-9","50-59","30-39","60-69","20-29"],"SERIES_NAME":["FEMALE","FEMALE","FEMALE","FEMALE","FEMALE","FEMALE","MALE","FEMALE","MALE","FEMALE","MALE","MALE","MALE","MALE","MALE","MALE","MALE","MALE"],"X_CALENDAR_YEAR":[2019,2019,2019,2019,2019,2019,2019,2019,2019,2019,2019,2019,2019,2019,2019,2019,2019,2019],"Y_PREVALENCE_1000PP":[1.29462,1.44886,2.71623,2.26929,2.6012,1.96721,2.28224,2.10526,4.01146,2.83712,3.31309,2.29568,3.3611,2.89532,3.52319,2.54669,1.74014,3.53416]},"PREVALENCE_BY_MONTH":{"X_CALENDAR_MONTH":[201901,201902,201903,201904,201905,201906,201907,201908,201909,201910,201911,201912],"Y_PREVALENCE_1000PP":[0.27,0.13,0.17,0.26,0.17,0.23,0.26,0.27,0.16,0.25,0.15,0.2]},"CONDITIONS_BY_TYPE":{"CONCEPT_NAME":"Claim","COUNT_VALUE":344},"AGE_AT_FIRST_DIAGNOSIS":{"CATEGORY":["MALE","FEMALE","No matching concept"],"MIN_VALUE":[0,0,2],"P10_VALUE":[10,10,2],"P25_VALUE":[26,25,3],"MEDIAN_VALUE":[45,40,5],"P75_VALUE":[59,57,52],"P90_VALUE":[79,70,73],"MAX_VALUE":[99,99,73]}}
