{"PREVALENCE_BY_GENDER_AGE_YEAR":{"TRELLIS_NAME":["20-29","70-79","30-39","50-59","60-69","30-39","10-19","50-59","40-49","70-79"],"SERIES_NAME":["FEMALE","MALE","FEMALE","MALE","MALE","MALE","MALE","FEMALE","FEMALE","FEMALE"],"X_CALENDAR_YEAR":[2019,2019,2019,2019,2019,2019,2019,2019,2019,2019],"Y_PREVALENCE_1000PP":[1.33511,1.14112,1.78833,1.9084,1.35344,1.01868,1.37741,1.59374,1.71551,1.10967]},"PREVALENCE_BY_MONTH":{"X_CALENDAR_MONTH":[201901,201903,201905,201906,201907,201908,201909,201910,201911],"Y_PREVALENCE_1000PP":[0.06,0.1,0.1,0.09,0.12,0.1,0.18,0.15,0.06]},"CONDITIONS_BY_TYPE":{"CONCEPT_NAME":"Claim","COUNT_VALUE":141},"AGE_AT_FIRST_DIAGNOSIS":{"CATEGORY":["MALE","FEMALE"],"MIN_VALUE":[8,1],"P10_VALUE":[15,11],"P25_VALUE":[35,29],"MEDIAN_VALUE":[53,41],"P75_VALUE":[67,58],"P90_VALUE":[76,73],"MAX_VALUE":[97,98]}}
