{"PREVALENCE_BY_GENDER_AGE_YEAR":{"TRELLIS_NAME":["10-19","30-39","60-69","20-29","0-9","50-59","40-49","70-79"],"SERIES_NAME":["FEMALE","FEMALE","MALE","MALE","MALE","MALE","FEMALE","FEMALE"],"X_CALENDAR_YEAR":[2019,2019,2019,2019,2019,2019,2019,2019],"Y_PREVALENCE_1000PP":[2.18627,0.97688,1.34615,1.01112,1.56041,1.02684,1.2848,1.29726]},"PREVALENCE_BY_MONTH":{"X_CALENDAR_MONTH":[201901,201902,201904,201905,201907,201908,201909,201910,201911],"Y_PREVALENCE_1000PP":[0.12,0.08,0.07,0.11,0.11,0.11,0.11,0.11,0.07]},"CONDITIONS_BY_TYPE":{"CONCEPT_NAME":"Claim","COUNT_VALUE":520},"AGE_AT_FIRST_DIAGNOSIS":{"CATEGORY":["MALE","FEMALE"],"MIN_VALUE":[0,0],"P10_VALUE":[9,10],"P25_VALUE":[21,15],"MEDIAN_VALUE":[48,42],"P75_VALUE":[61,61],"P90_VALUE":[79,74],"MAX_VALUE":[99,93]}}
