{"PREVALENCE_BY_GENDER_AGE_YEAR":{"TRELLIS_NAME":["40-49","0-9","50-59","20-29","60-69","40-49","70-79","0-9","30-39","70-79","10-19","20-29"],"SERIES_NAME":["MALE","MALE","MALE","MALE","FEMALE","FEMALE","FEMALE","FEMALE","FEMALE","MALE","FEMALE","FEMALE"],"X_CALENDAR_YEAR":[2019,2019,2019,2019,2019,2019,2019,2019,2019,2019,2019,2019],"Y_PREVALENCE_1000PP":[0.87758,2.22916,1.02684,1.17964,1.52207,1.2848,1.85322,1.47244,1.30251,1.51889,1.96764,1.1657]},"PREVALENCE_BY_MONTH":{"X_CALENDAR_MONTH":[201901,201902,201903,201904,201905,201906,201907,201908,201909,201910,201911],"Y_PREVALENCE_1000PP":[0.14,0.12,0.11,0.18,0.1,0.06,0.12,0.11,0.1,0.1,0.1]},"CONDITIONS_BY_TYPE":{"CONCEPT_NAME":"Claim","COUNT_VALUE":712},"AGE_AT_FIRST_DIAGNOSIS":{"CATEGORY":["FEMALE","MALE"],"MIN_VALUE":[1,0],"P10_VALUE":[9,4],"P25_VALUE":[22,21],"MEDIAN_VALUE":[46,40],"P75_VALUE":[70,64],"P90_VALUE":[83,81],"MAX_VALUE":[99,99]}}
