{"PREVALENCE_BY_GENDER_AGE_YEAR":{"TRELLIS_NAME":["70-79","50-59","60-69","30-39","0-9","40-49","10-19","20-29","60-69","50-59","30-39","10-19","0-9","40-49","70-79","20-29"],"SERIES_NAME":["FEMALE","FEMALE","FEMALE","MALE","MALE","MALE","MALE","MALE","MALE","MALE","FEMALE","FEMALE","FEMALE","FEMALE","MALE","FEMALE"],"X_CALENDAR_YEAR":[2019,2019,2019,2019,2019,2019,2019,2019,2019,2019,2019,2019,2019,2019,2019,2019],"Y_PREVALENCE_1000PP":[2.58924,2.89771,3.59304,3.22581,4.45434,2.63043,2.98439,2.01952,3.09358,2.7892,2.6012,1.53005,2.73684,3.28806,4.56447,2.83712]},"PREVALENCE_BY_MONTH":{"X_CALENDAR_MONTH":[201901,201902,201903,201904,201905,201906,201907,201908,201909,201910,201911,201912],"Y_PREVALENCE_1000PP":[0.29,0.21,0.31,0.3,0.22,0.21,0.18,0.19,0.25,0.32,0.16,0.21]},"CONDITIONS_BY_TYPE":{"CONCEPT_NAME":"Claim","COUNT_VALUE":392},"AGE_AT_FIRST_DIAGNOSIS":{"CATEGORY":["FEMALE","MALE"],"MIN_VALUE":[0,0],"P10_VALUE":[10,6],"P25_VALUE":[29,25],"MEDIAN_VALUE":[47,45],"P75_VALUE":[61,62],"P90_VALUE":[75,74],"MAX_VALUE":[99,99]}}
