{"PREVALENCE_BY_GENDER_AGE_YEAR":{"TRELLIS_NAME":["50-59","10-19","60-69","40-49","30-39","20-29","70-79","60-69","50-59","40-49","20-29","0-9","70-79","10-19"],"SERIES_NAME":["MALE","MALE","MALE","MALE","MALE","MALE","FEMALE","FEMALE","FEMALE","FEMALE","FEMALE","FEMALE","MALE","FEMALE"],"X_CALENDAR_YEAR":[2019,2019,2019,2019,2019,2019,2019,2019,2019,2019,2019,2019,2019,2019],"Y_PREVALENCE_1000PP":[1.3212,2.06612,1.93349,1.31521,1.52801,1.17805,2.0344,2.83661,2.0284,1.00071,1.33511,2.31579,2.8528,1.31148]},"PREVALENCE_BY_MONTH":{"X_CALENDAR_MONTH":[201901,201903,201904,201905,201906,201907,201908,201909,201910,201911,201912],"Y_PREVALENCE_1000PP":[0.17,0.1,0.19,0.12,0.22,0.2,0.12,0.14,0.14,0.14,0.11]},"CONDITIONS_BY_TYPE":{"CONCEPT_NAME":"Claim","COUNT_VALUE":214},"AGE_AT_FIRST_DIAGNOSIS":{"CATEGORY":["No matching concept","FEMALE","MALE"],"MIN_VALUE":[5,1,0],"P10_VALUE":[5,5,11],"P25_VALUE":[8,22,26],"MEDIAN_VALUE":[43,52,47],"P75_VALUE":[70,65,70],"P90_VALUE":[94,78,78],"MAX_VALUE":[94,96,95]}}
