{"PREVALENCE_BY_GENDER_AGE_YEAR":{"TRELLIS_NAME":["20-29","30-39","40-49","50-59","10-19","60-69","60-69","70-79","50-59","0-9","90-99","40-49","70-79","30-39","10-19","20-29"],"SERIES_NAME":["MALE","MALE","MALE","MALE","MALE","MALE","FEMALE","FEMALE","FEMALE","FEMALE","MALE","FEMALE","MALE","FEMALE","FEMALE","FEMALE"],"X_CALENDAR_YEAR":[2019,2019,2019,2019,2019,2019,2019,2019,2019,2019,2019,2019,2019,2019,2019,2019],"Y_PREVALENCE_1000PP":[1.85123,2.54669,3.21496,2.3488,3.67309,3.09358,2.6475,2.58924,2.75283,1.89474,4.01146,2.57327,3.04298,3.08893,3.49727,3.00401]},"PREVALENCE_BY_MONTH":{"X_CALENDAR_MONTH":[201901,201902,201903,201904,201905,201906,201907,201908,201909,201910,201911,201912],"Y_PREVALENCE_1000PP":[0.24,0.13,0.16,0.27,0.23,0.28,0.19,0.14,0.21,0.38,0.18,0.21]},"CONDITIONS_BY_TYPE":{"CONCEPT_NAME":"Claim","COUNT_VALUE":345},"AGE_AT_FIRST_DIAGNOSIS":{"CATEGORY":["MALE","FEMALE"],"MIN_VALUE":[5,2],"P10_VALUE":[14,12],"P25_VALUE":[30,25],"MEDIAN_VALUE":[46,45],"P75_VALUE":[66,60],"P90_VALUE":[78,75],"MAX_VALUE":[99,96]}}
