{"PREVALENCE_BY_GENDER_AGE_YEAR":{"TRELLIS_NAME":["40-49","60-69","50-59","70-79","0-9","20-29","10-19","30-39","70-79","80-89","10-19","0-9","30-39","40-49","50-59","20-29","60-69"],"SERIES_NAME":["FEMALE","FEMALE","FEMALE","FEMALE","FEMALE","FEMALE","FEMALE","FEMALE","MALE","MALE","MALE","MALE","MALE","MALE","MALE","MALE","MALE"],"X_CALENDAR_YEAR":[2019,2019,2019,2019,2019,2019,2019,2019,2019,2019,2019,2019,2019,2019,2019,2019,2019],"Y_PREVALENCE_1000PP":[1.99857,1.33181,1.73837,1.11193,1.89314,1.66528,1.96764,1.62813,2.08848,3.31309,3.20807,2.8979,1.86409,3.07152,2.93384,1.6852,1.92308]},"PREVALENCE_BY_MONTH":{"X_CALENDAR_MONTH":[201901,201902,201903,201904,201905,201906,201907,201908,201909,201910,201911,201912],"Y_PREVALENCE_1000PP":[0.25,0.15,0.16,0.23,0.12,0.17,0.29,0.21,0.13,0.09,0.14,0.17]},"CONDITIONS_BY_TYPE":{"CONCEPT_NAME":"Claim","COUNT_VALUE":1152},"AGE_AT_FIRST_DIAGNOSIS":{"CATEGORY":["MALE","No matching concept","FEMALE"],"MIN_VALUE":[0,9,0],"P10_VALUE":[9,9,9],"P25_VALUE":[23,9,25],"MEDIAN_VALUE":[44,42,41],"P75_VALUE":[63,63,57],"P90_VALUE":[77,71,77],"MAX_VALUE":[97,71,99]}}
