{"PREVALENCE_BY_GENDER_AGE_YEAR":{"TRELLIS_NAME":["70-79","30-39","40-49","20-29","0-9","10-19","30-39","0-9","60-69","40-49","10-19","50-59","20-29","50-59","70-79"],"SERIES_NAME":["MALE","FEMALE","FEMALE","FEMALE","FEMALE","FEMALE","MALE","MALE","MALE","MALE","MALE","MALE","MALE","FEMALE","FEMALE"],"X_CALENDAR_YEAR":[2019,2019,2019,2019,2019,2019,2019,2019,2019,2019,2019,2019,2019,2019,2019],"Y_PREVALENCE_1000PP":[2.47242,2.11348,2.43031,2.50334,1.47368,1.74863,1.86757,1.3363,2.12684,2.63043,1.60698,2.936,1.85123,1.88351,1.66451]},"PREVALENCE_BY_MONTH":{"X_CALENDAR_MONTH":[201901,201902,201903,201904,201905,201906,201907,201908,201909,201910,201911,201912],"Y_PREVALENCE_1000PP":[0.18,0.15,0.14,0.24,0.18,0.19,0.18,0.12,0.15,0.13,0.12,0.21]},"CONDITIONS_BY_TYPE":{"CONCEPT_NAME":"Claim","COUNT_VALUE":267},"AGE_AT_FIRST_DIAGNOSIS":{"CATEGORY":["No matching concept","FEMALE","MALE"],"MIN_VALUE":[10,2,1],"P10_VALUE":[10,14,13],"P25_VALUE":[21,24,30],"MEDIAN_VALUE":[46,42,47],"P75_VALUE":[61,56,60],"P90_VALUE":[78,75,74],"MAX_VALUE":[78,99,92]}}
