{"PREVALENCE_BY_GENDER_AGE_YEAR":{"TRELLIS_NAME":["40-49","50-59","70-79","60-69","80-89","60-69","30-39","0-9","50-59","40-49","10-19","20-29","0-9","10-19","20-29","90-99","70-79","30-39"],"SERIES_NAME":["FEMALE","FEMALE","FEMALE","FEMALE","FEMALE","MALE","MALE","MALE","MALE","MALE","MALE","MALE","FEMALE","FEMALE","FEMALE","MALE","MALE","FEMALE"],"X_CALENDAR_YEAR":[2019,2019,2019,2019,2019,2019,2019,2019,2019,2019,2019,2019,2019,2019,2019,2019,2019,2019],"Y_PREVALENCE_1000PP":[4.00286,4.0568,3.69891,4.34947,6.34371,4.06032,3.05603,4.45434,4.40399,4.53018,4.59137,4.54392,4.84211,2.40437,4.33912,3.4384,3.23317,3.9018]},"PREVALENCE_BY_MONTH":{"X_CALENDAR_MONTH":[201901,201902,201903,201904,201905,201906,201907,201908,201909,201910,201911,201912],"Y_PREVALENCE_1000PP":[0.43,0.25,0.26,0.43,0.3,0.34,0.36,0.26,0.31,0.45,0.36,0.31]},"CONDITIONS_BY_TYPE":{"CONCEPT_NAME":"Claim","COUNT_VALUE":558},"AGE_AT_FIRST_DIAGNOSIS":{"CATEGORY":["FEMALE","MALE","No matching concept"],"MIN_VALUE":[0,0,2],"P10_VALUE":[8,9,2],"P25_VALUE":[26,23,14],"MEDIAN_VALUE":[45,44,25],"P75_VALUE":[64,59,71],"P90_VALUE":[76,74,87],"MAX_VALUE":[97,99,93]}}
