{"PREVALENCE_BY_GENDER_AGE_YEAR":{"TRELLIS_NAME":["30-39","20-29","10-19","80-89","90-99","0-9","70-79","90-99","60-69","80-89","40-49","50-59","70-79","0-9","60-69","30-39","50-59","10-19","20-29","40-49"],"SERIES_NAME":["FEMALE","FEMALE","FEMALE","MALE","MALE","FEMALE","MALE","FEMALE","FEMALE","FEMALE","FEMALE","FEMALE","FEMALE","MALE","MALE","MALE","MALE","MALE","MALE","MALE"],"X_CALENDAR_YEAR":[2019,2019,2019,2019,2019,2019,2019,2019,2019,2019,2019,2019,2019,2019,2019,2019,2019,2019,2019,2019],"Y_PREVALENCE_1000PP":[7.81504,5.49542,9.40096,8.8349,5.12821,8.20362,10.8221,11.70569,7.03957,5.18732,7.28051,7.09836,4.63306,6.24164,8.26923,9.32045,8.50814,9.1659,8.08898,7.45941]},"PREVALENCE_BY_MONTH":{"X_CALENDAR_MONTH":[201901,201902,201903,201904,201905,201906,201907,201908,201909,201910,201911,201912],"Y_PREVALENCE_1000PP":[0.74,0.63,0.61,0.72,0.55,0.78,0.75,0.64,0.54,0.73,0.67,0.53]},"CONDITIONS_BY_TYPE":{"CONCEPT_NAME":"Claim","COUNT_VALUE":4244},"AGE_AT_FIRST_DIAGNOSIS":{"CATEGORY":["FEMALE","No matching concept","MALE"],"MIN_VALUE":[0,10,0],"P10_VALUE":[8,15,12],"P25_VALUE":[21,26,26],"MEDIAN_VALUE":[42,48,47],"P75_VALUE":[61,63,65],"P90_VALUE":[78,86,77],"MAX_VALUE":[99,94,99]}}
