{"PREVALENCE_BY_GENDER_AGE_YEAR":{"TRELLIS_NAME":["70-79","50-59","90-99","80-89","60-69","60-69","0-9","50-59","20-29","10-19","30-39","40-49","80-89","90-99","10-19","40-49","30-39","0-9","70-79","20-29"],"SERIES_NAME":["FEMALE","FEMALE","FEMALE","FEMALE","FEMALE","MALE","MALE","MALE","MALE","MALE","MALE","MALE","MALE","MALE","FEMALE","FEMALE","FEMALE","FEMALE","MALE","FEMALE"],"X_CALENDAR_YEAR":[2019,2019,2019,2019,2019,2019,2019,2019,2019,2019,2019,2019,2019,2019,2019,2019,2019,2019,2019,2019],"Y_PREVALENCE_1000PP":[6.30096,4.4908,3.34448,6.34006,5.32725,5.57692,5.57289,4.98753,8.2575,4.12466,5.25335,3.80284,5.52181,4.5584,3.93529,5.85296,4.55878,1.89314,4.74654,6.32806]},"PREVALENCE_BY_MONTH":{"X_CALENDAR_MONTH":[201901,201902,201903,201904,201905,201906,201907,201908,201909,201910,201911,201912],"Y_PREVALENCE_1000PP":[0.44,0.37,0.43,0.49,0.38,0.36,0.44,0.33,0.41,0.52,0.43,0.43]},"CONDITIONS_BY_TYPE":{"CONCEPT_NAME":"Claim","COUNT_VALUE":2676},"AGE_AT_FIRST_DIAGNOSIS":{"CATEGORY":["FEMALE","MALE"],"MIN_VALUE":[0,0],"P10_VALUE":[18,10],"P25_VALUE":[28,25],"MEDIAN_VALUE":[47,41],"P75_VALUE":[65,63],"P90_VALUE":[76,76],"MAX_VALUE":[99,98]}}
