{"PREVALENCE_BY_GENDER_AGE_YEAR":{"TRELLIS_NAME":["90-99","80-89","70-79","60-69","50-59","40-49","60-69","20-29","30-39","10-19","0-9","50-59","40-49","30-39","70-79","10-19","90-99","20-29","0-9","80-89"],"SERIES_NAME":["FEMALE","FEMALE","FEMALE","FEMALE","FEMALE","FEMALE","MALE","MALE","MALE","MALE","MALE","MALE","MALE","FEMALE","MALE","FEMALE","MALE","FEMALE","FEMALE","MALE"],"X_CALENDAR_YEAR":[2019,2019,2019,2019,2019,2019,2019,2019,2019,2019,2019,2019,2019,2019,2019,2019,2019,2019,2019,2019],"Y_PREVALENCE_1000PP":[7.24638,10.95101,7.4129,9.51294,6.08431,7.70878,6.92308,9.26862,8.47314,8.70761,8.24788,5.42761,7.45941,7.81504,7.97418,8.52645,8.54701,4.82931,5.46908,9.38708]},"PREVALENCE_BY_MONTH":{"X_CALENDAR_MONTH":[201901,201902,201903,201904,201905,201906,201907,201908,201909,201910,201911,201912],"Y_PREVALENCE_1000PP":[0.67,0.47,0.53,0.69,0.7,0.64,0.78,0.7,0.53,0.56,0.59,0.72]},"CONDITIONS_BY_TYPE":{"CONCEPT_NAME":"Claim","COUNT_VALUE":4148},"AGE_AT_FIRST_DIAGNOSIS":{"CATEGORY":["No matching concept","MALE","FEMALE"],"MIN_VALUE":[3,0,0],"P10_VALUE":[22,10,12],"P25_VALUE":[47,23,28],"MEDIAN_VALUE":[56,41,46],"P75_VALUE":[69,63,66],"P90_VALUE":[80,78,79],"MAX_VALUE":[95,99,98]}}
