{"PREVALENCE_BY_GENDER_AGE_YEAR":{"TRELLIS_NAME":["60-69","50-59","70-79","10-19","80-89","30-39","0-9","40-49","20-29","70-79","0-9","60-69","30-39","50-59","40-49","10-19","20-29"],"SERIES_NAME":["FEMALE","FEMALE","FEMALE","FEMALE","MALE","FEMALE","FEMALE","FEMALE","FEMALE","MALE","MALE","MALE","MALE","MALE","MALE","MALE","MALE"],"X_CALENDAR_YEAR":[2019,2019,2019,2019,2019,2019,2019,2019,2019,2019,2019,2019,2019,2019,2019,2019,2019],"Y_PREVALENCE_1000PP":[3.59304,3.76702,5.17847,3.27869,3.31309,3.57665,3.57895,3.71694,4.17223,4.1841,4.23163,2.90023,3.56537,3.66999,5.11472,2.98439,2.86099]},"PREVALENCE_BY_MONTH":{"X_CALENDAR_MONTH":[201901,201902,201903,201904,201905,201906,201907,201908,201909,201910,201911,201912],"Y_PREVALENCE_1000PP":[0.45,0.21,0.23,0.34,0.29,0.28,0.33,0.25,0.35,0.34,0.36,0.29]},"CONDITIONS_BY_TYPE":{"CONCEPT_NAME":"Claim","COUNT_VALUE":499},"AGE_AT_FIRST_DIAGNOSIS":{"CATEGORY":["MALE","FEMALE","No matching concept"],"MIN_VALUE":[0,0,5],"P10_VALUE":[7,10,5],"P25_VALUE":[26,26,31],"MEDIAN_VALUE":[44,44,53],"P75_VALUE":[62,62,58],"P90_VALUE":[76,76,66],"MAX_VALUE":[98,99,74]}}
