{"PREVALENCE_BY_GENDER_AGE_YEAR":{"TRELLIS_NAME":["50-59","80-89","90-99","40-49","60-69","30-39","20-29","0-9","70-79","20-29","30-39","40-49","0-9","10-19"],"SERIES_NAME":["FEMALE","FEMALE","FEMALE","MALE","MALE","MALE","MALE","MALE","MALE","FEMALE","FEMALE","FEMALE","FEMALE","FEMALE"],"X_CALENDAR_YEAR":[2019,2019,2019,2019,2019,2019,2019,2019,2019,2019,2019,2019,2019,2019],"Y_PREVALENCE_1000PP":[1.0142,3.46021,3.33148,0.87681,1.74014,2.20713,1.17805,2.44989,1.52149,1.00134,1.46318,1.28663,1.68421,1.31148]},"PREVALENCE_BY_MONTH":{"X_CALENDAR_MONTH":[201901,201902,201903,201904,201905,201906,201907,201908,201909,201910,201911,201912],"Y_PREVALENCE_1000PP":[0.12,0.06,0.08,0.07,0.18,0.12,0.14,0.08,0.1,0.13,0.17,0.07]},"CONDITIONS_BY_TYPE":{"CONCEPT_NAME":"Claim","COUNT_VALUE":176},"AGE_AT_FIRST_DIAGNOSIS":{"CATEGORY":["MALE","FEMALE"],"MIN_VALUE":[0,1],"P10_VALUE":[4,7],"P25_VALUE":[23,22],"MEDIAN_VALUE":[39,44],"P75_VALUE":[64,63],"P90_VALUE":[72,85],"MAX_VALUE":[82,99]}}
