{"PREVALENCE_BY_GENDER_AGE_YEAR":{"TRELLIS_NAME":["70-79","30-39","40-49","0-9","90-99","10-19","80-89","20-29","40-49","20-29","50-59","30-39","60-69","0-9","10-19","50-59","60-69","90-99","80-89","70-79"],"SERIES_NAME":["MALE","FEMALE","FEMALE","FEMALE","MALE","FEMALE","MALE","FEMALE","MALE","MALE","MALE","MALE","MALE","MALE","MALE","FEMALE","FEMALE","FEMALE","FEMALE","FEMALE"],"X_CALENDAR_YEAR":[2019,2019,2019,2019,2019,2019,2019,2019,2019,2019,2019,2019,2019,2019,2019,2019,2019,2019,2019,2019],"Y_PREVALENCE_1000PP":[37.4027,38.91241,35.68879,36.60076,43.30484,37.60385,32.57869,40.63281,37.88211,40.10785,40.7804,45.92442,35.57692,35.4436,45.14207,38.24424,39.38356,42.92085,30.54755,39.65901]},"PREVALENCE_BY_MONTH":{"X_CALENDAR_MONTH":[201901,201902,201903,201904,201905,201906,201907,201908,201909,201910,201911,201912],"Y_PREVALENCE_1000PP":[3.53,2.72,3.16,3.74,3.08,3.17,4.08,3.41,2.91,3.45,3.12,3.39]},"CONDITIONS_BY_TYPE":{"CONCEPT_NAME":"Claim","COUNT_VALUE":21524},"AGE_AT_FIRST_DIAGNOSIS":{"CATEGORY":["FEMALE","No matching concept","MALE"],"MIN_VALUE":[0,0,0],"P10_VALUE":[10,12,11],"P25_VALUE":[25,25,25],"MEDIAN_VALUE":[44,39,43],"P75_VALUE":[63,56,62],"P90_VALUE":[77,78,76],"MAX_VALUE":[99,99,99]}}
