{"PREVALENCE_BY_GENDER_AGE_YEAR":{"TRELLIS_NAME":["70-79","40-49","50-59","60-69","80-89","90-99","70-79","0-9","60-69","20-29","80-89","30-39","10-19","90-99","0-9","10-19","30-39","20-29","50-59","40-49"],"SERIES_NAME":["FEMALE","FEMALE","FEMALE","FEMALE","FEMALE","FEMALE","MALE","FEMALE","MALE","FEMALE","MALE","FEMALE","FEMALE","MALE","MALE","MALE","MALE","MALE","MALE","MALE"],"X_CALENDAR_YEAR":[2019,2019,2019,2019,2019,2019,2019,2019,2019,2019,2019,2019,2019,2019,2019,2019,2019,2019,2019,2019],"Y_PREVALENCE_1000PP":[5.55967,3.56888,5.50485,5.32725,6.91643,6.13155,5.12626,6.31048,4.42308,6.32806,6.07399,5.69847,3.71666,6.83761,7.35622,5.04125,4.91442,5.56117,5.86768,4.53415]},"PREVALENCE_BY_MONTH":{"X_CALENDAR_MONTH":[201901,201902,201903,201904,201905,201906,201907,201908,201909,201910,201911,201912],"Y_PREVALENCE_1000PP":[0.7,0.31,0.4,0.5,0.4,0.34,0.6,0.39,0.49,0.54,0.37,0.4]},"CONDITIONS_BY_TYPE":{"CONCEPT_NAME":"Claim","COUNT_VALUE":2984},"AGE_AT_FIRST_DIAGNOSIS":{"CATEGORY":["FEMALE","MALE","No matching concept"],"MIN_VALUE":[0,0,0],"P10_VALUE":[7,8,3],"P25_VALUE":[23,25,20],"MEDIAN_VALUE":[45,44,39],"P75_VALUE":[65,62,70],"P90_VALUE":[78,78,94],"MAX_VALUE":[99,99,95]}}
