{"PREVALENCE_BY_GENDER_AGE_YEAR":{"TRELLIS_NAME":["60-69","30-39","40-49","20-29","50-59","0-9","10-19","50-59","90-99","70-79","80-89","60-69","20-29","90-99","70-79","0-9","10-19","80-89","30-39","40-49"],"SERIES_NAME":["MALE","MALE","MALE","MALE","MALE","MALE","MALE","FEMALE","FEMALE","FEMALE","FEMALE","FEMALE","FEMALE","MALE","MALE","FEMALE","FEMALE","MALE","FEMALE","FEMALE"],"X_CALENDAR_YEAR":[2019,2019,2019,2019,2019,2019,2019,2019,2019,2019,2019,2019,2019,2019,2019,2019,2019,2019,2019,2019],"Y_PREVALENCE_1000PP":[4.25367,5.60272,5.11472,5.04881,3.81679,4.23163,4.3618,4.63634,5.55247,5.54836,4.61361,5.29501,3.33778,5.15759,4.94485,3.36842,4.37158,4.96963,4.87726,5.71837]},"PREVALENCE_BY_MONTH":{"X_CALENDAR_MONTH":[201901,201902,201903,201904,201905,201906,201907,201908,201909,201910,201911,201912],"Y_PREVALENCE_1000PP":[0.5,0.32,0.38,0.39,0.3,0.5,0.34,0.38,0.38,0.45,0.37,0.41]},"CONDITIONS_BY_TYPE":{"CONCEPT_NAME":"Claim","COUNT_VALUE":650},"AGE_AT_FIRST_DIAGNOSIS":{"CATEGORY":["FEMALE","No matching concept","MALE"],"MIN_VALUE":[0,20,0],"P10_VALUE":[13,20,10],"P25_VALUE":[31,24,25],"MEDIAN_VALUE":[47,36,44],"P75_VALUE":[63,57,62],"P90_VALUE":[79,84,76],"MAX_VALUE":[99,84,98]}}
