{"PREVALENCE_BY_GENDER_AGE_YEAR":{"TRELLIS_NAME":["50-59","10-19","40-49","20-29","30-39","70-79","40-49","70-79","20-29","30-39","60-69","10-19","0-9"],"SERIES_NAME":["MALE","MALE","MALE","MALE","MALE","FEMALE","FEMALE","MALE","FEMALE","FEMALE","MALE","FEMALE","FEMALE"],"X_CALENDAR_YEAR":[2019,2019,2019,2019,2019,2019,2019,2019,2019,2019,2019,2019,2019],"Y_PREVALENCE_1000PP":[1.0276,1.60698,2.33816,1.00976,1.52801,1.10967,1.28663,1.14112,1.66889,1.78833,2.51353,1.31148,1.68421]},"PREVALENCE_BY_MONTH":{"X_CALENDAR_MONTH":[201901,201902,201903,201904,201906,201907,201909,201910,201911,201912],"Y_PREVALENCE_1000PP":[0.17,0.07,0.12,0.15,0.12,0.09,0.14,0.23,0.15,0.07]},"CONDITIONS_BY_TYPE":{"CONCEPT_NAME":"Claim","COUNT_VALUE":182},"AGE_AT_FIRST_DIAGNOSIS":{"CATEGORY":["FEMALE","MALE"],"MIN_VALUE":[0,0],"P10_VALUE":[9,16],"P25_VALUE":[20,30],"MEDIAN_VALUE":[35,46],"P75_VALUE":[56,62],"P90_VALUE":[75,76],"MAX_VALUE":[94,91]}}
