{"PREVALENCE_BY_GENDER_AGE_YEAR":{"TRELLIS_NAME":["30-39","0-9","20-29","10-19","80-89","70-79","40-49","70-79","60-69","50-59","50-59","20-29","0-9","30-39","10-19","60-69","40-49"],"SERIES_NAME":["FEMALE","FEMALE","FEMALE","FEMALE","MALE","MALE","FEMALE","FEMALE","FEMALE","FEMALE","MALE","MALE","MALE","MALE","MALE","MALE","MALE"],"X_CALENDAR_YEAR":[2019,2019,2019,2019,2019,2019,2019,2019,2019,2019,2019,2019,2019,2019,2019,2019,2019],"Y_PREVALENCE_1000PP":[1.79095,1.47244,1.1657,2.18627,3.31309,2.65806,2.28408,2.40919,2.09285,2.89729,2.34707,3.37041,2.22916,2.7114,1.60403,1.92308,2.19394]},"PREVALENCE_BY_MONTH":{"X_CALENDAR_MONTH":[201901,201902,201903,201904,201905,201906,201907,201908,201909,201910,201911,201912],"Y_PREVALENCE_1000PP":[0.22,0.2,0.16,0.21,0.22,0.19,0.14,0.15,0.2,0.19,0.18,0.23]},"CONDITIONS_BY_TYPE":{"CONCEPT_NAME":"Claim","COUNT_VALUE":1228},"AGE_AT_FIRST_DIAGNOSIS":{"CATEGORY":["FEMALE","No matching concept","MALE"],"MIN_VALUE":[1,7,0],"P10_VALUE":[13,7,14],"P25_VALUE":[32,7,26],"MEDIAN_VALUE":[51,36,42],"P75_VALUE":[65,42,65],"P90_VALUE":[78,55,78],"MAX_VALUE":[99,55,98]}}
