{"PREVALENCE_BY_GENDER_AGE_YEAR":{"TRELLIS_NAME":["40-49","50-59","0-9","10-19","30-39","60-69","20-29","10-19","0-9","90-99","80-89","70-79","40-49","20-29","30-39","90-99","70-79","50-59","60-69"],"SERIES_NAME":["MALE","MALE","MALE","MALE","MALE","MALE","MALE","FEMALE","FEMALE","MALE","MALE","MALE","FEMALE","FEMALE","FEMALE","FEMALE","FEMALE","FEMALE","FEMALE"],"X_CALENDAR_YEAR":[2019,2019,2019,2019,2019,2019,2019,2019,2019,2019,2019,2019,2019,2019,2019,2019,2019,2019,2019],"Y_PREVALENCE_1000PP":[4.96858,3.66999,4.67706,3.21396,4.41426,2.32019,3.19758,4.80874,4,3.4384,3.86527,2.09205,3.1451,5.50734,2.76378,5.55247,4.99353,6.51985,4.34947]},"PREVALENCE_BY_MONTH":{"X_CALENDAR_MONTH":[201901,201902,201903,201904,201905,201906,201907,201908,201909,201910,201911,201912],"Y_PREVALENCE_1000PP":[0.37,0.27,0.19,0.44,0.36,0.27,0.51,0.27,0.29,0.47,0.42,0.24]},"CONDITIONS_BY_TYPE":{"CONCEPT_NAME":"Claim","COUNT_VALUE":540},"AGE_AT_FIRST_DIAGNOSIS":{"CATEGORY":["FEMALE","MALE","No matching concept"],"MIN_VALUE":[0,0,17],"P10_VALUE":[12,7,17],"P25_VALUE":[25,23,26],"MEDIAN_VALUE":[48,41,37],"P75_VALUE":[63,57,56],"P90_VALUE":[76,76,66],"MAX_VALUE":[99,97,84]}}
