{"PREVALENCE_BY_GENDER_AGE_YEAR":{"TRELLIS_NAME":["80-89","70-79","30-39","0-9","20-29","10-19","40-49","10-19","20-29","50-59","0-9","30-39","50-59","60-69","40-49"],"SERIES_NAME":["MALE","MALE","FEMALE","FEMALE","FEMALE","FEMALE","MALE","MALE","MALE","MALE","MALE","MALE","FEMALE","FEMALE","FEMALE"],"X_CALENDAR_YEAR":[2019,2019,2019,2019,2019,2019,2019,2019,2019,2019,2019,2019,2019,2019,2019],"Y_PREVALENCE_1000PP":[3.31309,2.66261,1.62575,1.26316,1.83578,1.53005,1.46135,1.83655,1.68294,1.7616,1.3363,1.69779,2.75283,1.70197,0.85776]},"PREVALENCE_BY_MONTH":{"X_CALENDAR_MONTH":[201901,201902,201903,201904,201905,201906,201907,201908,201909,201910,201911,201912],"Y_PREVALENCE_1000PP":[0.13,0.15,0.07,0.11,0.11,0.09,0.23,0.13,0.14,0.18,0.13,0.08]},"CONDITIONS_BY_TYPE":{"CONCEPT_NAME":"Claim","COUNT_VALUE":209},"AGE_AT_FIRST_DIAGNOSIS":{"CATEGORY":["FEMALE","MALE"],"MIN_VALUE":[0,1],"P10_VALUE":[13,15],"P25_VALUE":[22,26],"MEDIAN_VALUE":[43,48],"P75_VALUE":[56,70],"P90_VALUE":[66,79],"MAX_VALUE":[79,97]}}
