{"PREVALENCE_BY_GENDER_AGE_YEAR":{"TRELLIS_NAME":["0-9","70-79","0-9","30-39","10-19","40-49","40-49"],"SERIES_NAME":["FEMALE","MALE","MALE","MALE","MALE","MALE","FEMALE"],"X_CALENDAR_YEAR":[2019,2019,2019,2019,2019,2019,2019],"Y_PREVALENCE_1000PP":[1.26316,1.14112,2.22717,1.01868,1.83655,1.60748,1.00071]},"PREVALENCE_BY_MONTH":{"X_CALENDAR_MONTH":[201901,201902,201903,201904,201906,201907,201908,201909,201910,201912],"Y_PREVALENCE_1000PP":[0.14,0.06,0.12,0.14,0.09,0.08,0.11,0.07,0.06,0.08]},"CONDITIONS_BY_TYPE":{"CONCEPT_NAME":"Claim","COUNT_VALUE":134},"AGE_AT_FIRST_DIAGNOSIS":{"CATEGORY":["FEMALE","MALE"],"MIN_VALUE":[1,0],"P10_VALUE":[3,5],"P25_VALUE":[25,15],"MEDIAN_VALUE":[45,41],"P75_VALUE":[67,58],"P90_VALUE":[90,83],"MAX_VALUE":[99,98]}}
