{"PREVALENCE_BY_GENDER_AGE_YEAR":{"TRELLIS_NAME":["60-69","10-19","0-9","50-59","20-29","30-39","70-79","60-69","50-59","10-19","80-89","40-49","70-79","30-39","0-9","20-29"],"SERIES_NAME":["MALE","MALE","MALE","MALE","MALE","MALE","FEMALE","FEMALE","FEMALE","FEMALE","MALE","FEMALE","MALE","FEMALE","FEMALE","FEMALE"],"X_CALENDAR_YEAR":[2019,2019,2019,2019,2019,2019,2019,2019,2019,2019,2019,2019,2019,2019,2019,2019],"Y_PREVALENCE_1000PP":[1.73077,2.29148,1.56041,2.49377,1.85372,1.69463,3.3358,2.47336,2.0281,2.62352,3.86527,1.85582,3.79723,1.30251,1.47244,1.99833]},"PREVALENCE_BY_MONTH":{"X_CALENDAR_MONTH":[201901,201902,201903,201904,201905,201906,201907,201908,201909,201910,201911,201912],"Y_PREVALENCE_1000PP":[0.18,0.07,0.25,0.2,0.18,0.18,0.22,0.16,0.12,0.2,0.16,0.15]},"CONDITIONS_BY_TYPE":{"CONCEPT_NAME":"Claim","COUNT_VALUE":1124},"AGE_AT_FIRST_DIAGNOSIS":{"CATEGORY":["FEMALE","MALE"],"MIN_VALUE":[0,1],"P10_VALUE":[13,11],"P25_VALUE":[24,24],"MEDIAN_VALUE":[49,54],"P75_VALUE":[66,72],"P90_VALUE":[77,79],"MAX_VALUE":[99,93]}}
