{"PREVALENCE_BY_GENDER_AGE_YEAR":{"TRELLIS_NAME":["60-69","50-59","70-79","20-29","70-79","30-39","10-19","40-49","0-9","50-59","0-9","60-69","30-39","40-49","10-19","20-29"],"SERIES_NAME":["FEMALE","FEMALE","FEMALE","FEMALE","MALE","FEMALE","FEMALE","FEMALE","FEMALE","MALE","MALE","MALE","MALE","MALE","MALE","MALE"],"X_CALENDAR_YEAR":[2019,2019,2019,2019,2019,2019,2019,2019,2019,2019,2019,2019,2019,2019,2019,2019],"Y_PREVALENCE_1000PP":[1.51286,2.17328,1.84945,1.83578,1.52149,2.27605,2.18579,2.57327,2.94737,2.6424,2.00445,1.74014,3.73514,2.63043,1.83655,1.51464]},"PREVALENCE_BY_MONTH":{"X_CALENDAR_MONTH":[201901,201902,201903,201904,201905,201906,201907,201908,201909,201910,201911,201912],"Y_PREVALENCE_1000PP":[0.19,0.16,0.21,0.33,0.15,0.1,0.15,0.14,0.14,0.27,0.21,0.2]},"CONDITIONS_BY_TYPE":{"CONCEPT_NAME":"Claim","COUNT_VALUE":286},"AGE_AT_FIRST_DIAGNOSIS":{"CATEGORY":["No matching concept","MALE","FEMALE"],"MIN_VALUE":[30,1,0],"P10_VALUE":[30,12,7],"P25_VALUE":[51,31,22],"MEDIAN_VALUE":[54,42,44],"P75_VALUE":[61,57,59],"P90_VALUE":[66,77,77],"MAX_VALUE":[66,95,96]}}
