{"PREVALENCE_BY_GENDER_AGE_YEAR":{"TRELLIS_NAME":["40-49","50-59","60-69","0-9","20-29","10-19","30-39","50-59","70-79","60-69","0-9","10-19","40-49","20-29","70-79","30-39"],"SERIES_NAME":["MALE","MALE","MALE","MALE","MALE","MALE","MALE","FEMALE","FEMALE","FEMALE","FEMALE","FEMALE","FEMALE","FEMALE","MALE","FEMALE"],"X_CALENDAR_YEAR":[2019,2019,2019,2019,2019,2019,2019,2019,2019,2019,2019,2019,2019,2019,2019,2019],"Y_PREVALENCE_1000PP":[1.90142,2.78715,3.07692,2.00624,2.52781,2.74977,2.54194,2.31783,2.96516,2.66362,1.47244,1.74902,1.85582,1.99833,1.89861,2.93064]},"PREVALENCE_BY_MONTH":{"X_CALENDAR_MONTH":[201901,201902,201903,201904,201905,201906,201907,201908,201909,201910,201911,201912],"Y_PREVALENCE_1000PP":[0.27,0.19,0.16,0.2,0.21,0.16,0.21,0.18,0.18,0.18,0.24,0.15]},"CONDITIONS_BY_TYPE":{"CONCEPT_NAME":"Claim","COUNT_VALUE":1288},"AGE_AT_FIRST_DIAGNOSIS":{"CATEGORY":["FEMALE","No matching concept","MALE"],"MIN_VALUE":[2,2,2],"P10_VALUE":[15,2,13],"P25_VALUE":[29,20,24],"MEDIAN_VALUE":[44,24,45],"P75_VALUE":[64,51,64],"P90_VALUE":[75,87,72],"MAX_VALUE":[90,87,98]}}
