{"PREVALENCE_BY_GENDER_AGE_YEAR":{"TRELLIS_NAME":["50-59","60-69","10-19","20-29","30-39","0-9","40-49","70-79","40-49","50-59","60-69","0-9","20-29","30-39","70-79"],"SERIES_NAME":["MALE","MALE","MALE","MALE","MALE","MALE","MALE","FEMALE","FEMALE","FEMALE","FEMALE","FEMALE","FEMALE","FEMALE","MALE"],"X_CALENDAR_YEAR":[2019,2019,2019,2019,2019,2019,2019,2019,2019,2019,2019,2019,2019,2019,2019],"Y_PREVALENCE_1000PP":[1.468,1.54679,2.52525,2.6927,1.86757,1.55902,1.02294,1.10967,1.42959,1.0142,1.70197,1.26316,1.502,1.62575,1.3313]},"PREVALENCE_BY_MONTH":{"X_CALENDAR_MONTH":[201901,201902,201903,201904,201905,201906,201907,201908,201909,201910,201911,201912],"Y_PREVALENCE_1000PP":[0.13,0.11,0.11,0.21,0.14,0.08,0.1,0.1,0.09,0.22,0.11,0.11]},"CONDITIONS_BY_TYPE":{"CONCEPT_NAME":"Claim","COUNT_VALUE":201},"AGE_AT_FIRST_DIAGNOSIS":{"CATEGORY":["FEMALE","MALE"],"MIN_VALUE":[1,1],"P10_VALUE":[10,10],"P25_VALUE":[26,20],"MEDIAN_VALUE":[46,33],"P75_VALUE":[65,58],"P90_VALUE":[80,70],"MAX_VALUE":[97,97]}}
