{"PREVALENCE_BY_GENDER_AGE_YEAR":{"TRELLIS_NAME":["90-99","80-89","40-49","50-59","70-79","60-69","0-9","10-19","60-69","90-99","70-79","80-89","20-29","30-39","50-59","20-29","40-49","0-9","10-19","30-39"],"SERIES_NAME":["FEMALE","FEMALE","FEMALE","FEMALE","FEMALE","FEMALE","FEMALE","FEMALE","MALE","MALE","MALE","MALE","FEMALE","FEMALE","MALE","MALE","MALE","MALE","MALE","MALE"],"X_CALENDAR_YEAR":[2019,2019,2019,2019,2019,2019,2019,2019,2019,2019,2019,2019,2019,2019,2019,2019,2019,2019,2019,2019],"Y_PREVALENCE_1000PP":[19.50948,19.02017,13.7045,12.74808,14.8258,13.50837,11.9899,14.21076,13.26923,15.38462,17.08753,18.77416,12.48959,15.14165,15.25598,12.97607,14.18751,14.04369,13.29056,14.5738]},"PREVALENCE_BY_MONTH":{"X_CALENDAR_MONTH":[201901,201902,201903,201904,201905,201906,201907,201908,201909,201910,201911,201912],"Y_PREVALENCE_1000PP":[1.33,1.18,1.15,1.35,1.13,1.05,1.19,1.16,1.13,1.46,1.23,1.13]},"CONDITIONS_BY_TYPE":{"CONCEPT_NAME":"Claim","COUNT_VALUE":7748},"AGE_AT_FIRST_DIAGNOSIS":{"CATEGORY":["MALE","No matching concept","FEMALE"],"MIN_VALUE":[0,0,0],"P10_VALUE":[11,9,12],"P25_VALUE":[26,26,27],"MEDIAN_VALUE":[47,46,45],"P75_VALUE":[65,62,66],"P90_VALUE":[78,74,79],"MAX_VALUE":[99,97,99]}}
