{"PREVALENCE_BY_GENDER_AGE_YEAR":{"TRELLIS_NAME":["0-9","30-39","90-99","10-19","20-29","80-89","70-79","20-29","0-9","60-69","50-59","40-49","10-19","30-39","80-89","70-79","50-59","40-49","60-69","90-99"],"SERIES_NAME":["FEMALE","FEMALE","MALE","FEMALE","FEMALE","MALE","MALE","MALE","MALE","MALE","MALE","MALE","MALE","MALE","FEMALE","FEMALE","FEMALE","FEMALE","FEMALE","FEMALE"],"X_CALENDAR_YEAR":[2019,2019,2019,2019,2019,2019,2019,2019,2019,2019,2019,2019,2019,2019,2019,2019,2019,2019,2019,2019],"Y_PREVALENCE_1000PP":[9.05263,8.61649,9.74212,9.61749,8.84513,9.93926,7.0369,7.06833,8.01782,8.50735,7.48679,8.18355,9.64187,7.30051,9.80392,8.50749,8.25848,6.29021,7.18608,7.21821]},"PREVALENCE_BY_MONTH":{"X_CALENDAR_MONTH":[201901,201902,201903,201904,201905,201906,201907,201908,201909,201910,201911,201912],"Y_PREVALENCE_1000PP":[0.84,0.59,0.61,0.77,0.73,0.67,0.69,0.63,0.74,0.68,0.59,0.63]},"CONDITIONS_BY_TYPE":{"CONCEPT_NAME":"Claim","COUNT_VALUE":1092},"AGE_AT_FIRST_DIAGNOSIS":{"CATEGORY":["MALE","FEMALE","No matching concept"],"MIN_VALUE":[0,0,4],"P10_VALUE":[11,9,5],"P25_VALUE":[23,22,23],"MEDIAN_VALUE":[44,42,57],"P75_VALUE":[65,63,69],"P90_VALUE":[79,76,96],"MAX_VALUE":[98,99,98]}}
