{"PREVALENCE_BY_GENDER_AGE_YEAR":{"TRELLIS_NAME":["40-49","0-9","10-19","60-69","20-29","50-59","30-39","40-49","80-89","60-69","70-79","50-59","90-99","0-9","90-99","10-19","30-39","80-89","20-29","70-79"],"SERIES_NAME":["MALE","MALE","MALE","MALE","MALE","MALE","MALE","FEMALE","FEMALE","FEMALE","FEMALE","FEMALE","FEMALE","FEMALE","MALE","FEMALE","FEMALE","MALE","FEMALE","MALE"],"X_CALENDAR_YEAR":[2019,2019,2019,2019,2019,2019,2019,2019,2019,2019,2019,2019,2019,2019,2019,2019,2019,2019,2019,2019],"Y_PREVALENCE_1000PP":[5.55799,6.24164,6.87443,4.61538,6.23525,5.86768,3.21979,7.28051,9.2219,6.08828,5.93032,6.08431,6.13155,6.73117,7.40741,4.80979,4.55878,6.07399,4.99584,5.31612]},"PREVALENCE_BY_MONTH":{"X_CALENDAR_MONTH":[201901,201902,201903,201904,201905,201906,201907,201908,201909,201910,201911,201912],"Y_PREVALENCE_1000PP":[0.67,0.43,0.35,0.53,0.38,0.55,0.6,0.48,0.46,0.48,0.4,0.44]},"CONDITIONS_BY_TYPE":{"CONCEPT_NAME":"Claim","COUNT_VALUE":3100},"AGE_AT_FIRST_DIAGNOSIS":{"CATEGORY":["MALE","No matching concept","FEMALE"],"MIN_VALUE":[0,4,0],"P10_VALUE":[9,4,9],"P25_VALUE":[22,27,25],"MEDIAN_VALUE":[44,36,47],"P75_VALUE":[63,48,64],"P90_VALUE":[78,51,79],"MAX_VALUE":[99,53,99]}}
