{"PREVALENCE_BY_GENDER_AGE_YEAR":{"TRELLIS_NAME":["70-79","50-59","60-69","60-69","40-49","0-9","10-19","30-39","20-29","50-59","10-19","80-89","40-49","20-29","70-79","0-9","30-39"],"SERIES_NAME":["FEMALE","FEMALE","FEMALE","MALE","MALE","MALE","MALE","MALE","MALE","MALE","FEMALE","MALE","FEMALE","FEMALE","MALE","FEMALE","FEMALE"],"X_CALENDAR_YEAR":[2019,2019,2019,2019,2019,2019,2019,2019,2019,2019,2019,2019,2019,2019,2019,2019,2019],"Y_PREVALENCE_1000PP":[2.77984,3.76648,3.2344,1.34615,2.19394,2.00624,2.06233,2.03355,2.02224,1.907,2.18627,3.31309,2.99786,2.16486,2.84792,2.31384,3.09345]},"PREVALENCE_BY_MONTH":{"X_CALENDAR_MONTH":[201901,201902,201903,201904,201905,201906,201907,201908,201909,201910,201911,201912],"Y_PREVALENCE_1000PP":[0.27,0.2,0.2,0.21,0.18,0.17,0.2,0.24,0.18,0.23,0.15,0.19]},"CONDITIONS_BY_TYPE":{"CONCEPT_NAME":"Claim","COUNT_VALUE":1324},"AGE_AT_FIRST_DIAGNOSIS":{"CATEGORY":["MALE","FEMALE"],"MIN_VALUE":[3,0],"P10_VALUE":[10,14],"P25_VALUE":[26,29],"MEDIAN_VALUE":[45,47],"P75_VALUE":[68,61],"P90_VALUE":[79,72],"MAX_VALUE":[94,99]}}
