{"PREVALENCE_BY_GENDER_AGE_YEAR":{"TRELLIS_NAME":["60-69","60-69","50-59","0-9"],"SERIES_NAME":["FEMALE","MALE","MALE","MALE"],"X_CALENDAR_YEAR":[2019,2019,2019,2019],"Y_PREVALENCE_1000PP":[1.14155,1.15385,1.61361,1.78333]},"PREVALENCE_BY_MONTH":{"X_CALENDAR_MONTH":[201904,201905,201907,201908,201909,201910,201911],"Y_PREVALENCE_1000PP":[0.06,0.06,0.06,0.1,0.06,0.07,0.09]},"CONDITIONS_BY_TYPE":{"CONCEPT_NAME":"Claim","COUNT_VALUE":396},"AGE_AT_FIRST_DIAGNOSIS":{"CATEGORY":["FEMALE","MALE"],"MIN_VALUE":[2,0],"P10_VALUE":[12,6],"P25_VALUE":[34,16],"MEDIAN_VALUE":[45,52],"P75_VALUE":[69,62],"P90_VALUE":[78,77],"MAX_VALUE":[96,86]}}
