{"PREVALENCE_BY_GENDER_AGE_YEAR":{"TRELLIS_NAME":["50-59","30-39","40-49","40-49","30-39","10-19","20-29","70-79","50-59","60-69"],"SERIES_NAME":["MALE","MALE","MALE","FEMALE","FEMALE","FEMALE","FEMALE","FEMALE","FEMALE","FEMALE"],"X_CALENDAR_YEAR":[2019,2019,2019,2019,2019,2019,2019,2019,2019,2019],"Y_PREVALENCE_1000PP":[0.8808,1.35823,0.87681,1.00071,1.3006,1.53005,1.16822,1.66451,1.73863,1.13464]},"PREVALENCE_BY_MONTH":{"X_CALENDAR_MONTH":[201901,201904,201905,201906,201907,201908,201909,201910,201912],"Y_PREVALENCE_1000PP":[0.15,0.12,0.14,0.08,0.1,0.1,0.13,0.11,0.06]},"CONDITIONS_BY_TYPE":{"CONCEPT_NAME":"Claim","COUNT_VALUE":157},"AGE_AT_FIRST_DIAGNOSIS":{"CATEGORY":["FEMALE","MALE"],"MIN_VALUE":[5,4],"P10_VALUE":[11,19],"P25_VALUE":[29,32],"MEDIAN_VALUE":[50,46],"P75_VALUE":[66,69],"P90_VALUE":[79,83],"MAX_VALUE":[96,98]}}
