{"PREVALENCE_BY_GENDER_AGE_YEAR":{"TRELLIS_NAME":["30-39","0-9","10-19","50-59","20-29","40-49","30-39","10-19","80-89","70-79","90-99","20-29","0-9","60-69","40-49","80-89","90-99","70-79","60-69","50-59"],"SERIES_NAME":["MALE","MALE","MALE","MALE","MALE","MALE","FEMALE","FEMALE","MALE","MALE","MALE","FEMALE","FEMALE","MALE","FEMALE","FEMALE","FEMALE","FEMALE","FEMALE","FEMALE"],"X_CALENDAR_YEAR":[2019,2019,2019,2019,2019,2019,2019,2019,2019,2019,2019,2019,2019,2019,2019,2019,2019,2019,2019,2019],"Y_PREVALENCE_1000PP":[3.72818,3.56665,3.89551,4.98753,3.53893,4.09536,4.07034,3.27941,5.52181,3.79723,3.9886,3.99667,5.04838,2.5,3.85439,6.34006,4.45931,4.44774,7.22983,4.05621]},"PREVALENCE_BY_MONTH":{"X_CALENDAR_MONTH":[201901,201902,201903,201904,201905,201906,201907,201908,201909,201910,201911,201912],"Y_PREVALENCE_1000PP":[0.47,0.29,0.34,0.4,0.41,0.29,0.38,0.36,0.27,0.45,0.2,0.34]},"CONDITIONS_BY_TYPE":{"CONCEPT_NAME":"Claim","COUNT_VALUE":2288},"AGE_AT_FIRST_DIAGNOSIS":{"CATEGORY":["No matching concept","MALE","FEMALE"],"MIN_VALUE":[2,0,0],"P10_VALUE":[2,12,9],"P25_VALUE":[42,26,26],"MEDIAN_VALUE":[44,46,48],"P75_VALUE":[59,60,65],"P90_VALUE":[91,79,77],"MAX_VALUE":[91,99,98]}}
