{"PREVALENCE_BY_GENDER_AGE_YEAR":{"TRELLIS_NAME":["40-49","50-59","30-39","40-49","70-79","50-59"],"SERIES_NAME":["MALE","MALE","FEMALE","FEMALE","FEMALE","FEMALE"],"X_CALENDAR_YEAR":[2019,2019,2019,2019,2019,2019],"Y_PREVALENCE_1000PP":[1.02384,1.02684,0.97688,0.85653,1.29726,1.01405]},"PREVALENCE_BY_MONTH":{"X_CALENDAR_MONTH":[201901,201902,201906,201908,201909,201910],"Y_PREVALENCE_1000PP":[0.09,0.07,0.06,0.12,0.1,0.08]},"CONDITIONS_BY_TYPE":{"CONCEPT_NAME":"Claim","COUNT_VALUE":420},"AGE_AT_FIRST_DIAGNOSIS":{"CATEGORY":["MALE","FEMALE"],"MIN_VALUE":[0,0],"P10_VALUE":[7,20],"P25_VALUE":[22,34],"MEDIAN_VALUE":[45,55],"P75_VALUE":[53,70],"P90_VALUE":[72,85],"MAX_VALUE":[80,95]}}
