{"PREVALENCE_BY_GENDER_AGE_YEAR":{"TRELLIS_NAME":["40-49","0-9","10-19","60-69","30-39","50-59","0-9","70-79","90-99","20-29","30-39","40-49","50-59","70-79","60-69"],"SERIES_NAME":["MALE","MALE","MALE","MALE","MALE","MALE","FEMALE","MALE","MALE","FEMALE","FEMALE","FEMALE","FEMALE","FEMALE","FEMALE"],"X_CALENDAR_YEAR":[2019,2019,2019,2019,2019,2019,2019,2019,2019,2019,2019,2019,2019,2019,2019],"Y_PREVALENCE_1000PP":[1.75362,1.3363,1.60698,3.09358,1.86757,1.7616,2.94737,2.09205,4.58453,1.83578,0.97545,2.00143,1.59374,1.66451,2.26929]},"PREVALENCE_BY_MONTH":{"X_CALENDAR_MONTH":[201901,201902,201903,201904,201905,201906,201907,201908,201909,201910,201911,201912],"Y_PREVALENCE_1000PP":[0.21,0.12,0.17,0.2,0.15,0.17,0.12,0.11,0.13,0.09,0.14,0.16]},"CONDITIONS_BY_TYPE":{"CONCEPT_NAME":"Claim","COUNT_VALUE":240},"AGE_AT_FIRST_DIAGNOSIS":{"CATEGORY":["FEMALE","MALE"],"MIN_VALUE":[1,1],"P10_VALUE":[5,12],"P25_VALUE":[24,31],"MEDIAN_VALUE":[47,53],"P75_VALUE":[63,67],"P90_VALUE":[76,76],"MAX_VALUE":[90,99]}}
