{"PREVALENCE_BY_GENDER_AGE_YEAR":{"TRELLIS_NAME":["20-29","10-19","70-79","60-69","30-39","0-9","80-89","0-9","10-19","20-29","40-49","30-39","50-59","80-89","50-59","40-49","60-69","70-79","90-99"],"SERIES_NAME":["FEMALE","FEMALE","MALE","MALE","FEMALE","FEMALE","MALE","MALE","MALE","MALE","MALE","MALE","MALE","FEMALE","FEMALE","FEMALE","FEMALE","FEMALE","FEMALE"],"X_CALENDAR_YEAR":[2019,2019,2019,2019,2019,2019,2019,2019,2019,2019,2019,2019,2019,2019,2019,2019,2019,2019,2019],"Y_PREVALENCE_1000PP":[3.83845,4.80874,3.80373,4.64037,3.57665,3.15789,4.96963,3.11804,1.83655,2.6927,4.23791,3.56537,4.11039,3.46021,2.75283,3.28806,3.59304,4.25375,4.44198]},"PREVALENCE_BY_MONTH":{"X_CALENDAR_MONTH":[201901,201902,201903,201904,201905,201906,201907,201908,201909,201910,201911,201912],"Y_PREVALENCE_1000PP":[0.33,0.29,0.32,0.31,0.25,0.41,0.24,0.24,0.26,0.39,0.3,0.27]},"CONDITIONS_BY_TYPE":{"CONCEPT_NAME":"Claim","COUNT_VALUE":496},"AGE_AT_FIRST_DIAGNOSIS":{"CATEGORY":["FEMALE","MALE","No matching concept"],"MIN_VALUE":[1,2,5],"P10_VALUE":[11,13,5],"P25_VALUE":[22,32,16],"MEDIAN_VALUE":[43,49,31],"P75_VALUE":[64,66,38],"P90_VALUE":[78,76,54],"MAX_VALUE":[99,97,54]}}
