{"PREVALENCE_BY_GENDER_AGE_YEAR":{"TRELLIS_NAME":["60-69","80-89","70-79","90-99","50-59","40-49","20-29","30-39","80-89","10-19","70-79","0-9","60-69","90-99","40-49","0-9","30-39","20-29","10-19","50-59"],"SERIES_NAME":["FEMALE","FEMALE","FEMALE","FEMALE","FEMALE","FEMALE","FEMALE","FEMALE","MALE","FEMALE","MALE","FEMALE","MALE","MALE","MALE","MALE","MALE","MALE","MALE","MALE"],"X_CALENDAR_YEAR":[2019,2019,2019,2019,2019,2019,2019,2019,2019,2019,2019,2019,2019,2019,2019,2019,2019,2019,2019,2019],"Y_PREVALENCE_1000PP":[70.91528,85.92849,67.32014,74.95836,75.48537,74.48177,79.43925,75.10974,83.93153,75.40984,83.11145,78.94737,77.91957,79.08309,76.72074,77.06013,75.55178,79.26624,76.44628,77.51028]},"PREVALENCE_BY_MONTH":{"X_CALENDAR_MONTH":[201901,201902,201903,201904,201905,201906,201907,201908,201909,201910,201911,201912],"Y_PREVALENCE_1000PP":[7.28,5.54,6.49,7.21,6.36,6.09,8.21,5.87,6.24,7.27,6.26,6.18]},"CONDITIONS_BY_TYPE":{"CONCEPT_NAME":"Claim","COUNT_VALUE":10595},"AGE_AT_FIRST_DIAGNOSIS":{"CATEGORY":["FEMALE","MALE","No matching concept"],"MIN_VALUE":[0,0,0],"P10_VALUE":[9,11,8],"P25_VALUE":[24,25,23],"MEDIAN_VALUE":[43,45,41],"P75_VALUE":[62,64,61],"P90_VALUE":[77,77,74],"MAX_VALUE":[99,99,98]}}
