{"PREVALENCE_BY_GENDER_AGE_YEAR":{"TRELLIS_NAME":["20-29","90-99","30-39","10-19","0-9","40-49","80-89","70-79","60-69","50-59","20-29","30-39","40-49","10-19","0-9","90-99","70-79","60-69","50-59","80-89"],"SERIES_NAME":["FEMALE","MALE","FEMALE","FEMALE","FEMALE","FEMALE","MALE","MALE","MALE","MALE","MALE","MALE","MALE","MALE","MALE","FEMALE","FEMALE","FEMALE","FEMALE","FEMALE"],"X_CALENDAR_YEAR":[2019,2019,2019,2019,2019,2019,2019,2019,2019,2019,2019,2019,2019,2019,2019,2019,2019,2019,2019,2019],"Y_PREVALENCE_1000PP":[39.88652,33.81089,44.05788,42.84153,42.52632,36.88349,37.54832,38.03728,44.08353,44.48033,43.9246,42.6146,41.35613,39.71534,39.42094,42.19878,43.27723,41.60363,41.43726,38.63899]},"PREVALENCE_BY_MONTH":{"X_CALENDAR_MONTH":[201901,201902,201903,201904,201905,201906,201907,201908,201909,201910,201911,201912],"Y_PREVALENCE_1000PP":[4.14,3.17,3.06,4.24,3.4,3.11,4.14,3.3,3.06,3.92,3.25,3.18]},"CONDITIONS_BY_TYPE":{"CONCEPT_NAME":"Claim","COUNT_VALUE":5675},"AGE_AT_FIRST_DIAGNOSIS":{"CATEGORY":["FEMALE","MALE","No matching concept"],"MIN_VALUE":[0,0,2],"P10_VALUE":[10,11,13],"P25_VALUE":[24,25,25],"MEDIAN_VALUE":[44,44,48],"P75_VALUE":[64,62,65],"P90_VALUE":[76,76,76],"MAX_VALUE":[99,99,97]}}
