{"PREVALENCE_BY_GENDER_AGE_YEAR":{"TRELLIS_NAME":["50-59","60-69","80-89","70-79","20-29","70-79","40-49","10-19","0-9","30-39","50-59","40-49","10-19","20-29","60-69","30-39","0-9"],"SERIES_NAME":["FEMALE","FEMALE","FEMALE","FEMALE","FEMALE","MALE","FEMALE","FEMALE","FEMALE","FEMALE","MALE","MALE","MALE","MALE","MALE","MALE","MALE"],"X_CALENDAR_YEAR":[2019,2019,2019,2019,2019,2019,2019,2019,2019,2019,2019,2019,2019,2019,2019,2019,2019],"Y_PREVALENCE_1000PP":[2.46305,2.26929,3.46021,3.32902,2.67023,2.66261,2.71623,2.18579,2.73684,3.08893,2.7892,2.77656,2.75482,1.85123,1.74014,2.20713,3.11804]},"PREVALENCE_BY_MONTH":{"X_CALENDAR_MONTH":[201901,201902,201903,201904,201905,201906,201907,201908,201909,201910,201911,201912],"Y_PREVALENCE_1000PP":[0.24,0.14,0.21,0.24,0.2,0.16,0.22,0.2,0.23,0.28,0.27,0.2]},"CONDITIONS_BY_TYPE":{"CONCEPT_NAME":"Claim","COUNT_VALUE":345},"AGE_AT_FIRST_DIAGNOSIS":{"CATEGORY":["FEMALE","No matching concept","MALE"],"MIN_VALUE":[0,0,0],"P10_VALUE":[11,0,5],"P25_VALUE":[24,9,23],"MEDIAN_VALUE":[45,16,44],"P75_VALUE":[65,53,59],"P90_VALUE":[76,91,76],"MAX_VALUE":[95,91,94]}}
