{"PREVALENCE_BY_GENDER_AGE_YEAR":{"TRELLIS_NAME":["80-89","70-79","10-19","40-49","20-29","30-39","0-9","90-99","30-39","20-29","50-59","0-9","60-69","40-49","10-19","90-99","80-89","70-79","60-69","50-59"],"SERIES_NAME":["MALE","MALE","FEMALE","FEMALE","FEMALE","FEMALE","FEMALE","MALE","MALE","MALE","MALE","MALE","MALE","MALE","MALE","FEMALE","FEMALE","FEMALE","FEMALE","FEMALE"],"X_CALENDAR_YEAR":[2019,2019,2019,2019,2019,2019,2019,2019,2019,2019,2019,2019,2019,2019,2019,2019,2019,2019,2019,2019],"Y_PREVALENCE_1000PP":[50.24848,50.31327,55.09401,55.96003,59.1174,56.17063,58.47707,59.82906,56.43111,61.84698,56.18307,57.73518,58.84615,57.33509,57.51604,62.43032,66.85879,52.63158,51.56012,53.59988]},"PREVALENCE_BY_MONTH":{"X_CALENDAR_MONTH":[201901,201902,201903,201904,201905,201906,201907,201908,201909,201910,201911,201912],"Y_PREVALENCE_1000PP":[5.34,4.46,4.53,5.39,4.52,4.44,5.87,4.75,4.36,5.62,4.22,4.51]},"CONDITIONS_BY_TYPE":{"CONCEPT_NAME":"Claim","COUNT_VALUE":31264},"AGE_AT_FIRST_DIAGNOSIS":{"CATEGORY":["MALE","FEMALE","No matching concept"],"MIN_VALUE":[0,0,0],"P10_VALUE":[10,9,8],"P25_VALUE":[24,24,24],"MEDIAN_VALUE":[44,43,47],"P75_VALUE":[62,62,66],"P90_VALUE":[77,78,77],"MAX_VALUE":[99,99,99]}}
