{"PREVALENCE_BY_GENDER_AGE_YEAR":{"TRELLIS_NAME":["60-69","50-59","40-49","70-79","90-99","80-89","10-19","20-29","0-9","60-69","30-39","50-59","40-49","10-19","90-99","20-29","0-9","80-89","30-39","70-79"],"SERIES_NAME":["FEMALE","FEMALE","FEMALE","FEMALE","FEMALE","FEMALE","MALE","MALE","MALE","MALE","MALE","MALE","MALE","FEMALE","MALE","FEMALE","FEMALE","MALE","FEMALE","MALE"],"X_CALENDAR_YEAR":[2019,2019,2019,2019,2019,2019,2019,2019,2019,2019,2019,2019,2019,2019,2019,2019,2019,2019,2019,2019],"Y_PREVALENCE_1000PP":[29.12254,34.19299,31.45104,27.00203,27.76235,29.41176,30.07346,30.79771,31.40312,31.7092,31.40917,29.94715,31.1267,33.87978,24.06877,30.70761,33.68421,27.05687,33.00276,31.76113]},"PREVALENCE_BY_MONTH":{"X_CALENDAR_MONTH":[201901,201902,201903,201904,201905,201906,201907,201908,201909,201910,201911,201912],"Y_PREVALENCE_1000PP":[2.67,2.35,2.51,2.91,2.5,2.57,2.97,2.54,2.26,3.19,2.48,2.66]},"CONDITIONS_BY_TYPE":{"CONCEPT_NAME":"Claim","COUNT_VALUE":4218},"AGE_AT_FIRST_DIAGNOSIS":{"CATEGORY":["No matching concept","FEMALE","MALE"],"MIN_VALUE":[0,0,0],"P10_VALUE":[7,9,10],"P25_VALUE":[15,24,25],"MEDIAN_VALUE":[37,43,45],"P75_VALUE":[53,60,62],"P90_VALUE":[68,76,76],"MAX_VALUE":[99,99,99]}}
