{"PREVALENCE_BY_GENDER_AGE_YEAR":{"TRELLIS_NAME":["40-49","60-69","70-79","50-59","30-39","70-79","20-29","50-59","60-69","30-39","40-49"],"SERIES_NAME":["FEMALE","FEMALE","FEMALE","FEMALE","FEMALE","MALE","FEMALE","MALE","MALE","MALE","MALE"],"X_CALENDAR_YEAR":[2019,2019,2019,2019,2019,2019,2019,2019,2019,2019,2019],"Y_PREVALENCE_1000PP":[1.28663,1.13464,2.21935,1.0142,0.97545,1.3313,1.33511,1.468,1.54679,1.35823,1.02294]},"PREVALENCE_BY_MONTH":{"X_CALENDAR_MONTH":[201901,201903,201904,201906,201907,201908,201909,201910,201911,201912],"Y_PREVALENCE_1000PP":[0.08,0.15,0.13,0.14,0.11,0.1,0.09,0.09,0.12,0.11]},"CONDITIONS_BY_TYPE":{"CONCEPT_NAME":"Claim","COUNT_VALUE":163},"AGE_AT_FIRST_DIAGNOSIS":{"CATEGORY":["MALE","FEMALE"],"MIN_VALUE":[0,2],"P10_VALUE":[11,14],"P25_VALUE":[30,27],"MEDIAN_VALUE":[49,49],"P75_VALUE":[66,72],"P90_VALUE":[75,79],"MAX_VALUE":[88,97]}}
