{"PREVALENCE_BY_GENDER_AGE_YEAR":{"TRELLIS_NAME":["70-79","10-19","20-29","40-49","30-39","50-59","10-19","30-39","20-29","40-49","60-69","60-69","50-59"],"SERIES_NAME":["MALE","FEMALE","FEMALE","FEMALE","FEMALE","MALE","MALE","MALE","MALE","MALE","MALE","FEMALE","FEMALE"],"X_CALENDAR_YEAR":[2019,2019,2019,2019,2019,2019,2019,2019,2019,2019,2019,2019,2019],"Y_PREVALENCE_1000PP":[1.89861,2.18627,1.83181,2.8551,2.4422,2.49377,2.29148,2.7114,2.35929,2.34021,1.92308,2.09285,1.73837]},"PREVALENCE_BY_MONTH":{"X_CALENDAR_MONTH":[201901,201902,201903,201904,201905,201906,201907,201908,201909,201910,201911,201912],"Y_PREVALENCE_1000PP":[0.11,0.16,0.22,0.23,0.14,0.12,0.17,0.12,0.15,0.21,0.2,0.21]},"CONDITIONS_BY_TYPE":{"CONCEPT_NAME":"Claim","COUNT_VALUE":1120},"AGE_AT_FIRST_DIAGNOSIS":{"CATEGORY":["FEMALE","No matching concept","MALE"],"MIN_VALUE":[2,33,1],"P10_VALUE":[14,33,15],"P25_VALUE":[28,36,27],"MEDIAN_VALUE":[40,53,45],"P75_VALUE":[56,57,59],"P90_VALUE":[69,77,74],"MAX_VALUE":[97,77,97]}}
