{"PREVALENCE_BY_GENDER_AGE_YEAR":{"TRELLIS_NAME":["10-19","30-39","20-29","40-49","50-59","60-69","0-9","80-89","90-99","40-49","60-69","70-79","50-59","10-19","20-29","70-79","30-39","90-99","0-9","80-89"],"SERIES_NAME":["MALE","MALE","MALE","MALE","MALE","MALE","MALE","FEMALE","FEMALE","FEMALE","FEMALE","FEMALE","FEMALE","FEMALE","FEMALE","MALE","FEMALE","MALE","FEMALE","MALE"],"X_CALENDAR_YEAR":[2019,2019,2019,2019,2019,2019,2019,2019,2019,2019,2019,2019,2019,2019,2019,2019,2019,2019,2019,2019],"Y_PREVALENCE_1000PP":[7.79102,7.2869,7.58342,8.48325,7.18791,8.46154,8.24788,8.64553,6.68896,7.70878,6.84932,7.22758,7.24323,8.52645,6.82764,8.73362,7.97786,5.69801,9.25536,9.38708]},"PREVALENCE_BY_MONTH":{"X_CALENDAR_MONTH":[201901,201902,201903,201904,201905,201906,201907,201908,201909,201910,201911,201912],"Y_PREVALENCE_1000PP":[0.72,0.53,0.64,0.77,0.63,0.68,0.78,0.47,0.69,0.7,0.54,0.69]},"CONDITIONS_BY_TYPE":{"CONCEPT_NAME":"Claim","COUNT_VALUE":4340},"AGE_AT_FIRST_DIAGNOSIS":{"CATEGORY":["FEMALE","MALE","No matching concept"],"MIN_VALUE":[0,0,7],"P10_VALUE":[8,10,10],"P25_VALUE":[21,25,22],"MEDIAN_VALUE":[44,45,46],"P75_VALUE":[63,65,50],"P90_VALUE":[78,75,87],"MAX_VALUE":[97,99,96]}}
