{"PREVALENCE_BY_GENDER_AGE_YEAR":{"TRELLIS_NAME":["50-59","30-39","10-19","20-29","40-49","60-69","10-19","0-9","40-49","70-79","50-59","60-69","70-79"],"SERIES_NAME":["MALE","MALE","MALE","MALE","MALE","MALE","FEMALE","FEMALE","FEMALE","MALE","FEMALE","FEMALE","FEMALE"],"X_CALENDAR_YEAR":[2019,2019,2019,2019,2019,2019,2019,2019,2019,2019,2019,2019,2019],"Y_PREVALENCE_1000PP":[2.05369,2.37248,1.83318,2.52781,2.63273,1.73077,1.31176,1.68279,1.85582,1.32903,2.0281,2.47336,1.6679]},"PREVALENCE_BY_MONTH":{"X_CALENDAR_MONTH":[201901,201902,201903,201904,201905,201906,201907,201908,201909,201910,201911,201912],"Y_PREVALENCE_1000PP":[0.13,0.12,0.1,0.18,0.16,0.14,0.21,0.12,0.13,0.16,0.14,0.2]},"CONDITIONS_BY_TYPE":{"CONCEPT_NAME":"Claim","COUNT_VALUE":952},"AGE_AT_FIRST_DIAGNOSIS":{"CATEGORY":["MALE","FEMALE"],"MIN_VALUE":[1,0],"P10_VALUE":[15,8],"P25_VALUE":[28,31],"MEDIAN_VALUE":[42,51],"P75_VALUE":[58,65],"P90_VALUE":[79,75],"MAX_VALUE":[99,90]}}
