{"PREVALENCE_BY_GENDER_AGE_YEAR":{"TRELLIS_NAME":["70-79","40-49","10-19","90-99","20-29","30-39","80-89","0-9","50-59","10-19","20-29","30-39","0-9","60-69","40-49","80-89","50-59","70-79","60-69","90-99"],"SERIES_NAME":["MALE","FEMALE","FEMALE","MALE","FEMALE","FEMALE","MALE","FEMALE","MALE","MALE","MALE","MALE","MALE","MALE","MALE","FEMALE","FEMALE","FEMALE","FEMALE","FEMALE"],"X_CALENDAR_YEAR":[2019,2019,2019,2019,2019,2019,2019,2019,2019,2019,2019,2019,2019,2019,2019,2019,2019,2019,2019,2019],"Y_PREVALENCE_1000PP":[38.54186,41.97002,37.38522,36.46724,36.96919,35.65614,45.27885,39.75599,35.2061,38.0385,36.4004,35.75665,38.34151,31.73077,36.12696,36.88761,36.65073,39.10304,36.33942,37.90412]},"PREVALENCE_BY_MONTH":{"X_CALENDAR_MONTH":[201901,201902,201903,201904,201905,201906,201907,201908,201909,201910,201911,201912],"Y_PREVALENCE_1000PP":[3.73,2.65,2.96,3.46,3,2.82,3.58,2.97,2.74,3.78,3.07,3.01]},"CONDITIONS_BY_TYPE":{"CONCEPT_NAME":"Claim","COUNT_VALUE":20512},"AGE_AT_FIRST_DIAGNOSIS":{"CATEGORY":["No matching concept","MALE","FEMALE"],"MIN_VALUE":[1,0,0],"P10_VALUE":[13,10,9],"P25_VALUE":[30,24,25],"MEDIAN_VALUE":[54,44,44],"P75_VALUE":[72,64,63],"P90_VALUE":[84,77,77],"MAX_VALUE":[98,99,99]}}
