{"PREVALENCE_BY_GENDER_AGE_YEAR":{"TRELLIS_NAME":["0-9","50-59","30-39","40-49","50-59","40-49","60-69","70-79","30-39","70-79","60-69"],"SERIES_NAME":["MALE","MALE","MALE","MALE","FEMALE","FEMALE","FEMALE","FEMALE","FEMALE","MALE","MALE"],"X_CALENDAR_YEAR":[2019,2019,2019,2019,2019,2019,2019,2019,2019,2019,2019],"Y_PREVALENCE_1000PP":[2.00445,1.3212,1.35823,0.87681,1.44886,0.85776,1.32375,1.66451,1.9509,1.52149,1.16009]},"PREVALENCE_BY_MONTH":{"X_CALENDAR_MONTH":[201901,201903,201904,201905,201906,201907,201908,201909,201910,201911,201912],"Y_PREVALENCE_1000PP":[0.09,0.08,0.1,0.13,0.13,0.12,0.08,0.16,0.09,0.08,0.12]},"CONDITIONS_BY_TYPE":{"CONCEPT_NAME":"Claim","COUNT_VALUE":153},"AGE_AT_FIRST_DIAGNOSIS":{"CATEGORY":["FEMALE","MALE"],"MIN_VALUE":[3,0],"P10_VALUE":[14,5],"P25_VALUE":[31,24],"MEDIAN_VALUE":[48,47],"P75_VALUE":[63,64],"P90_VALUE":[78,75],"MAX_VALUE":[92,85]}}
