{"PREVALENCE_BY_GENDER_AGE_YEAR":{"TRELLIS_NAME":["70-79","50-59","0-9","60-69","40-49","20-29","50-59","30-39","10-19","10-19","30-39","70-79"],"SERIES_NAME":["FEMALE","FEMALE","MALE","MALE","MALE","MALE","MALE","MALE","MALE","FEMALE","FEMALE","MALE"],"X_CALENDAR_YEAR":[2019,2019,2019,2019,2019,2019,2019,2019,2019,2019,2019,2019],"Y_PREVALENCE_1000PP":[1.29462,1.59374,1.3363,1.54679,1.46135,1.68294,1.3212,1.18846,1.37741,1.74863,1.78833,1.3313]},"PREVALENCE_BY_MONTH":{"X_CALENDAR_MONTH":[201901,201902,201903,201904,201905,201906,201907,201908,201909,201910,201911,201912],"Y_PREVALENCE_1000PP":[0.12,0.07,0.1,0.18,0.15,0.1,0.12,0.13,0.11,0.08,0.08,0.07]},"CONDITIONS_BY_TYPE":{"CONCEPT_NAME":"Claim","COUNT_VALUE":179},"AGE_AT_FIRST_DIAGNOSIS":{"CATEGORY":["FEMALE","MALE"],"MIN_VALUE":[0,1],"P10_VALUE":[14,13],"P25_VALUE":[23,23],"MEDIAN_VALUE":[41,44],"P75_VALUE":[62,61],"P90_VALUE":[73,78],"MAX_VALUE":[91,97]}}
