{"PREVALENCE_BY_GENDER_AGE_YEAR":{"TRELLIS_NAME":["10-19","20-29","90-99","40-49","70-79","0-9","30-39","80-89","30-39","0-9","10-19","60-69","40-49","50-59","20-29","50-59","90-99","70-79","60-69","80-89"],"SERIES_NAME":["FEMALE","FEMALE","MALE","FEMALE","MALE","FEMALE","FEMALE","MALE","MALE","MALE","MALE","MALE","MALE","MALE","MALE","FEMALE","FEMALE","FEMALE","FEMALE","FEMALE"],"X_CALENDAR_YEAR":[2019,2019,2019,2019,2019,2019,2019,2019,2019,2019,2019,2019,2019,2019,2019,2019,2019,2019,2019,2019],"Y_PREVALENCE_1000PP":[13.55191,11.51535,9.74212,10.29307,10.46025,12.63158,10.56739,12.14798,12.39389,10.91314,11.93756,11.02088,10.66784,10.42278,12.11713,11.59084,9.99445,11.46662,7.5643,14.99423]},"PREVALENCE_BY_MONTH":{"X_CALENDAR_MONTH":[201901,201902,201903,201904,201905,201906,201907,201908,201909,201910,201911,201912],"Y_PREVALENCE_1000PP":[0.98,0.91,0.92,0.96,0.86,0.81,1.15,1.04,0.73,1.22,0.78,0.88]},"CONDITIONS_BY_TYPE":{"CONCEPT_NAME":"Claim","COUNT_VALUE":1512},"AGE_AT_FIRST_DIAGNOSIS":{"CATEGORY":["MALE","FEMALE","No matching concept"],"MIN_VALUE":[0,0,0],"P10_VALUE":[10,8,8],"P25_VALUE":[24,23,22],"MEDIAN_VALUE":[44,42,30],"P75_VALUE":[63,61,53],"P90_VALUE":[77,78,74],"MAX_VALUE":[99,99,94]}}
