{"PREVALENCE_BY_GENDER_AGE_YEAR":{"TRELLIS_NAME":["10-19","50-59","0-9","20-29","30-39","20-29","10-19","60-69","60-69","40-49","70-79"],"SERIES_NAME":["MALE","MALE","MALE","MALE","FEMALE","FEMALE","FEMALE","MALE","FEMALE","FEMALE","FEMALE"],"X_CALENDAR_YEAR":[2019,2019,2019,2019,2019,2019,2019,2019,2019,2019,2019],"Y_PREVALENCE_1000PP":[1.60403,1.76031,1.78333,1.34816,1.30251,1.33222,1.53039,1.53846,1.14155,1.2848,1.11193]},"PREVALENCE_BY_MONTH":{"X_CALENDAR_MONTH":[201901,201902,201903,201904,201905,201906,201907,201908,201909,201910,201911,201912],"Y_PREVALENCE_1000PP":[0.1,0.15,0.11,0.1,0.13,0.08,0.08,0.09,0.06,0.13,0.08,0.1]},"CONDITIONS_BY_TYPE":{"CONCEPT_NAME":"Claim","COUNT_VALUE":692},"AGE_AT_FIRST_DIAGNOSIS":{"CATEGORY":["FEMALE","MALE"],"MIN_VALUE":[1,2],"P10_VALUE":[10,8],"P25_VALUE":[24,20],"MEDIAN_VALUE":[40,51],"P75_VALUE":[65,65],"P90_VALUE":[77,84],"MAX_VALUE":[97,97]}}
