{"PREVALENCE_BY_GENDER_AGE_YEAR":{"TRELLIS_NAME":["40-49","50-59","30-39","60-69","20-29","10-19","60-69","90-99","50-59","70-79","30-39","40-49","10-19","0-9","20-29"],"SERIES_NAME":["MALE","MALE","MALE","MALE","MALE","MALE","FEMALE","FEMALE","FEMALE","FEMALE","FEMALE","FEMALE","FEMALE","FEMALE","FEMALE"],"X_CALENDAR_YEAR":[2019,2019,2019,2019,2019,2019,2019,2019,2019,2019,2019,2019,2019,2019,2019],"Y_PREVALENCE_1000PP":[1.31521,1.7616,1.35823,1.74014,2.5244,2.29568,1.32375,3.88673,2.0284,1.66451,1.9509,1.14367,2.18579,1.47368,1.16822]},"PREVALENCE_BY_MONTH":{"X_CALENDAR_MONTH":[201901,201903,201904,201905,201906,201907,201908,201909,201910,201911,201912],"Y_PREVALENCE_1000PP":[0.15,0.14,0.2,0.17,0.13,0.17,0.15,0.09,0.17,0.1,0.14]},"CONDITIONS_BY_TYPE":{"CONCEPT_NAME":"Claim","COUNT_VALUE":231},"AGE_AT_FIRST_DIAGNOSIS":{"CATEGORY":["FEMALE","No matching concept","MALE"],"MIN_VALUE":[1,13,0],"P10_VALUE":[11,13,12],"P25_VALUE":[24,13,22],"MEDIAN_VALUE":[46,15,42],"P75_VALUE":[64,34,60],"P90_VALUE":[76,38,77],"MAX_VALUE":[96,38,96]}}
