{"PREVALENCE_BY_GENDER_AGE_YEAR":{"TRELLIS_NAME":["40-49","50-59","20-29","10-19","30-39","0-9","40-49","70-79","60-69","50-59","90-99","70-79","60-69","0-9","20-29","10-19","80-89","30-39"],"SERIES_NAME":["MALE","MALE","MALE","MALE","MALE","MALE","FEMALE","FEMALE","FEMALE","FEMALE","FEMALE","MALE","MALE","FEMALE","FEMALE","FEMALE","MALE","FEMALE"],"X_CALENDAR_YEAR":[2019,2019,2019,2019,2019,2019,2019,2019,2019,2019,2019,2019,2019,2019,2019,2019,2019,2019],"Y_PREVALENCE_1000PP":[3.06883,3.37639,2.35611,3.44353,3.73514,2.44989,3.57398,3.88385,4.53858,3.18748,3.33148,3.04298,3.67363,2.52632,3.17089,4.37158,3.31309,4.06438]},"PREVALENCE_BY_MONTH":{"X_CALENDAR_MONTH":[201901,201902,201903,201904,201905,201906,201907,201908,201909,201910,201911,201912],"Y_PREVALENCE_1000PP":[0.31,0.22,0.2,0.29,0.28,0.23,0.26,0.3,0.32,0.31,0.27,0.37]},"CONDITIONS_BY_TYPE":{"CONCEPT_NAME":"Claim","COUNT_VALUE":452},"AGE_AT_FIRST_DIAGNOSIS":{"CATEGORY":["MALE","No matching concept","FEMALE"],"MIN_VALUE":[1,22,0],"P10_VALUE":[13,22,13],"P25_VALUE":[29,51,28],"MEDIAN_VALUE":[44,72,45],"P75_VALUE":[64,91,64],"P90_VALUE":[78,92,76],"MAX_VALUE":[98,92,98]}}
