{"PREVALENCE_BY_GENDER_AGE_YEAR":{"TRELLIS_NAME":["40-49","10-19","0-9","20-29","30-39","60-69","50-59","40-49","60-69","70-79","50-59","20-29","70-79","10-19","90-99","30-39","80-89","0-9"],"SERIES_NAME":["MALE","MALE","MALE","MALE","MALE","MALE","MALE","FEMALE","FEMALE","FEMALE","FEMALE","FEMALE","MALE","FEMALE","MALE","FEMALE","MALE","FEMALE"],"X_CALENDAR_YEAR":[2019,2019,2019,2019,2019,2019,2019,2019,2019,2019,2019,2019,2019,2019,2019,2019,2019,2019],"Y_PREVALENCE_1000PP":[3.94564,4.82094,5.12249,3.19758,2.88625,3.86698,3.37639,2.71623,3.78215,4.0688,4.63634,3.67156,3.23317,3.93443,3.4384,3.41408,3.31309,4.42105]},"PREVALENCE_BY_MONTH":{"X_CALENDAR_MONTH":[201901,201902,201903,201904,201905,201906,201907,201908,201909,201910,201911,201912],"Y_PREVALENCE_1000PP":[0.33,0.32,0.27,0.36,0.22,0.41,0.31,0.31,0.32,0.34,0.21,0.32]},"CONDITIONS_BY_TYPE":{"CONCEPT_NAME":"Claim","COUNT_VALUE":501},"AGE_AT_FIRST_DIAGNOSIS":{"CATEGORY":["FEMALE","No matching concept","MALE"],"MIN_VALUE":[0,37,0],"P10_VALUE":[9,37,7],"P25_VALUE":[24,41,20],"MEDIAN_VALUE":[45,47,43],"P75_VALUE":[61,51,61],"P90_VALUE":[74,93,77],"MAX_VALUE":[99,93,99]}}
