{"PREVALENCE_BY_GENDER_AGE_YEAR":{"TRELLIS_NAME":["60-69","70-79","50-59","20-29","60-69","40-49","50-59","10-19","10-19","0-9","30-39","40-49","70-79"],"SERIES_NAME":["FEMALE","FEMALE","FEMALE","MALE","MALE","MALE","MALE","MALE","FEMALE","FEMALE","FEMALE","FEMALE","MALE"],"X_CALENDAR_YEAR":[2019,2019,2019,2019,2019,2019,2019,2019,2019,2019,2019,2019,2019],"Y_PREVALENCE_1000PP":[1.13464,1.66451,1.73863,1.00976,1.35344,1.46135,1.468,1.37741,1.31148,1.26316,1.9509,1.42959,1.14112]},"PREVALENCE_BY_MONTH":{"X_CALENDAR_MONTH":[201901,201903,201904,201905,201906,201907,201908,201909,201910,201911,201912],"Y_PREVALENCE_1000PP":[0.13,0.08,0.13,0.1,0.07,0.14,0.18,0.1,0.13,0.06,0.08]},"CONDITIONS_BY_TYPE":{"CONCEPT_NAME":"Claim","COUNT_VALUE":171},"AGE_AT_FIRST_DIAGNOSIS":{"CATEGORY":["FEMALE","MALE"],"MIN_VALUE":[1,2],"P10_VALUE":[12,14],"P25_VALUE":[30,29],"MEDIAN_VALUE":[47,50],"P75_VALUE":[62,65],"P90_VALUE":[76,77],"MAX_VALUE":[98,94]}}
