{"PREVALENCE_BY_GENDER_AGE_YEAR":{"TRELLIS_NAME":["70-79","80-89","50-59","90-99","40-49","60-69","30-39","20-29","0-9","70-79","90-99","10-19","60-69","80-89","20-29","0-9","50-59","40-49","10-19","30-39"],"SERIES_NAME":["FEMALE","FEMALE","FEMALE","FEMALE","FEMALE","FEMALE","FEMALE","FEMALE","FEMALE","MALE","MALE","FEMALE","MALE","MALE","MALE","MALE","MALE","MALE","MALE","MALE"],"X_CALENDAR_YEAR":[2019,2019,2019,2019,2019,2019,2019,2019,2019,2019,2019,2019,2019,2019,2019,2019,2019,2019,2019,2019],"Y_PREVALENCE_1000PP":[139.81875,128.60438,140.53897,138.81177,142.24446,143.15431,141.60299,137.51669,145.26316,144.92202,137.53582,133.98907,141.33797,135.83655,149.27634,137.19376,135.64298,136.92825,149.44904,139.55857]},"PREVALENCE_BY_MONTH":{"X_CALENDAR_MONTH":[201901,201902,201903,201904,201905,201906,201907,201908,201909,201910,201911,201912],"Y_PREVALENCE_1000PP":[14,10.67,11.42,14.5,11.89,11.57,14.83,11.37,11.41,14.38,11.48,11.8]},"CONDITIONS_BY_TYPE":{"CONCEPT_NAME":"Claim","COUNT_VALUE":20290},"AGE_AT_FIRST_DIAGNOSIS":{"CATEGORY":["MALE","FEMALE","No matching concept"],"MIN_VALUE":[0,0,0],"P10_VALUE":[11,10,10],"P25_VALUE":[24,25,26],"MEDIAN_VALUE":[44,44,44],"P75_VALUE":[63,62,62],"P90_VALUE":[77,76,75],"MAX_VALUE":[99,99,99]}}
