{"PREVALENCE_BY_GENDER_AGE_YEAR":{"TRELLIS_NAME":["70-79","90-99","60-69","50-59","80-89","0-9","70-79","10-19","20-29","30-39","90-99","40-49","20-29","0-9","60-69","30-39","50-59","40-49","10-19"],"SERIES_NAME":["FEMALE","FEMALE","FEMALE","FEMALE","MALE","FEMALE","MALE","FEMALE","FEMALE","FEMALE","MALE","FEMALE","MALE","MALE","MALE","MALE","MALE","MALE","MALE"],"X_CALENDAR_YEAR":[2019,2019,2019,2019,2019,2019,2019,2019,2019,2019,2019,2019,2019,2019,2019,2019,2019,2019,2019],"Y_PREVALENCE_1000PP":[8.33951,12.2631,5.70776,7.24323,12.70017,7.57257,7.02487,8.0892,9.99167,5.04722,11.96581,7.70878,6.74082,6.68747,6.34615,8.30368,7.18791,7.60568,6.18698]},"PREVALENCE_BY_MONTH":{"X_CALENDAR_MONTH":[201901,201902,201903,201904,201905,201906,201907,201908,201909,201910,201911,201912],"Y_PREVALENCE_1000PP":[0.67,0.51,0.64,0.71,0.62,0.53,0.89,0.56,0.54,0.7,0.45,0.62]},"CONDITIONS_BY_TYPE":{"CONCEPT_NAME":"Claim","COUNT_VALUE":4004},"AGE_AT_FIRST_DIAGNOSIS":{"CATEGORY":["FEMALE","No matching concept","MALE"],"MIN_VALUE":[0,7,0],"P10_VALUE":[10,16,12],"P25_VALUE":[23,23,28],"MEDIAN_VALUE":[43,25,46],"P75_VALUE":[63,36,66],"P90_VALUE":[77,63,83],"MAX_VALUE":[99,72,98]}}
