{"PREVALENCE_BY_GENDER_AGE_YEAR":{"TRELLIS_NAME":["60-69","70-79","80-89","90-99","50-59","40-49","30-39","20-29","60-69","0-9","10-19","90-99","70-79","80-89","50-59","0-9","40-49","10-19","20-29","30-39"],"SERIES_NAME":["FEMALE","FEMALE","FEMALE","FEMALE","FEMALE","FEMALE","FEMALE","FEMALE","MALE","FEMALE","FEMALE","MALE","MALE","MALE","MALE","MALE","MALE","MALE","MALE","MALE"],"X_CALENDAR_YEAR":[2019,2019,2019,2019,2019,2019,2019,2019,2019,2019,2019,2019,2019,2019,2019,2019,2019,2019,2019,2019],"Y_PREVALENCE_1000PP":[2.83661,2.0344,5.19031,3.33148,2.75283,1.14367,3.41408,3.33778,3.86698,3.15789,2.18579,4.58453,1.90186,4.41745,1.9084,2.22717,2.48429,2.52525,3.53416,2.88625]},"PREVALENCE_BY_MONTH":{"X_CALENDAR_MONTH":[201901,201902,201903,201904,201905,201906,201907,201908,201909,201910,201911,201912],"Y_PREVALENCE_1000PP":[0.32,0.25,0.15,0.26,0.24,0.15,0.17,0.17,0.23,0.37,0.16,0.28]},"CONDITIONS_BY_TYPE":{"CONCEPT_NAME":"Claim","COUNT_VALUE":382},"AGE_AT_FIRST_DIAGNOSIS":{"CATEGORY":["MALE","No matching concept","FEMALE"],"MIN_VALUE":[2,50,0],"P10_VALUE":[12,50,7],"P25_VALUE":[24,66,24],"MEDIAN_VALUE":[45,73,40],"P75_VALUE":[67,76,64],"P90_VALUE":[82,95,83],"MAX_VALUE":[99,95,96]}}
