{"PREVALENCE_BY_GENDER_AGE_YEAR":{"TRELLIS_NAME":["50-59","70-79","40-49","60-69","50-59","20-29","60-69","40-49","0-9","30-39","0-9","20-29","30-39","80-89","10-19","70-79"],"SERIES_NAME":["FEMALE","FEMALE","FEMALE","FEMALE","MALE","MALE","MALE","MALE","MALE","MALE","FEMALE","FEMALE","FEMALE","MALE","FEMALE","MALE"],"X_CALENDAR_YEAR":[2019,2019,2019,2019,2019,2019,2019,2019,2019,2019,2019,2019,2019,2019,2019,2019],"Y_PREVALENCE_1000PP":[1.15908,1.47956,1.28663,1.32375,1.1744,1.34635,1.74014,2.04589,1.78174,1.52801,1.26316,1.00134,1.46318,3.86527,1.96721,1.14112]},"PREVALENCE_BY_MONTH":{"X_CALENDAR_MONTH":[201901,201902,201903,201904,201905,201906,201907,201908,201909,201910,201911,201912],"Y_PREVALENCE_1000PP":[0.12,0.08,0.08,0.1,0.13,0.09,0.11,0.13,0.08,0.2,0.14,0.1]},"CONDITIONS_BY_TYPE":{"CONCEPT_NAME":"Claim","COUNT_VALUE":188},"AGE_AT_FIRST_DIAGNOSIS":{"CATEGORY":["MALE","FEMALE"],"MIN_VALUE":[0,4],"P10_VALUE":[9,10],"P25_VALUE":[28,20],"MEDIAN_VALUE":[47,41],"P75_VALUE":[64,60],"P90_VALUE":[83,71],"MAX_VALUE":[91,94]}}
