{"PREVALENCE_BY_GENDER_AGE_YEAR":{"TRELLIS_NAME":["50-59","30-39","20-29","60-69","10-19","40-49","0-9","20-29","70-79","90-99","10-19","30-39","0-9","70-79","50-59","60-69","40-49","90-99"],"SERIES_NAME":["MALE","MALE","MALE","MALE","MALE","MALE","MALE","FEMALE","MALE","MALE","FEMALE","FEMALE","FEMALE","FEMALE","FEMALE","FEMALE","FEMALE","FEMALE"],"X_CALENDAR_YEAR":[2019,2019,2019,2019,2019,2019,2019,2019,2019,2019,2019,2019,2019,2019,2019,2019,2019,2019],"Y_PREVALENCE_1000PP":[2.78715,3.72818,3.70745,4.80769,3.66636,2.92526,3.12082,1.99833,2.65806,3.4188,2.4049,3.09345,3.99663,4.07709,2.75243,3.04414,3.71163,4.45931]},"PREVALENCE_BY_MONTH":{"X_CALENDAR_MONTH":[201901,201902,201903,201904,201905,201906,201907,201908,201909,201910,201911,201912],"Y_PREVALENCE_1000PP":[0.31,0.23,0.31,0.34,0.21,0.2,0.31,0.25,0.18,0.33,0.26,0.31]},"CONDITIONS_BY_TYPE":{"CONCEPT_NAME":"Claim","COUNT_VALUE":1768},"AGE_AT_FIRST_DIAGNOSIS":{"CATEGORY":["MALE","FEMALE"],"MIN_VALUE":[0,0],"P10_VALUE":[11,7],"P25_VALUE":[25,25],"MEDIAN_VALUE":[45,45],"P75_VALUE":[64,65],"P90_VALUE":[76,79],"MAX_VALUE":[99,99]}}
