{"PREVALENCE_BY_GENDER_AGE_YEAR":{"TRELLIS_NAME":["40-49","30-39","20-29","70-79","80-89","10-19","80-89","50-59","70-79","60-69","10-19","50-59","30-39","40-49","60-69","0-9","20-29"],"SERIES_NAME":["FEMALE","FEMALE","FEMALE","MALE","MALE","FEMALE","FEMALE","FEMALE","FEMALE","FEMALE","MALE","MALE","MALE","MALE","MALE","MALE","MALE"],"X_CALENDAR_YEAR":[2019,2019,2019,2019,2019,2019,2019,2019,2019,2019,2019,2019,2019,2019,2019,2019,2019],"Y_PREVALENCE_1000PP":[0.99929,1.79095,1.49875,1.32903,4.41745,1.53039,4.61095,1.30378,2.22387,1.71233,2.29148,1.61361,3.72818,1.90142,2.5,1.78333,1.34816]},"PREVALENCE_BY_MONTH":{"X_CALENDAR_MONTH":[201901,201902,201903,201904,201905,201906,201907,201908,201909,201910,201911,201912],"Y_PREVALENCE_1000PP":[0.14,0.15,0.18,0.2,0.13,0.14,0.16,0.13,0.11,0.23,0.18,0.15]},"CONDITIONS_BY_TYPE":{"CONCEPT_NAME":"Claim","COUNT_VALUE":1044},"AGE_AT_FIRST_DIAGNOSIS":{"CATEGORY":["MALE","FEMALE"],"MIN_VALUE":[1,1],"P10_VALUE":[13,13],"P25_VALUE":[29,29],"MEDIAN_VALUE":[43,54],"P75_VALUE":[63,73],"P90_VALUE":[83,82],"MAX_VALUE":[97,98]}}
