{"PREVALENCE_BY_GENDER_AGE_YEAR":{"TRELLIS_NAME":["80-89","70-79","0-9","10-19","30-39","20-29","90-99","70-79","50-59","60-69","80-89","40-49","60-69","10-19","20-29","50-59","40-49","30-39","0-9"],"SERIES_NAME":["MALE","MALE","FEMALE","FEMALE","FEMALE","FEMALE","FEMALE","FEMALE","FEMALE","FEMALE","FEMALE","FEMALE","MALE","MALE","MALE","MALE","MALE","MALE","MALE"],"X_CALENDAR_YEAR":[2019,2019,2019,2019,2019,2019,2019,2019,2019,2019,2019,2019,2019,2019,2019,2019,2019,2019,2019],"Y_PREVALENCE_1000PP":[3.86527,6.26543,5.88978,6.77744,4.55878,4.49625,5.57414,6.11564,4.78053,5.32725,4.03458,6.13847,3.84615,5.49954,4.55005,4.10738,4.38789,3.72818,4.90415]},"PREVALENCE_BY_MONTH":{"X_CALENDAR_MONTH":[201901,201902,201903,201904,201905,201906,201907,201908,201909,201910,201911,201912],"Y_PREVALENCE_1000PP":[0.47,0.35,0.49,0.47,0.36,0.29,0.6,0.28,0.34,0.49,0.35,0.48]},"CONDITIONS_BY_TYPE":{"CONCEPT_NAME":"Claim","COUNT_VALUE":2724},"AGE_AT_FIRST_DIAGNOSIS":{"CATEGORY":["FEMALE","MALE","No matching concept"],"MIN_VALUE":[1,0,23],"P10_VALUE":[9,8,23],"P25_VALUE":[24,23,43],"MEDIAN_VALUE":[44,45,53],"P75_VALUE":[63,65,69],"P90_VALUE":[75,75,81],"MAX_VALUE":[97,99,81]}}
