{"PREVALENCE_BY_GENDER_AGE_YEAR":{"TRELLIS_NAME":["50-59","60-69","70-79","90-99","80-89","30-39","40-49","20-29","10-19","70-79","0-9","20-29","30-39","10-19","60-69","50-59","40-49","0-9"],"SERIES_NAME":["FEMALE","FEMALE","FEMALE","FEMALE","MALE","FEMALE","FEMALE","FEMALE","FEMALE","MALE","FEMALE","MALE","MALE","MALE","MALE","MALE","MALE","MALE"],"X_CALENDAR_YEAR":[2019,2019,2019,2019,2019,2019,2019,2019,2019,2019,2019,2019,2019,2019,2019,2019,2019,2019],"Y_PREVALENCE_1000PP":[3.76702,2.26929,4.80858,5.55247,4.41745,4.87726,4.28878,4.33912,4.80874,3.42335,2.10526,4.03904,3.39559,4.82094,4.06032,3.37639,2.04589,3.78619]},"PREVALENCE_BY_MONTH":{"X_CALENDAR_MONTH":[201901,201902,201903,201904,201905,201906,201907,201908,201909,201910,201911,201912],"Y_PREVALENCE_1000PP":[0.41,0.28,0.2,0.37,0.27,0.32,0.4,0.31,0.3,0.27,0.34,0.26]},"CONDITIONS_BY_TYPE":{"CONCEPT_NAME":"Claim","COUNT_VALUE":510},"AGE_AT_FIRST_DIAGNOSIS":{"CATEGORY":["No matching concept","FEMALE","MALE"],"MIN_VALUE":[4,0,0],"P10_VALUE":[4,13,10],"P25_VALUE":[20,27,20],"MEDIAN_VALUE":[42,42,42],"P75_VALUE":[77,60,64],"P90_VALUE":[92,77,77],"MAX_VALUE":[92,99,98]}}
