{"PREVALENCE_BY_GENDER_AGE_YEAR":{"TRELLIS_NAME":["30-39","80-89","70-79","0-9","10-19","20-29","40-49","60-69","20-29","0-9","30-39","50-59","10-19","60-69","90-99","40-49","50-59","70-79","80-89"],"SERIES_NAME":["FEMALE","MALE","MALE","FEMALE","FEMALE","FEMALE","MALE","MALE","MALE","MALE","MALE","MALE","MALE","FEMALE","FEMALE","FEMALE","FEMALE","FEMALE","FEMALE"],"X_CALENDAR_YEAR":[2019,2019,2019,2019,2019,2019,2019,2019,2019,2019,2019,2019,2019,2019,2019,2019,2019,2019,2019],"Y_PREVALENCE_1000PP":[4.72159,4.96963,3.03778,5.25873,4.15391,3.83014,5.41173,4.03846,4.04449,3.34374,5.42281,3.52061,3.89551,2.85388,7.80379,3.42612,3.76648,4.63306,4.61095]},"PREVALENCE_BY_MONTH":{"X_CALENDAR_MONTH":[201901,201902,201903,201904,201905,201906,201907,201908,201909,201910,201911,201912],"Y_PREVALENCE_1000PP":[0.45,0.31,0.31,0.32,0.4,0.23,0.43,0.3,0.26,0.44,0.3,0.4]},"CONDITIONS_BY_TYPE":{"CONCEPT_NAME":"Claim","COUNT_VALUE":2320},"AGE_AT_FIRST_DIAGNOSIS":{"CATEGORY":["MALE","FEMALE","No matching concept"],"MIN_VALUE":[1,0,33],"P10_VALUE":[12,8,33],"P25_VALUE":[27,23,35],"MEDIAN_VALUE":[42,44,58],"P75_VALUE":[60,68,81],"P90_VALUE":[75,81,87],"MAX_VALUE":[99,99,87]}}
