{"PREVALENCE_BY_GENDER_AGE_YEAR":{"TRELLIS_NAME":["40-49","10-19","20-29","0-9","70-79","30-39","40-49","0-9","10-19","60-69","50-59","30-39","20-29","90-99","60-69","70-79","50-59"],"SERIES_NAME":["FEMALE","FEMALE","FEMALE","FEMALE","MALE","FEMALE","MALE","MALE","MALE","MALE","MALE","MALE","MALE","FEMALE","FEMALE","FEMALE","FEMALE"],"X_CALENDAR_YEAR":[2019,2019,2019,2019,2019,2019,2019,2019,2019,2019,2019,2019,2019,2019,2019,2019,2019],"Y_PREVALENCE_1000PP":[1.85582,3.06078,2.16486,1.89314,1.89861,1.95376,1.1701,2.45207,2.29148,1.34615,1.61361,1.86409,1.85372,3.9019,2.28311,2.03855,2.4627]},"PREVALENCE_BY_MONTH":{"X_CALENDAR_MONTH":[201901,201902,201903,201904,201905,201906,201907,201908,201909,201910,201911,201912],"Y_PREVALENCE_1000PP":[0.18,0.18,0.15,0.19,0.2,0.16,0.17,0.12,0.18,0.18,0.13,0.16]},"CONDITIONS_BY_TYPE":{"CONCEPT_NAME":"Claim","COUNT_VALUE":1036},"AGE_AT_FIRST_DIAGNOSIS":{"CATEGORY":["MALE","FEMALE"],"MIN_VALUE":[1,1],"P10_VALUE":[5,13],"P25_VALUE":[19,23],"MEDIAN_VALUE":[38,46],"P75_VALUE":[60,64],"P90_VALUE":[75,79],"MAX_VALUE":[97,99]}}
