{"PREVALENCE_BY_GENDER_AGE_YEAR":{"TRELLIS_NAME":["70-79","30-39","60-69","20-29","0-9","50-59","70-79","40-49","20-29","40-49","30-39","50-59","10-19","0-9"],"SERIES_NAME":["MALE","FEMALE","MALE","FEMALE","FEMALE","FEMALE","FEMALE","FEMALE","MALE","MALE","MALE","MALE","MALE","MALE"],"X_CALENDAR_YEAR":[2019,2019,2019,2019,2019,2019,2019,2019,2019,2019,2019,2019,2019,2019],"Y_PREVALENCE_1000PP":[1.32903,1.46532,1.92308,2.16486,2.52419,1.59351,2.40919,0.99929,1.6852,1.60889,1.86409,1.02684,1.37489,1.33749]},"PREVALENCE_BY_MONTH":{"X_CALENDAR_MONTH":[201901,201902,201903,201904,201905,201906,201907,201908,201909,201910,201911,201912],"Y_PREVALENCE_1000PP":[0.14,0.07,0.18,0.14,0.14,0.12,0.15,0.13,0.09,0.18,0.13,0.07]},"CONDITIONS_BY_TYPE":{"CONCEPT_NAME":"Claim","COUNT_VALUE":836},"AGE_AT_FIRST_DIAGNOSIS":{"CATEGORY":["MALE","FEMALE"],"MIN_VALUE":[1,0],"P10_VALUE":[11,5],"P25_VALUE":[26,23],"MEDIAN_VALUE":[44,41],"P75_VALUE":[61,65],"P90_VALUE":[75,77],"MAX_VALUE":[97,96]}}
