{"PREVALENCE_BY_GENDER_AGE_YEAR":{"TRELLIS_NAME":["50-59","40-49","30-39","0-9","10-19","20-29","70-79","50-59","80-89","60-69","40-49","70-79","0-9","20-29","80-89","30-39","60-69","10-19"],"SERIES_NAME":["MALE","MALE","MALE","MALE","MALE","MALE","FEMALE","FEMALE","FEMALE","FEMALE","FEMALE","MALE","FEMALE","FEMALE","MALE","FEMALE","MALE","FEMALE"],"X_CALENDAR_YEAR":[2019,2019,2019,2019,2019,2019,2019,2019,2019,2019,2019,2019,2019,2019,2019,2019,2019,2019],"Y_PREVALENCE_1000PP":[3.08053,2.48647,3.05033,2.22916,3.20807,3.37041,2.96516,2.17297,4.03458,2.47336,2.28408,3.79723,3.36559,2.83097,3.86527,2.4422,2.30769,1.53039]},"PREVALENCE_BY_MONTH":{"X_CALENDAR_MONTH":[201901,201902,201903,201904,201905,201906,201907,201908,201909,201910,201911,201912],"Y_PREVALENCE_1000PP":[0.18,0.19,0.22,0.23,0.18,0.21,0.3,0.23,0.25,0.33,0.24,0.2]},"CONDITIONS_BY_TYPE":{"CONCEPT_NAME":"Claim","COUNT_VALUE":1440},"AGE_AT_FIRST_DIAGNOSIS":{"CATEGORY":["MALE","FEMALE"],"MIN_VALUE":[1,0],"P10_VALUE":[11,4],"P25_VALUE":[27,24],"MEDIAN_VALUE":[45,46],"P75_VALUE":[64,66],"P90_VALUE":[78,79],"MAX_VALUE":[99,98]}}
