{"PREVALENCE_BY_GENDER_AGE_YEAR":{"TRELLIS_NAME":["40-49","70-79","10-19","20-29","30-39","30-39","10-19","60-69","40-49","50-59","20-29","70-79","60-69","50-59"],"SERIES_NAME":["FEMALE","MALE","FEMALE","FEMALE","FEMALE","MALE","MALE","MALE","MALE","MALE","MALE","FEMALE","FEMALE","FEMALE"],"X_CALENDAR_YEAR":[2019,2019,2019,2019,2019,2019,2019,2019,2019,2019,2019,2019,2019,2019],"Y_PREVALENCE_1000PP":[3.71694,1.71168,2.84153,2.00267,1.62575,1.52801,2.29568,2.90023,3.06883,1.7616,3.53416,3.32902,1.70197,2.89771]},"PREVALENCE_BY_MONTH":{"X_CALENDAR_MONTH":[201901,201902,201903,201904,201905,201906,201907,201908,201909,201910,201911,201912],"Y_PREVALENCE_1000PP":[0.29,0.1,0.17,0.28,0.2,0.14,0.18,0.17,0.12,0.29,0.16,0.19]},"CONDITIONS_BY_TYPE":{"CONCEPT_NAME":"Claim","COUNT_VALUE":291},"AGE_AT_FIRST_DIAGNOSIS":{"CATEGORY":["MALE","FEMALE"],"MIN_VALUE":[0,3],"P10_VALUE":[17,15],"P25_VALUE":[25,30],"MEDIAN_VALUE":[45,47],"P75_VALUE":[62,61],"P90_VALUE":[77,76],"MAX_VALUE":[94,98]}}
