{"PREVALENCE_BY_GENDER_AGE_YEAR":{"TRELLIS_NAME":["50-59","40-49","70-79","60-69","50-59","30-39","0-9","20-29","40-49","0-9","60-69","10-19","30-39"],"SERIES_NAME":["FEMALE","FEMALE","FEMALE","FEMALE","MALE","MALE","MALE","MALE","MALE","FEMALE","MALE","FEMALE","FEMALE"],"X_CALENDAR_YEAR":[2019,2019,2019,2019,2019,2019,2019,2019,2019,2019,2019,2019,2019],"Y_PREVALENCE_1000PP":[1.30397,2.43031,1.29462,1.51286,1.1744,1.69779,2.00445,1.51464,1.16908,1.68421,1.74014,1.53005,1.3006]},"PREVALENCE_BY_MONTH":{"X_CALENDAR_MONTH":[201901,201902,201903,201904,201905,201906,201907,201908,201909,201910,201911,201912],"Y_PREVALENCE_1000PP":[0.11,0.09,0.08,0.12,0.13,0.1,0.13,0.11,0.15,0.16,0.1,0.12]},"CONDITIONS_BY_TYPE":{"CONCEPT_NAME":"Claim","COUNT_VALUE":186},"AGE_AT_FIRST_DIAGNOSIS":{"CATEGORY":["FEMALE","MALE"],"MIN_VALUE":[0,1],"P10_VALUE":[9,7],"P25_VALUE":[22,24],"MEDIAN_VALUE":[45,37],"P75_VALUE":[61,58],"P90_VALUE":[73,70],"MAX_VALUE":[99,91]}}
