{"PREVALENCE_BY_GENDER_AGE_YEAR":{"TRELLIS_NAME":["50-59","30-39","0-9","10-19","20-29","40-49","70-79","60-69","0-9","30-39","20-29","10-19","70-79","40-49","50-59","60-69"],"SERIES_NAME":["MALE","MALE","MALE","MALE","MALE","MALE","MALE","MALE","FEMALE","FEMALE","FEMALE","FEMALE","FEMALE","FEMALE","FEMALE","FEMALE"],"X_CALENDAR_YEAR":[2019,2019,2019,2019,2019,2019,2019,2019,2019,2019,2019,2019,2019,2019,2019,2019],"Y_PREVALENCE_1000PP":[2.20038,2.03355,2.22916,2.06233,1.51668,1.60889,1.32903,1.53846,1.89314,1.95376,3.16403,2.18627,3.52113,2.14133,3.47675,2.28311]},"PREVALENCE_BY_MONTH":{"X_CALENDAR_MONTH":[201901,201902,201903,201904,201905,201906,201907,201908,201909,201910,201911,201912],"Y_PREVALENCE_1000PP":[0.22,0.14,0.23,0.18,0.21,0.13,0.19,0.16,0.16,0.16,0.23,0.17]},"CONDITIONS_BY_TYPE":{"CONCEPT_NAME":"Claim","COUNT_VALUE":1200},"AGE_AT_FIRST_DIAGNOSIS":{"CATEGORY":["MALE","FEMALE"],"MIN_VALUE":[2,0],"P10_VALUE":[8,14],"P25_VALUE":[22,27],"MEDIAN_VALUE":[42,46],"P75_VALUE":[59,63],"P90_VALUE":[75,78],"MAX_VALUE":[99,96]}}
