{"PREVALENCE_BY_GENDER_AGE_YEAR":{"TRELLIS_NAME":["0-9","70-79","30-39","20-29","10-19","80-89","50-59","40-49","70-79","60-69","90-99","20-29","60-69","10-19","40-49","50-59","30-39","0-9"],"SERIES_NAME":["FEMALE","MALE","FEMALE","FEMALE","FEMALE","MALE","FEMALE","FEMALE","FEMALE","FEMALE","FEMALE","MALE","MALE","MALE","MALE","MALE","MALE","MALE"],"X_CALENDAR_YEAR":[2019,2019,2019,2019,2019,2019,2019,2019,2019,2019,2019,2019,2019,2019,2019,2019,2019,2019],"Y_PREVALENCE_1000PP":[2.73684,2.66261,1.9509,3.17089,2.18579,3.31309,1.59374,2.28735,2.40429,3.21483,4.44198,3.02928,2.32019,2.98439,2.19202,1.6148,1.86757,3.11804]},"PREVALENCE_BY_MONTH":{"X_CALENDAR_MONTH":[201901,201902,201903,201904,201905,201906,201907,201908,201909,201910,201911,201912],"Y_PREVALENCE_1000PP":[0.26,0.2,0.23,0.25,0.14,0.13,0.18,0.21,0.25,0.33,0.14,0.13]},"CONDITIONS_BY_TYPE":{"CONCEPT_NAME":"Claim","COUNT_VALUE":332},"AGE_AT_FIRST_DIAGNOSIS":{"CATEGORY":["MALE","FEMALE"],"MIN_VALUE":[1,0],"P10_VALUE":[7,9],"P25_VALUE":[21,22],"MEDIAN_VALUE":[41,45],"P75_VALUE":[67,65],"P90_VALUE":[79,77],"MAX_VALUE":[99,97]}}
