{"PREVALENCE_BY_GENDER_AGE_YEAR":{"TRELLIS_NAME":["0-9","10-19","20-29","50-59","30-39","40-49","80-89","60-69","70-79","90-99","40-49","50-59","60-69","0-9","20-29","30-39","70-79","10-19","90-99"],"SERIES_NAME":["MALE","MALE","MALE","MALE","MALE","MALE","FEMALE","FEMALE","FEMALE","FEMALE","FEMALE","FEMALE","MALE","FEMALE","FEMALE","FEMALE","MALE","FEMALE","MALE"],"X_CALENDAR_YEAR":[2019,2019,2019,2019,2019,2019,2019,2019,2019,2019,2019,2019,2019,2019,2019,2019,2019,2019,2019],"Y_PREVALENCE_1000PP":[3.56347,3.90266,4.54392,5.13799,3.56537,3.7995,4.61361,3.78215,3.88385,3.88673,3.1451,4.0568,3.09358,3.57895,3.33778,3.57665,4.75466,2.84153,4.01146]},"PREVALENCE_BY_MONTH":{"X_CALENDAR_MONTH":[201901,201902,201903,201904,201905,201906,201907,201908,201909,201910,201911,201912],"Y_PREVALENCE_1000PP":[0.43,0.3,0.28,0.46,0.3,0.24,0.31,0.34,0.31,0.33,0.16,0.34]},"CONDITIONS_BY_TYPE":{"CONCEPT_NAME":"Claim","COUNT_VALUE":507},"AGE_AT_FIRST_DIAGNOSIS":{"CATEGORY":["No matching concept","FEMALE","MALE"],"MIN_VALUE":[9,0,0],"P10_VALUE":[9,10,13],"P25_VALUE":[39,27,24],"MEDIAN_VALUE":[51,48,45],"P75_VALUE":[62,65,61],"P90_VALUE":[79,77,74],"MAX_VALUE":[79,99,98]}}
