{"PREVALENCE_BY_GENDER_AGE_YEAR":{"TRELLIS_NAME":["60-69","70-79","50-59","20-29","50-59","60-69","30-39","40-49","0-9","20-29","30-39","70-79","10-19","40-49"],"SERIES_NAME":["FEMALE","FEMALE","FEMALE","MALE","MALE","MALE","MALE","MALE","FEMALE","FEMALE","FEMALE","MALE","FEMALE","FEMALE"],"X_CALENDAR_YEAR":[2019,2019,2019,2019,2019,2019,2019,2019,2019,2019,2019,2019,2019,2019],"Y_PREVALENCE_1000PP":[1.70197,1.66451,1.88351,1.85123,1.9084,1.74014,1.69779,2.48429,1.47368,2.67023,1.78833,2.28224,1.53005,1.57255]},"PREVALENCE_BY_MONTH":{"X_CALENDAR_MONTH":[201901,201902,201903,201904,201905,201906,201907,201908,201909,201910,201911,201912],"Y_PREVALENCE_1000PP":[0.21,0.18,0.14,0.12,0.19,0.09,0.18,0.11,0.08,0.25,0.1,0.15]},"CONDITIONS_BY_TYPE":{"CONCEPT_NAME":"Claim","COUNT_VALUE":236},"AGE_AT_FIRST_DIAGNOSIS":{"CATEGORY":["FEMALE","MALE"],"MIN_VALUE":[1,7],"P10_VALUE":[10,21],"P25_VALUE":[26,32],"MEDIAN_VALUE":[44,48],"P75_VALUE":[61,66],"P90_VALUE":[76,76],"MAX_VALUE":[99,95]}}
