{"PREVALENCE_BY_GENDER_AGE_YEAR":{"TRELLIS_NAME":["60-69","50-59","70-79","20-29","50-59","40-49","30-39","0-9","20-29","40-49","10-19","30-39","70-79"],"SERIES_NAME":["FEMALE","FEMALE","FEMALE","MALE","MALE","MALE","MALE","MALE","FEMALE","FEMALE","FEMALE","FEMALE","MALE"],"X_CALENDAR_YEAR":[2019,2019,2019,2019,2019,2019,2019,2019,2019,2019,2019,2019,2019],"Y_PREVALENCE_1000PP":[2.26929,1.44886,2.40429,2.5244,1.0276,0.87681,3.22581,1.78174,1.502,1.85847,1.53005,1.9509,1.71168]},"PREVALENCE_BY_MONTH":{"X_CALENDAR_MONTH":[201901,201902,201903,201904,201905,201906,201907,201908,201909,201910,201911,201912],"Y_PREVALENCE_1000PP":[0.11,0.14,0.15,0.16,0.12,0.1,0.17,0.13,0.08,0.2,0.16,0.16]},"CONDITIONS_BY_TYPE":{"CONCEPT_NAME":"Claim","COUNT_VALUE":231},"AGE_AT_FIRST_DIAGNOSIS":{"CATEGORY":["FEMALE","MALE"],"MIN_VALUE":[0,1],"P10_VALUE":[12,9],"P25_VALUE":[32,24],"MEDIAN_VALUE":[48,36],"P75_VALUE":[67,63],"P90_VALUE":[78,79],"MAX_VALUE":[99,99]}}
