{"PREVALENCE_BY_GENDER_AGE_YEAR":{"TRELLIS_NAME":["60-69","70-79","40-49","50-59","40-49","60-69","30-39","50-59","90-99","10-19","80-89","30-39","0-9","20-29","70-79"],"SERIES_NAME":["FEMALE","FEMALE","FEMALE","FEMALE","MALE","MALE","MALE","MALE","MALE","FEMALE","MALE","FEMALE","FEMALE","FEMALE","MALE"],"X_CALENDAR_YEAR":[2019,2019,2019,2019,2019,2019,2019,2019,2019,2019,2019,2019,2019,2019,2019],"Y_PREVALENCE_1000PP":[1.51286,1.29462,1.14367,2.46305,1.16908,2.70688,1.69779,1.3212,3.4384,2.18579,3.31309,1.78833,1.47368,1.66889,1.3313]},"PREVALENCE_BY_MONTH":{"X_CALENDAR_MONTH":[201901,201902,201903,201904,201905,201906,201907,201908,201909,201910,201911,201912],"Y_PREVALENCE_1000PP":[0.15,0.1,0.15,0.17,0.15,0.14,0.16,0.11,0.1,0.15,0.1,0.07]},"CONDITIONS_BY_TYPE":{"CONCEPT_NAME":"Claim","COUNT_VALUE":208},"AGE_AT_FIRST_DIAGNOSIS":{"CATEGORY":["FEMALE","MALE"],"MIN_VALUE":[0,2],"P10_VALUE":[11,22],"P25_VALUE":[22,37],"MEDIAN_VALUE":[47,59],"P75_VALUE":[58,72],"P90_VALUE":[77,89],"MAX_VALUE":[94,99]}}
