{"PREVALENCE_BY_GENDER_AGE_YEAR":{"TRELLIS_NAME":["80-89","70-79","0-9","30-39","40-49","90-99","20-29","10-19","0-9","30-39","10-19","20-29","60-69","40-49","50-59","80-89","70-79","90-99","50-59","60-69"],"SERIES_NAME":["MALE","MALE","FEMALE","FEMALE","FEMALE","MALE","FEMALE","FEMALE","MALE","MALE","MALE","MALE","MALE","MALE","MALE","FEMALE","FEMALE","FEMALE","FEMALE","FEMALE"],"X_CALENDAR_YEAR":[2019,2019,2019,2019,2019,2019,2019,2019,2019,2019,2019,2019,2019,2019,2019,2019,2019,2019,2019,2019],"Y_PREVALENCE_1000PP":[3.31309,3.60737,6.52082,4.55878,5.56745,3.9886,4.66278,3.71666,3.78957,5.42281,2.52062,4.38153,3.84615,5.55799,2.78715,4.61095,4.07709,6.68896,4.63567,3.99543]},"PREVALENCE_BY_MONTH":{"X_CALENDAR_MONTH":[201901,201902,201903,201904,201905,201906,201907,201908,201909,201910,201911,201912],"Y_PREVALENCE_1000PP":[0.4,0.31,0.32,0.36,0.35,0.32,0.43,0.35,0.41,0.4,0.35,0.4]},"CONDITIONS_BY_TYPE":{"CONCEPT_NAME":"Claim","COUNT_VALUE":2352},"AGE_AT_FIRST_DIAGNOSIS":{"CATEGORY":["FEMALE","No matching concept","MALE"],"MIN_VALUE":[0,38,0],"P10_VALUE":[7,38,10],"P25_VALUE":[25,45,25],"MEDIAN_VALUE":[45,73,42],"P75_VALUE":[61,74,63],"P90_VALUE":[77,78,76],"MAX_VALUE":[98,78,99]}}
