{"PREVALENCE_BY_GENDER_AGE_YEAR":{"TRELLIS_NAME":["40-49","70-79","0-9","30-39","50-59","70-79","20-29","50-59","0-9","60-69"],"SERIES_NAME":["FEMALE","MALE","FEMALE","FEMALE","FEMALE","FEMALE","MALE","MALE","MALE","MALE"],"X_CALENDAR_YEAR":[2019,2019,2019,2019,2019,2019,2019,2019,2019,2019],"Y_PREVALENCE_1000PP":[0.85776,1.3313,1.89474,1.3006,1.44886,1.47956,1.68294,1.468,1.3363,1.35344]},"PREVALENCE_BY_MONTH":{"X_CALENDAR_MONTH":[201901,201902,201904,201905,201906,201907,201908,201909,201910,201911,201912],"Y_PREVALENCE_1000PP":[0.1,0.1,0.14,0.07,0.12,0.09,0.11,0.07,0.1,0.07,0.09]},"CONDITIONS_BY_TYPE":{"CONCEPT_NAME":"Claim","COUNT_VALUE":156},"AGE_AT_FIRST_DIAGNOSIS":{"CATEGORY":["FEMALE","MALE"],"MIN_VALUE":[1,1],"P10_VALUE":[8,8],"P25_VALUE":[20,23],"MEDIAN_VALUE":[44,51],"P75_VALUE":[57,66],"P90_VALUE":[74,79],"MAX_VALUE":[90,99]}}
