{"PREVALENCE_BY_GENDER_AGE_YEAR":{"TRELLIS_NAME":["50-59","0-9","40-49","20-29","30-39","10-19","60-69","90-99","80-89","70-79","50-59","40-49","10-19","20-29","70-79","60-69","90-99","80-89","0-9","30-39"],"SERIES_NAME":["MALE","MALE","MALE","MALE","MALE","MALE","FEMALE","FEMALE","FEMALE","FEMALE","FEMALE","FEMALE","FEMALE","FEMALE","MALE","MALE","MALE","MALE","FEMALE","FEMALE"],"X_CALENDAR_YEAR":[2019,2019,2019,2019,2019,2019,2019,2019,2019,2019,2019,2019,2019,2019,2019,2019,2019,2019,2019,2019],"Y_PREVALENCE_1000PP":[4.54745,2.8979,4.38789,4.38153,6.10066,5.04125,5.13699,3.9019,4.03458,4.44774,5.07026,5.56745,6.12156,3.16403,2.84792,4.42308,3.4188,8.28272,4.62768,4.39596]},"PREVALENCE_BY_MONTH":{"X_CALENDAR_MONTH":[201901,201902,201903,201904,201905,201906,201907,201908,201909,201910,201911,201912],"Y_PREVALENCE_1000PP":[0.47,0.35,0.3,0.4,0.41,0.47,0.43,0.31,0.31,0.41,0.41,0.34]},"CONDITIONS_BY_TYPE":{"CONCEPT_NAME":"Claim","COUNT_VALUE":2464},"AGE_AT_FIRST_DIAGNOSIS":{"CATEGORY":["FEMALE","MALE","No matching concept"],"MIN_VALUE":[0,0,3],"P10_VALUE":[11,13,3],"P25_VALUE":[24,28,37],"MEDIAN_VALUE":[45,44,50],"P75_VALUE":[62,62,61],"P90_VALUE":[77,79,69],"MAX_VALUE":[99,99,69]}}
