{"PREVALENCE_BY_GENDER_AGE_YEAR":{"TRELLIS_NAME":["10-19","60-69","0-9","30-39","50-59","20-29","40-49","30-39","90-99","0-9","10-19","40-49","80-89","70-79","20-29","50-59","80-89","90-99","60-69","70-79"],"SERIES_NAME":["MALE","MALE","MALE","MALE","MALE","MALE","MALE","FEMALE","MALE","FEMALE","FEMALE","FEMALE","MALE","MALE","FEMALE","FEMALE","FEMALE","FEMALE","FEMALE","FEMALE"],"X_CALENDAR_YEAR":[2019,2019,2019,2019,2019,2019,2019,2019,2019,2019,2019,2019,2019,2019,2019,2019,2019,2019,2019,2019],"Y_PREVALENCE_1000PP":[13.54454,10.82753,14.03118,15.11036,15.70757,13.46348,13.73667,16.42009,10.31519,12.63158,16.61202,16.01144,17.11761,14.64435,16.02136,15.21298,13.84083,13.88118,16.07413,14.2408]},"PREVALENCE_BY_MONTH":{"X_CALENDAR_MONTH":[201901,201902,201903,201904,201905,201906,201907,201908,201909,201910,201911,201912],"Y_PREVALENCE_1000PP":[1.47,1.26,1.11,1.41,1.05,1.15,1.43,0.92,1.08,1.62,1.03,1.15]},"CONDITIONS_BY_TYPE":{"CONCEPT_NAME":"Claim","COUNT_VALUE":1981},"AGE_AT_FIRST_DIAGNOSIS":{"CATEGORY":["No matching concept","FEMALE","MALE"],"MIN_VALUE":[3,0,0],"P10_VALUE":[22,12,10],"P25_VALUE":[25,25,25],"MEDIAN_VALUE":[39,44,45],"P75_VALUE":[62,62,62],"P90_VALUE":[78,76,76],"MAX_VALUE":[82,99,99]}}
