{"PREVALENCE_BY_GENDER_AGE_YEAR":{"TRELLIS_NAME":["50-59","60-69","40-49","70-79","70-79","10-19","20-29","0-9","30-39","60-69","50-59","40-49","0-9","30-39","10-19"],"SERIES_NAME":["FEMALE","FEMALE","FEMALE","FEMALE","MALE","FEMALE","FEMALE","FEMALE","FEMALE","MALE","MALE","MALE","MALE","MALE","MALE"],"X_CALENDAR_YEAR":[2019,2019,2019,2019,2019,2019,2019,2019,2019,2019,2019,2019,2019,2019,2019],"Y_PREVALENCE_1000PP":[1.30397,1.51286,0.85776,1.10967,1.3313,2.18579,1.502,1.47368,1.9509,1.93349,1.3212,1.31521,2.44989,1.69779,1.60698]},"PREVALENCE_BY_MONTH":{"X_CALENDAR_MONTH":[201901,201902,201903,201904,201905,201906,201907,201908,201909,201910,201911,201912],"Y_PREVALENCE_1000PP":[0.17,0.11,0.16,0.1,0.14,0.07,0.07,0.07,0.18,0.19,0.16,0.09]},"CONDITIONS_BY_TYPE":{"CONCEPT_NAME":"Claim","COUNT_VALUE":201},"AGE_AT_FIRST_DIAGNOSIS":{"CATEGORY":["FEMALE","MALE"],"MIN_VALUE":[1,0],"P10_VALUE":[10,4],"P25_VALUE":[21,20],"MEDIAN_VALUE":[39,44],"P75_VALUE":[61,64],"P90_VALUE":[75,77],"MAX_VALUE":[97,99]}}
