{"PREVALENCE_BY_GENDER_AGE_YEAR":{"TRELLIS_NAME":["10-19","0-9","20-29","70-79","30-39","40-49","90-99","50-59","60-69","80-89","70-79","20-29","0-9","60-69","10-19","50-59","30-39","40-49"],"SERIES_NAME":["FEMALE","FEMALE","FEMALE","MALE","FEMALE","FEMALE","FEMALE","FEMALE","FEMALE","FEMALE","FEMALE","MALE","MALE","MALE","MALE","MALE","MALE","MALE"],"X_CALENDAR_YEAR":[2019,2019,2019,2019,2019,2019,2019,2019,2019,2019,2019,2019,2019,2019,2019,2019,2019,2019],"Y_PREVALENCE_1000PP":[2.18579,1.68421,2.50334,2.47242,1.78833,1.57255,3.88673,1.73863,3.02572,4.61361,2.0344,2.5244,1.78174,1.35344,2.29568,1.9084,1.86757,2.04589]},"PREVALENCE_BY_MONTH":{"X_CALENDAR_MONTH":[201901,201902,201903,201904,201905,201906,201907,201908,201909,201910,201911,201912],"Y_PREVALENCE_1000PP":[0.18,0.13,0.22,0.2,0.18,0.15,0.18,0.27,0.17,0.16,0.14,0.11]},"CONDITIONS_BY_TYPE":{"CONCEPT_NAME":"Claim","COUNT_VALUE":282},"AGE_AT_FIRST_DIAGNOSIS":{"CATEGORY":["MALE","FEMALE"],"MIN_VALUE":[2,0],"P10_VALUE":[10,13],"P25_VALUE":[24,23],"MEDIAN_VALUE":[43,49],"P75_VALUE":[61,68],"P90_VALUE":[77,84],"MAX_VALUE":[95,99]}}
