{"PREVALENCE_BY_GENDER_AGE_YEAR":{"TRELLIS_NAME":["20-29","60-69","30-39","50-59","10-19","0-9","40-49","50-59","90-99","60-69","70-79","70-79","0-9","30-39","80-89","10-19","20-29","40-49"],"SERIES_NAME":["MALE","MALE","MALE","MALE","MALE","MALE","MALE","FEMALE","FEMALE","FEMALE","FEMALE","MALE","FEMALE","FEMALE","MALE","FEMALE","FEMALE","FEMALE"],"X_CALENDAR_YEAR":[2019,2019,2019,2019,2019,2019,2019,2019,2019,2019,2019,2019,2019,2019,2019,2019,2019,2019],"Y_PREVALENCE_1000PP":[3.19758,3.67363,3.05603,2.936,3.44353,1.78174,2.19202,2.31817,3.88673,3.59304,2.58924,4.1841,4,2.76378,5.52181,3.27869,2.67023,3.57398]},"PREVALENCE_BY_MONTH":{"X_CALENDAR_MONTH":[201901,201902,201903,201904,201905,201906,201907,201908,201909,201910,201911,201912],"Y_PREVALENCE_1000PP":[0.34,0.16,0.21,0.2,0.28,0.26,0.32,0.26,0.21,0.37,0.21,0.24]},"CONDITIONS_BY_TYPE":{"CONCEPT_NAME":"Claim","COUNT_VALUE":409},"AGE_AT_FIRST_DIAGNOSIS":{"CATEGORY":["FEMALE","MALE","No matching concept"],"MIN_VALUE":[0,0,34],"P10_VALUE":[6,13,34],"P25_VALUE":[22,26,60],"MEDIAN_VALUE":[44,49,78],"P75_VALUE":[64,68,87],"P90_VALUE":[76,78,91],"MAX_VALUE":[99,97,91]}}
