{"PREVALENCE_BY_GENDER_AGE_YEAR":{"TRELLIS_NAME":["10-19","70-79","20-29","40-49","0-9","30-39","50-59","0-9","60-69","20-29","10-19","40-49","30-39","50-59","70-79","90-99","60-69","80-89"],"SERIES_NAME":["FEMALE","MALE","FEMALE","FEMALE","FEMALE","FEMALE","MALE","MALE","MALE","MALE","MALE","MALE","MALE","FEMALE","FEMALE","FEMALE","FEMALE","FEMALE"],"X_CALENDAR_YEAR":[2019,2019,2019,2019,2019,2019,2019,2019,2019,2019,2019,2019,2019,2019,2019,2019,2019,2019],"Y_PREVALENCE_1000PP":[1.31148,2.28224,2.00267,2.43031,3.15789,3.57665,2.4956,2.67261,2.70688,2.86099,3.44353,2.63043,3.73514,3.18748,2.0344,4.44198,2.26929,4.61361]},"PREVALENCE_BY_MONTH":{"X_CALENDAR_MONTH":[201901,201902,201903,201904,201905,201906,201907,201908,201909,201910,201911,201912],"Y_PREVALENCE_1000PP":[0.31,0.27,0.26,0.24,0.23,0.14,0.22,0.26,0.12,0.35,0.14,0.18]},"CONDITIONS_BY_TYPE":{"CONCEPT_NAME":"Claim","COUNT_VALUE":373},"AGE_AT_FIRST_DIAGNOSIS":{"CATEGORY":["No matching concept","MALE","FEMALE"],"MIN_VALUE":[2,0,0],"P10_VALUE":[2,10,8],"P25_VALUE":[32,24,30],"MEDIAN_VALUE":[36,40,44],"P75_VALUE":[44,58,65],"P90_VALUE":[52,73,81],"MAX_VALUE":[52,94,98]}}
