{"PREVALENCE_BY_GENDER_AGE_YEAR":{"TRELLIS_NAME":["60-69","40-49","70-79","50-59","0-9","60-69","70-79","30-39","20-29","10-19","90-99","30-39","50-59","40-49","20-29","0-9","10-19"],"SERIES_NAME":["FEMALE","FEMALE","FEMALE","FEMALE","FEMALE","MALE","MALE","FEMALE","FEMALE","FEMALE","MALE","MALE","MALE","MALE","MALE","MALE","MALE"],"X_CALENDAR_YEAR":[2019,2019,2019,2019,2019,2019,2019,2019,2019,2019,2019,2019,2019,2019,2019,2019,2019],"Y_PREVALENCE_1000PP":[2.85388,1.85582,2.22387,1.73837,1.2621,2.30769,2.84792,1.79095,1.33222,1.74902,3.9886,1.3557,2.64046,2.92526,2.35929,2.00624,2.97892]},"PREVALENCE_BY_MONTH":{"X_CALENDAR_MONTH":[201901,201902,201903,201904,201905,201906,201907,201908,201909,201910,201911,201912],"Y_PREVALENCE_1000PP":[0.19,0.11,0.17,0.23,0.18,0.13,0.24,0.23,0.23,0.14,0.16,0.16]},"CONDITIONS_BY_TYPE":{"CONCEPT_NAME":"Claim","COUNT_VALUE":1164},"AGE_AT_FIRST_DIAGNOSIS":{"CATEGORY":["FEMALE","MALE","No matching concept"],"MIN_VALUE":[1,1,9],"P10_VALUE":[10,13,9],"P25_VALUE":[30,24,17],"MEDIAN_VALUE":[48,48,42],"P75_VALUE":[65,67,77],"P90_VALUE":[74,78,80],"MAX_VALUE":[98,97,80]}}
