{"PREVALENCE_BY_GENDER_AGE_YEAR":{"TRELLIS_NAME":["50-59","70-79","20-29","30-39","40-49","20-29","50-59","60-69","40-49"],"SERIES_NAME":["FEMALE","FEMALE","FEMALE","FEMALE","FEMALE","MALE","MALE","MALE","MALE"],"X_CALENDAR_YEAR":[2019,2019,2019,2019,2019,2019,2019,2019,2019],"Y_PREVALENCE_1000PP":[0.86931,1.10967,1.16822,0.97545,1.00071,1.34635,1.3212,1.16009,1.02294]},"PREVALENCE_BY_MONTH":{"X_CALENDAR_MONTH":[201901,201902,201905,201906,201907,201908,201909,201911,201912],"Y_PREVALENCE_1000PP":[0.11,0.07,0.07,0.08,0.11,0.13,0.1,0.08,0.08]},"CONDITIONS_BY_TYPE":{"CONCEPT_NAME":"Claim","COUNT_VALUE":127},"AGE_AT_FIRST_DIAGNOSIS":{"CATEGORY":["FEMALE","MALE"],"MIN_VALUE":[2,4],"P10_VALUE":[13,19],"P25_VALUE":[25,25],"MEDIAN_VALUE":[41,43],"P75_VALUE":[59,58],"P90_VALUE":[82,71],"MAX_VALUE":[98,91]}}
