{"PREVALENCE_BY_GENDER_AGE_YEAR":{"TRELLIS_NAME":["90-99","0-9","70-79","20-29","40-49","10-19","30-39","50-59","70-79","60-69","20-29","40-49","60-69","50-59","10-19","0-9","30-39"],"SERIES_NAME":["MALE","FEMALE","MALE","FEMALE","FEMALE","FEMALE","FEMALE","FEMALE","FEMALE","FEMALE","MALE","MALE","MALE","MALE","MALE","MALE","MALE"],"X_CALENDAR_YEAR":[2019,2019,2019,2019,2019,2019,2019,2019,2019,2019,2019,2019,2019,2019,2019,2019,2019],"Y_PREVALENCE_1000PP":[3.4384,3.36842,3.04298,2.33645,1.71551,3.06011,1.9509,2.60794,2.40429,1.89107,1.68294,2.04589,1.93349,1.9084,1.60698,1.55902,2.03735]},"PREVALENCE_BY_MONTH":{"X_CALENDAR_MONTH":[201901,201902,201903,201904,201905,201906,201907,201908,201909,201910,201911,201912],"Y_PREVALENCE_1000PP":[0.22,0.14,0.19,0.26,0.17,0.17,0.15,0.22,0.14,0.24,0.19,0.11]},"CONDITIONS_BY_TYPE":{"CONCEPT_NAME":"Claim","COUNT_VALUE":282},"AGE_AT_FIRST_DIAGNOSIS":{"CATEGORY":["No matching concept","FEMALE","MALE"],"MIN_VALUE":[21,1,2],"P10_VALUE":[21,9,12],"P25_VALUE":[35,19,30],"MEDIAN_VALUE":[36,41,49],"P75_VALUE":[56,61,70],"P90_VALUE":[72,75,79],"MAX_VALUE":[72,99,98]}}
