{"PREVALENCE_BY_GENDER_AGE_YEAR":{"TRELLIS_NAME":["20-29","40-49","0-9","10-19","30-39","50-59","0-9","20-29","60-69","70-79","30-39","10-19","50-59","70-79","60-69","40-49"],"SERIES_NAME":["MALE","MALE","MALE","MALE","MALE","MALE","FEMALE","FEMALE","MALE","MALE","FEMALE","FEMALE","FEMALE","FEMALE","FEMALE","FEMALE"],"X_CALENDAR_YEAR":[2019,2019,2019,2019,2019,2019,2019,2019,2019,2019,2019,2019,2019,2019,2019,2019],"Y_PREVALENCE_1000PP":[2.52781,1.90142,3.78957,2.52062,3.21979,2.64046,3.78629,2.16486,3.65385,2.4682,3.41908,1.96764,2.89729,1.6679,3.61492,3.28337]},"PREVALENCE_BY_MONTH":{"X_CALENDAR_MONTH":[201901,201902,201903,201904,201905,201906,201907,201908,201909,201910,201911,201912],"Y_PREVALENCE_1000PP":[0.21,0.15,0.2,0.26,0.21,0.22,0.25,0.26,0.32,0.26,0.17,0.22]},"CONDITIONS_BY_TYPE":{"CONCEPT_NAME":"Claim","COUNT_VALUE":1444},"AGE_AT_FIRST_DIAGNOSIS":{"CATEGORY":["FEMALE","MALE"],"MIN_VALUE":[0,0],"P10_VALUE":[8,7],"P25_VALUE":[24,22],"MEDIAN_VALUE":[43,43],"P75_VALUE":[60,62],"P90_VALUE":[75,75],"MAX_VALUE":[97,94]}}
