{"PREVALENCE_BY_GENDER_AGE_YEAR":{"TRELLIS_NAME":["70-79","40-49","50-59","60-69","30-39","90-99","0-9","20-29","70-79","60-69","50-59","10-19","20-29","30-39"],"SERIES_NAME":["FEMALE","FEMALE","FEMALE","FEMALE","FEMALE","MALE","FEMALE","FEMALE","MALE","MALE","MALE","MALE","MALE","MALE"],"X_CALENDAR_YEAR":[2019,2019,2019,2019,2019,2019,2019,2019,2019,2019,2019,2019,2019,2019],"Y_PREVALENCE_1000PP":[1.6679,1.42755,1.44865,1.33181,1.62813,3.4188,2.52419,1.1657,1.70875,2.11538,1.17354,1.60403,1.34816,2.54194]},"PREVALENCE_BY_MONTH":{"X_CALENDAR_MONTH":[201901,201903,201904,201905,201906,201907,201908,201909,201910,201911,201912],"Y_PREVALENCE_1000PP":[0.18,0.09,0.19,0.14,0.13,0.17,0.13,0.09,0.14,0.07,0.12]},"CONDITIONS_BY_TYPE":{"CONCEPT_NAME":"Claim","COUNT_VALUE":804},"AGE_AT_FIRST_DIAGNOSIS":{"CATEGORY":["MALE","FEMALE"],"MIN_VALUE":[0,0],"P10_VALUE":[12,6],"P25_VALUE":[25,22],"MEDIAN_VALUE":[46,42],"P75_VALUE":[66,60],"P90_VALUE":[79,73],"MAX_VALUE":[98,85]}}
