{"PREVALENCE_BY_GENDER_AGE_YEAR":{"TRELLIS_NAME":["10-19","60-69","0-9","50-59","30-39","40-49","20-29","50-59","80-89","70-79","60-69","90-99","0-9","30-39","70-79","20-29","40-49","10-19","90-99"],"SERIES_NAME":["MALE","MALE","MALE","MALE","MALE","MALE","MALE","FEMALE","FEMALE","FEMALE","FEMALE","FEMALE","FEMALE","FEMALE","MALE","FEMALE","FEMALE","FEMALE","MALE"],"X_CALENDAR_YEAR":[2019,2019,2019,2019,2019,2019,2019,2019,2019,2019,2019,2019,2019,2019,2019,2019,2019,2019,2019],"Y_PREVALENCE_1000PP":[3.21396,3.67363,2.22717,2.202,3.05603,3.7995,3.36587,2.89771,4.03691,3.88385,2.6475,6.66297,4,2.27605,1.90186,4.17223,3.43102,2.62295,4.01146]},"PREVALENCE_BY_MONTH":{"X_CALENDAR_MONTH":[201901,201902,201903,201904,201905,201906,201907,201908,201909,201910,201911,201912],"Y_PREVALENCE_1000PP":[0.29,0.2,0.25,0.36,0.22,0.18,0.32,0.24,0.25,0.26,0.23,0.35]},"CONDITIONS_BY_TYPE":{"CONCEPT_NAME":"Claim","COUNT_VALUE":419},"AGE_AT_FIRST_DIAGNOSIS":{"CATEGORY":["No matching concept","FEMALE","MALE"],"MIN_VALUE":[5,0,0],"P10_VALUE":[5,8,13],"P25_VALUE":[20,25,23],"MEDIAN_VALUE":[62,45,41],"P75_VALUE":[76,67,62],"P90_VALUE":[97,86,74],"MAX_VALUE":[97,99,99]}}
