{"PREVALENCE_BY_GENDER_AGE_YEAR":{"TRELLIS_NAME":["10-19","40-49","20-29","0-9","50-59","30-39","60-69","0-9","30-39","70-79","10-19","20-29","90-99","50-59","70-79","90-99","80-89","40-49","60-69"],"SERIES_NAME":["MALE","MALE","MALE","MALE","MALE","MALE","MALE","FEMALE","FEMALE","MALE","FEMALE","FEMALE","MALE","FEMALE","FEMALE","FEMALE","FEMALE","FEMALE","FEMALE"],"X_CALENDAR_YEAR":[2019,2019,2019,2019,2019,2019,2019,2019,2019,2019,2019,2019,2019,2019,2019,2019,2019,2019,2019],"Y_PREVALENCE_1000PP":[5.72869,7.02062,5.72969,5.79581,6.60114,5.08388,7.88462,5.25873,4.8844,4.36681,6.55881,6.16153,8.54701,4.4908,6.30096,6.68896,6.34006,6.56674,8.18113]},"PREVALENCE_BY_MONTH":{"X_CALENDAR_MONTH":[201901,201902,201903,201904,201905,201906,201907,201908,201909,201910,201911,201912],"Y_PREVALENCE_1000PP":[0.68,0.48,0.4,0.62,0.5,0.51,0.45,0.48,0.43,0.47,0.56,0.46]},"CONDITIONS_BY_TYPE":{"CONCEPT_NAME":"Claim","COUNT_VALUE":3260},"AGE_AT_FIRST_DIAGNOSIS":{"CATEGORY":["MALE","FEMALE","No matching concept"],"MIN_VALUE":[1,0,22],"P10_VALUE":[11,11,23],"P25_VALUE":[26,26,30],"MEDIAN_VALUE":[46,46,41],"P75_VALUE":[62,65,67],"P90_VALUE":[73,77,73],"MAX_VALUE":[99,99,79]}}
