{"PREVALENCE_BY_GENDER_AGE_YEAR":{"TRELLIS_NAME":["30-39","0-9","40-49","30-39","10-19","60-69","20-29","50-59","40-49"],"SERIES_NAME":["FEMALE","FEMALE","MALE","MALE","MALE","MALE","MALE","MALE","FEMALE"],"X_CALENDAR_YEAR":[2019,2019,2019,2019,2019,2019,2019,2019,2019],"Y_PREVALENCE_1000PP":[2.76783,1.47244,0.87758,2.03355,1.60403,1.53846,1.17964,1.907,1.57031]},"PREVALENCE_BY_MONTH":{"X_CALENDAR_MONTH":[201901,201902,201903,201904,201905,201906,201907,201908,201909,201910,201911,201912],"Y_PREVALENCE_1000PP":[0.08,0.11,0.1,0.1,0.17,0.07,0.12,0.1,0.17,0.07,0.12,0.06]},"CONDITIONS_BY_TYPE":{"CONCEPT_NAME":"Claim","COUNT_VALUE":664},"AGE_AT_FIRST_DIAGNOSIS":{"CATEGORY":["FEMALE","MALE"],"MIN_VALUE":[0,0],"P10_VALUE":[6,10],"P25_VALUE":[28,27],"MEDIAN_VALUE":[37,44],"P75_VALUE":[49,60],"P90_VALUE":[70,74],"MAX_VALUE":[86,99]}}
