{"PREVALENCE_BY_GENDER_AGE_YEAR":{"TRELLIS_NAME":["30-39","10-19","40-49","20-29","50-59","0-9","60-69","20-29","30-39","90-99","0-9","70-79","40-49","10-19","60-69","50-59","70-79"],"SERIES_NAME":["MALE","MALE","MALE","MALE","MALE","MALE","MALE","FEMALE","FEMALE","MALE","FEMALE","MALE","FEMALE","FEMALE","FEMALE","FEMALE","FEMALE"],"X_CALENDAR_YEAR":[2019,2019,2019,2019,2019,2019,2019,2019,2019,2019,2019,2019,2019,2019,2019,2019,2019],"Y_PREVALENCE_1000PP":[2.20713,1.83655,2.77656,2.01952,3.0828,4.23163,1.74014,3.17089,2.11348,3.4384,2.73684,2.47242,2.43031,3.06011,2.08018,2.89771,1.84945]},"PREVALENCE_BY_MONTH":{"X_CALENDAR_MONTH":[201901,201902,201903,201904,201905,201906,201907,201908,201909,201910,201911,201912],"Y_PREVALENCE_1000PP":[0.17,0.25,0.18,0.33,0.11,0.22,0.3,0.09,0.23,0.24,0.22,0.2]},"CONDITIONS_BY_TYPE":{"CONCEPT_NAME":"Claim","COUNT_VALUE":346},"AGE_AT_FIRST_DIAGNOSIS":{"CATEGORY":["MALE","No matching concept","FEMALE"],"MIN_VALUE":[0,11,0],"P10_VALUE":[7,11,8],"P25_VALUE":[22,30,22],"MEDIAN_VALUE":[43,56,42],"P75_VALUE":[59,67,56],"P90_VALUE":[74,76,72],"MAX_VALUE":[97,76,98]}}
