{"PREVALENCE_BY_GENDER_AGE_YEAR":{"TRELLIS_NAME":["50-59","70-79","60-69","80-89","20-29","10-19","0-9","30-39","40-49","60-69","50-59","70-79","10-19","20-29","30-39","80-89","40-49"],"SERIES_NAME":["FEMALE","FEMALE","FEMALE","FEMALE","MALE","MALE","MALE","MALE","MALE","MALE","MALE","MALE","FEMALE","FEMALE","FEMALE","MALE","FEMALE"],"X_CALENDAR_YEAR":[2019,2019,2019,2019,2019,2019,2019,2019,2019,2019,2019,2019,2019,2019,2019,2019,2019],"Y_PREVALENCE_1000PP":[1.0142,1.47956,1.70197,4.61361,2.01952,2.98439,1.3363,1.01868,2.33816,1.93349,1.3212,1.14112,2.62295,1.83578,1.78833,4.41745,2.14439]},"PREVALENCE_BY_MONTH":{"X_CALENDAR_MONTH":[201901,201902,201903,201904,201905,201906,201907,201908,201909,201910,201911,201912],"Y_PREVALENCE_1000PP":[0.21,0.15,0.15,0.15,0.15,0.14,0.24,0.12,0.1,0.15,0.09,0.13]},"CONDITIONS_BY_TYPE":{"CONCEPT_NAME":"Claim","COUNT_VALUE":253},"AGE_AT_FIRST_DIAGNOSIS":{"CATEGORY":["MALE","FEMALE"],"MIN_VALUE":[0,3],"P10_VALUE":[11,15],"P25_VALUE":[23,27],"MEDIAN_VALUE":[44,42],"P75_VALUE":[63,62],"P90_VALUE":[84,81],"MAX_VALUE":[99,93]}}
