{"PREVALENCE_BY_GENDER_AGE_YEAR":{"TRELLIS_NAME":["40-49","50-59","70-79","70-79","10-19","40-49","10-19","30-39","50-59"],"SERIES_NAME":["FEMALE","FEMALE","FEMALE","MALE","FEMALE","MALE","MALE","MALE","MALE"],"X_CALENDAR_YEAR":[2019,2019,2019,2019,2019,2019,2019,2019,2019],"Y_PREVALENCE_1000PP":[0.85653,1.01405,1.6679,1.70875,1.96764,1.1701,1.83318,1.52517,1.61361]},"PREVALENCE_BY_MONTH":{"X_CALENDAR_MONTH":[201901,201902,201903,201904,201905,201906,201907,201908,201909,201910,201911,201912],"Y_PREVALENCE_1000PP":[0.08,0.1,0.09,0.14,0.07,0.06,0.12,0.06,0.11,0.12,0.11,0.07]},"CONDITIONS_BY_TYPE":{"CONCEPT_NAME":"Claim","COUNT_VALUE":584},"AGE_AT_FIRST_DIAGNOSIS":{"CATEGORY":["FEMALE","MALE"],"MIN_VALUE":[5,1],"P10_VALUE":[11,13],"P25_VALUE":[18,30],"MEDIAN_VALUE":[48,48],"P75_VALUE":[67,70],"P90_VALUE":[77,82],"MAX_VALUE":[87,99]}}
