{"PREVALENCE_BY_GENDER_AGE_YEAR":{"TRELLIS_NAME":["60-69","20-29","10-19","0-9","40-49","30-39","50-59","50-59","60-69","70-79","20-29","0-9","70-79","40-49","10-19","30-39"],"SERIES_NAME":["MALE","MALE","MALE","MALE","MALE","MALE","MALE","FEMALE","FEMALE","FEMALE","FEMALE","FEMALE","MALE","FEMALE","FEMALE","FEMALE"],"X_CALENDAR_YEAR":[2019,2019,2019,2019,2019,2019,2019,2019,2019,2019,2019,2019,2019,2019,2019,2019],"Y_PREVALENCE_1000PP":[2.90023,1.68294,2.06612,2.00445,1.60748,1.52801,3.81679,1.73863,2.6475,2.0344,1.83578,2.10526,2.09205,2.14439,3.27869,1.9509]},"PREVALENCE_BY_MONTH":{"X_CALENDAR_MONTH":[201901,201902,201903,201904,201905,201906,201907,201908,201909,201910,201911,201912],"Y_PREVALENCE_1000PP":[0.17,0.19,0.17,0.28,0.25,0.15,0.17,0.17,0.14,0.11,0.19,0.15]},"CONDITIONS_BY_TYPE":{"CONCEPT_NAME":"Claim","COUNT_VALUE":294},"AGE_AT_FIRST_DIAGNOSIS":{"CATEGORY":["FEMALE","MALE"],"MIN_VALUE":[0,1],"P10_VALUE":[10,11],"P25_VALUE":[22,28],"MEDIAN_VALUE":[43,51],"P75_VALUE":[64,62],"P90_VALUE":[74,75],"MAX_VALUE":[96,99]}}
