{"PREVALENCE_BY_GENDER_AGE_YEAR":{"TRELLIS_NAME":["60-69","10-19","0-9","70-79","90-99","30-39","80-89","20-29","40-49","50-59","60-69","70-79","90-99","40-49","0-9","10-19","30-39","50-59","20-29"],"SERIES_NAME":["MALE","FEMALE","FEMALE","MALE","MALE","FEMALE","MALE","FEMALE","FEMALE","FEMALE","FEMALE","FEMALE","FEMALE","MALE","MALE","MALE","MALE","MALE","MALE"],"X_CALENDAR_YEAR":[2019,2019,2019,2019,2019,2019,2019,2019,2019,2019,2019,2019,2019,2019,2019,2019,2019,2019,2019],"Y_PREVALENCE_1000PP":[1.93349,1.74863,2.73684,3.23317,3.4384,3.41408,4.96963,2.00267,2.85919,3.62214,3.21483,2.77418,3.88673,2.63043,3.78619,5.05051,3.56537,3.52319,3.36587]},"PREVALENCE_BY_MONTH":{"X_CALENDAR_MONTH":[201901,201902,201903,201904,201905,201906,201907,201908,201909,201910,201911,201912],"Y_PREVALENCE_1000PP":[0.36,0.18,0.21,0.29,0.3,0.31,0.31,0.2,0.22,0.21,0.26,0.29]},"CONDITIONS_BY_TYPE":{"CONCEPT_NAME":"Claim","COUNT_VALUE":418},"AGE_AT_FIRST_DIAGNOSIS":{"CATEGORY":["MALE","No matching concept","FEMALE"],"MIN_VALUE":[0,4,1],"P10_VALUE":[9,4,12],"P25_VALUE":[21,18,31],"MEDIAN_VALUE":[41,40,47],"P75_VALUE":[60,48,63],"P90_VALUE":[79,64,77],"MAX_VALUE":[99,64,96]}}
