{"PREVALENCE_BY_GENDER_AGE_YEAR":{"TRELLIS_NAME":["20-29","30-39","0-9","70-79","20-29","60-69","10-19","40-49","50-59","40-49","60-69"],"SERIES_NAME":["FEMALE","FEMALE","FEMALE","MALE","MALE","MALE","MALE","MALE","FEMALE","FEMALE","FEMALE"],"X_CALENDAR_YEAR":[2019,2019,2019,2019,2019,2019,2019,2019,2019,2019,2019],"Y_PREVALENCE_1000PP":[2.00267,1.3006,2.10526,1.90186,2.01952,1.74014,2.75482,2.04589,2.60794,1.85847,1.89107]},"PREVALENCE_BY_MONTH":{"X_CALENDAR_MONTH":[201901,201902,201903,201904,201905,201906,201907,201908,201909,201910,201911,201912],"Y_PREVALENCE_1000PP":[0.13,0.12,0.12,0.09,0.16,0.15,0.2,0.12,0.08,0.16,0.14,0.14]},"CONDITIONS_BY_TYPE":{"CONCEPT_NAME":"Claim","COUNT_VALUE":222},"AGE_AT_FIRST_DIAGNOSIS":{"CATEGORY":["MALE","FEMALE"],"MIN_VALUE":[3,1],"P10_VALUE":[12,8],"P25_VALUE":[22,28],"MEDIAN_VALUE":[44,47],"P75_VALUE":[64,60],"P90_VALUE":[75,80],"MAX_VALUE":[94,99]}}
