{"PREVALENCE_BY_GENDER_AGE_YEAR":{"TRELLIS_NAME":["40-49","60-69","30-39","50-59","20-29","10-19","50-59","60-69","70-79","30-39","20-29","40-49","70-79","0-9"],"SERIES_NAME":["MALE","MALE","MALE","MALE","MALE","MALE","FEMALE","FEMALE","FEMALE","FEMALE","FEMALE","FEMALE","MALE","FEMALE"],"X_CALENDAR_YEAR":[2019,2019,2019,2019,2019,2019,2019,2019,2019,2019,2019,2019,2019,2019],"Y_PREVALENCE_1000PP":[2.48647,1.53846,2.03355,1.76031,1.85372,2.06233,1.88324,1.33181,1.48258,2.11657,1.66528,1.14204,1.13917,1.2621]},"PREVALENCE_BY_MONTH":{"X_CALENDAR_MONTH":[201901,201902,201903,201904,201905,201906,201907,201908,201909,201910,201911,201912],"Y_PREVALENCE_1000PP":[0.1,0.14,0.13,0.14,0.11,0.17,0.16,0.06,0.13,0.16,0.16,0.15]},"CONDITIONS_BY_TYPE":{"CONCEPT_NAME":"Claim","COUNT_VALUE":896},"AGE_AT_FIRST_DIAGNOSIS":{"CATEGORY":["FEMALE","MALE"],"MIN_VALUE":[3,2],"P10_VALUE":[20,13],"P25_VALUE":[30,27],"MEDIAN_VALUE":[46,43],"P75_VALUE":[65,57],"P90_VALUE":[77,76],"MAX_VALUE":[96,99]}}
