{"PREVALENCE_BY_GENDER_AGE_YEAR":{"TRELLIS_NAME":["30-39","70-79","0-9","40-49","20-29","10-19","20-29","50-59","10-19","60-69","30-39","0-9","40-49","80-89","60-69","50-59","70-79"],"SERIES_NAME":["FEMALE","MALE","FEMALE","FEMALE","FEMALE","FEMALE","MALE","MALE","MALE","MALE","MALE","MALE","MALE","FEMALE","FEMALE","FEMALE","FEMALE"],"X_CALENDAR_YEAR":[2019,2019,2019,2019,2019,2019,2019,2019,2019,2019,2019,2019,2019,2019,2019,2019,2019],"Y_PREVALENCE_1000PP":[2.4422,1.32903,1.47244,3.28337,2.49792,2.84215,1.6852,2.49377,2.29148,1.92308,3.38926,2.67499,1.46263,4.61095,1.90259,2.60756,2.40919]},"PREVALENCE_BY_MONTH":{"X_CALENDAR_MONTH":[201901,201902,201903,201904,201905,201906,201907,201908,201909,201910,201911,201912],"Y_PREVALENCE_1000PP":[0.22,0.2,0.15,0.25,0.15,0.17,0.23,0.19,0.13,0.34,0.12,0.19]},"CONDITIONS_BY_TYPE":{"CONCEPT_NAME":"Claim","COUNT_VALUE":1244},"AGE_AT_FIRST_DIAGNOSIS":{"CATEGORY":["FEMALE","MALE"],"MIN_VALUE":[5,2],"P10_VALUE":[13,9],"P25_VALUE":[27,23],"MEDIAN_VALUE":[45,38],"P75_VALUE":[65,58],"P90_VALUE":[80,74],"MAX_VALUE":[98,97]}}
