{"PREVALENCE_BY_GENDER_AGE_YEAR":{"TRELLIS_NAME":["30-39","60-69","10-19","40-49","0-9","20-29","50-59","80-89","60-69","70-79","50-59","90-99","40-49","0-9","90-99","30-39","80-89","10-19","20-29","70-79"],"SERIES_NAME":["MALE","MALE","MALE","MALE","MALE","MALE","MALE","FEMALE","FEMALE","FEMALE","FEMALE","FEMALE","FEMALE","FEMALE","MALE","FEMALE","MALE","FEMALE","FEMALE","MALE"],"X_CALENDAR_YEAR":[2019,2019,2019,2019,2019,2019,2019,2019,2019,2019,2019,2019,2019,2019,2019,2019,2019,2019,2019,2019],"Y_PREVALENCE_1000PP":[8.31919,7.15391,6.65748,9.49876,8.01782,8.41468,6.89959,8.65052,9.26626,6.65804,8.9829,7.21821,8.14868,6.94737,4.58453,8.45391,7.73054,7.21311,9.01202,7.41727]},"PREVALENCE_BY_MONTH":{"X_CALENDAR_MONTH":[201901,201902,201903,201904,201905,201906,201907,201908,201909,201910,201911,201912],"Y_PREVALENCE_1000PP":[0.75,0.65,0.51,0.74,0.69,0.54,0.66,0.6,0.56,0.84,0.68,0.65]},"CONDITIONS_BY_TYPE":{"CONCEPT_NAME":"Claim","COUNT_VALUE":1037},"AGE_AT_FIRST_DIAGNOSIS":{"CATEGORY":["No matching concept","FEMALE","MALE"],"MIN_VALUE":[15,0,1],"P10_VALUE":[15,13,10],"P25_VALUE":[26,25,24],"MEDIAN_VALUE":[46,44,44],"P75_VALUE":[57,61,60],"P90_VALUE":[94,75,75],"MAX_VALUE":[94,99,99]}}
