{"PREVALENCE_BY_GENDER_AGE_YEAR":{"TRELLIS_NAME":["80-89","60-69","70-79","50-59","40-49","0-9","30-39","60-69","50-59","10-19","20-29","20-29","0-9","30-39","70-79","10-19"],"SERIES_NAME":["FEMALE","FEMALE","FEMALE","FEMALE","MALE","MALE","MALE","MALE","MALE","MALE","MALE","FEMALE","FEMALE","FEMALE","MALE","FEMALE"],"X_CALENDAR_YEAR":[2019,2019,2019,2019,2019,2019,2019,2019,2019,2019,2019,2019,2019,2019,2019,2019],"Y_PREVALENCE_1000PP":[4.03458,1.33181,2.03855,1.88324,1.46263,1.56041,1.3557,1.15385,1.907,1.37489,1.01112,1.1657,1.47244,1.30251,1.51889,2.18627]},"PREVALENCE_BY_MONTH":{"X_CALENDAR_MONTH":[201901,201902,201904,201905,201906,201907,201908,201909,201910,201911,201912],"Y_PREVALENCE_1000PP":[0.18,0.12,0.24,0.14,0.12,0.14,0.06,0.11,0.15,0.07,0.13]},"CONDITIONS_BY_TYPE":{"CONCEPT_NAME":"Claim","COUNT_VALUE":816},"AGE_AT_FIRST_DIAGNOSIS":{"CATEGORY":["MALE","FEMALE"],"MIN_VALUE":[1,0],"P10_VALUE":[9,10],"P25_VALUE":[27,24],"MEDIAN_VALUE":[48,51],"P75_VALUE":[62,75],"P90_VALUE":[78,87],"MAX_VALUE":[99,96]}}
