{"PREVALENCE_BY_GENDER_AGE_YEAR":{"TRELLIS_NAME":["90-99","20-29","30-39","70-79","10-19","80-89","0-9","0-9","10-19","60-69","40-49","50-59","20-29","30-39","90-99","50-59","40-49","80-89","70-79","60-69"],"SERIES_NAME":["MALE","FEMALE","FEMALE","MALE","FEMALE","MALE","FEMALE","MALE","MALE","MALE","MALE","MALE","MALE","MALE","FEMALE","FEMALE","FEMALE","FEMALE","FEMALE","FEMALE"],"X_CALENDAR_YEAR":[2019,2019,2019,2019,2019,2019,2019,2019,2019,2019,2019,2019,2019,2019,2019,2019,2019,2019,2019,2019],"Y_PREVALENCE_1000PP":[14.89971,17.35648,17.39555,15.97566,17.9235,22.08724,15.78947,18.04009,15.61065,16.04795,16.51323,16.88197,18.34399,17.82683,17.76791,16.51695,19.01358,16.14764,17.75476,15.69592]},"PREVALENCE_BY_MONTH":{"X_CALENDAR_MONTH":[201901,201902,201903,201904,201905,201906,201907,201908,201909,201910,201911,201912],"Y_PREVALENCE_1000PP":[1.74,1.17,1.33,1.77,1.21,1.25,1.75,1.48,1.4,1.6,1.13,1.45]},"CONDITIONS_BY_TYPE":{"CONCEPT_NAME":"Claim","COUNT_VALUE":2341},"AGE_AT_FIRST_DIAGNOSIS":{"CATEGORY":["MALE","No matching concept","FEMALE"],"MIN_VALUE":[0,7,0],"P10_VALUE":[10,15,11],"P25_VALUE":[24,26,24],"MEDIAN_VALUE":[44,36,44],"P75_VALUE":[62,52,63],"P90_VALUE":[77,62,77],"MAX_VALUE":[99,90,99]}}
