{"PREVALENCE_BY_GENDER_AGE_YEAR":{"TRELLIS_NAME":["10-19","90-99","70-79","60-69","30-39","0-9","20-29","80-89","70-79","90-99","80-89","40-49","50-59","60-69","50-59","0-9","20-29","30-39","10-19","40-49"],"SERIES_NAME":["FEMALE","MALE","MALE","MALE","FEMALE","FEMALE","FEMALE","MALE","FEMALE","FEMALE","FEMALE","FEMALE","FEMALE","FEMALE","MALE","MALE","MALE","MALE","MALE","MALE"],"X_CALENDAR_YEAR":[2019,2019,2019,2019,2019,2019,2019,2019,2019,2019,2019,2019,2019,2019,2019,2019,2019,2019,2019,2019],"Y_PREVALENCE_1000PP":[13.77049,16.04585,14.26398,12.95437,16.74524,17.05263,15.68758,18.22198,16.46014,21.09939,13.84083,16.72623,16.80672,13.42663,16.58837,20.04454,14.47324,14.94058,14.00367,12.56759]},"PREVALENCE_BY_MONTH":{"X_CALENDAR_MONTH":[201901,201902,201903,201904,201905,201906,201907,201908,201909,201910,201911,201912],"Y_PREVALENCE_1000PP":[1.81,1.12,1.21,1.44,1.08,1.15,1.66,1.22,1.27,1.41,1.01,1.31]},"CONDITIONS_BY_TYPE":{"CONCEPT_NAME":"Claim","COUNT_VALUE":2080},"AGE_AT_FIRST_DIAGNOSIS":{"CATEGORY":["FEMALE","MALE","No matching concept"],"MIN_VALUE":[0,0,0],"P10_VALUE":[9,7,13],"P25_VALUE":[26,24,29],"MEDIAN_VALUE":[44,44,44],"P75_VALUE":[62,62,60],"P90_VALUE":[78,78,94],"MAX_VALUE":[99,99,98]}}
