{"PREVALENCE_BY_GENDER_AGE_YEAR":{"TRELLIS_NAME":["10-19","0-9","30-39","50-59","60-69","40-49","20-29","80-89","70-79","60-69","50-59","20-29","0-9","70-79","10-19","30-39","40-49"],"SERIES_NAME":["MALE","MALE","MALE","MALE","MALE","MALE","MALE","FEMALE","FEMALE","FEMALE","FEMALE","FEMALE","FEMALE","MALE","FEMALE","FEMALE","FEMALE"],"X_CALENDAR_YEAR":[2019,2019,2019,2019,2019,2019,2019,2019,2019,2019,2019,2019,2019,2019,2019,2019,2019],"Y_PREVALENCE_1000PP":[1.37489,1.33749,1.3557,2.05369,3.46154,2.34021,1.6852,4.03458,1.85322,1.90259,1.88324,1.66528,1.47244,1.51889,2.18627,3.09345,2.56959]},"PREVALENCE_BY_MONTH":{"X_CALENDAR_MONTH":[201901,201902,201903,201904,201905,201906,201907,201908,201909,201910,201911,201912],"Y_PREVALENCE_1000PP":[0.27,0.09,0.21,0.14,0.16,0.17,0.16,0.11,0.2,0.17,0.2,0.17]},"CONDITIONS_BY_TYPE":{"CONCEPT_NAME":"Claim","COUNT_VALUE":1080},"AGE_AT_FIRST_DIAGNOSIS":{"CATEGORY":["MALE","FEMALE"],"MIN_VALUE":[2,1],"P10_VALUE":[14,14],"P25_VALUE":[32,30],"MEDIAN_VALUE":[50,43],"P75_VALUE":[65,65],"P90_VALUE":[76,82],"MAX_VALUE":[96,97]}}
