{"PREVALENCE_BY_GENDER_AGE_YEAR":{"TRELLIS_NAME":["30-39","90-99","0-9","60-69","20-29","10-19","70-79","80-89","70-79","90-99","60-69","40-49","50-59","20-29","50-59","40-49","10-19","30-39","0-9"],"SERIES_NAME":["FEMALE","MALE","FEMALE","MALE","FEMALE","FEMALE","MALE","FEMALE","FEMALE","FEMALE","FEMALE","FEMALE","FEMALE","MALE","MALE","MALE","MALE","MALE","MALE"],"X_CALENDAR_YEAR":[2019,2019,2019,2019,2019,2019,2019,2019,2019,2019,2019,2019,2019,2019,2019,2019,2019,2019,2019],"Y_PREVALENCE_1000PP":[5.03983,4.01146,4.42105,3.48028,4.00534,2.40437,3.80373,4.61361,2.95913,3.33148,4.53858,4.28878,3.0426,3.02928,3.52319,2.92269,2.98439,3.39559,4.23163]},"PREVALENCE_BY_MONTH":{"X_CALENDAR_MONTH":[201901,201902,201903,201904,201905,201906,201907,201908,201909,201910,201911,201912],"Y_PREVALENCE_1000PP":[0.37,0.25,0.32,0.42,0.29,0.3,0.34,0.27,0.2,0.28,0.27,0.28]},"CONDITIONS_BY_TYPE":{"CONCEPT_NAME":"Claim","COUNT_VALUE":482},"AGE_AT_FIRST_DIAGNOSIS":{"CATEGORY":["MALE","FEMALE"],"MIN_VALUE":[0,0],"P10_VALUE":[8,8],"P25_VALUE":[23,25],"MEDIAN_VALUE":[46,42],"P75_VALUE":[65,61],"P90_VALUE":[77,75],"MAX_VALUE":[98,99]}}
