{"PREVALENCE_BY_GENDER_AGE_YEAR":{"TRELLIS_NAME":["90-99","60-69","50-59","70-79","40-49","0-9","20-29","30-39","40-49","10-19","60-69","50-59","30-39","10-19","70-79","0-9","20-29","90-99"],"SERIES_NAME":["FEMALE","FEMALE","FEMALE","FEMALE","FEMALE","MALE","MALE","MALE","MALE","MALE","MALE","MALE","FEMALE","FEMALE","MALE","FEMALE","FEMALE","MALE"],"X_CALENDAR_YEAR":[2019,2019,2019,2019,2019,2019,2019,2019,2019,2019,2019,2019,2019,2019,2019,2019,2019,2019],"Y_PREVALENCE_1000PP":[3.9019,3.61492,4.4908,3.70645,3.56888,2.22916,3.87597,4.06711,3.80284,5.49954,4.23077,3.37392,2.76783,3.93529,3.41751,2.94489,4.82931,5.12821]},"PREVALENCE_BY_MONTH":{"X_CALENDAR_MONTH":[201901,201902,201903,201904,201905,201906,201907,201908,201909,201910,201911,201912],"Y_PREVALENCE_1000PP":[0.55,0.22,0.28,0.35,0.27,0.24,0.28,0.27,0.31,0.45,0.26,0.31]},"CONDITIONS_BY_TYPE":{"CONCEPT_NAME":"Claim","COUNT_VALUE":2004},"AGE_AT_FIRST_DIAGNOSIS":{"CATEGORY":["No matching concept","MALE","FEMALE"],"MIN_VALUE":[14,0,2],"P10_VALUE":[14,13,12],"P25_VALUE":[44,25,24],"MEDIAN_VALUE":[50,43,45],"P75_VALUE":[55,62,63],"P90_VALUE":[84,77,76],"MAX_VALUE":[84,98,98]}}
