{"PREVALENCE_BY_GENDER_AGE_YEAR":{"TRELLIS_NAME":["50-59","40-49","20-29","40-49","50-59","60-69"],"SERIES_NAME":["MALE","MALE","FEMALE","FEMALE","FEMALE","FEMALE"],"X_CALENDAR_YEAR":[2019,2019,2019,2019,2019,2019],"Y_PREVALENCE_1000PP":[1.02684,0.87758,1.33222,1.14204,1.01405,1.52207]},"PREVALENCE_BY_MONTH":{"X_CALENDAR_MONTH":[201901,201902,201904,201908,201909,201910],"Y_PREVALENCE_1000PP":[0.14,0.06,0.1,0.06,0.09,0.1]},"CONDITIONS_BY_TYPE":{"CONCEPT_NAME":"Claim","COUNT_VALUE":428},"AGE_AT_FIRST_DIAGNOSIS":{"CATEGORY":["MALE","FEMALE"],"MIN_VALUE":[3,4],"P10_VALUE":[7,17],"P25_VALUE":[26,27],"MEDIAN_VALUE":[48,46],"P75_VALUE":[61,60],"P90_VALUE":[70,68],"MAX_VALUE":[87,93]}}
