{"PREVALENCE_BY_GENDER_AGE_YEAR":{"TRELLIS_NAME":["40-49","50-59","20-29","0-9","60-69","30-39","10-19","90-99","60-69","70-79","50-59","0-9","80-89","40-49","30-39","90-99","10-19","20-29","70-79"],"SERIES_NAME":["MALE","MALE","MALE","MALE","MALE","MALE","MALE","FEMALE","FEMALE","FEMALE","FEMALE","FEMALE","MALE","FEMALE","FEMALE","MALE","FEMALE","FEMALE","MALE"],"X_CALENDAR_YEAR":[2019,2019,2019,2019,2019,2019,2019,2019,2019,2019,2019,2019,2019,2019,2019,2019,2019,2019,2019],"Y_PREVALENCE_1000PP":[5.11472,2.936,3.02928,5.34521,4.64037,4.58404,2.98439,4.44198,3.21483,3.14407,3.91191,3.36842,4.96963,3.57398,3.57665,3.4384,5.46448,5.34045,4.1841]},"PREVALENCE_BY_MONTH":{"X_CALENDAR_MONTH":[201901,201902,201903,201904,201905,201906,201907,201908,201909,201910,201911,201912],"Y_PREVALENCE_1000PP":[0.33,0.29,0.29,0.39,0.3,0.4,0.36,0.33,0.3,0.36,0.3,0.35]},"CONDITIONS_BY_TYPE":{"CONCEPT_NAME":"Claim","COUNT_VALUE":542},"AGE_AT_FIRST_DIAGNOSIS":{"CATEGORY":["MALE","No matching concept","FEMALE"],"MIN_VALUE":[1,22,0],"P10_VALUE":[8,22,11],"P25_VALUE":[25,40,21],"MEDIAN_VALUE":[45,47,40],"P75_VALUE":[62,51,58],"P90_VALUE":[78,62,73],"MAX_VALUE":[96,62,97]}}
