{"PREVALENCE_BY_GENDER_AGE_YEAR":{"TRELLIS_NAME":["60-69","30-39","40-49","0-9","10-19","20-29","50-59","70-79","0-9","30-39","10-19","40-49","20-29","50-59","60-69","70-79","90-99"],"SERIES_NAME":["MALE","MALE","MALE","MALE","MALE","MALE","MALE","MALE","FEMALE","FEMALE","FEMALE","FEMALE","FEMALE","FEMALE","FEMALE","FEMALE","FEMALE"],"X_CALENDAR_YEAR":[2019,2019,2019,2019,2019,2019,2019,2019,2019,2019,2019,2019,2019,2019,2019,2019,2019],"Y_PREVALENCE_1000PP":[1.16009,2.37691,1.89975,1.55902,1.83655,3.36587,1.6148,1.52149,2.31579,1.46318,1.53005,0.85776,2.00267,1.44886,2.08018,1.84945,3.88673]},"PREVALENCE_BY_MONTH":{"X_CALENDAR_MONTH":[201901,201902,201903,201904,201905,201906,201907,201908,201909,201910,201911,201912],"Y_PREVALENCE_1000PP":[0.19,0.09,0.17,0.13,0.21,0.15,0.25,0.14,0.09,0.23,0.15,0.08]},"CONDITIONS_BY_TYPE":{"CONCEPT_NAME":"Claim","COUNT_VALUE":257},"AGE_AT_FIRST_DIAGNOSIS":{"CATEGORY":["MALE","FEMALE"],"MIN_VALUE":[0,1],"P10_VALUE":[11,8],"P25_VALUE":[22,23],"MEDIAN_VALUE":[39,46],"P75_VALUE":[57,69],"P90_VALUE":[78,85],"MAX_VALUE":[99,99]}}
