{"PREVALENCE_BY_GENDER_AGE_YEAR":{"TRELLIS_NAME":["80-89","60-69","30-39","70-79","20-29","0-9","20-29","30-39","40-49","50-59","40-49","50-59","60-69"],"SERIES_NAME":["MALE","MALE","FEMALE","MALE","FEMALE","FEMALE","MALE","MALE","MALE","MALE","FEMALE","FEMALE","FEMALE"],"X_CALENDAR_YEAR":[2019,2019,2019,2019,2019,2019,2019,2019,2019,2019,2019,2019,2019],"Y_PREVALENCE_1000PP":[3.31309,1.74014,1.13803,2.47242,1.66889,1.68421,1.17805,1.18846,1.89975,1.9084,1.71551,1.73863,1.13464]},"PREVALENCE_BY_MONTH":{"X_CALENDAR_MONTH":[201901,201902,201903,201904,201905,201906,201907,201908,201909,201910,201911,201912],"Y_PREVALENCE_1000PP":[0.12,0.14,0.12,0.15,0.15,0.07,0.11,0.11,0.1,0.19,0.16,0.12]},"CONDITIONS_BY_TYPE":{"CONCEPT_NAME":"Claim","COUNT_VALUE":194},"AGE_AT_FIRST_DIAGNOSIS":{"CATEGORY":["FEMALE","MALE","No matching concept"],"MIN_VALUE":[0,1,4],"P10_VALUE":[8,21,4],"P25_VALUE":[25,38,15],"MEDIAN_VALUE":[44,56,45],"P75_VALUE":[59,72,79],"P90_VALUE":[76,82,84],"MAX_VALUE":[99,98,84]}}
