{"PREVALENCE_BY_GENDER_AGE_YEAR":{"TRELLIS_NAME":["20-29","0-9","30-39","10-19","40-49","70-79","60-69","50-59","10-19","20-29","40-49","50-59","0-9","60-69","30-39"],"SERIES_NAME":["FEMALE","FEMALE","FEMALE","FEMALE","FEMALE","MALE","FEMALE","FEMALE","MALE","MALE","MALE","MALE","MALE","MALE","MALE"],"X_CALENDAR_YEAR":[2019,2019,2019,2019,2019,2019,2019,2019,2019,2019,2019,2019,2019,2019,2019],"Y_PREVALENCE_1000PP":[1.83578,2.73684,1.46318,1.96721,2.00143,2.8528,2.26929,2.17328,2.29568,1.85123,2.19202,1.1744,1.78174,1.93349,2.88625]},"PREVALENCE_BY_MONTH":{"X_CALENDAR_MONTH":[201901,201902,201903,201904,201905,201906,201907,201908,201909,201910,201911,201912],"Y_PREVALENCE_1000PP":[0.16,0.12,0.12,0.18,0.2,0.16,0.18,0.11,0.17,0.18,0.2,0.17]},"CONDITIONS_BY_TYPE":{"CONCEPT_NAME":"Claim","COUNT_VALUE":262},"AGE_AT_FIRST_DIAGNOSIS":{"CATEGORY":["FEMALE","MALE","No matching concept"],"MIN_VALUE":[0,0,6],"P10_VALUE":[5,11,6],"P25_VALUE":[20,25,7],"MEDIAN_VALUE":[40,42,27],"P75_VALUE":[56,65,54],"P90_VALUE":[69,73,78],"MAX_VALUE":[99,89,78]}}
