{"PREVALENCE_BY_GENDER_AGE_YEAR":{"TRELLIS_NAME":["50-59","60-69","80-89","70-79","90-99","30-39","0-9","60-69","20-29","40-49","10-19","50-59","40-49","70-79","80-89","90-99","0-9","20-29","10-19","30-39"],"SERIES_NAME":["FEMALE","FEMALE","FEMALE","FEMALE","FEMALE","MALE","MALE","MALE","MALE","MALE","MALE","MALE","FEMALE","MALE","MALE","MALE","FEMALE","FEMALE","FEMALE","FEMALE"],"X_CALENDAR_YEAR":[2019,2019,2019,2019,2019,2019,2019,2019,2019,2019,2019,2019,2019,2019,2019,2019,2019,2019,2019,2019],"Y_PREVALENCE_1000PP":[7.09836,6.27854,6.34006,7.59822,8.91862,8.81207,8.4708,7.30769,7.07786,6.14305,8.24931,6.30776,6.995,9.30321,5.52181,8.54701,6.94152,8.65945,7.21469,7.3266]},"PREVALENCE_BY_MONTH":{"X_CALENDAR_MONTH":[201901,201902,201903,201904,201905,201906,201907,201908,201909,201910,201911,201912],"Y_PREVALENCE_1000PP":[0.71,0.58,0.63,0.58,0.5,0.48,0.78,0.61,0.72,0.82,0.5,0.52]},"CONDITIONS_BY_TYPE":{"CONCEPT_NAME":"Claim","COUNT_VALUE":4032},"AGE_AT_FIRST_DIAGNOSIS":{"CATEGORY":["No matching concept","MALE","FEMALE"],"MIN_VALUE":[33,0,0],"P10_VALUE":[37,9,11],"P25_VALUE":[43,24,25],"MEDIAN_VALUE":[52,43,42],"P75_VALUE":[76,64,64],"P90_VALUE":[85,77,78],"MAX_VALUE":[94,99,99]}}
