{"PREVALENCE_BY_GENDER_AGE_YEAR":{"TRELLIS_NAME":["90-99","10-19","30-39","0-9","80-89","40-49","20-29","70-79","20-29","30-39","60-69","10-19","50-59","0-9","40-49","70-79","90-99","80-89","60-69","50-59"],"SERIES_NAME":["MALE","FEMALE","FEMALE","FEMALE","MALE","FEMALE","FEMALE","MALE","MALE","MALE","MALE","MALE","MALE","MALE","MALE","FEMALE","FEMALE","FEMALE","FEMALE","FEMALE"],"X_CALENDAR_YEAR":[2019,2019,2019,2019,2019,2019,2019,2019,2019,2019,2019,2019,2019,2019,2019,2019,2019,2019,2019,2019],"Y_PREVALENCE_1000PP":[5.69801,7.21469,8.79192,8.20362,11.04362,8.2798,8.49292,7.59446,10.44826,7.79529,8.26923,10.76994,8.06807,6.24164,7.31315,5.745,10.59086,8.06916,6.27854,8.40214]},"PREVALENCE_BY_MONTH":{"X_CALENDAR_MONTH":[201901,201902,201903,201904,201905,201906,201907,201908,201909,201910,201911,201912],"Y_PREVALENCE_1000PP":[0.72,0.62,0.67,0.75,0.54,0.62,0.85,0.67,0.74,0.8,0.47,0.69]},"CONDITIONS_BY_TYPE":{"CONCEPT_NAME":"Claim","COUNT_VALUE":4424},"AGE_AT_FIRST_DIAGNOSIS":{"CATEGORY":["MALE","FEMALE","No matching concept"],"MIN_VALUE":[0,0,20],"P10_VALUE":[12,9,24],"P25_VALUE":[23,24,34],"MEDIAN_VALUE":[44,43,49],"P75_VALUE":[61,59,70],"P90_VALUE":[76,77,75],"MAX_VALUE":[98,99,78]}}
