{"PREVALENCE_BY_GENDER_AGE_YEAR":{"TRELLIS_NAME":["0-9","40-49","20-29","60-69","50-59","30-39","60-69","50-59","70-79","90-99","0-9","30-39","40-49","10-19","20-29","70-79"],"SERIES_NAME":["MALE","MALE","MALE","MALE","MALE","MALE","FEMALE","FEMALE","FEMALE","FEMALE","FEMALE","FEMALE","FEMALE","FEMALE","FEMALE","MALE"],"X_CALENDAR_YEAR":[2019,2019,2019,2019,2019,2019,2019,2019,2019,2019,2019,2019,2019,2019,2019,2019],"Y_PREVALENCE_1000PP":[3.78957,2.92526,1.85372,1.73077,1.46692,2.20302,2.09285,2.89729,2.59451,3.34448,3.36559,1.95376,2.14133,3.49803,2.33139,2.27834]},"PREVALENCE_BY_MONTH":{"X_CALENDAR_MONTH":[201901,201902,201903,201904,201905,201906,201907,201908,201909,201910,201911,201912],"Y_PREVALENCE_1000PP":[0.2,0.25,0.2,0.22,0.23,0.18,0.15,0.14,0.24,0.26,0.16,0.16]},"CONDITIONS_BY_TYPE":{"CONCEPT_NAME":"Claim","COUNT_VALUE":1356},"AGE_AT_FIRST_DIAGNOSIS":{"CATEGORY":["MALE","FEMALE","No matching concept"],"MIN_VALUE":[0,0,0],"P10_VALUE":[6,5,0],"P25_VALUE":[23,18,2],"MEDIAN_VALUE":[41,41,21],"P75_VALUE":[63,60,45],"P90_VALUE":[77,76,86],"MAX_VALUE":[98,99,86]}}
