{"PREVALENCE_BY_GENDER_AGE_YEAR":{"TRELLIS_NAME":["70-79","10-19","40-49","20-29","30-39","0-9","60-69","70-79","50-59","10-19","30-39","50-59","0-9","20-29","40-49","60-69"],"SERIES_NAME":["MALE","FEMALE","FEMALE","FEMALE","FEMALE","FEMALE","FEMALE","FEMALE","FEMALE","MALE","MALE","MALE","MALE","MALE","MALE","MALE"],"X_CALENDAR_YEAR":[2019,2019,2019,2019,2019,2019,2019,2019,2019,2019,2019,2019,2019,2019,2019,2019],"Y_PREVALENCE_1000PP":[3.42335,3.49727,3.43102,3.83845,3.08893,2.94737,2.83661,3.51396,2.75283,2.06612,3.90492,1.9084,3.56347,3.87075,3.06883,2.32019]},"PREVALENCE_BY_MONTH":{"X_CALENDAR_MONTH":[201901,201902,201903,201904,201905,201906,201907,201908,201909,201910,201911,201912],"Y_PREVALENCE_1000PP":[0.27,0.2,0.33,0.29,0.23,0.23,0.33,0.18,0.26,0.25,0.25,0.26]},"CONDITIONS_BY_TYPE":{"CONCEPT_NAME":"Claim","COUNT_VALUE":405},"AGE_AT_FIRST_DIAGNOSIS":{"CATEGORY":["No matching concept","FEMALE","MALE"],"MIN_VALUE":[3,0,0],"P10_VALUE":[3,10,9],"P25_VALUE":[14,25,25],"MEDIAN_VALUE":[40,42,40],"P75_VALUE":[77,60,62],"P90_VALUE":[94,73,78],"MAX_VALUE":[94,96,99]}}
