{"PREVALENCE_BY_GENDER_AGE_YEAR":{"TRELLIS_NAME":["60-69","70-79","50-59","10-19","50-59","40-49","70-79","30-39"],"SERIES_NAME":["FEMALE","FEMALE","FEMALE","MALE","MALE","MALE","MALE","FEMALE"],"X_CALENDAR_YEAR":[2019,2019,2019,2019,2019,2019,2019,2019],"Y_PREVALENCE_1000PP":[1.51286,1.29462,1.0142,1.37741,1.1744,2.04589,1.14112,1.9509]},"PREVALENCE_BY_MONTH":{"X_CALENDAR_MONTH":[201901,201903,201904,201907,201909,201910,201911,201912],"Y_PREVALENCE_1000PP":[0.09,0.09,0.09,0.19,0.1,0.12,0.08,0.07]},"CONDITIONS_BY_TYPE":{"CONCEPT_NAME":"Claim","COUNT_VALUE":135},"AGE_AT_FIRST_DIAGNOSIS":{"CATEGORY":["FEMALE","MALE"],"MIN_VALUE":[0,0],"P10_VALUE":[13,7],"P25_VALUE":[32,24],"MEDIAN_VALUE":[43,46],"P75_VALUE":[64,57],"P90_VALUE":[72,77],"MAX_VALUE":[98,96]}}
