{"PREVALENCE_BY_GENDER_AGE_YEAR":{"TRELLIS_NAME":["10-19","20-29","50-59","30-39","40-49","0-9","70-79","20-29","0-9","30-39","90-99","60-69","10-19","50-59","60-69","40-49","70-79","90-99"],"SERIES_NAME":["MALE","MALE","MALE","MALE","MALE","MALE","MALE","FEMALE","FEMALE","FEMALE","MALE","MALE","FEMALE","FEMALE","FEMALE","FEMALE","FEMALE","FEMALE"],"X_CALENDAR_YEAR":[2019,2019,2019,2019,2019,2019,2019,2019,2019,2019,2019,2019,2019,2019,2019,2019,2019,2019],"Y_PREVALENCE_1000PP":[4.82094,4.37563,4.55079,3.90492,4.23791,4.67706,5.51541,4.50601,3.78947,3.9018,4.01146,4.64037,3.27869,3.62214,5.1059,4.5747,3.51396,3.33148]},"PREVALENCE_BY_MONTH":{"X_CALENDAR_MONTH":[201901,201902,201903,201904,201905,201906,201907,201908,201909,201910,201911,201912],"Y_PREVALENCE_1000PP":[0.38,0.41,0.31,0.28,0.37,0.33,0.36,0.29,0.3,0.53,0.35,0.37]},"CONDITIONS_BY_TYPE":{"CONCEPT_NAME":"Claim","COUNT_VALUE":563},"AGE_AT_FIRST_DIAGNOSIS":{"CATEGORY":["MALE","No matching concept","FEMALE"],"MIN_VALUE":[0,7,0],"P10_VALUE":[11,14,10],"P25_VALUE":[25,35,26],"MEDIAN_VALUE":[45,47,45],"P75_VALUE":[64,73,62],"P90_VALUE":[75,79,76],"MAX_VALUE":[99,96,98]}}
