{"PREVALENCE_BY_GENDER_AGE_YEAR":{"TRELLIS_NAME":["20-29","90-99","80-89","70-79","0-9","30-39","10-19","50-59","60-69","80-89","70-79","90-99","40-49","20-29","60-69","0-9","50-59","10-19","40-49","30-39"],"SERIES_NAME":["FEMALE","MALE","MALE","MALE","FEMALE","FEMALE","FEMALE","FEMALE","FEMALE","FEMALE","FEMALE","FEMALE","FEMALE","MALE","MALE","MALE","MALE","MALE","MALE","MALE"],"X_CALENDAR_YEAR":[2019,2019,2019,2019,2019,2019,2019,2019,2019,2019,2019,2019,2019,2019,2019,2019,2019,2019,2019,2019],"Y_PREVALENCE_1000PP":[7.34312,9.74212,7.17835,6.84671,6.10526,7.64103,4.59016,5.36076,6.05144,8.07382,4.80858,3.33148,5.71837,4.54392,5.41377,6.4588,5.13799,7.11662,3.65337,4.58404]},"PREVALENCE_BY_MONTH":{"X_CALENDAR_MONTH":[201901,201902,201903,201904,201905,201906,201907,201908,201909,201910,201911,201912],"Y_PREVALENCE_1000PP":[0.65,0.32,0.49,0.54,0.45,0.48,0.53,0.43,0.47,0.46,0.43,0.53]},"CONDITIONS_BY_TYPE":{"CONCEPT_NAME":"Claim","COUNT_VALUE":783},"AGE_AT_FIRST_DIAGNOSIS":{"CATEGORY":["MALE","No matching concept","FEMALE"],"MIN_VALUE":[0,3,0],"P10_VALUE":[9,10,10],"P25_VALUE":[22,11,24],"MEDIAN_VALUE":[48,35,42],"P75_VALUE":[69,47,60],"P90_VALUE":[82,56,76],"MAX_VALUE":[99,71,98]}}
