{"PREVALENCE_BY_GENDER_AGE_YEAR":{"TRELLIS_NAME":["30-39","60-69","20-29","40-49","0-9","10-19","50-59","10-19","20-29","0-9","70-79","30-39","50-59","80-89","60-69","70-79","40-49"],"SERIES_NAME":["MALE","MALE","MALE","MALE","MALE","MALE","MALE","FEMALE","FEMALE","FEMALE","MALE","FEMALE","FEMALE","FEMALE","FEMALE","FEMALE","FEMALE"],"X_CALENDAR_YEAR":[2019,2019,2019,2019,2019,2019,2019,2019,2019,2019,2019,2019,2019,2019,2019,2019,2019],"Y_PREVALENCE_1000PP":[3.38926,2.11538,2.19077,1.75516,3.56665,3.43721,1.907,3.49803,2.16486,2.52419,1.89861,2.27939,3.18702,3.45821,1.71233,2.22387,2.8551]},"PREVALENCE_BY_MONTH":{"X_CALENDAR_MONTH":[201901,201902,201903,201904,201905,201906,201907,201908,201909,201910,201911,201912],"Y_PREVALENCE_1000PP":[0.23,0.18,0.3,0.23,0.19,0.15,0.35,0.19,0.16,0.17,0.16,0.19]},"CONDITIONS_BY_TYPE":{"CONCEPT_NAME":"Claim","COUNT_VALUE":1320},"AGE_AT_FIRST_DIAGNOSIS":{"CATEGORY":["MALE","FEMALE"],"MIN_VALUE":[1,1],"P10_VALUE":[7,10],"P25_VALUE":[18,24],"MEDIAN_VALUE":[37,44],"P75_VALUE":[58,57],"P90_VALUE":[76,75],"MAX_VALUE":[95,97]}}
