{"PREVALENCE_BY_GENDER_AGE_YEAR":{"TRELLIS_NAME":["70-79","90-99","50-59","20-29","50-59","60-69","40-49","10-19","20-29","70-79","30-39"],"SERIES_NAME":["FEMALE","FEMALE","FEMALE","MALE","MALE","MALE","MALE","FEMALE","FEMALE","MALE","FEMALE"],"X_CALENDAR_YEAR":[2019,2019,2019,2019,2019,2019,2019,2019,2019,2019,2019],"Y_PREVALENCE_1000PP":[1.85322,3.34448,2.0281,1.01112,1.907,2.11538,0.87758,1.31176,1.83181,1.89861,1.95376]},"PREVALENCE_BY_MONTH":{"X_CALENDAR_MONTH":[201901,201902,201903,201904,201906,201907,201908,201909,201910,201911,201912],"Y_PREVALENCE_1000PP":[0.12,0.09,0.11,0.12,0.1,0.12,0.12,0.07,0.18,0.17,0.1]},"CONDITIONS_BY_TYPE":{"CONCEPT_NAME":"Claim","COUNT_VALUE":728},"AGE_AT_FIRST_DIAGNOSIS":{"CATEGORY":["MALE","FEMALE"],"MIN_VALUE":[5,1],"P10_VALUE":[15,14],"P25_VALUE":[38,26],"MEDIAN_VALUE":[58,43],"P75_VALUE":[69,65],"P90_VALUE":[78,78],"MAX_VALUE":[99,99]}}
