{"PREVALENCE_BY_GENDER_AGE_YEAR":{"TRELLIS_NAME":["60-69","50-59","50-59","40-49"],"SERIES_NAME":["FEMALE","FEMALE","MALE","MALE"],"X_CALENDAR_YEAR":[2019,2019,2019,2019],"Y_PREVALENCE_1000PP":[1.14155,1.01405,0.88015,1.02384]},"PREVALENCE_BY_MONTH":{"X_CALENDAR_MONTH":[201901,201902,201903,201905,201907,201910,201912],"Y_PREVALENCE_1000PP":[0.07,0.07,0.1,0.09,0.07,0.06,0.06]},"CONDITIONS_BY_TYPE":{"CONCEPT_NAME":"Claim","COUNT_VALUE":416},"AGE_AT_FIRST_DIAGNOSIS":{"CATEGORY":["MALE","FEMALE"],"MIN_VALUE":[3,3],"P10_VALUE":[9,5],"P25_VALUE":[21,15],"MEDIAN_VALUE":[44,51],"P75_VALUE":[57,62],"P90_VALUE":[84,76],"MAX_VALUE":[91,95]}}
