{"PREVALENCE_BY_GENDER_AGE_YEAR":{"TRELLIS_NAME":["60-69","40-49","50-59","70-79","80-89","70-79","20-29","0-9","30-39","20-29","30-39","10-19","50-59","40-49","0-9"],"SERIES_NAME":["FEMALE","FEMALE","FEMALE","FEMALE","MALE","MALE","FEMALE","FEMALE","FEMALE","MALE","MALE","MALE","MALE","MALE","MALE"],"X_CALENDAR_YEAR":[2019,2019,2019,2019,2019,2019,2019,2019,2019,2019,2019,2019,2019,2019,2019],"Y_PREVALENCE_1000PP":[1.32375,1.71551,2.0284,1.47956,3.31309,1.3313,1.502,2.52632,2.43863,1.85123,1.35823,1.37741,1.9084,1.60748,2.22717]},"PREVALENCE_BY_MONTH":{"X_CALENDAR_MONTH":[201901,201902,201903,201904,201905,201906,201907,201908,201909,201910,201911,201912],"Y_PREVALENCE_1000PP":[0.19,0.06,0.2,0.17,0.11,0.13,0.09,0.14,0.22,0.15,0.13,0.16]},"CONDITIONS_BY_TYPE":{"CONCEPT_NAME":"Claim","COUNT_VALUE":243},"AGE_AT_FIRST_DIAGNOSIS":{"CATEGORY":["No matching concept","MALE","FEMALE"],"MIN_VALUE":[2,2,0],"P10_VALUE":[2,8,7],"P25_VALUE":[13,23,25],"MEDIAN_VALUE":[42,45,43],"P75_VALUE":[51,65,64],"P90_VALUE":[61,82,80],"MAX_VALUE":[61,96,99]}}
