{"PREVALENCE_BY_GENDER_AGE_YEAR":{"TRELLIS_NAME":["70-79","50-59","30-39","20-29","40-49","30-39","50-59"],"SERIES_NAME":["FEMALE","FEMALE","FEMALE","FEMALE","MALE","MALE","MALE"],"X_CALENDAR_YEAR":[2019,2019,2019,2019,2019,2019,2019],"Y_PREVALENCE_1000PP":[1.29726,0.86919,1.62813,1.49875,1.02384,1.01678,1.17354]},"PREVALENCE_BY_MONTH":{"X_CALENDAR_MONTH":[201901,201902,201903,201904,201905,201906,201907,201910,201911,201912],"Y_PREVALENCE_1000PP":[0.12,0.07,0.09,0.08,0.06,0.08,0.1,0.12,0.08,0.12]},"CONDITIONS_BY_TYPE":{"CONCEPT_NAME":"Claim","COUNT_VALUE":512},"AGE_AT_FIRST_DIAGNOSIS":{"CATEGORY":["FEMALE","MALE"],"MIN_VALUE":[4,0],"P10_VALUE":[11,14],"P25_VALUE":[25,27],"MEDIAN_VALUE":[39,41],"P75_VALUE":[60,59],"P90_VALUE":[76,73],"MAX_VALUE":[91,97]}}
