{"PREVALENCE_BY_GENDER_AGE_YEAR":{"TRELLIS_NAME":["30-39","80-89","0-9","70-79","90-99","20-29","60-69","10-19","50-59","0-9","40-49","10-19","20-29","30-39","40-49","90-99","50-59","80-89","60-69","70-79"],"SERIES_NAME":["FEMALE","MALE","FEMALE","MALE","MALE","FEMALE","MALE","FEMALE","MALE","MALE","MALE","MALE","MALE","MALE","FEMALE","FEMALE","FEMALE","FEMALE","FEMALE","FEMALE"],"X_CALENDAR_YEAR":[2019,2019,2019,2019,2019,2019,2019,2019,2019,2019,2019,2019,2019,2019,2019,2019,2019,2019,2019,2019],"Y_PREVALENCE_1000PP":[16.76978,12.14798,14.51409,19.74559,15.38462,14.82098,13.84615,14.21076,16.7229,12.92911,14.91882,12.60312,17.3576,15.42112,14.84654,18.39465,15.06591,17.29107,15.2207,18.90289]},"PREVALENCE_BY_MONTH":{"X_CALENDAR_MONTH":[201901,201902,201903,201904,201905,201906,201907,201908,201909,201910,201911,201912],"Y_PREVALENCE_1000PP":[1.38,1.17,1.18,1.61,1.21,1.18,1.57,1.2,1.03,1.62,1.3,1.31]},"CONDITIONS_BY_TYPE":{"CONCEPT_NAME":"Claim","COUNT_VALUE":8492},"AGE_AT_FIRST_DIAGNOSIS":{"CATEGORY":["No matching concept","FEMALE","MALE"],"MIN_VALUE":[1,0,0],"P10_VALUE":[6,11,11],"P25_VALUE":[20,26,26],"MEDIAN_VALUE":[37,46,46],"P75_VALUE":[55,66,65],"P90_VALUE":[76,78,77],"MAX_VALUE":[87,99,99]}}
