{"PREVALENCE_BY_GENDER_AGE_YEAR":{"TRELLIS_NAME":["50-59","60-69","30-39","20-29","70-79","10-19","40-49","50-59","0-9","60-69"],"SERIES_NAME":["FEMALE","FEMALE","FEMALE","FEMALE","MALE","MALE","MALE","MALE","MALE","MALE"],"X_CALENDAR_YEAR":[2019,2019,2019,2019,2019,2019,2019,2019,2019,2019],"Y_PREVALENCE_1000PP":[1.30397,1.51286,1.13803,1.00134,1.90186,1.37741,1.60748,1.1744,2.00445,1.16009]},"PREVALENCE_BY_MONTH":{"X_CALENDAR_MONTH":[201901,201902,201903,201904,201905,201906,201907,201909,201910,201911,201912],"Y_PREVALENCE_1000PP":[0.11,0.11,0.1,0.15,0.12,0.09,0.09,0.06,0.1,0.1,0.09]},"CONDITIONS_BY_TYPE":{"CONCEPT_NAME":"Claim","COUNT_VALUE":164},"AGE_AT_FIRST_DIAGNOSIS":{"CATEGORY":["FEMALE","MALE"],"MIN_VALUE":[4,0],"P10_VALUE":[14,6],"P25_VALUE":[25,21],"MEDIAN_VALUE":[46,47],"P75_VALUE":[62,69],"P90_VALUE":[77,79],"MAX_VALUE":[99,99]}}
