{"PREVALENCE_BY_GENDER_AGE_YEAR":{"TRELLIS_NAME":["0-9","20-29","50-59","30-39","40-49","10-19","60-69","40-49","80-89","60-69","70-79","50-59","90-99","20-29","0-9","80-89","10-19","70-79","30-39","90-99"],"SERIES_NAME":["MALE","MALE","MALE","MALE","MALE","MALE","MALE","FEMALE","FEMALE","FEMALE","FEMALE","FEMALE","FEMALE","FEMALE","FEMALE","MALE","FEMALE","MALE","FEMALE","MALE"],"X_CALENDAR_YEAR":[2019,2019,2019,2019,2019,2019,2019,2019,2019,2019,2019,2019,2019,2019,2019,2019,2019,2019,2019,2019],"Y_PREVALENCE_1000PP":[6.68747,7.07786,6.16107,8.81207,8.48325,8.24931,7.5,6.56674,7.4928,7.99087,7.59822,7.96755,6.68896,7.32723,4.83803,7.73054,7.65195,7.02487,7.00098,6.26781]},"PREVALENCE_BY_MONTH":{"X_CALENDAR_MONTH":[201901,201902,201903,201904,201905,201906,201907,201908,201909,201910,201911,201912],"Y_PREVALENCE_1000PP":[0.66,0.48,0.64,0.71,0.59,0.57,0.72,0.62,0.44,0.73,0.49,0.66]},"CONDITIONS_BY_TYPE":{"CONCEPT_NAME":"Claim","COUNT_VALUE":3900},"AGE_AT_FIRST_DIAGNOSIS":{"CATEGORY":["FEMALE","MALE","No matching concept"],"MIN_VALUE":[0,0,14],"P10_VALUE":[14,11,25],"P25_VALUE":[26,26,30],"MEDIAN_VALUE":[46,44,47],"P75_VALUE":[65,63,69],"P90_VALUE":[77,76,71],"MAX_VALUE":[99,99,77]}}
