{"PREVALENCE_BY_GENDER_AGE_YEAR":{"TRELLIS_NAME":["60-69","50-59","80-89","90-99","70-79","10-19","50-59","0-9","30-39","40-49","20-29","60-69","80-89","90-99","0-9","70-79","30-39","40-49","10-19","20-29"],"SERIES_NAME":["FEMALE","FEMALE","FEMALE","FEMALE","FEMALE","MALE","MALE","MALE","MALE","MALE","MALE","MALE","MALE","MALE","FEMALE","MALE","FEMALE","FEMALE","FEMALE","FEMALE"],"X_CALENDAR_YEAR":[2019,2019,2019,2019,2019,2019,2019,2019,2019,2019,2019,2019,2019,2019,2019,2019,2019,2019,2019,2019],"Y_PREVALENCE_1000PP":[4.72769,4.34657,4.03691,4.99722,4.62364,6.42792,3.96359,4.23163,4.9236,4.09177,3.53416,3.86698,4.96963,7.44986,6.10526,4.37429,3.73923,3.8599,3.49727,2.67023]},"PREVALENCE_BY_MONTH":{"X_CALENDAR_MONTH":[201901,201902,201903,201904,201905,201906,201907,201908,201909,201910,201911,201912],"Y_PREVALENCE_1000PP":[0.36,0.32,0.33,0.6,0.38,0.3,0.42,0.33,0.27,0.5,0.27,0.25]},"CONDITIONS_BY_TYPE":{"CONCEPT_NAME":"Claim","COUNT_VALUE":577},"AGE_AT_FIRST_DIAGNOSIS":{"CATEGORY":["MALE","No matching concept","FEMALE"],"MIN_VALUE":[0,5,0],"P10_VALUE":[10,5,7],"P25_VALUE":[22,18,24],"MEDIAN_VALUE":[44,34,46],"P75_VALUE":[63,55,64],"P90_VALUE":[81,78,78],"MAX_VALUE":[98,78,99]}}
