{"PREVALENCE_BY_GENDER_AGE_YEAR":{"TRELLIS_NAME":["80-89","70-79","40-49","60-69","50-59","90-99","10-19","30-39","0-9","50-59","40-49","20-29","0-9","60-69","90-99","70-79","80-89","10-19","30-39","20-29"],"SERIES_NAME":["FEMALE","FEMALE","FEMALE","FEMALE","FEMALE","FEMALE","MALE","MALE","MALE","MALE","MALE","MALE","FEMALE","MALE","MALE","MALE","MALE","FEMALE","FEMALE","FEMALE"],"X_CALENDAR_YEAR":[2019,2019,2019,2019,2019,2019,2019,2019,2019,2019,2019,2019,2019,2019,2019,2019,2019,2019,2019,2019],"Y_PREVALENCE_1000PP":[8.06916,10.56338,12.99072,11.9863,9.70592,12.82051,9.39505,10.33723,10.92287,11.58868,12.72488,10.11122,11.14851,8.07692,12.53561,11.58155,13.25235,11.14998,11.23413,10.49126]},"PREVALENCE_BY_MONTH":{"X_CALENDAR_MONTH":[201901,201902,201903,201904,201905,201906,201907,201908,201909,201910,201911,201912],"Y_PREVALENCE_1000PP":[1.35,0.68,0.72,0.98,0.82,0.7,1.21,0.92,0.81,1.03,0.95,0.81]},"CONDITIONS_BY_TYPE":{"CONCEPT_NAME":"Claim","COUNT_VALUE":6004},"AGE_AT_FIRST_DIAGNOSIS":{"CATEGORY":["MALE","FEMALE","No matching concept"],"MIN_VALUE":[0,0,1],"P10_VALUE":[11,10,14],"P25_VALUE":[26,25,27],"MEDIAN_VALUE":[45,44,36],"P75_VALUE":[64,62,62],"P90_VALUE":[79,77,69],"MAX_VALUE":[99,99,76]}}
