{"PREVALENCE_BY_GENDER_AGE_YEAR":{"TRELLIS_NAME":["30-39","20-29","70-79","40-49","70-79","50-59","60-69","20-29","40-49","50-59","10-19"],"SERIES_NAME":["FEMALE","FEMALE","MALE","FEMALE","FEMALE","FEMALE","FEMALE","MALE","MALE","MALE","MALE"],"X_CALENDAR_YEAR":[2019,2019,2019,2019,2019,2019,2019,2019,2019,2019,2019],"Y_PREVALENCE_1000PP":[1.30251,1.49875,1.13917,1.57031,1.48258,1.44865,1.14155,1.51668,1.1701,1.76031,1.37489]},"PREVALENCE_BY_MONTH":{"X_CALENDAR_MONTH":[201901,201902,201903,201904,201905,201906,201907,201908,201909,201910,201911,201912],"Y_PREVALENCE_1000PP":[0.1,0.13,0.1,0.19,0.11,0.1,0.06,0.14,0.09,0.09,0.08,0.09]},"CONDITIONS_BY_TYPE":{"CONCEPT_NAME":"Claim","COUNT_VALUE":696},"AGE_AT_FIRST_DIAGNOSIS":{"CATEGORY":["MALE","FEMALE"],"MIN_VALUE":[2,2],"P10_VALUE":[13,16],"P25_VALUE":[24,28],"MEDIAN_VALUE":[48,48],"P75_VALUE":[62,66],"P90_VALUE":[78,80],"MAX_VALUE":[91,99]}}
