{"PREVALENCE_BY_GENDER_AGE_YEAR":{"TRELLIS_NAME":["50-59","30-39","20-29","60-69","0-9","10-19","40-49","60-69","50-59","70-79","90-99","40-49","80-89","70-79","80-89","90-99","10-19","0-9","20-29","30-39"],"SERIES_NAME":["MALE","MALE","MALE","MALE","MALE","MALE","MALE","FEMALE","FEMALE","FEMALE","FEMALE","FEMALE","FEMALE","MALE","MALE","MALE","FEMALE","FEMALE","FEMALE","FEMALE"],"X_CALENDAR_YEAR":[2019,2019,2019,2019,2019,2019,2019,2019,2019,2019,2019,2019,2019,2019,2019,2019,2019,2019,2019,2019],"Y_PREVALENCE_1000PP":[10.85521,11.69293,10.95383,10.57692,9.36246,10.08249,13.16367,11.60578,12.16862,11.11935,8.91862,10.13562,10.95101,12.34099,11.5958,10.25641,12.46174,10.93816,12.48959,9.11755]},"PREVALENCE_BY_MONTH":{"X_CALENDAR_MONTH":[201901,201902,201903,201904,201905,201906,201907,201908,201909,201910,201911,201912],"Y_PREVALENCE_1000PP":[1.09,0.99,1.17,0.99,1,0.78,1.03,0.73,0.77,0.91,0.74,0.95]},"CONDITIONS_BY_TYPE":{"CONCEPT_NAME":"Claim","COUNT_VALUE":6024},"AGE_AT_FIRST_DIAGNOSIS":{"CATEGORY":["No matching concept","FEMALE","MALE"],"MIN_VALUE":[6,0,0],"P10_VALUE":[10,10,13],"P25_VALUE":[13,23,27],"MEDIAN_VALUE":[43,45,45],"P75_VALUE":[69,63,64],"P90_VALUE":[89,76,77],"MAX_VALUE":[94,97,98]}}
