{"PREVALENCE_BY_GENDER_AGE_YEAR":{"TRELLIS_NAME":["30-39","80-89","90-99","20-29","10-19","70-79","0-9","40-49","60-69","90-99","80-89","50-59","70-79","0-9","50-59","20-29","10-19","60-69","40-49","30-39"],"SERIES_NAME":["FEMALE","MALE","MALE","FEMALE","FEMALE","MALE","FEMALE","FEMALE","FEMALE","FEMALE","FEMALE","FEMALE","FEMALE","MALE","MALE","MALE","MALE","MALE","MALE","MALE"],"X_CALENDAR_YEAR":[2019,2019,2019,2019,2019,2019,2019,2019,2019,2019,2019,2019,2019,2019,2019,2019,2019,2019,2019,2019],"Y_PREVALENCE_1000PP":[22.30544,22.63943,17.09402,22.14821,22.08133,24.68198,18.93143,21.41328,24.16286,30.65775,21.32565,24.33724,25.75982,22.06866,21.56374,25.44658,18.33181,22.69231,24.42592,21.52178]},"PREVALENCE_BY_MONTH":{"X_CALENDAR_MONTH":[201901,201902,201903,201904,201905,201906,201907,201908,201909,201910,201911,201912],"Y_PREVALENCE_1000PP":[2.42,1.69,1.94,2.2,1.88,1.82,2.05,1.78,1.71,2.21,1.48,1.76]},"CONDITIONS_BY_TYPE":{"CONCEPT_NAME":"Claim","COUNT_VALUE":12512},"AGE_AT_FIRST_DIAGNOSIS":{"CATEGORY":["No matching concept","FEMALE","MALE"],"MIN_VALUE":[6,0,0],"P10_VALUE":[19,12,11],"P25_VALUE":[27,27,25],"MEDIAN_VALUE":[47,47,45],"P75_VALUE":[71,65,64],"P90_VALUE":[79,78,76],"MAX_VALUE":[92,99,99]}}
