{"PREVALENCE_BY_GENDER_AGE_YEAR":{"TRELLIS_NAME":["10-19","20-29","50-59","60-69","40-49","30-39","0-9","90-99","40-49","10-19","70-79","20-29","30-39","70-79","60-69","50-59"],"SERIES_NAME":["MALE","MALE","MALE","MALE","MALE","MALE","MALE","MALE","FEMALE","FEMALE","MALE","FEMALE","FEMALE","FEMALE","FEMALE","FEMALE"],"X_CALENDAR_YEAR":[2019,2019,2019,2019,2019,2019,2019,2019,2019,2019,2019,2019,2019,2019,2019,2019],"Y_PREVALENCE_1000PP":[2.29568,2.86099,2.202,2.90023,3.21496,1.86757,2.22717,6.30372,2.43031,1.74863,3.23317,1.00134,1.78833,2.40429,1.70197,3.91191]},"PREVALENCE_BY_MONTH":{"X_CALENDAR_MONTH":[201901,201902,201903,201904,201905,201906,201907,201908,201909,201910,201911,201912],"Y_PREVALENCE_1000PP":[0.21,0.1,0.16,0.24,0.25,0.25,0.25,0.2,0.13,0.24,0.13,0.15]},"CONDITIONS_BY_TYPE":{"CONCEPT_NAME":"Claim","COUNT_VALUE":316},"AGE_AT_FIRST_DIAGNOSIS":{"CATEGORY":["MALE","FEMALE"],"MIN_VALUE":[1,0],"P10_VALUE":[12,18],"P25_VALUE":[25,37],"MEDIAN_VALUE":[47,52],"P75_VALUE":[65,61],"P90_VALUE":[78,77],"MAX_VALUE":[96,97]}}
