{"PREVALENCE_BY_GENDER_AGE_YEAR":{"TRELLIS_NAME":["70-79","60-69","30-39","20-29","10-19","0-9","80-89","10-19","0-9","20-29","30-39","50-59","40-49","90-99","70-79","50-59","40-49","60-69"],"SERIES_NAME":["MALE","MALE","FEMALE","FEMALE","FEMALE","FEMALE","MALE","MALE","MALE","MALE","MALE","MALE","MALE","FEMALE","FEMALE","FEMALE","FEMALE","FEMALE"],"X_CALENDAR_YEAR":[2019,2019,2019,2019,2019,2019,2019,2019,2019,2019,2019,2019,2019,2019,2019,2019,2019,2019],"Y_PREVALENCE_1000PP":[3.60737,3.84615,3.09345,3.66361,1.96764,3.15524,4.41745,3.66636,2.8979,4.04449,1.01678,2.64046,3.9491,5.01672,1.48258,1.73837,3.56888,2.85388]},"PREVALENCE_BY_MONTH":{"X_CALENDAR_MONTH":[201901,201902,201903,201904,201905,201906,201907,201908,201909,201910,201911,201912],"Y_PREVALENCE_1000PP":[0.28,0.24,0.14,0.29,0.23,0.17,0.25,0.27,0.22,0.42,0.22,0.25]},"CONDITIONS_BY_TYPE":{"CONCEPT_NAME":"Claim","COUNT_VALUE":1676},"AGE_AT_FIRST_DIAGNOSIS":{"CATEGORY":["MALE","No matching concept","FEMALE"],"MIN_VALUE":[0,5,1],"P10_VALUE":[10,5,9],"P25_VALUE":[22,27,26],"MEDIAN_VALUE":[46,47,41],"P75_VALUE":[65,68,61],"P90_VALUE":[75,77,79],"MAX_VALUE":[94,77,98]}}
