{"PREVALENCE_BY_GENDER_AGE_YEAR":{"TRELLIS_NAME":["40-49","70-79","10-19","30-39","0-9","20-29","80-89","70-79","50-59","60-69","0-9","50-59","60-69","20-29","30-39","10-19","40-49"],"SERIES_NAME":["FEMALE","MALE","FEMALE","FEMALE","FEMALE","FEMALE","FEMALE","FEMALE","FEMALE","FEMALE","MALE","MALE","MALE","MALE","MALE","MALE","MALE"],"X_CALENDAR_YEAR":[2019,2019,2019,2019,2019,2019,2019,2019,2019,2019,2019,2019,2019,2019,2019,2019,2019],"Y_PREVALENCE_1000PP":[2.14439,1.90186,3.27869,2.92635,1.68421,1.502,4.61361,2.40429,1.88351,2.6475,2.00445,2.936,1.35344,2.18782,1.86757,1.60698,2.33816]},"PREVALENCE_BY_MONTH":{"X_CALENDAR_MONTH":[201901,201902,201903,201904,201905,201906,201907,201908,201909,201910,201911,201912],"Y_PREVALENCE_1000PP":[0.28,0.17,0.18,0.23,0.23,0.15,0.18,0.14,0.18,0.21,0.12,0.16]},"CONDITIONS_BY_TYPE":{"CONCEPT_NAME":"Claim","COUNT_VALUE":298},"AGE_AT_FIRST_DIAGNOSIS":{"CATEGORY":["No matching concept","MALE","FEMALE"],"MIN_VALUE":[17,0,0],"P10_VALUE":[17,10,12],"P25_VALUE":[22,25,27],"MEDIAN_VALUE":[32,44,44],"P75_VALUE":[73,57,68],"P90_VALUE":[98,75,80],"MAX_VALUE":[98,99,96]}}
