{"PREVALENCE_BY_GENDER_AGE_YEAR":{"TRELLIS_NAME":["60-69","30-39","50-59","40-49","20-29","10-19","30-39","0-9","10-19","20-29","70-79","40-49","70-79","80-89","60-69","50-59","90-99"],"SERIES_NAME":["MALE","MALE","MALE","MALE","MALE","MALE","FEMALE","FEMALE","FEMALE","FEMALE","MALE","FEMALE","FEMALE","FEMALE","FEMALE","FEMALE","FEMALE"],"X_CALENDAR_YEAR":[2019,2019,2019,2019,2019,2019,2019,2019,2019,2019,2019,2019,2019,2019,2019,2019,2019],"Y_PREVALENCE_1000PP":[4.44702,1.52801,3.22959,1.02294,1.34635,3.44353,2.92635,2.73684,2.84153,3.00401,2.28224,1.71551,2.40429,3.46021,1.89107,1.59374,4.99722]},"PREVALENCE_BY_MONTH":{"X_CALENDAR_MONTH":[201901,201902,201903,201904,201905,201906,201907,201908,201909,201910,201911,201912],"Y_PREVALENCE_1000PP":[0.2,0.08,0.21,0.24,0.25,0.17,0.25,0.24,0.13,0.23,0.19,0.18]},"CONDITIONS_BY_TYPE":{"CONCEPT_NAME":"Claim","COUNT_VALUE":315},"AGE_AT_FIRST_DIAGNOSIS":{"CATEGORY":["No matching concept","FEMALE","MALE"],"MIN_VALUE":[10,0,4],"P10_VALUE":[10,9,13],"P25_VALUE":[33,21,24],"MEDIAN_VALUE":[37,38,55],"P75_VALUE":[58,66,66],"P90_VALUE":[99,82,77],"MAX_VALUE":[99,95,98]}}
