{"PREVALENCE_BY_GENDER_AGE_YEAR":{"TRELLIS_NAME":["60-69","40-49","50-59","0-9","10-19","20-29","30-39","40-49","50-59","70-79","60-69","30-39","90-99","0-9","20-29","10-19","70-79"],"SERIES_NAME":["MALE","MALE","MALE","MALE","MALE","MALE","MALE","FEMALE","FEMALE","FEMALE","FEMALE","FEMALE","MALE","FEMALE","FEMALE","FEMALE","MALE"],"X_CALENDAR_YEAR":[2019,2019,2019,2019,2019,2019,2019,2019,2019,2019,2019,2019,2019,2019,2019,2019,2019],"Y_PREVALENCE_1000PP":[2.69231,2.779,2.05369,3.78957,2.97892,2.69633,3.38926,3.99714,3.62161,2.40919,2.09285,3.09345,3.9886,2.52419,2.9975,4.15391,1.89861]},"PREVALENCE_BY_MONTH":{"X_CALENDAR_MONTH":[201901,201902,201903,201904,201905,201906,201907,201908,201909,201910,201911,201912],"Y_PREVALENCE_1000PP":[0.26,0.25,0.2,0.31,0.19,0.28,0.3,0.28,0.08,0.22,0.23,0.28]},"CONDITIONS_BY_TYPE":{"CONCEPT_NAME":"Claim","COUNT_VALUE":1564},"AGE_AT_FIRST_DIAGNOSIS":{"CATEGORY":["No matching concept","MALE","FEMALE"],"MIN_VALUE":[22,2,0],"P10_VALUE":[22,6,11],"P25_VALUE":[37,22,23],"MEDIAN_VALUE":[39,39,41],"P75_VALUE":[58,59,56],"P90_VALUE":[75,76,72],"MAX_VALUE":[75,99,96]}}
