{"PREVALENCE_BY_GENDER_AGE_YEAR":{"TRELLIS_NAME":["20-29","70-79","60-69","30-39","10-19","0-9","30-39","20-29","40-49","50-59","40-49","70-79","60-69","50-59"],"SERIES_NAME":["FEMALE","MALE","MALE","FEMALE","FEMALE","FEMALE","MALE","MALE","MALE","MALE","FEMALE","FEMALE","FEMALE","FEMALE"],"X_CALENDAR_YEAR":[2019,2019,2019,2019,2019,2019,2019,2019,2019,2019,2019,2019,2019,2019],"Y_PREVALENCE_1000PP":[1.66528,1.51889,1.53846,1.46532,1.74902,1.47244,2.37248,2.35929,1.46263,2.20038,1.99857,1.6679,1.71233,1.30378]},"PREVALENCE_BY_MONTH":{"X_CALENDAR_MONTH":[201901,201902,201903,201904,201905,201906,201907,201908,201909,201910,201911,201912],"Y_PREVALENCE_1000PP":[0.23,0.12,0.09,0.16,0.12,0.13,0.14,0.1,0.1,0.18,0.18,0.15]},"CONDITIONS_BY_TYPE":{"CONCEPT_NAME":"Claim","COUNT_VALUE":900},"AGE_AT_FIRST_DIAGNOSIS":{"CATEGORY":["FEMALE","MALE","No matching concept"],"MIN_VALUE":[0,6,1],"P10_VALUE":[11,20,1],"P25_VALUE":[26,28,2],"MEDIAN_VALUE":[43,47,41],"P75_VALUE":[61,62,51],"P90_VALUE":[74,77,74],"MAX_VALUE":[98,98,74]}}
