{"PREVALENCE_BY_GENDER_AGE_YEAR":{"TRELLIS_NAME":["40-49","0-9","20-29","30-39","70-79","10-19","60-69","50-59","70-79","40-49","20-29","10-19","50-59","60-69","30-39"],"SERIES_NAME":["FEMALE","FEMALE","FEMALE","FEMALE","MALE","FEMALE","FEMALE","FEMALE","FEMALE","MALE","MALE","MALE","MALE","MALE","MALE"],"X_CALENDAR_YEAR":[2019,2019,2019,2019,2019,2019,2019,2019,2019,2019,2019,2019,2019,2019,2019],"Y_PREVALENCE_1000PP":[0.99929,2.10349,1.66528,1.95376,1.13917,1.31176,2.66362,1.30378,1.6679,1.02384,1.34816,1.60403,1.17354,1.15385,2.7114]},"PREVALENCE_BY_MONTH":{"X_CALENDAR_MONTH":[201901,201902,201903,201904,201905,201906,201907,201908,201909,201910,201911,201912],"Y_PREVALENCE_1000PP":[0.16,0.12,0.1,0.12,0.17,0.09,0.09,0.1,0.16,0.15,0.16,0.17]},"CONDITIONS_BY_TYPE":{"CONCEPT_NAME":"Claim","COUNT_VALUE":880},"AGE_AT_FIRST_DIAGNOSIS":{"CATEGORY":["MALE","FEMALE"],"MIN_VALUE":[0,0],"P10_VALUE":[17,7],"P25_VALUE":[28,24],"MEDIAN_VALUE":[39,44],"P75_VALUE":[65,66],"P90_VALUE":[84,79],"MAX_VALUE":[91,95]}}
