{"PREVALENCE_BY_GENDER_AGE_YEAR":{"TRELLIS_NAME":["30-39","80-89","70-79","10-19","0-9","40-49","20-29","90-99","10-19","20-29","60-69","0-9","50-59","30-39","40-49","50-59","70-79","80-89","60-69"],"SERIES_NAME":["FEMALE","MALE","MALE","FEMALE","FEMALE","FEMALE","FEMALE","MALE","MALE","MALE","MALE","MALE","MALE","MALE","MALE","FEMALE","FEMALE","FEMALE","FEMALE"],"X_CALENDAR_YEAR":[2019,2019,2019,2019,2019,2019,2019,2019,2019,2019,2019,2019,2019,2019,2019,2019,2019,2019,2019],"Y_PREVALENCE_1000PP":[1.95376,4.41745,2.4682,1.74902,2.94489,2.99786,2.49792,4.5584,3.43721,3.03337,2.88462,3.34374,3.96069,3.05033,3.21779,2.89729,3.15048,3.45821,2.66362]},"PREVALENCE_BY_MONTH":{"X_CALENDAR_MONTH":[201901,201902,201903,201904,201905,201906,201907,201908,201909,201910,201911,201912],"Y_PREVALENCE_1000PP":[0.29,0.19,0.2,0.24,0.29,0.19,0.32,0.22,0.24,0.28,0.28,0.26]},"CONDITIONS_BY_TYPE":{"CONCEPT_NAME":"Claim","COUNT_VALUE":1628},"AGE_AT_FIRST_DIAGNOSIS":{"CATEGORY":["FEMALE","No matching concept","MALE"],"MIN_VALUE":[0,15,0],"P10_VALUE":[9,15,10],"P25_VALUE":[25,43,25],"MEDIAN_VALUE":[47,59,46],"P75_VALUE":[64,60,62],"P90_VALUE":[78,77,82],"MAX_VALUE":[99,77,99]}}
