{"PREVALENCE_BY_GENDER_AGE_YEAR":{"TRELLIS_NAME":["50-59","20-29","30-39","10-19","20-29","30-39","60-69","60-69","50-59"],"SERIES_NAME":["MALE","MALE","MALE","MALE","FEMALE","FEMALE","MALE","FEMALE","FEMALE"],"X_CALENDAR_YEAR":[2019,2019,2019,2019,2019,2019,2019,2019,2019],"Y_PREVALENCE_1000PP":[1.1744,1.51464,1.01868,1.37741,1.33511,1.3006,1.74014,1.13464,1.0142]},"PREVALENCE_BY_MONTH":{"X_CALENDAR_MONTH":[201901,201902,201904,201905,201906,201907,201908,201909,201910,201911],"Y_PREVALENCE_1000PP":[0.16,0.07,0.09,0.07,0.11,0.06,0.11,0.1,0.09,0.06]},"CONDITIONS_BY_TYPE":{"CONCEPT_NAME":"Claim","COUNT_VALUE":141},"AGE_AT_FIRST_DIAGNOSIS":{"CATEGORY":["FEMALE","MALE"],"MIN_VALUE":[1,0],"P10_VALUE":[11,17],"P25_VALUE":[26,28],"MEDIAN_VALUE":[40,44],"P75_VALUE":[62,63],"P90_VALUE":[77,74],"MAX_VALUE":[98,88]}}
