{"PREVALENCE_BY_GENDER_AGE_YEAR":{"TRELLIS_NAME":["0-9","30-39","10-19","20-29","80-89","90-99","70-79","60-69","40-49","70-79","80-89","50-59","50-59","60-69","0-9","10-19","30-39","40-49","20-29"],"SERIES_NAME":["FEMALE","FEMALE","FEMALE","FEMALE","MALE","MALE","MALE","FEMALE","FEMALE","FEMALE","FEMALE","FEMALE","MALE","MALE","MALE","MALE","MALE","MALE","MALE"],"X_CALENDAR_YEAR":[2019,2019,2019,2019,2019,2019,2019,2019,2019,2019,2019,2019,2019,2019,2019,2019,2019,2019,2019],"Y_PREVALENCE_1000PP":[1.89474,2.27605,2.62295,2.33645,3.31309,5.73066,2.66261,1.89107,2.71623,1.47956,3.46021,2.60794,2.936,2.32019,2.22717,2.29568,1.69779,2.48429,3.02928]},"PREVALENCE_BY_MONTH":{"X_CALENDAR_MONTH":[201901,201902,201903,201904,201905,201906,201907,201908,201909,201910,201911,201912],"Y_PREVALENCE_1000PP":[0.28,0.15,0.3,0.27,0.1,0.17,0.28,0.09,0.13,0.27,0.25,0.19]},"CONDITIONS_BY_TYPE":{"CONCEPT_NAME":"Claim","COUNT_VALUE":320},"AGE_AT_FIRST_DIAGNOSIS":{"CATEGORY":["MALE","FEMALE","No matching concept"],"MIN_VALUE":[0,0,13],"P10_VALUE":[11,12,13],"P25_VALUE":[24,24,25],"MEDIAN_VALUE":[49,44,48],"P75_VALUE":[68,59,64],"P90_VALUE":[85,75,66],"MAX_VALUE":[98,99,66]}}
