{"PREVALENCE_BY_GENDER_AGE_YEAR":{"TRELLIS_NAME":["50-59","70-79","10-19","30-39","20-29","40-49","0-9","30-39","20-29","40-49"],"SERIES_NAME":["FEMALE","FEMALE","MALE","MALE","MALE","MALE","FEMALE","FEMALE","FEMALE","FEMALE"],"X_CALENDAR_YEAR":[2019,2019,2019,2019,2019,2019,2019,2019,2019,2019],"Y_PREVALENCE_1000PP":[1.44865,1.29726,1.60403,1.18624,1.01112,1.31637,1.2621,0.97688,1.66528,1.71306]},"PREVALENCE_BY_MONTH":{"X_CALENDAR_MONTH":[201901,201902,201903,201904,201905,201906,201907,201908,201909,201910,201911,201912],"Y_PREVALENCE_1000PP":[0.14,0.08,0.09,0.07,0.07,0.1,0.1,0.08,0.06,0.1,0.09,0.1]},"CONDITIONS_BY_TYPE":{"CONCEPT_NAME":"Claim","COUNT_VALUE":556},"AGE_AT_FIRST_DIAGNOSIS":{"CATEGORY":["FEMALE","MALE"],"MIN_VALUE":[3,0],"P10_VALUE":[11,14],"P25_VALUE":[24,25],"MEDIAN_VALUE":[43,40],"P75_VALUE":[58,56],"P90_VALUE":[73,73],"MAX_VALUE":[97,98]}}
