{"PREVALENCE_BY_GENDER_AGE_YEAR":{"TRELLIS_NAME":["50-59","30-39","10-19","0-9","60-69","40-49","20-29","80-89","60-69","50-59","70-79","90-99","70-79","20-29","40-49","30-39","0-9","80-89","10-19","90-99"],"SERIES_NAME":["MALE","MALE","MALE","MALE","MALE","MALE","MALE","FEMALE","FEMALE","FEMALE","FEMALE","FEMALE","MALE","FEMALE","FEMALE","FEMALE","FEMALE","MALE","FEMALE","MALE"],"X_CALENDAR_YEAR":[2019,2019,2019,2019,2019,2019,2019,2019,2019,2019,2019,2019,2019,2019,2019,2019,2019,2019,2019,2019],"Y_PREVALENCE_1000PP":[4.69415,2.88087,2.74977,4.01248,4.80769,3.36405,3.53893,4.03458,2.09285,3.91134,4.44774,3.34448,4.55667,3.66361,4.28266,3.41908,4.83803,3.31309,2.84215,5.12821]},"PREVALENCE_BY_MONTH":{"X_CALENDAR_MONTH":[201901,201902,201903,201904,201905,201906,201907,201908,201909,201910,201911,201912],"Y_PREVALENCE_1000PP":[0.32,0.32,0.26,0.38,0.28,0.18,0.35,0.24,0.32,0.42,0.38,0.31]},"CONDITIONS_BY_TYPE":{"CONCEPT_NAME":"Claim","COUNT_VALUE":2000},"AGE_AT_FIRST_DIAGNOSIS":{"CATEGORY":["MALE","FEMALE"],"MIN_VALUE":[0,0],"P10_VALUE":[10,7],"P25_VALUE":[28,25],"MEDIAN_VALUE":[50,44],"P75_VALUE":[68,62],"P90_VALUE":[78,79],"MAX_VALUE":[99,98]}}
