{"PREVALENCE_BY_GENDER_AGE_YEAR":{"TRELLIS_NAME":["70-79","60-69","50-59","60-69","30-39","10-19","20-29","50-59","40-49","0-9","0-9","30-39","40-49","20-29","10-19"],"SERIES_NAME":["FEMALE","FEMALE","FEMALE","MALE","MALE","MALE","MALE","MALE","MALE","MALE","FEMALE","FEMALE","FEMALE","FEMALE","FEMALE"],"X_CALENDAR_YEAR":[2019,2019,2019,2019,2019,2019,2019,2019,2019,2019,2019,2019,2019,2019,2019],"Y_PREVALENCE_1000PP":[1.48258,2.28311,1.88324,2.30769,1.01678,2.06233,1.51668,1.61361,1.90142,1.78333,1.2621,1.62813,1.57031,2.33139,1.96764]},"PREVALENCE_BY_MONTH":{"X_CALENDAR_MONTH":[201901,201902,201903,201904,201905,201906,201907,201908,201909,201910,201911,201912],"Y_PREVALENCE_1000PP":[0.2,0.19,0.12,0.14,0.14,0.13,0.14,0.09,0.12,0.14,0.17,0.12]},"CONDITIONS_BY_TYPE":{"CONCEPT_NAME":"Claim","COUNT_VALUE":928},"AGE_AT_FIRST_DIAGNOSIS":{"CATEGORY":["FEMALE","No matching concept","MALE"],"MIN_VALUE":[1,11,3],"P10_VALUE":[12,11,9],"P25_VALUE":[25,28,21],"MEDIAN_VALUE":[42,46,44],"P75_VALUE":[62,49,60],"P90_VALUE":[73,76,68],"MAX_VALUE":[94,76,95]}}
