{"PREVALENCE_BY_GENDER_AGE_YEAR":{"TRELLIS_NAME":["0-9","20-29","10-19","60-69","40-49","30-39","50-59","90-99","50-59","80-89","40-49","70-79","60-69","10-19","20-29","70-79","80-89","90-99","30-39","0-9"],"SERIES_NAME":["MALE","MALE","MALE","MALE","MALE","MALE","MALE","FEMALE","FEMALE","FEMALE","FEMALE","FEMALE","FEMALE","FEMALE","FEMALE","MALE","MALE","MALE","FEMALE","FEMALE"],"X_CALENDAR_YEAR":[2019,2019,2019,2019,2019,2019,2019,2019,2019,2019,2019,2019,2019,2019,2019,2019,2019,2019,2019,2019],"Y_PREVALENCE_1000PP":[5.34998,3.87597,5.27039,7.88462,4.68042,6.27012,8.50814,5.57414,4.20107,10.37464,6.85225,6.48629,6.4688,7.65195,5.995,6.07556,3.86527,10.25641,6.34972,6.10013]},"PREVALENCE_BY_MONTH":{"X_CALENDAR_MONTH":[201901,201902,201903,201904,201905,201906,201907,201908,201909,201910,201911,201912],"Y_PREVALENCE_1000PP":[0.53,0.56,0.55,0.61,0.42,0.51,0.58,0.52,0.54,0.48,0.45,0.55]},"CONDITIONS_BY_TYPE":{"CONCEPT_NAME":"Claim","COUNT_VALUE":3332},"AGE_AT_FIRST_DIAGNOSIS":{"CATEGORY":["MALE","FEMALE","No matching concept"],"MIN_VALUE":[1,0,9],"P10_VALUE":[12,10,10],"P25_VALUE":[31,24,37],"MEDIAN_VALUE":[51,42,47],"P75_VALUE":[65,66,66],"P90_VALUE":[76,79,75],"MAX_VALUE":[99,99,98]}}
