{"PREVALENCE_BY_GENDER_AGE_YEAR":{"TRELLIS_NAME":["20-29","10-19","40-49","0-9","60-69","30-39","50-59","30-39","90-99","0-9","10-19","80-89","20-29","70-79","50-59","40-49","70-79","60-69","90-99"],"SERIES_NAME":["MALE","MALE","MALE","MALE","MALE","MALE","MALE","FEMALE","MALE","FEMALE","FEMALE","MALE","FEMALE","MALE","FEMALE","FEMALE","FEMALE","FEMALE","FEMALE"],"X_CALENDAR_YEAR":[2019,2019,2019,2019,2019,2019,2019,2019,2019,2019,2019,2019,2019,2019,2019,2019,2019,2019,2019],"Y_PREVALENCE_1000PP":[4.03904,1.83655,3.94564,4.45434,3.67363,4.0747,5.43159,5.03983,4.01146,2.73684,3.06011,3.31309,4.00534,3.23317,3.0426,3.57398,2.95913,5.1059,4.99722]},"PREVALENCE_BY_MONTH":{"X_CALENDAR_MONTH":[201901,201902,201903,201904,201905,201906,201907,201908,201909,201910,201911,201912],"Y_PREVALENCE_1000PP":[0.4,0.25,0.28,0.42,0.28,0.4,0.45,0.2,0.28,0.29,0.24,0.33]},"CONDITIONS_BY_TYPE":{"CONCEPT_NAME":"Claim","COUNT_VALUE":517},"AGE_AT_FIRST_DIAGNOSIS":{"CATEGORY":["No matching concept","FEMALE","MALE"],"MIN_VALUE":[2,0,0],"P10_VALUE":[2,13,9],"P25_VALUE":[21,27,27],"MEDIAN_VALUE":[36,42,47],"P75_VALUE":[47,62,61],"P90_VALUE":[53,75,76],"MAX_VALUE":[53,98,99]}}
