{"PREVALENCE_BY_GENDER_AGE_YEAR":{"TRELLIS_NAME":["10-19","20-29","30-39","60-69","40-49","50-59","60-69","50-59","70-79","10-19","70-79","30-39","20-29","40-49"],"SERIES_NAME":["MALE","MALE","MALE","MALE","MALE","MALE","FEMALE","FEMALE","FEMALE","FEMALE","MALE","FEMALE","FEMALE","FEMALE"],"X_CALENDAR_YEAR":[2019,2019,2019,2019,2019,2019,2019,2019,2019,2019,2019,2019,2019,2019],"Y_PREVALENCE_1000PP":[1.83318,1.85372,1.52517,1.73077,0.87758,0.88015,1.52207,1.01405,1.6679,2.18627,1.89861,1.46532,0.99917,2.28408]},"PREVALENCE_BY_MONTH":{"X_CALENDAR_MONTH":[201901,201902,201903,201904,201905,201907,201908,201909,201910,201911,201912],"Y_PREVALENCE_1000PP":[0.18,0.06,0.07,0.14,0.09,0.11,0.07,0.13,0.23,0.14,0.07]},"CONDITIONS_BY_TYPE":{"CONCEPT_NAME":"Claim","COUNT_VALUE":696},"AGE_AT_FIRST_DIAGNOSIS":{"CATEGORY":["MALE","FEMALE"],"MIN_VALUE":[1,5],"P10_VALUE":[13,13],"P25_VALUE":[23,27],"MEDIAN_VALUE":[40,44],"P75_VALUE":[67,60],"P90_VALUE":[75,74],"MAX_VALUE":[88,96]}}
