{"PREVALENCE_BY_GENDER_AGE_YEAR":{"TRELLIS_NAME":["70-79","10-19","40-49","80-89","0-9","90-99","30-39","20-29","70-79","50-59","60-69","80-89","90-99","10-19","50-59","60-69","40-49","0-9","20-29","30-39"],"SERIES_NAME":["MALE","FEMALE","FEMALE","MALE","FEMALE","MALE","FEMALE","FEMALE","FEMALE","FEMALE","FEMALE","FEMALE","FEMALE","MALE","MALE","MALE","MALE","MALE","MALE","MALE"],"X_CALENDAR_YEAR":[2019,2019,2019,2019,2019,2019,2019,2019,2019,2019,2019,2019,2019,2019,2019,2019,2019,2019,2019,2019],"Y_PREVALENCE_1000PP":[39.30131,34.98032,37.2591,44.17449,35.75936,35.89744,36.30739,34.97086,35.58191,36.07127,32.15373,34.58213,37.90412,37.5802,36.81972,37.11538,37.58959,34.32902,32.52444,34.23149]},"PREVALENCE_BY_MONTH":{"X_CALENDAR_MONTH":[201901,201902,201903,201904,201905,201906,201907,201908,201909,201910,201911,201912],"Y_PREVALENCE_1000PP":[3.26,2.73,3.07,3.32,3,2.55,3.46,3,3.06,3.4,2.55,3.09]},"CONDITIONS_BY_TYPE":{"CONCEPT_NAME":"Claim","COUNT_VALUE":19664},"AGE_AT_FIRST_DIAGNOSIS":{"CATEGORY":["No matching concept","FEMALE","MALE"],"MIN_VALUE":[5,0,0],"P10_VALUE":[25,10,11],"P25_VALUE":[36,25,26],"MEDIAN_VALUE":[46,44,46],"P75_VALUE":[66,62,65],"P90_VALUE":[75,77,78],"MAX_VALUE":[94,99,99]}}
