{"PREVALENCE_BY_GENDER_AGE_YEAR":{"TRELLIS_NAME":["20-29","30-39","50-59","40-49","40-49","50-59","70-79","0-9","10-19","30-39"],"SERIES_NAME":["MALE","MALE","MALE","MALE","FEMALE","FEMALE","FEMALE","FEMALE","FEMALE","FEMALE"],"X_CALENDAR_YEAR":[2019,2019,2019,2019,2019,2019,2019,2019,2019,2019],"Y_PREVALENCE_1000PP":[1.34816,1.01678,1.32023,1.31637,1.2848,1.01405,2.40919,1.89314,1.74902,1.95376]},"PREVALENCE_BY_MONTH":{"X_CALENDAR_MONTH":[201901,201902,201903,201904,201905,201906,201907,201908,201909,201910,201911,201912],"Y_PREVALENCE_1000PP":[0.14,0.06,0.1,0.1,0.15,0.06,0.15,0.08,0.12,0.08,0.13,0.12]},"CONDITIONS_BY_TYPE":{"CONCEPT_NAME":"Claim","COUNT_VALUE":696},"AGE_AT_FIRST_DIAGNOSIS":{"CATEGORY":["MALE","FEMALE"],"MIN_VALUE":[0,1],"P10_VALUE":[12,8],"P25_VALUE":[25,24],"MEDIAN_VALUE":[44,44],"P75_VALUE":[58,73],"P90_VALUE":[82,79],"MAX_VALUE":[98,96]}}
