{"PREVALENCE_BY_GENDER_AGE_YEAR":{"TRELLIS_NAME":["20-29","30-39","40-49","30-39","60-69","40-49"],"SERIES_NAME":["FEMALE","FEMALE","MALE","MALE","MALE","FEMALE"],"X_CALENDAR_YEAR":[2019,2019,2019,2019,2019,2019],"Y_PREVALENCE_1000PP":[1.00134,1.3006,0.87681,1.35823,1.16009,0.85776]},"PREVALENCE_BY_MONTH":{"X_CALENDAR_MONTH":[201901,201903,201904,201905,201906,201911,201912],"Y_PREVALENCE_1000PP":[0.08,0.07,0.08,0.11,0.09,0.06,0.08]},"CONDITIONS_BY_TYPE":{"CONCEPT_NAME":"Claim","COUNT_VALUE":96},"AGE_AT_FIRST_DIAGNOSIS":{"CATEGORY":["MALE","FEMALE"],"MIN_VALUE":[0,7],"P10_VALUE":[15,18],"P25_VALUE":[34,25],"MEDIAN_VALUE":[41,36],"P75_VALUE":[69,52],"P90_VALUE":[79,76],"MAX_VALUE":[91,82]}}
