{"PREVALENCE_BY_GENDER_AGE_YEAR":{"TRELLIS_NAME":["40-49","0-9","30-39","20-29","10-19","50-59","60-69","70-79","50-59","60-69","0-9","20-29","80-89","30-39","70-79","40-49","10-19","90-99"],"SERIES_NAME":["MALE","MALE","MALE","MALE","MALE","MALE","MALE","FEMALE","FEMALE","FEMALE","FEMALE","FEMALE","MALE","FEMALE","MALE","FEMALE","FEMALE","MALE"],"X_CALENDAR_YEAR":[2019,2019,2019,2019,2019,2019,2019,2019,2019,2019,2019,2019,2019,2019,2019,2019,2019,2019],"Y_PREVALENCE_1000PP":[4.38404,3.34076,4.41426,3.36587,2.52525,3.66999,3.67363,4.80858,3.33237,4.72769,3.36842,2.83712,3.86527,3.73923,3.80373,4.71766,3.27869,4.01146]},"PREVALENCE_BY_MONTH":{"X_CALENDAR_MONTH":[201901,201902,201903,201904,201905,201906,201907,201908,201909,201910,201911,201912],"Y_PREVALENCE_1000PP":[0.33,0.19,0.32,0.4,0.37,0.3,0.32,0.29,0.32,0.36,0.29,0.23]},"CONDITIONS_BY_TYPE":{"CONCEPT_NAME":"Claim","COUNT_VALUE":507},"AGE_AT_FIRST_DIAGNOSIS":{"CATEGORY":["MALE","FEMALE"],"MIN_VALUE":[0,0],"P10_VALUE":[12,12],"P25_VALUE":[29,29],"MEDIAN_VALUE":[45,47],"P75_VALUE":[65,66],"P90_VALUE":[78,77],"MAX_VALUE":[99,97]}}
