{"PREVALENCE_BY_GENDER_AGE_YEAR":{"TRELLIS_NAME":["40-49","0-9","80-89","10-19","90-99","20-29","30-39","70-79","60-69","30-39","10-19","40-49","20-29","50-59","0-9","60-69","90-99","80-89","50-59","70-79"],"SERIES_NAME":["FEMALE","FEMALE","MALE","FEMALE","MALE","FEMALE","FEMALE","MALE","MALE","MALE","MALE","MALE","MALE","MALE","MALE","FEMALE","FEMALE","FEMALE","FEMALE","FEMALE"],"X_CALENDAR_YEAR":[2019,2019,2019,2019,2019,2019,2019,2019,2019,2019,2019,2019,2019,2019,2019,2019,2019,2019,2019,2019],"Y_PREVALENCE_1000PP":[26.55246,29.23854,29.2656,28.85877,26.21083,28.14321,26.86421,29.61838,27.69231,33.21471,26.12282,24.42592,23.9299,28.60496,31.43112,29.29985,36.7893,36.31124,28.82805,27.61305]},"PREVALENCE_BY_MONTH":{"X_CALENDAR_MONTH":[201901,201902,201903,201904,201905,201906,201907,201908,201909,201910,201911,201912],"Y_PREVALENCE_1000PP":[2.85,1.83,2.2,2.82,2.08,2.14,2.82,2.49,2.12,2.97,2.04,2.39]},"CONDITIONS_BY_TYPE":{"CONCEPT_NAME":"Claim","COUNT_VALUE":15564},"AGE_AT_FIRST_DIAGNOSIS":{"CATEGORY":["MALE","FEMALE","No matching concept"],"MIN_VALUE":[0,0,0],"P10_VALUE":[9,10,15],"P25_VALUE":[25,24,26],"MEDIAN_VALUE":[45,46,48],"P75_VALUE":[64,65,64],"P90_VALUE":[77,78,76],"MAX_VALUE":[99,99,96]}}
