{"PREVALENCE_BY_GENDER_AGE_YEAR":{"TRELLIS_NAME":["40-49","0-9","70-79","10-19","30-39","20-29","80-89","90-99","30-39","0-9","20-29","40-49","60-69","50-59","10-19","60-69","80-89","70-79","90-99","50-59"],"SERIES_NAME":["FEMALE","FEMALE","MALE","FEMALE","FEMALE","FEMALE","MALE","MALE","MALE","MALE","MALE","MALE","MALE","MALE","MALE","FEMALE","FEMALE","FEMALE","FEMALE","FEMALE"],"X_CALENDAR_YEAR":[2019,2019,2019,2019,2019,2019,2019,2019,2019,2019,2019,2019,2019,2019,2019,2019,2019,2019,2019,2019],"Y_PREVALENCE_1000PP":[37.97288,39.12495,38.92159,36.07346,39.23803,33.13905,40.8614,36.46724,37.79021,38.34151,39.93933,38.17464,41.15385,37.99325,35.97617,34.43683,42.6513,38.54707,36.7893,37.23019]},"PREVALENCE_BY_MONTH":{"X_CALENDAR_MONTH":[201901,201902,201903,201904,201905,201906,201907,201908,201909,201910,201911,201912],"Y_PREVALENCE_1000PP":[3.81,2.71,2.65,3.65,2.95,3.04,3.94,3.01,3.22,3.7,2.76,2.91]},"CONDITIONS_BY_TYPE":{"CONCEPT_NAME":"Claim","COUNT_VALUE":20632},"AGE_AT_FIRST_DIAGNOSIS":{"CATEGORY":["MALE","No matching concept","FEMALE"],"MIN_VALUE":[0,2,0],"P10_VALUE":[11,8,9],"P25_VALUE":[26,24,25],"MEDIAN_VALUE":[45,42,45],"P75_VALUE":[63,67,63],"P90_VALUE":[77,74,77],"MAX_VALUE":[99,98,99]}}
