{"PREVALENCE_BY_GENDER_AGE_YEAR":{"TRELLIS_NAME":["50-59","10-19","40-49","20-29","60-69","30-39","0-9","80-89","50-59","40-49","60-69","70-79","70-79","0-9","30-39","20-29","10-19","80-89"],"SERIES_NAME":["MALE","MALE","MALE","MALE","MALE","MALE","MALE","FEMALE","FEMALE","FEMALE","FEMALE","FEMALE","MALE","FEMALE","FEMALE","FEMALE","FEMALE","MALE"],"X_CALENDAR_YEAR":[2019,2019,2019,2019,2019,2019,2019,2019,2019,2019,2019,2019,2019,2019,2019,2019,2019,2019],"Y_PREVALENCE_1000PP":[5.87199,5.28007,4.82245,5.38539,5.02707,4.24448,4.00891,3.46021,3.18748,3.43102,3.21483,4.99353,4.1841,3.15789,4.87726,4.33912,2.84153,7.17835]},"PREVALENCE_BY_MONTH":{"X_CALENDAR_MONTH":[201901,201902,201903,201904,201905,201906,201907,201908,201909,201910,201911,201912],"Y_PREVALENCE_1000PP":[0.46,0.38,0.35,0.37,0.26,0.26,0.42,0.36,0.26,0.46,0.4,0.38]},"CONDITIONS_BY_TYPE":{"CONCEPT_NAME":"Claim","COUNT_VALUE":586},"AGE_AT_FIRST_DIAGNOSIS":{"CATEGORY":["MALE","FEMALE","No matching concept"],"MIN_VALUE":[0,0,4],"P10_VALUE":[12,12,7],"P25_VALUE":[26,27,28],"MEDIAN_VALUE":[45,43,45],"P75_VALUE":[62,64,70],"P90_VALUE":[76,77,98],"MAX_VALUE":[98,98,99]}}
