{"PREVALENCE_BY_GENDER_AGE_YEAR":{"TRELLIS_NAME":["90-99","0-9","30-39","70-79","80-89","10-19","20-29","70-79","40-49","90-99","60-69","50-59","50-59","40-49","20-29","60-69","10-19","30-39","0-9"],"SERIES_NAME":["MALE","FEMALE","FEMALE","MALE","MALE","FEMALE","FEMALE","FEMALE","FEMALE","FEMALE","FEMALE","FEMALE","MALE","MALE","MALE","MALE","MALE","MALE","MALE"],"X_CALENDAR_YEAR":[2019,2019,2019,2019,2019,2019,2019,2019,2019,2019,2019,2019,2019,2019,2019,2019,2019,2019,2019],"Y_PREVALENCE_1000PP":[3.4188,5.04838,4.72159,3.60737,4.96963,4.37254,5.32889,5.00371,5.28194,7.24638,4.75647,4.63567,5.28092,7.16689,6.06673,4.42308,5.72869,5.25335,4.45831]},"PREVALENCE_BY_MONTH":{"X_CALENDAR_MONTH":[201901,201902,201903,201904,201905,201906,201907,201908,201909,201910,201911,201912],"Y_PREVALENCE_1000PP":[0.42,0.26,0.32,0.57,0.47,0.33,0.44,0.38,0.47,0.47,0.51,0.47]},"CONDITIONS_BY_TYPE":{"CONCEPT_NAME":"Claim","COUNT_VALUE":2832},"AGE_AT_FIRST_DIAGNOSIS":{"CATEGORY":["MALE","FEMALE","No matching concept"],"MIN_VALUE":[0,0,2],"P10_VALUE":[11,11,10],"P25_VALUE":[24,25,23],"MEDIAN_VALUE":[43,44,54],"P75_VALUE":[57,65,68],"P90_VALUE":[76,77,80],"MAX_VALUE":[99,99,88]}}
