{"PREVALENCE_BY_GENDER_AGE_YEAR":{"TRELLIS_NAME":["70-79","40-49","0-9","20-29","10-19","30-39","50-59","70-79","60-69","10-19","50-59","60-69","30-39","0-9","40-49","20-29"],"SERIES_NAME":["MALE","FEMALE","FEMALE","FEMALE","FEMALE","FEMALE","FEMALE","FEMALE","FEMALE","MALE","MALE","MALE","MALE","MALE","MALE","MALE"],"X_CALENDAR_YEAR":[2019,2019,2019,2019,2019,2019,2019,2019,2019,2019,2019,2019,2019,2019,2019,2019],"Y_PREVALENCE_1000PP":[1.14112,1.85847,1.68421,1.16822,2.62295,1.3006,2.46305,2.58924,2.4584,1.37741,2.202,3.28693,1.18846,1.55902,1.89975,2.6927]},"PREVALENCE_BY_MONTH":{"X_CALENDAR_MONTH":[201901,201902,201903,201904,201905,201906,201907,201908,201909,201910,201911,201912],"Y_PREVALENCE_1000PP":[0.15,0.12,0.13,0.19,0.21,0.12,0.23,0.13,0.14,0.24,0.1,0.2]},"CONDITIONS_BY_TYPE":{"CONCEPT_NAME":"Claim","COUNT_VALUE":255},"AGE_AT_FIRST_DIAGNOSIS":{"CATEGORY":["MALE","FEMALE"],"MIN_VALUE":[0,1],"P10_VALUE":[14,11],"P25_VALUE":[26,26],"MEDIAN_VALUE":[48,52],"P75_VALUE":[64,66],"P90_VALUE":[71,78],"MAX_VALUE":[97,97]}}
