{"PREVALENCE_BY_GENDER_AGE_YEAR":{"TRELLIS_NAME":["70-79","40-49","20-29","0-9","60-69","10-19","40-49","50-59","60-69","80-89","50-59","70-79"],"SERIES_NAME":["MALE","FEMALE","FEMALE","MALE","MALE","MALE","MALE","MALE","FEMALE","FEMALE","FEMALE","FEMALE"],"X_CALENDAR_YEAR":[2019,2019,2019,2019,2019,2019,2019,2019,2019,2019,2019,2019],"Y_PREVALENCE_1000PP":[1.14112,1.28663,1.33511,2.00445,1.16009,1.83655,1.60748,1.0276,1.32375,3.46021,1.0142,1.47956]},"PREVALENCE_BY_MONTH":{"X_CALENDAR_MONTH":[201901,201902,201903,201904,201905,201906,201907,201908,201909,201910,201911,201912],"Y_PREVALENCE_1000PP":[0.11,0.08,0.1,0.09,0.1,0.1,0.14,0.14,0.08,0.13,0.11,0.11]},"CONDITIONS_BY_TYPE":{"CONCEPT_NAME":"Claim","COUNT_VALUE":178},"AGE_AT_FIRST_DIAGNOSIS":{"CATEGORY":["FEMALE","MALE","No matching concept"],"MIN_VALUE":[0,3,28],"P10_VALUE":[18,9,28],"P25_VALUE":[29,17,34],"MEDIAN_VALUE":[50,43,51],"P75_VALUE":[71,63,63],"P90_VALUE":[87,77,66],"MAX_VALUE":[98,98,66]}}
