{"PREVALENCE_BY_GENDER_AGE_YEAR":{"TRELLIS_NAME":["70-79","50-59","60-69","40-49","80-89","0-9","30-39","20-29","60-69","90-99","70-79","10-19","0-9","20-29","30-39","10-19","40-49","50-59"],"SERIES_NAME":["FEMALE","FEMALE","FEMALE","FEMALE","MALE","FEMALE","FEMALE","FEMALE","MALE","MALE","MALE","FEMALE","MALE","MALE","MALE","MALE","MALE","MALE"],"X_CALENDAR_YEAR":[2019,2019,2019,2019,2019,2019,2019,2019,2019,2019,2019,2019,2019,2019,2019,2019,2019,2019],"Y_PREVALENCE_1000PP":[4.07709,3.62161,1.71233,4.1399,3.86527,3.78629,3.09345,3.33056,2.69231,3.4188,2.84792,5.02842,3.34374,2.02224,3.21979,2.74977,4.53415,3.08053]},"PREVALENCE_BY_MONTH":{"X_CALENDAR_MONTH":[201901,201902,201903,201904,201905,201906,201907,201908,201909,201910,201911,201912],"Y_PREVALENCE_1000PP":[0.24,0.18,0.32,0.41,0.35,0.24,0.31,0.25,0.29,0.22,0.18,0.38]},"CONDITIONS_BY_TYPE":{"CONCEPT_NAME":"Claim","COUNT_VALUE":1760},"AGE_AT_FIRST_DIAGNOSIS":{"CATEGORY":["No matching concept","FEMALE","MALE"],"MIN_VALUE":[18,0,0],"P10_VALUE":[36,9,11],"P25_VALUE":[38,21,28],"MEDIAN_VALUE":[43,41,46],"P75_VALUE":[65,56,63],"P90_VALUE":[71,76,78],"MAX_VALUE":[73,98,97]}}
