{"PREVALENCE_BY_GENDER_AGE_YEAR":{"TRELLIS_NAME":["90-99","80-89","50-59","40-49","70-79","60-69","20-29","40-49","60-69","30-39","50-59","0-9","10-19","0-9","80-89","20-29","70-79","10-19","30-39"],"SERIES_NAME":["FEMALE","FEMALE","FEMALE","FEMALE","FEMALE","FEMALE","MALE","MALE","MALE","MALE","MALE","MALE","MALE","FEMALE","MALE","FEMALE","MALE","FEMALE","FEMALE"],"X_CALENDAR_YEAR":[2019,2019,2019,2019,2019,2019,2019,2019,2019,2019,2019,2019,2019,2019,2019,2019,2019,2019,2019],"Y_PREVALENCE_1000PP":[3.9019,4.03458,3.47675,3.99714,2.96516,5.13699,4.21301,3.51031,3.84615,4.5755,4.40076,4.45831,3.20807,2.94489,3.86527,3.16403,2.4682,2.84215,2.76783]},"PREVALENCE_BY_MONTH":{"X_CALENDAR_MONTH":[201901,201902,201903,201904,201905,201906,201907,201908,201909,201910,201911,201912],"Y_PREVALENCE_1000PP":[0.4,0.32,0.23,0.34,0.24,0.28,0.35,0.31,0.34,0.33,0.23,0.28]},"CONDITIONS_BY_TYPE":{"CONCEPT_NAME":"Claim","COUNT_VALUE":1944},"AGE_AT_FIRST_DIAGNOSIS":{"CATEGORY":["MALE","FEMALE","No matching concept"],"MIN_VALUE":[0,0,2],"P10_VALUE":[9,11,2],"P25_VALUE":[23,27,33],"MEDIAN_VALUE":[41,49,58],"P75_VALUE":[58,63,70],"P90_VALUE":[74,77,78],"MAX_VALUE":[95,95,78]}}
