{"PREVALENCE_BY_GENDER_AGE_YEAR":{"TRELLIS_NAME":["10-19","80-89","20-29","90-99","70-79","0-9","30-39","40-49","30-39","40-49","20-29","50-59","10-19","0-9","60-69","80-89","60-69","50-59","90-99","70-79"],"SERIES_NAME":["FEMALE","MALE","FEMALE","MALE","MALE","FEMALE","FEMALE","FEMALE","MALE","MALE","MALE","MALE","MALE","MALE","MALE","FEMALE","FEMALE","FEMALE","FEMALE","FEMALE"],"X_CALENDAR_YEAR":[2019,2019,2019,2019,2019,2019,2019,2019,2019,2019,2019,2019,2019,2019,2019,2019,2019,2019,2019,2019],"Y_PREVALENCE_1000PP":[4.80979,3.86527,2.66445,6.26781,3.03778,2.73454,3.5819,4.1399,3.21979,3.07152,2.86485,2.64046,4.58295,3.34374,4.80769,4.61095,1.33181,3.91134,5.01672,5.00371]},"PREVALENCE_BY_MONTH":{"X_CALENDAR_MONTH":[201901,201902,201903,201904,201905,201906,201907,201908,201909,201910,201911,201912],"Y_PREVALENCE_1000PP":[0.29,0.3,0.22,0.37,0.29,0.21,0.4,0.23,0.29,0.37,0.33,0.26]},"CONDITIONS_BY_TYPE":{"CONCEPT_NAME":"Claim","COUNT_VALUE":1924},"AGE_AT_FIRST_DIAGNOSIS":{"CATEGORY":["MALE","No matching concept","FEMALE"],"MIN_VALUE":[1,5,0],"P10_VALUE":[10,5,11],"P25_VALUE":[24,25,25],"MEDIAN_VALUE":[46,40,45],"P75_VALUE":[68,74,66],"P90_VALUE":[85,79,78],"MAX_VALUE":[99,79,99]}}
