{"PREVALENCE_BY_GENDER_AGE_YEAR":{"TRELLIS_NAME":["30-39","10-19","20-29","50-59","40-49","0-9","40-49","50-59","60-69","70-79","10-19","60-69","0-9","90-99","70-79","30-39","20-29"],"SERIES_NAME":["MALE","MALE","MALE","MALE","MALE","MALE","FEMALE","FEMALE","FEMALE","FEMALE","FEMALE","MALE","FEMALE","MALE","MALE","FEMALE","FEMALE"],"X_CALENDAR_YEAR":[2019,2019,2019,2019,2019,2019,2019,2019,2019,2019,2019,2019,2019,2019,2019,2019,2019],"Y_PREVALENCE_1000PP":[3.22581,3.21396,4.88051,3.81679,3.50723,3.78619,2.28735,3.91191,2.6475,3.51396,4.59016,3.86698,2.52632,5.15759,4.1841,2.76378,3.00401]},"PREVALENCE_BY_MONTH":{"X_CALENDAR_MONTH":[201901,201902,201903,201904,201905,201906,201907,201908,201909,201910,201911,201912],"Y_PREVALENCE_1000PP":[0.31,0.26,0.2,0.42,0.32,0.27,0.3,0.27,0.26,0.36,0.21,0.27]},"CONDITIONS_BY_TYPE":{"CONCEPT_NAME":"Claim","COUNT_VALUE":466},"AGE_AT_FIRST_DIAGNOSIS":{"CATEGORY":["MALE","FEMALE"],"MIN_VALUE":[0,0],"P10_VALUE":[11,12],"P25_VALUE":[26,24],"MEDIAN_VALUE":[46,43],"P75_VALUE":[63,61],"P90_VALUE":[78,78],"MAX_VALUE":[99,99]}}
