{"PREVALENCE_BY_GENDER_AGE_YEAR":{"TRELLIS_NAME":["30-39","50-59","40-49","20-29","60-69","50-59","70-79","30-39","40-49"],"SERIES_NAME":["MALE","MALE","MALE","MALE","FEMALE","FEMALE","MALE","FEMALE","FEMALE"],"X_CALENDAR_YEAR":[2019,2019,2019,2019,2019,2019,2019,2019,2019],"Y_PREVALENCE_1000PP":[1.18846,0.8808,1.02294,1.85123,2.26929,1.15908,1.3313,0.97545,1.28663]},"PREVALENCE_BY_MONTH":{"X_CALENDAR_MONTH":[201901,201903,201904,201905,201907,201908,201910,201911,201912],"Y_PREVALENCE_1000PP":[0.07,0.08,0.13,0.13,0.09,0.11,0.12,0.1,0.06]},"CONDITIONS_BY_TYPE":{"CONCEPT_NAME":"Claim","COUNT_VALUE":136},"AGE_AT_FIRST_DIAGNOSIS":{"CATEGORY":["MALE","FEMALE"],"MIN_VALUE":[5,0],"P10_VALUE":[15,12],"P25_VALUE":[27,33],"MEDIAN_VALUE":[41,49],"P75_VALUE":[63,64],"P90_VALUE":[78,72],"MAX_VALUE":[98,95]}}
