{"PREVALENCE_BY_GENDER_AGE_YEAR":{"TRELLIS_NAME":["70-79","30-39","10-19","20-29","90-99","0-9","50-59","40-49","60-69","70-79","60-69","20-29","0-9","30-39","40-49","10-19","50-59"],"SERIES_NAME":["MALE","FEMALE","FEMALE","FEMALE","MALE","FEMALE","FEMALE","FEMALE","FEMALE","FEMALE","MALE","MALE","MALE","MALE","MALE","MALE","MALE"],"X_CALENDAR_YEAR":[2019,2019,2019,2019,2019,2019,2019,2019,2019,2019,2019,2019,2019,2019,2019,2019,2019],"Y_PREVALENCE_1000PP":[4.36681,5.37284,2.62352,4.1632,3.4188,4.83803,3.62161,4.42541,2.85388,3.70645,4.03846,2.52781,3.34374,3.38926,4.09536,5.49954,3.96069]},"PREVALENCE_BY_MONTH":{"X_CALENDAR_MONTH":[201901,201902,201903,201904,201905,201906,201907,201908,201909,201910,201911,201912],"Y_PREVALENCE_1000PP":[0.35,0.38,0.23,0.38,0.3,0.31,0.36,0.33,0.3,0.34,0.25,0.31]},"CONDITIONS_BY_TYPE":{"CONCEPT_NAME":"Claim","COUNT_VALUE":2120},"AGE_AT_FIRST_DIAGNOSIS":{"CATEGORY":["MALE","FEMALE","No matching concept"],"MIN_VALUE":[0,0,9],"P10_VALUE":[10,8,9],"P25_VALUE":[23,25,13],"MEDIAN_VALUE":[46,40,29],"P75_VALUE":[65,58,56],"P90_VALUE":[75,77,72],"MAX_VALUE":[99,96,72]}}
