{"PREVALENCE_BY_GENDER_AGE_YEAR":{"TRELLIS_NAME":["90-99","70-79","80-89","50-59","60-69","80-89","10-19","30-39","90-99","20-29","70-79","0-9","40-49","60-69","40-49","50-59","10-19","30-39","0-9","20-29"],"SERIES_NAME":["FEMALE","FEMALE","FEMALE","FEMALE","FEMALE","MALE","FEMALE","FEMALE","MALE","FEMALE","MALE","FEMALE","FEMALE","MALE","MALE","MALE","MALE","MALE","MALE","MALE"],"X_CALENDAR_YEAR":[2019,2019,2019,2019,2019,2019,2019,2019,2019,2019,2019,2019,2019,2019,2019,2019,2019,2019,2019,2019],"Y_PREVALENCE_1000PP":[6.13155,5.745,4.03458,4.92539,6.65906,4.41745,7.43332,7.3266,6.83761,3.49709,3.79723,5.67943,5.4247,5.19231,6.14305,6.74784,7.10357,5.42281,4.68123,5.56117]},"PREVALENCE_BY_MONTH":{"X_CALENDAR_MONTH":[201901,201902,201903,201904,201905,201906,201907,201908,201909,201910,201911,201912],"Y_PREVALENCE_1000PP":[0.6,0.47,0.46,0.56,0.45,0.43,0.62,0.4,0.5,0.47,0.37,0.32]},"CONDITIONS_BY_TYPE":{"CONCEPT_NAME":"Claim","COUNT_VALUE":2976},"AGE_AT_FIRST_DIAGNOSIS":{"CATEGORY":["MALE","FEMALE","No matching concept"],"MIN_VALUE":[0,0,0],"P10_VALUE":[11,10,0],"P25_VALUE":[23,24,23],"MEDIAN_VALUE":[44,43,39],"P75_VALUE":[59,62,53],"P90_VALUE":[78,76,98],"MAX_VALUE":[99,98,98]}}
