{"PREVALENCE_BY_GENDER_AGE_YEAR":{"TRELLIS_NAME":["40-49","50-59","0-9","10-19","60-69","20-29","30-39","60-69","50-59","70-79","40-49","20-29","0-9","70-79","80-89","30-39","90-99","10-19"],"SERIES_NAME":["MALE","MALE","MALE","MALE","MALE","MALE","MALE","FEMALE","FEMALE","FEMALE","FEMALE","FEMALE","FEMALE","MALE","MALE","FEMALE","MALE","FEMALE"],"X_CALENDAR_YEAR":[2019,2019,2019,2019,2019,2019,2019,2019,2019,2019,2019,2019,2019,2019,2019,2019,2019,2019],"Y_PREVALENCE_1000PP":[2.48429,4.11039,1.78174,2.29568,3.09358,2.35611,2.71647,3.21483,4.0568,1.47956,3.8599,2.67023,1.26316,2.09205,3.31309,2.92635,3.4384,2.84153]},"PREVALENCE_BY_MONTH":{"X_CALENDAR_MONTH":[201901,201902,201903,201904,201905,201906,201907,201908,201909,201910,201911,201912],"Y_PREVALENCE_1000PP":[0.23,0.25,0.21,0.2,0.2,0.28,0.28,0.22,0.16,0.27,0.21,0.21]},"CONDITIONS_BY_TYPE":{"CONCEPT_NAME":"Claim","COUNT_VALUE":374},"AGE_AT_FIRST_DIAGNOSIS":{"CATEGORY":["MALE","FEMALE"],"MIN_VALUE":[0,2],"P10_VALUE":[14,15],"P25_VALUE":[30,29],"MEDIAN_VALUE":[50,47],"P75_VALUE":[63,58],"P90_VALUE":[76,67],"MAX_VALUE":[98,98]}}
