{"PREVALENCE_BY_GENDER_AGE_YEAR":{"TRELLIS_NAME":["60-69","70-79","40-49","50-59","20-29","10-19","50-59","40-49","30-39","60-69","0-9","10-19","70-79"],"SERIES_NAME":["FEMALE","FEMALE","FEMALE","FEMALE","MALE","MALE","MALE","MALE","MALE","MALE","FEMALE","FEMALE","MALE"],"X_CALENDAR_YEAR":[2019,2019,2019,2019,2019,2019,2019,2019,2019,2019,2019,2019,2019],"Y_PREVALENCE_1000PP":[1.90259,1.11193,1.99857,1.30378,1.6852,1.60403,3.6673,2.04768,1.01678,1.15385,1.47244,2.18627,1.13917]},"PREVALENCE_BY_MONTH":{"X_CALENDAR_MONTH":[201901,201902,201903,201904,201905,201906,201907,201908,201909,201910,201911,201912],"Y_PREVALENCE_1000PP":[0.14,0.13,0.1,0.12,0.07,0.12,0.12,0.11,0.12,0.19,0.13,0.12]},"CONDITIONS_BY_TYPE":{"CONCEPT_NAME":"Claim","COUNT_VALUE":764},"AGE_AT_FIRST_DIAGNOSIS":{"CATEGORY":["MALE","FEMALE"],"MIN_VALUE":[1,2],"P10_VALUE":[17,9],"P25_VALUE":[28,19],"MEDIAN_VALUE":[49,45],"P75_VALUE":[57,59],"P90_VALUE":[70,68],"MAX_VALUE":[99,79]}}
