{"PREVALENCE_BY_GENDER_AGE_YEAR":{"TRELLIS_NAME":["0-9","90-99","70-79","10-19","40-49","30-39","20-29","50-59","60-69","70-79","80-89","20-29","60-69","0-9","50-59","10-19","40-49","30-39"],"SERIES_NAME":["FEMALE","MALE","MALE","FEMALE","FEMALE","FEMALE","FEMALE","FEMALE","FEMALE","FEMALE","FEMALE","MALE","MALE","MALE","MALE","MALE","MALE","MALE"],"X_CALENDAR_YEAR":[2019,2019,2019,2019,2019,2019,2019,2019,2019,2019,2019,2019,2019,2019,2019,2019,2019,2019],"Y_PREVALENCE_1000PP":[1.89474,3.4384,2.66261,2.62295,2.00143,2.6012,1.83578,1.73863,2.83661,4.0688,3.46021,2.5244,1.93349,3.11804,2.7892,1.37741,3.50723,1.86757]},"PREVALENCE_BY_MONTH":{"X_CALENDAR_MONTH":[201901,201902,201903,201904,201905,201906,201907,201908,201909,201910,201911,201912],"Y_PREVALENCE_1000PP":[0.2,0.27,0.15,0.16,0.22,0.15,0.23,0.23,0.22,0.26,0.14,0.23]},"CONDITIONS_BY_TYPE":{"CONCEPT_NAME":"Claim","COUNT_VALUE":330},"AGE_AT_FIRST_DIAGNOSIS":{"CATEGORY":["MALE","FEMALE"],"MIN_VALUE":[0,1],"P10_VALUE":[7,13],"P25_VALUE":[26,26],"MEDIAN_VALUE":[46,44],"P75_VALUE":[66,70],"P90_VALUE":[78,79],"MAX_VALUE":[99,99]}}
