{"PREVALENCE_BY_GENDER_AGE_YEAR":{"TRELLIS_NAME":["60-69","70-79","90-99","50-59","80-89","70-79","30-39","40-49","90-99","10-19","0-9","80-89","20-29","50-59","20-29","60-69","30-39","40-49","10-19","0-9"],"SERIES_NAME":["FEMALE","FEMALE","FEMALE","FEMALE","FEMALE","MALE","FEMALE","FEMALE","MALE","FEMALE","FEMALE","MALE","FEMALE","MALE","MALE","MALE","MALE","MALE","MALE","MALE"],"X_CALENDAR_YEAR":[2019,2019,2019,2019,2019,2019,2019,2019,2019,2019,2019,2019,2019,2019,2019,2019,2019,2019,2019,2019],"Y_PREVALENCE_1000PP":[19.85628,17.38487,15.54692,16.80672,17.87774,16.35603,19.18387,14.86776,18.91117,18.36066,14.94737,13.25235,17.0227,17.32237,17.83911,14.69451,14.60102,15.49028,17.21763,14.92205]},"PREVALENCE_BY_MONTH":{"X_CALENDAR_MONTH":[201901,201902,201903,201904,201905,201906,201907,201908,201909,201910,201911,201912],"Y_PREVALENCE_1000PP":[1.76,1.12,1.19,1.65,1.45,1.18,1.62,1.33,1.24,1.68,1.29,1.3]},"CONDITIONS_BY_TYPE":{"CONCEPT_NAME":"Claim","COUNT_VALUE":2276},"AGE_AT_FIRST_DIAGNOSIS":{"CATEGORY":["MALE","FEMALE","No matching concept"],"MIN_VALUE":[0,0,0],"P10_VALUE":[10,11,11],"P25_VALUE":[25,25,26],"MEDIAN_VALUE":[45,44,41],"P75_VALUE":[62,64,66],"P90_VALUE":[77,77,87],"MAX_VALUE":[99,99,99]}}
