{"PREVALENCE_BY_GENDER_AGE_YEAR":{"TRELLIS_NAME":["20-29","0-9","90-99","10-19","30-39","70-79","70-79","60-69","90-99","40-49","50-59","0-9","40-49","60-69","10-19","20-29","30-39","50-59"],"SERIES_NAME":["FEMALE","FEMALE","MALE","FEMALE","FEMALE","MALE","FEMALE","FEMALE","FEMALE","FEMALE","FEMALE","MALE","MALE","MALE","MALE","MALE","MALE","MALE"],"X_CALENDAR_YEAR":[2019,2019,2019,2019,2019,2019,2019,2019,2019,2019,2019,2019,2019,2019,2019,2019,2019,2019],"Y_PREVALENCE_1000PP":[3.16403,4.20698,3.4188,2.4049,2.93064,3.60737,4.26242,4.18569,6.13155,2.99786,3.76648,2.67499,3.51031,2.88462,4.58295,2.86485,3.05033,2.49377]},"PREVALENCE_BY_MONTH":{"X_CALENDAR_MONTH":[201901,201902,201903,201904,201905,201906,201907,201908,201909,201910,201911,201912],"Y_PREVALENCE_1000PP":[0.41,0.22,0.28,0.19,0.33,0.26,0.38,0.21,0.2,0.37,0.21,0.25]},"CONDITIONS_BY_TYPE":{"CONCEPT_NAME":"Claim","COUNT_VALUE":1772},"AGE_AT_FIRST_DIAGNOSIS":{"CATEGORY":["MALE","FEMALE"],"MIN_VALUE":[2,0],"P10_VALUE":[12,9],"P25_VALUE":[24,26],"MEDIAN_VALUE":[43,49],"P75_VALUE":[65,69],"P90_VALUE":[77,79],"MAX_VALUE":[99,99]}}
