{"PREVALENCE_BY_GENDER_AGE_YEAR":{"TRELLIS_NAME":["20-29","50-59","10-19","0-9","30-39","40-49","60-69","60-69","70-79","50-59","70-79","0-9","40-49","20-29","10-19","30-39"],"SERIES_NAME":["MALE","MALE","MALE","MALE","MALE","MALE","MALE","FEMALE","FEMALE","FEMALE","MALE","FEMALE","FEMALE","FEMALE","FEMALE","FEMALE"],"X_CALENDAR_YEAR":[2019,2019,2019,2019,2019,2019,2019,2019,2019,2019,2019,2019,2019,2019,2019,2019],"Y_PREVALENCE_1000PP":[2.18782,3.22959,1.83655,2.67261,2.37691,2.77656,3.28693,1.89107,2.21935,2.0284,2.09205,2.73684,2.43031,3.00401,1.74863,2.92635]},"PREVALENCE_BY_MONTH":{"X_CALENDAR_MONTH":[201901,201902,201903,201904,201905,201906,201907,201908,201909,201910,201911,201912],"Y_PREVALENCE_1000PP":[0.31,0.17,0.17,0.22,0.19,0.18,0.22,0.24,0.19,0.17,0.17,0.24]},"CONDITIONS_BY_TYPE":{"CONCEPT_NAME":"Claim","COUNT_VALUE":332},"AGE_AT_FIRST_DIAGNOSIS":{"CATEGORY":["FEMALE","MALE","No matching concept"],"MIN_VALUE":[0,1,8],"P10_VALUE":[7,11,8],"P25_VALUE":[23,28,8],"MEDIAN_VALUE":[40,47,35],"P75_VALUE":[63,60,61],"P90_VALUE":[78,74,66],"MAX_VALUE":[97,93,66]}}
