{"PREVALENCE_BY_GENDER_AGE_YEAR":{"TRELLIS_NAME":["40-49","70-79","60-69","90-99","50-59","90-99","60-69","30-39","0-9","20-29","70-79","10-19","20-29","50-59","0-9","30-39","10-19","40-49"],"SERIES_NAME":["FEMALE","FEMALE","FEMALE","FEMALE","FEMALE","MALE","MALE","FEMALE","FEMALE","FEMALE","MALE","FEMALE","MALE","MALE","MALE","MALE","MALE","MALE"],"X_CALENDAR_YEAR":[2019,2019,2019,2019,2019,2019,2019,2019,2019,2019,2019,2019,2019,2019,2019,2019,2019,2019],"Y_PREVALENCE_1000PP":[1.71551,1.66451,1.32375,3.33148,2.31817,4.01146,2.12684,2.11348,2.31579,2.33645,2.28224,2.62295,1.85123,2.3488,1.55902,2.20713,2.29568,2.33816]},"PREVALENCE_BY_MONTH":{"X_CALENDAR_MONTH":[201901,201902,201903,201904,201905,201906,201907,201908,201909,201910,201911,201912],"Y_PREVALENCE_1000PP":[0.24,0.19,0.11,0.21,0.11,0.14,0.16,0.2,0.17,0.19,0.2,0.21]},"CONDITIONS_BY_TYPE":{"CONCEPT_NAME":"Claim","COUNT_VALUE":293},"AGE_AT_FIRST_DIAGNOSIS":{"CATEGORY":["MALE","FEMALE"],"MIN_VALUE":[0,0],"P10_VALUE":[13,9],"P25_VALUE":[29,21],"MEDIAN_VALUE":[48,42],"P75_VALUE":[65,59],"P90_VALUE":[79,79],"MAX_VALUE":[99,96]}}
