{"PREVALENCE_BY_GENDER_AGE_YEAR":{"TRELLIS_NAME":["30-39","20-29","40-49","70-79","50-59","0-9","60-69","50-59","30-39","20-29","40-49"],"SERIES_NAME":["FEMALE","FEMALE","FEMALE","FEMALE","FEMALE","MALE","MALE","MALE","MALE","MALE","MALE"],"X_CALENDAR_YEAR":[2019,2019,2019,2019,2019,2019,2019,2019,2019,2019,2019],"Y_PREVALENCE_1000PP":[1.46318,1.16822,0.85776,1.10967,0.86931,2.00445,1.16009,1.9084,1.18846,1.00976,0.87681]},"PREVALENCE_BY_MONTH":{"X_CALENDAR_MONTH":[201901,201902,201904,201905,201907,201909,201910,201911],"Y_PREVALENCE_1000PP":[0.11,0.07,0.11,0.07,0.17,0.13,0.11,0.08]},"CONDITIONS_BY_TYPE":{"CONCEPT_NAME":"Claim","COUNT_VALUE":136},"AGE_AT_FIRST_DIAGNOSIS":{"CATEGORY":["FEMALE","MALE"],"MIN_VALUE":[11,0],"P10_VALUE":[21,8],"P25_VALUE":[29,25],"MEDIAN_VALUE":[40,47],"P75_VALUE":[66,61],"P90_VALUE":[78,79],"MAX_VALUE":[92,97]}}
