{"PREVALENCE_BY_GENDER_AGE_YEAR":{"TRELLIS_NAME":["40-49","30-39","10-19","50-59","20-29","0-9","60-69","0-9","20-29","80-89","90-99","10-19","30-39","70-79","60-69","90-99","40-49","80-89","50-59","70-79"],"SERIES_NAME":["MALE","MALE","MALE","MALE","MALE","MALE","MALE","FEMALE","FEMALE","MALE","MALE","FEMALE","FEMALE","MALE","FEMALE","FEMALE","FEMALE","FEMALE","FEMALE","FEMALE"],"X_CALENDAR_YEAR":[2019,2019,2019,2019,2019,2019,2019,2019,2019,2019,2019,2019,2019,2019,2019,2019,2019,2019,2019,2019],"Y_PREVALENCE_1000PP":[5.55799,3.05033,4.8121,5.5743,6.23525,4.90415,6.53846,6.52082,6.16153,4.96963,3.9886,5.6843,7.65223,5.69584,5.32725,5.01672,6.56674,5.18732,5.79458,8.52483]},"PREVALENCE_BY_MONTH":{"X_CALENDAR_MONTH":[201901,201902,201903,201904,201905,201906,201907,201908,201909,201910,201911,201912],"Y_PREVALENCE_1000PP":[0.56,0.4,0.49,0.44,0.58,0.57,0.57,0.36,0.46,0.58,0.33,0.48]},"CONDITIONS_BY_TYPE":{"CONCEPT_NAME":"Claim","COUNT_VALUE":3040},"AGE_AT_FIRST_DIAGNOSIS":{"CATEGORY":["MALE","FEMALE","No matching concept"],"MIN_VALUE":[0,0,0],"P10_VALUE":[11,10,0],"P25_VALUE":[26,27,38],"MEDIAN_VALUE":[46,44,43],"P75_VALUE":[65,64,65],"P90_VALUE":[76,76,72],"MAX_VALUE":[99,99,72]}}
