{"PREVALENCE_BY_GENDER_AGE_YEAR":{"TRELLIS_NAME":["60-69","70-79","0-9","90-99","30-39","20-29","10-19","60-69","90-99","50-59","40-49","70-79","40-49","20-29","50-59","30-39","0-9","10-19"],"SERIES_NAME":["MALE","MALE","FEMALE","MALE","FEMALE","FEMALE","FEMALE","FEMALE","FEMALE","FEMALE","FEMALE","FEMALE","MALE","MALE","MALE","MALE","MALE","MALE"],"X_CALENDAR_YEAR":[2019,2019,2019,2019,2019,2019,2019,2019,2019,2019,2019,2019,2019,2019,2019,2019,2019,2019],"Y_PREVALENCE_1000PP":[2.90023,3.42335,4.21053,3.4384,2.92635,3.17089,2.40437,4.16036,6.10772,3.76702,3.00214,4.43869,3.50723,2.86099,2.4956,3.05603,2.67261,4.59137]},"PREVALENCE_BY_MONTH":{"X_CALENDAR_MONTH":[201901,201902,201903,201904,201905,201906,201907,201908,201909,201910,201911,201912],"Y_PREVALENCE_1000PP":[0.41,0.22,0.28,0.19,0.33,0.26,0.38,0.21,0.2,0.37,0.21,0.25]},"CONDITIONS_BY_TYPE":{"CONCEPT_NAME":"Claim","COUNT_VALUE":443},"AGE_AT_FIRST_DIAGNOSIS":{"CATEGORY":["FEMALE","MALE"],"MIN_VALUE":[0,2],"P10_VALUE":[9,10],"P25_VALUE":[26,24],"MEDIAN_VALUE":[49,43],"P75_VALUE":[69,64],"P90_VALUE":[79,77],"MAX_VALUE":[99,99]}}
