{"PREVALENCE_BY_GENDER_AGE_YEAR":{"TRELLIS_NAME":["40-49","90-99","70-79","60-69","80-89","50-59","0-9","30-39","80-89","60-69","70-79","20-29","90-99","10-19","20-29","10-19","30-39","0-9","50-59","40-49"],"SERIES_NAME":["FEMALE","FEMALE","FEMALE","FEMALE","FEMALE","FEMALE","FEMALE","FEMALE","MALE","MALE","MALE","FEMALE","MALE","FEMALE","MALE","MALE","MALE","MALE","MALE","MALE"],"X_CALENDAR_YEAR":[2019,2019,2019,2019,2019,2019,2019,2019,2019,2019,2019,2019,2019,2019,2019,2019,2019,2019,2019,2019],"Y_PREVALENCE_1000PP":[22.87348,23.32038,25.70742,21.18003,20.18454,25.78963,24.63158,25.68688,23.74379,22.81516,20.73032,27.36983,17.19198,25.35519,25.07573,22.4977,23.59932,22.71715,24.66236,26.88879]},"PREVALENCE_BY_MONTH":{"X_CALENDAR_MONTH":[201901,201902,201903,201904,201905,201906,201907,201908,201909,201910,201911,201912],"Y_PREVALENCE_1000PP":[2.26,1.71,2.01,2.44,1.96,1.87,2.23,1.96,1.74,2.52,1.95,1.86]},"CONDITIONS_BY_TYPE":{"CONCEPT_NAME":"Claim","COUNT_VALUE":3298},"AGE_AT_FIRST_DIAGNOSIS":{"CATEGORY":["FEMALE","MALE","No matching concept"],"MIN_VALUE":[0,0,1],"P10_VALUE":[10,11,13],"P25_VALUE":[24,25,27],"MEDIAN_VALUE":[43,44,39],"P75_VALUE":[62,61,58],"P90_VALUE":[75,75,71],"MAX_VALUE":[99,99,83]}}
