{"PREVALENCE_BY_GENDER_AGE_YEAR":{"TRELLIS_NAME":["20-29","30-39","40-49","60-69","40-49","60-69","50-59","10-19","30-39","20-29","0-9"],"SERIES_NAME":["MALE","MALE","MALE","MALE","FEMALE","FEMALE","FEMALE","FEMALE","FEMALE","FEMALE","FEMALE"],"X_CALENDAR_YEAR":[2019,2019,2019,2019,2019,2019,2019,2019,2019,2019,2019],"Y_PREVALENCE_1000PP":[1.51668,1.69463,1.60889,1.73077,1.42755,1.33181,1.88324,1.96764,1.46532,2.49792,2.10349]},"PREVALENCE_BY_MONTH":{"X_CALENDAR_MONTH":[201901,201902,201903,201904,201905,201906,201907,201908,201909,201910,201911,201912],"Y_PREVALENCE_1000PP":[0.09,0.07,0.1,0.16,0.1,0.15,0.15,0.11,0.12,0.17,0.16,0.17]},"CONDITIONS_BY_TYPE":{"CONCEPT_NAME":"Claim","COUNT_VALUE":832},"AGE_AT_FIRST_DIAGNOSIS":{"CATEGORY":["FEMALE","MALE"],"MIN_VALUE":[0,1],"P10_VALUE":[8,12],"P25_VALUE":[21,23],"MEDIAN_VALUE":[39,43],"P75_VALUE":[56,64],"P90_VALUE":[73,86],"MAX_VALUE":[98,99]}}
