{"PREVALENCE_BY_GENDER_AGE_YEAR":{"TRELLIS_NAME":["60-69","0-9","10-19","40-49","50-59","20-29","30-39","70-79","20-29","0-9","10-19","30-39","40-49","50-59","90-99","60-69","70-79"],"SERIES_NAME":["MALE","MALE","MALE","MALE","MALE","MALE","MALE","MALE","FEMALE","FEMALE","FEMALE","FEMALE","FEMALE","FEMALE","FEMALE","FEMALE","FEMALE"],"X_CALENDAR_YEAR":[2019,2019,2019,2019,2019,2019,2019,2019,2019,2019,2019,2019,2019,2019,2019,2019,2019],"Y_PREVALENCE_1000PP":[1.54679,3.78619,2.98439,2.48429,2.202,2.35611,1.69779,2.09205,3.00401,2.10526,2.40437,1.62575,2.00143,2.31817,4.44198,1.89107,1.66451]},"PREVALENCE_BY_MONTH":{"X_CALENDAR_MONTH":[201901,201902,201903,201904,201905,201906,201907,201908,201909,201910,201911,201912],"Y_PREVALENCE_1000PP":[0.2,0.22,0.16,0.23,0.2,0.19,0.18,0.2,0.15,0.21,0.14,0.16]},"CONDITIONS_BY_TYPE":{"CONCEPT_NAME":"Claim","COUNT_VALUE":304},"AGE_AT_FIRST_DIAGNOSIS":{"CATEGORY":["MALE","FEMALE"],"MIN_VALUE":[1,0],"P10_VALUE":[4,10],"P25_VALUE":[17,25],"MEDIAN_VALUE":[41,43],"P75_VALUE":[58,61],"P90_VALUE":[75,82],"MAX_VALUE":[97,98]}}
