{"PREVALENCE_BY_GENDER_AGE_YEAR":{"TRELLIS_NAME":["70-79","60-69","50-59","20-29","40-49","50-59","10-19","30-39","60-69","0-9","10-19","40-49","20-29","30-39","70-79"],"SERIES_NAME":["FEMALE","FEMALE","FEMALE","MALE","MALE","MALE","MALE","MALE","MALE","FEMALE","FEMALE","FEMALE","FEMALE","FEMALE","MALE"],"X_CALENDAR_YEAR":[2019,2019,2019,2019,2019,2019,2019,2019,2019,2019,2019,2019,2019,2019,2019],"Y_PREVALENCE_1000PP":[1.29462,1.13464,0.86931,1.85123,1.60748,2.0552,2.06612,2.37691,1.16009,1.68421,2.40437,1.71551,1.502,1.46318,1.14112]},"PREVALENCE_BY_MONTH":{"X_CALENDAR_MONTH":[201901,201902,201903,201904,201905,201906,201907,201908,201909,201910,201911,201912],"Y_PREVALENCE_1000PP":[0.14,0.07,0.1,0.18,0.14,0.21,0.13,0.17,0.07,0.13,0.1,0.12]},"CONDITIONS_BY_TYPE":{"CONCEPT_NAME":"Claim","COUNT_VALUE":213},"AGE_AT_FIRST_DIAGNOSIS":{"CATEGORY":["MALE","FEMALE"],"MIN_VALUE":[0,0],"P10_VALUE":[14,7],"P25_VALUE":[26,17],"MEDIAN_VALUE":[40,38],"P75_VALUE":[57,61],"P90_VALUE":[70,79],"MAX_VALUE":[99,98]}}
