{"PREVALENCE_BY_GENDER_AGE_YEAR":{"TRELLIS_NAME":["20-29","30-39","40-49","10-19","50-59","0-9","70-79","50-59","60-69","40-49","10-19","60-69","90-99","20-29","0-9","30-39","70-79"],"SERIES_NAME":["MALE","MALE","MALE","MALE","MALE","MALE","FEMALE","FEMALE","FEMALE","FEMALE","FEMALE","MALE","MALE","FEMALE","FEMALE","FEMALE","MALE"],"X_CALENDAR_YEAR":[2019,2019,2019,2019,2019,2019,2019,2019,2019,2019,2019,2019,2019,2019,2019,2019,2019],"Y_PREVALENCE_1000PP":[2.02224,2.7114,1.90142,2.29148,2.49377,1.56041,2.96516,2.89729,2.09285,1.2848,1.53039,2.69231,3.9886,1.99833,1.89314,2.93064,1.89861]},"PREVALENCE_BY_MONTH":{"X_CALENDAR_MONTH":[201901,201902,201903,201904,201905,201906,201907,201908,201909,201910,201911,201912],"Y_PREVALENCE_1000PP":[0.22,0.23,0.19,0.24,0.16,0.17,0.17,0.11,0.14,0.22,0.15,0.22]},"CONDITIONS_BY_TYPE":{"CONCEPT_NAME":"Claim","COUNT_VALUE":1228},"AGE_AT_FIRST_DIAGNOSIS":{"CATEGORY":["FEMALE","MALE"],"MIN_VALUE":[0,0],"P10_VALUE":[14,11],"P25_VALUE":[28,28],"MEDIAN_VALUE":[48,47],"P75_VALUE":[66,63],"P90_VALUE":[76,78],"MAX_VALUE":[99,99]}}
