{"PREVALENCE_BY_GENDER_AGE_YEAR":{"TRELLIS_NAME":["30-39","10-19","40-49","60-69","0-9","40-49","50-59","10-19","20-29","60-69","50-59","70-79"],"SERIES_NAME":["FEMALE","FEMALE","FEMALE","MALE","MALE","MALE","MALE","MALE","MALE","FEMALE","FEMALE","FEMALE"],"X_CALENDAR_YEAR":[2019,2019,2019,2019,2019,2019,2019,2019,2019,2019,2019,2019],"Y_PREVALENCE_1000PP":[1.46318,1.31148,1.57255,2.51353,2.22717,0.87681,1.9084,2.29568,1.00976,1.70197,2.0284,1.29462]},"PREVALENCE_BY_MONTH":{"X_CALENDAR_MONTH":[201901,201902,201903,201904,201905,201906,201907,201908,201909,201910,201911,201912],"Y_PREVALENCE_1000PP":[0.17,0.11,0.06,0.14,0.14,0.14,0.16,0.13,0.14,0.11,0.06,0.09]},"CONDITIONS_BY_TYPE":{"CONCEPT_NAME":"Claim","COUNT_VALUE":194},"AGE_AT_FIRST_DIAGNOSIS":{"CATEGORY":["MALE","No matching concept","FEMALE"],"MIN_VALUE":[0,48,0],"P10_VALUE":[8,48,12],"P25_VALUE":[18,54,32],"MEDIAN_VALUE":[49,60,49],"P75_VALUE":[63,71,64],"P90_VALUE":[71,86,77],"MAX_VALUE":[95,86,96]}}
