{"PREVALENCE_BY_GENDER_AGE_YEAR":{"TRELLIS_NAME":["40-49","60-69","80-89","70-79","50-59","30-39","70-79","20-29","80-89","0-9","60-69","10-19","10-19","40-49","50-59","30-39","0-9","20-29"],"SERIES_NAME":["FEMALE","FEMALE","FEMALE","FEMALE","FEMALE","FEMALE","MALE","FEMALE","MALE","FEMALE","MALE","FEMALE","MALE","MALE","MALE","MALE","MALE","MALE"],"X_CALENDAR_YEAR":[2019,2019,2019,2019,2019,2019,2019,2019,2019,2019,2019,2019,2019,2019,2019,2019,2019,2019],"Y_PREVALENCE_1000PP":[1.85847,2.83661,3.46021,2.77418,1.73863,2.11348,3.42335,3.17089,3.31309,1.89474,2.90023,1.74863,1.60698,1.75362,1.468,2.54669,2.22717,1.85123]},"PREVALENCE_BY_MONTH":{"X_CALENDAR_MONTH":[201901,201902,201903,201904,201905,201906,201907,201908,201909,201910,201911,201912],"Y_PREVALENCE_1000PP":[0.18,0.18,0.2,0.33,0.12,0.21,0.27,0.14,0.11,0.22,0.18,0.16]},"CONDITIONS_BY_TYPE":{"CONCEPT_NAME":"Claim","COUNT_VALUE":299},"AGE_AT_FIRST_DIAGNOSIS":{"CATEGORY":["MALE","No matching concept","FEMALE"],"MIN_VALUE":[0,36,0],"P10_VALUE":[11,36,10],"P25_VALUE":[28,38,26],"MEDIAN_VALUE":[49,50,46],"P75_VALUE":[70,66,66],"P90_VALUE":[82,73,76],"MAX_VALUE":[98,73,96]}}
