{"PREVALENCE_BY_GENDER_AGE_YEAR":{"TRELLIS_NAME":["70-79","60-69","90-99","50-59","0-9","30-39","10-19","70-79","40-49","20-29","10-19","0-9","20-29","60-69","50-59","30-39","40-49"],"SERIES_NAME":["FEMALE","FEMALE","FEMALE","FEMALE","FEMALE","FEMALE","FEMALE","MALE","FEMALE","FEMALE","MALE","MALE","MALE","MALE","MALE","MALE","MALE"],"X_CALENDAR_YEAR":[2019,2019,2019,2019,2019,2019,2019,2019,2019,2019,2019,2019,2019,2019,2019,2019,2019],"Y_PREVALENCE_1000PP":[1.6679,2.85388,3.34448,2.17297,1.47244,1.95376,2.18627,2.08848,2.14133,2.66445,1.83318,2.00624,2.52781,3.26923,2.20038,3.55872,3.21779]},"PREVALENCE_BY_MONTH":{"X_CALENDAR_MONTH":[201901,201902,201903,201904,201905,201906,201907,201908,201909,201910,201911,201912],"Y_PREVALENCE_1000PP":[0.24,0.15,0.21,0.19,0.21,0.16,0.26,0.13,0.16,0.21,0.21,0.19]},"CONDITIONS_BY_TYPE":{"CONCEPT_NAME":"Claim","COUNT_VALUE":1268},"AGE_AT_FIRST_DIAGNOSIS":{"CATEGORY":["MALE","FEMALE"],"MIN_VALUE":[4,0],"P10_VALUE":[10,15],"P25_VALUE":[28,26],"MEDIAN_VALUE":[43,46],"P75_VALUE":[61,63],"P90_VALUE":[74,78],"MAX_VALUE":[98,99]}}
