{"PREVALENCE_BY_GENDER_AGE_YEAR":{"TRELLIS_NAME":["70-79","50-59","60-69","20-29","90-99","40-49","30-39","10-19","70-79","0-9","80-89","0-9","40-49","10-19","50-59","30-39","60-69","20-29"],"SERIES_NAME":["FEMALE","FEMALE","FEMALE","FEMALE","MALE","FEMALE","FEMALE","FEMALE","MALE","FEMALE","MALE","MALE","MALE","MALE","MALE","MALE","MALE","MALE"],"X_CALENDAR_YEAR":[2019,2019,2019,2019,2019,2019,2019,2019,2019,2019,2019,2019,2019,2019,2019,2019,2019,2019],"Y_PREVALENCE_1000PP":[2.96516,3.18702,2.09285,2.49792,5.12821,2.99786,3.25627,2.84215,2.4682,3.36559,4.41745,2.45207,4.68042,2.52062,1.76031,1.86409,2.30769,2.02224]},"PREVALENCE_BY_MONTH":{"X_CALENDAR_MONTH":[201901,201902,201903,201904,201905,201906,201907,201908,201909,201910,201911,201912],"Y_PREVALENCE_1000PP":[0.28,0.22,0.2,0.31,0.19,0.18,0.23,0.2,0.15,0.26,0.27,0.25]},"CONDITIONS_BY_TYPE":{"CONCEPT_NAME":"Claim","COUNT_VALUE":1472},"AGE_AT_FIRST_DIAGNOSIS":{"CATEGORY":["MALE","FEMALE"],"MIN_VALUE":[1,1],"P10_VALUE":[12,9],"P25_VALUE":[28,23],"MEDIAN_VALUE":[47,44],"P75_VALUE":[68,57],"P90_VALUE":[84,75],"MAX_VALUE":[99,99]}}
