{"PREVALENCE_BY_GENDER_AGE_YEAR":{"TRELLIS_NAME":["70-79","90-99","40-49","10-19","30-39","80-89","20-29","0-9","80-89","50-59","90-99","70-79","60-69","20-29","60-69","40-49","0-9","30-39","10-19","50-59"],"SERIES_NAME":["MALE","MALE","FEMALE","FEMALE","FEMALE","MALE","FEMALE","FEMALE","FEMALE","FEMALE","FEMALE","FEMALE","FEMALE","MALE","MALE","MALE","MALE","MALE","MALE","MALE"],"X_CALENDAR_YEAR":[2019,2019,2019,2019,2019,2019,2019,2019,2019,2019,2019,2019,2019,2019,2019,2019,2019,2019,2019,2019],"Y_PREVALENCE_1000PP":[27.76721,26.9341,29.16369,30.81967,29.58868,22.63943,28.20427,25.47368,31.71857,31.00551,24.43087,31.25578,31.77005,29.78795,29.19567,31.71124,31.62584,32.08829,26.8595,27.45156]},"PREVALENCE_BY_MONTH":{"X_CALENDAR_MONTH":[201901,201902,201903,201904,201905,201906,201907,201908,201909,201910,201911,201912],"Y_PREVALENCE_1000PP":[2.88,2.2,2.05,2.51,2.54,2.35,2.87,2.55,2.27,3.02,2.26,2.36]},"CONDITIONS_BY_TYPE":{"CONCEPT_NAME":"Claim","COUNT_VALUE":4051},"AGE_AT_FIRST_DIAGNOSIS":{"CATEGORY":["FEMALE","MALE","No matching concept"],"MIN_VALUE":[0,0,0],"P10_VALUE":[12,9,7],"P25_VALUE":[26,25,16],"MEDIAN_VALUE":[45,43,42],"P75_VALUE":[63,61,62],"P90_VALUE":[77,76,77],"MAX_VALUE":[99,99,88]}}
