{"PREVALENCE_BY_GENDER_AGE_YEAR":{"TRELLIS_NAME":["40-49","30-39","0-9","10-19","20-29","50-59","60-69","50-59","70-79","60-69","40-49","0-9","20-29","10-19","70-79","30-39"],"SERIES_NAME":["MALE","MALE","MALE","MALE","MALE","MALE","MALE","FEMALE","FEMALE","FEMALE","FEMALE","FEMALE","FEMALE","FEMALE","MALE","FEMALE"],"X_CALENDAR_YEAR":[2019,2019,2019,2019,2019,2019,2019,2019,2019,2019,2019,2019,2019,2019,2019,2019],"Y_PREVALENCE_1000PP":[2.34021,4.5755,1.78333,3.43721,2.19077,2.93384,3.07692,2.60756,2.59451,1.71233,2.8551,1.68279,3.33056,2.18627,3.60737,2.76783]},"PREVALENCE_BY_MONTH":{"X_CALENDAR_MONTH":[201901,201902,201903,201904,201905,201906,201907,201908,201909,201910,201911,201912],"Y_PREVALENCE_1000PP":[0.34,0.17,0.17,0.24,0.24,0.22,0.31,0.21,0.15,0.26,0.19,0.25]},"CONDITIONS_BY_TYPE":{"CONCEPT_NAME":"Claim","COUNT_VALUE":1504},"AGE_AT_FIRST_DIAGNOSIS":{"CATEGORY":["No matching concept","FEMALE","MALE"],"MIN_VALUE":[10,0,0],"P10_VALUE":[10,12,14],"P25_VALUE":[26,27,28],"MEDIAN_VALUE":[54,43,44],"P75_VALUE":[67,63,64],"P90_VALUE":[70,76,77],"MAX_VALUE":[70,98,96]}}
