{"PREVALENCE_BY_GENDER_AGE_YEAR":{"TRELLIS_NAME":["50-59","30-39","60-69","0-9","10-19","40-49","20-29","70-79","50-59","60-69","40-49","20-29","70-79","0-9","80-89","30-39","10-19"],"SERIES_NAME":["MALE","MALE","MALE","MALE","MALE","MALE","MALE","FEMALE","FEMALE","FEMALE","FEMALE","FEMALE","MALE","FEMALE","MALE","FEMALE","FEMALE"],"X_CALENDAR_YEAR":[2019,2019,2019,2019,2019,2019,2019,2019,2019,2019,2019,2019,2019,2019,2019,2019,2019],"Y_PREVALENCE_1000PP":[1.9084,2.54669,2.70688,3.11804,2.29568,2.33816,3.36587,2.21935,2.46305,1.70197,2.14439,2.33645,2.66261,2.10526,3.86527,2.11348,2.18579]},"PREVALENCE_BY_MONTH":{"X_CALENDAR_MONTH":[201901,201902,201903,201904,201905,201906,201907,201908,201909,201910,201911,201912],"Y_PREVALENCE_1000PP":[0.23,0.1,0.25,0.21,0.18,0.16,0.23,0.23,0.19,0.19,0.19,0.23]},"CONDITIONS_BY_TYPE":{"CONCEPT_NAME":"Claim","COUNT_VALUE":327},"AGE_AT_FIRST_DIAGNOSIS":{"CATEGORY":["MALE","No matching concept","FEMALE"],"MIN_VALUE":[1,4,0],"P10_VALUE":[9,4,10],"P25_VALUE":[25,46,23],"MEDIAN_VALUE":[43,56,44],"P75_VALUE":[63,74,61],"P90_VALUE":[77,79,75],"MAX_VALUE":[94,79,99]}}
