{"PREVALENCE_BY_GENDER_AGE_YEAR":{"TRELLIS_NAME":["50-59","20-29","70-79","0-9","10-19","60-69","70-79"],"SERIES_NAME":["MALE","MALE","MALE","FEMALE","FEMALE","FEMALE","FEMALE"],"X_CALENDAR_YEAR":[2019,2019,2019,2019,2019,2019,2019],"Y_PREVALENCE_1000PP":[1.1744,1.34635,1.3313,1.26316,1.53005,1.70197,1.29462]},"PREVALENCE_BY_MONTH":{"X_CALENDAR_MONTH":[201901,201902,201903,201904,201905,201906,201907,201910,201911],"Y_PREVALENCE_1000PP":[0.09,0.14,0.08,0.07,0.08,0.09,0.1,0.11,0.1]},"CONDITIONS_BY_TYPE":{"CONCEPT_NAME":"Claim","COUNT_VALUE":139},"AGE_AT_FIRST_DIAGNOSIS":{"CATEGORY":["FEMALE","MALE"],"MIN_VALUE":[3,3],"P10_VALUE":[6,9],"P25_VALUE":[16,22],"MEDIAN_VALUE":[48,49],"P75_VALUE":[67,69],"P90_VALUE":[76,79],"MAX_VALUE":[95,99]}}
