{"PREVALENCE_BY_GENDER_AGE_YEAR":{"TRELLIS_NAME":["10-19","40-49","20-29","60-69","50-59","30-39","0-9","50-59","40-49","60-69","70-79","80-89","10-19","20-29","70-79","0-9","30-39"],"SERIES_NAME":["MALE","MALE","MALE","MALE","MALE","MALE","MALE","FEMALE","FEMALE","FEMALE","FEMALE","MALE","FEMALE","FEMALE","MALE","FEMALE","FEMALE"],"X_CALENDAR_YEAR":[2019,2019,2019,2019,2019,2019,2019,2019,2019,2019,2019,2019,2019,2019,2019,2019,2019],"Y_PREVALENCE_1000PP":[2.29568,2.48429,3.36587,1.16009,3.22959,1.35823,1.78174,2.0284,2.85919,2.6475,2.0344,3.86527,1.96721,2.16956,1.52149,1.68421,2.76378]},"PREVALENCE_BY_MONTH":{"X_CALENDAR_MONTH":[201901,201902,201903,201904,201905,201906,201907,201908,201909,201910,201911,201912],"Y_PREVALENCE_1000PP":[0.16,0.09,0.2,0.18,0.31,0.17,0.3,0.19,0.19,0.2,0.11,0.16]},"CONDITIONS_BY_TYPE":{"CONCEPT_NAME":"Claim","COUNT_VALUE":307},"AGE_AT_FIRST_DIAGNOSIS":{"CATEGORY":["MALE","FEMALE"],"MIN_VALUE":[0,0],"P10_VALUE":[14,15],"P25_VALUE":[22,27],"MEDIAN_VALUE":[45,44],"P75_VALUE":[57,62],"P90_VALUE":[73,77],"MAX_VALUE":[94,96]}}
