{"PREVALENCE_BY_GENDER_AGE_YEAR":{"TRELLIS_NAME":["40-49","50-59","0-9","30-39","10-19","60-69","20-29","0-9","90-99","30-39","20-29","10-19","40-49","80-89","70-79","60-69","70-79","50-59","80-89","90-99"],"SERIES_NAME":["MALE","MALE","MALE","MALE","MALE","MALE","MALE","FEMALE","MALE","FEMALE","FEMALE","FEMALE","FEMALE","MALE","MALE","FEMALE","FEMALE","FEMALE","FEMALE","FEMALE"],"X_CALENDAR_YEAR":[2019,2019,2019,2019,2019,2019,2019,2019,2019,2019,2019,2019,2019,2019,2019,2019,2019,2019,2019,2019],"Y_PREVALENCE_1000PP":[8.77578,7.77468,6.24164,7.79529,8.02016,9.61538,7.92046,9.25536,11.39601,7.65223,8.65945,5.90293,7.99429,7.73054,6.45529,8.37139,7.22758,6.9535,12.10375,5.01672]},"PREVALENCE_BY_MONTH":{"X_CALENDAR_MONTH":[201901,201902,201903,201904,201905,201906,201907,201908,201909,201910,201911,201912],"Y_PREVALENCE_1000PP":[0.67,0.52,0.68,0.76,0.72,0.65,0.82,0.49,0.66,0.75,0.58,0.57]},"CONDITIONS_BY_TYPE":{"CONCEPT_NAME":"Claim","COUNT_VALUE":4204},"AGE_AT_FIRST_DIAGNOSIS":{"CATEGORY":["MALE","FEMALE","No matching concept"],"MIN_VALUE":[0,0,6],"P10_VALUE":[12,9,6],"P25_VALUE":[26,24,18],"MEDIAN_VALUE":[45,44,38],"P75_VALUE":[65,63,64],"P90_VALUE":[78,78,87],"MAX_VALUE":[98,99,94]}}
