{"PREVALENCE_BY_GENDER_AGE_YEAR":{"TRELLIS_NAME":["30-39","20-29","70-79","80-89","0-9","40-49","90-99","10-19","30-39","0-9","20-29","50-59","60-69","10-19","40-49","70-79","80-89","60-69","50-59","90-99"],"SERIES_NAME":["FEMALE","FEMALE","MALE","MALE","FEMALE","FEMALE","MALE","FEMALE","MALE","MALE","MALE","MALE","MALE","MALE","MALE","FEMALE","FEMALE","FEMALE","FEMALE","FEMALE"],"X_CALENDAR_YEAR":[2019,2019,2019,2019,2019,2019,2019,2019,2019,2019,2019,2019,2019,2019,2019,2019,2019,2019,2019,2019],"Y_PREVALENCE_1000PP":[41.51742,39.13405,31.13727,31.47432,39.75599,39.25767,34.18803,40.446,36.60397,35.4436,39.43377,39.90025,35.19231,38.0385,36.27322,42.25352,37.46398,42.23744,37.08533,35.67447]},"PREVALENCE_BY_MONTH":{"X_CALENDAR_MONTH":[201901,201902,201903,201904,201905,201906,201907,201908,201909,201910,201911,201912],"Y_PREVALENCE_1000PP":[3.74,2.7,3.17,3.65,3.18,3.02,3.64,2.88,2.73,3.97,3.01,3.07]},"CONDITIONS_BY_TYPE":{"CONCEPT_NAME":"Claim","COUNT_VALUE":20920},"AGE_AT_FIRST_DIAGNOSIS":{"CATEGORY":["No matching concept","MALE","FEMALE"],"MIN_VALUE":[0,0,0],"P10_VALUE":[12,10,10],"P25_VALUE":[23,24,25],"MEDIAN_VALUE":[42,44,44],"P75_VALUE":[61,61,64],"P90_VALUE":[73,76,77],"MAX_VALUE":[87,99,99]}}
