{"PREVALENCE_BY_GENDER_AGE_YEAR":{"TRELLIS_NAME":["30-39","50-59","0-9","10-19","60-69","40-49","20-29","0-9","70-79","30-39","20-29","10-19","90-99","60-69","80-89","70-79","50-59","40-49"],"SERIES_NAME":["MALE","MALE","MALE","MALE","MALE","MALE","MALE","FEMALE","MALE","FEMALE","FEMALE","FEMALE","MALE","FEMALE","FEMALE","FEMALE","FEMALE","FEMALE"],"X_CALENDAR_YEAR":[2019,2019,2019,2019,2019,2019,2019,2019,2019,2019,2019,2019,2019,2019,2019,2019,2019,2019],"Y_PREVALENCE_1000PP":[3.05033,4.10738,4.01248,3.89551,3.84615,2.48647,3.87597,2.94489,2.84792,3.74471,4.32973,3.27941,4.5584,3.61492,4.61095,3.3358,2.75243,3.14061]},"PREVALENCE_BY_MONTH":{"X_CALENDAR_MONTH":[201901,201902,201903,201904,201905,201906,201907,201908,201909,201910,201911,201912],"Y_PREVALENCE_1000PP":[0.23,0.28,0.35,0.28,0.2,0.18,0.26,0.28,0.33,0.42,0.33,0.28]},"CONDITIONS_BY_TYPE":{"CONCEPT_NAME":"Claim","COUNT_VALUE":1792},"AGE_AT_FIRST_DIAGNOSIS":{"CATEGORY":["MALE","FEMALE","No matching concept"],"MIN_VALUE":[0,0,23],"P10_VALUE":[8,12,23],"P25_VALUE":[23,24,29],"MEDIAN_VALUE":[46,41,48],"P75_VALUE":[62,65,64],"P90_VALUE":[75,76,73],"MAX_VALUE":[99,98,73]}}
