{"PREVALENCE_BY_GENDER_AGE_YEAR":{"TRELLIS_NAME":["0-9","10-19","50-59","40-49","20-29","30-39","40-49","70-79","60-69","50-59","80-89","70-79","60-69","0-9","10-19","20-29","30-39"],"SERIES_NAME":["MALE","MALE","MALE","MALE","MALE","MALE","FEMALE","FEMALE","FEMALE","FEMALE","MALE","MALE","MALE","FEMALE","FEMALE","FEMALE","FEMALE"],"X_CALENDAR_YEAR":[2019,2019,2019,2019,2019,2019,2019,2019,2019,2019,2019,2019,2019,2019,2019,2019,2019],"Y_PREVALENCE_1000PP":[2.67261,2.29568,2.7892,1.89975,3.02928,3.39559,2.43031,2.21935,2.6475,2.75283,3.86527,1.71168,1.74014,1.47368,2.62295,2.00267,1.46318]},"PREVALENCE_BY_MONTH":{"X_CALENDAR_MONTH":[201901,201902,201903,201904,201905,201906,201907,201908,201909,201910,201911,201912],"Y_PREVALENCE_1000PP":[0.2,0.19,0.16,0.2,0.14,0.19,0.32,0.15,0.13,0.26,0.18,0.21]},"CONDITIONS_BY_TYPE":{"CONCEPT_NAME":"Claim","COUNT_VALUE":309},"AGE_AT_FIRST_DIAGNOSIS":{"CATEGORY":["FEMALE","MALE"],"MIN_VALUE":[0,1],"P10_VALUE":[15,8],"P25_VALUE":[25,25],"MEDIAN_VALUE":[48,38],"P75_VALUE":[64,57],"P90_VALUE":[77,75],"MAX_VALUE":[99,89]}}
