{"PREVALENCE_BY_GENDER_AGE_YEAR":{"TRELLIS_NAME":["60-69","10-19","30-39","0-9","20-29","70-79","50-59","60-69","70-79","40-49","0-9","20-29","40-49","10-19"],"SERIES_NAME":["MALE","FEMALE","FEMALE","FEMALE","FEMALE","MALE","FEMALE","FEMALE","FEMALE","FEMALE","MALE","MALE","MALE","MALE"],"X_CALENDAR_YEAR":[2019,2019,2019,2019,2019,2019,2019,2019,2019,2019,2019,2019,2019,2019],"Y_PREVALENCE_1000PP":[1.34615,1.53039,2.76783,2.10349,1.49875,1.89861,0.86919,2.47336,2.03855,1.57031,1.56041,1.01112,1.75516,2.74977]},"PREVALENCE_BY_MONTH":{"X_CALENDAR_MONTH":[201901,201902,201903,201904,201905,201906,201907,201908,201909,201910,201911,201912],"Y_PREVALENCE_1000PP":[0.19,0.1,0.13,0.13,0.1,0.16,0.18,0.1,0.18,0.11,0.07,0.12]},"CONDITIONS_BY_TYPE":{"CONCEPT_NAME":"Claim","COUNT_VALUE":868},"AGE_AT_FIRST_DIAGNOSIS":{"CATEGORY":["MALE","FEMALE"],"MIN_VALUE":[0,0],"P10_VALUE":[9,9],"P25_VALUE":[17,24],"MEDIAN_VALUE":[43,44],"P75_VALUE":[62,67],"P90_VALUE":[76,77],"MAX_VALUE":[91,98]}}
