{"PREVALENCE_BY_GENDER_AGE_YEAR":{"TRELLIS_NAME":["10-19","20-29","20-29","50-59","30-39"],"SERIES_NAME":["FEMALE","FEMALE","MALE","MALE","MALE"],"X_CALENDAR_YEAR":[2019,2019,2019,2019,2019],"Y_PREVALENCE_1000PP":[1.31148,1.00134,1.00976,1.0276,1.01868]},"PREVALENCE_BY_MONTH":{"X_CALENDAR_MONTH":[201901,201903,201904,201907,201909,201910,201911],"Y_PREVALENCE_1000PP":[0.13,0.07,0.07,0.07,0.08,0.12,0.08]},"CONDITIONS_BY_TYPE":{"CONCEPT_NAME":"Claim","COUNT_VALUE":103},"AGE_AT_FIRST_DIAGNOSIS":{"CATEGORY":["FEMALE","MALE"],"MIN_VALUE":[2,3],"P10_VALUE":[12,10],"P25_VALUE":[20,23],"MEDIAN_VALUE":[37,41],"P75_VALUE":[66,61],"P90_VALUE":[81,78],"MAX_VALUE":[94,98]}}
