{"PREVALENCE_BY_GENDER_AGE_YEAR":{"TRELLIS_NAME":["60-69","90-99","70-79","50-59","20-29","40-49","0-9","70-79","10-19","90-99","30-39","60-69","0-9","40-49","30-39","20-29","10-19","50-59"],"SERIES_NAME":["FEMALE","FEMALE","FEMALE","FEMALE","FEMALE","FEMALE","FEMALE","MALE","FEMALE","MALE","FEMALE","MALE","MALE","MALE","MALE","MALE","MALE","MALE"],"X_CALENDAR_YEAR":[2019,2019,2019,2019,2019,2019,2019,2019,2019,2019,2019,2019,2019,2019,2019,2019,2019,2019],"Y_PREVALENCE_1000PP":[4.34947,7.77346,4.80858,4.20168,5.34045,4.28878,4.42105,4.37429,5.90164,3.4384,5.03983,5.80046,2.67261,4.23791,4.58404,5.55369,3.90266,4.40399]},"PREVALENCE_BY_MONTH":{"X_CALENDAR_MONTH":[201901,201902,201903,201904,201905,201906,201907,201908,201909,201910,201911,201912],"Y_PREVALENCE_1000PP":[0.56,0.38,0.42,0.29,0.36,0.27,0.57,0.32,0.3,0.39,0.41,0.27]},"CONDITIONS_BY_TYPE":{"CONCEPT_NAME":"Claim","COUNT_VALUE":619},"AGE_AT_FIRST_DIAGNOSIS":{"CATEGORY":["FEMALE","No matching concept","MALE"],"MIN_VALUE":[0,3,0],"P10_VALUE":[11,3,16],"P25_VALUE":[24,21,27],"MEDIAN_VALUE":[45,29,45],"P75_VALUE":[62,58,63],"P90_VALUE":[79,96,75],"MAX_VALUE":[98,96,99]}}
