{"PREVALENCE_BY_GENDER_AGE_YEAR":{"TRELLIS_NAME":["50-59","70-79","60-69","40-49","0-9","30-39","50-59","10-19","20-29","60-69","10-19","0-9","30-39","20-29","70-79"],"SERIES_NAME":["FEMALE","FEMALE","FEMALE","MALE","MALE","MALE","MALE","MALE","MALE","MALE","FEMALE","FEMALE","FEMALE","FEMALE","MALE"],"X_CALENDAR_YEAR":[2019,2019,2019,2019,2019,2019,2019,2019,2019,2019,2019,2019,2019,2019,2019],"Y_PREVALENCE_1000PP":[2.17328,1.10967,1.51286,0.87681,1.3363,1.52801,1.7616,1.37741,1.51464,1.16009,1.74863,2.10526,1.46318,2.50334,1.14112]},"PREVALENCE_BY_MONTH":{"X_CALENDAR_MONTH":[201901,201902,201903,201904,201905,201906,201907,201908,201909,201910,201911],"Y_PREVALENCE_1000PP":[0.14,0.12,0.13,0.19,0.12,0.1,0.11,0.09,0.18,0.14,0.08]},"CONDITIONS_BY_TYPE":{"CONCEPT_NAME":"Claim","COUNT_VALUE":191},"AGE_AT_FIRST_DIAGNOSIS":{"CATEGORY":["FEMALE","MALE"],"MIN_VALUE":[0,3],"P10_VALUE":[8,11],"P25_VALUE":[23,21],"MEDIAN_VALUE":[38,41],"P75_VALUE":[60,59],"P90_VALUE":[78,71],"MAX_VALUE":[99,93]}}
