{"PREVALENCE_BY_GENDER_AGE_YEAR":{"TRELLIS_NAME":["90-99","60-69","70-79","80-89","50-59","40-49","70-79","60-69","20-29","10-19","90-99","0-9","80-89","30-39","20-29","10-19","0-9","50-59","40-49","30-39"],"SERIES_NAME":["FEMALE","FEMALE","FEMALE","FEMALE","FEMALE","FEMALE","MALE","MALE","FEMALE","FEMALE","MALE","FEMALE","MALE","FEMALE","MALE","MALE","MALE","MALE","MALE","MALE"],"X_CALENDAR_YEAR":[2019,2019,2019,2019,2019,2019,2019,2019,2019,2019,2019,2019,2019,2019,2019,2019,2019,2019,2019,2019],"Y_PREVALENCE_1000PP":[7.77346,11.72466,7.39782,12.11073,9.56245,10.29307,9.88969,10.44084,8.51135,8.74317,9.16905,10.10526,13.25235,6.17786,8.91956,9.4123,9.57684,7.78039,10.81397,7.80985]},"PREVALENCE_BY_MONTH":{"X_CALENDAR_MONTH":[201901,201902,201903,201904,201905,201906,201907,201908,201909,201910,201911,201912],"Y_PREVALENCE_1000PP":[0.96,0.69,0.71,0.76,0.77,0.75,1.06,0.63,0.74,0.77,0.75,0.73]},"CONDITIONS_BY_TYPE":{"CONCEPT_NAME":"Claim","COUNT_VALUE":1242},"AGE_AT_FIRST_DIAGNOSIS":{"CATEGORY":["No matching concept","MALE","FEMALE"],"MIN_VALUE":[10,0,0],"P10_VALUE":[16,10,8],"P25_VALUE":[21,24,23],"MEDIAN_VALUE":[51,45,46],"P75_VALUE":[69,65,65],"P90_VALUE":[78,79,77],"MAX_VALUE":[91,99,99]}}
