{"PREVALENCE_BY_GENDER_AGE_YEAR":{"TRELLIS_NAME":["20-29","0-9","10-19","30-39","70-79","50-59","60-69","70-79","40-49","20-29","10-19","50-59","60-69","0-9","30-39","40-49"],"SERIES_NAME":["FEMALE","FEMALE","FEMALE","FEMALE","MALE","FEMALE","FEMALE","FEMALE","FEMALE","MALE","MALE","MALE","MALE","MALE","MALE","MALE"],"X_CALENDAR_YEAR":[2019,2019,2019,2019,2019,2019,2019,2019,2019,2019,2019,2019,2019,2019,2019,2019],"Y_PREVALENCE_1000PP":[2.67023,2.94737,4.15301,2.43863,1.52149,2.17328,3.02572,3.32902,2.28735,3.70246,4.3618,2.7892,2.51353,1.78174,2.54669,3.21496]},"PREVALENCE_BY_MONTH":{"X_CALENDAR_MONTH":[201901,201902,201903,201904,201905,201906,201907,201908,201909,201910,201911,201912],"Y_PREVALENCE_1000PP":[0.32,0.18,0.26,0.27,0.25,0.17,0.3,0.18,0.2,0.22,0.19,0.29]},"CONDITIONS_BY_TYPE":{"CONCEPT_NAME":"Claim","COUNT_VALUE":392},"AGE_AT_FIRST_DIAGNOSIS":{"CATEGORY":["FEMALE","No matching concept","MALE"],"MIN_VALUE":[0,4,0],"P10_VALUE":[9,4,13],"P25_VALUE":[21,23,21],"MEDIAN_VALUE":[43,40,40],"P75_VALUE":[67,56,56],"P90_VALUE":[76,76,71],"MAX_VALUE":[98,76,99]}}
