{"PREVALENCE_BY_GENDER_AGE_YEAR":{"TRELLIS_NAME":["40-49","0-9","60-69","10-19","30-39","50-59","20-29","80-89","50-59","70-79","60-69","40-49","70-79","30-39","90-99","20-29","10-19","0-9"],"SERIES_NAME":["MALE","MALE","MALE","MALE","MALE","MALE","MALE","FEMALE","FEMALE","FEMALE","FEMALE","FEMALE","MALE","FEMALE","MALE","FEMALE","FEMALE","FEMALE"],"X_CALENDAR_YEAR":[2019,2019,2019,2019,2019,2019,2019,2019,2019,2019,2019,2019,2019,2019,2019,2019,2019,2019],"Y_PREVALENCE_1000PP":[3.3611,3.11804,2.90023,2.29568,3.73514,2.202,2.6927,4.03691,3.47725,4.0688,2.6475,3.28806,3.23317,3.57665,4.01146,3.33778,3.71585,3.57895]},"PREVALENCE_BY_MONTH":{"X_CALENDAR_MONTH":[201901,201902,201903,201904,201905,201906,201907,201908,201909,201910,201911,201912],"Y_PREVALENCE_1000PP":[0.32,0.14,0.35,0.29,0.25,0.14,0.32,0.3,0.24,0.35,0.21,0.23]},"CONDITIONS_BY_TYPE":{"CONCEPT_NAME":"Claim","COUNT_VALUE":414},"AGE_AT_FIRST_DIAGNOSIS":{"CATEGORY":["MALE","FEMALE"],"MIN_VALUE":[0,0],"P10_VALUE":[10,8],"P25_VALUE":[26,24],"MEDIAN_VALUE":[42,45],"P75_VALUE":[63,63],"P90_VALUE":[75,76],"MAX_VALUE":[99,99]}}
