{"PREVALENCE_BY_GENDER_AGE_YEAR":{"TRELLIS_NAME":["40-49","60-69","50-59","70-79","80-89","20-29","0-9","70-79","30-39","50-59","0-9","60-69","40-49","20-29","30-39","10-19"],"SERIES_NAME":["FEMALE","FEMALE","FEMALE","FEMALE","MALE","FEMALE","FEMALE","MALE","FEMALE","MALE","MALE","MALE","MALE","MALE","MALE","MALE"],"X_CALENDAR_YEAR":[2019,2019,2019,2019,2019,2019,2019,2019,2019,2019,2019,2019,2019,2019,2019,2019],"Y_PREVALENCE_1000PP":[2.56959,2.47336,1.73837,2.22387,3.86527,1.83181,1.2621,1.51889,2.11657,0.88015,1.78333,1.92308,2.48647,1.17964,3.05033,2.29148]},"PREVALENCE_BY_MONTH":{"X_CALENDAR_MONTH":[201901,201902,201903,201904,201905,201906,201907,201908,201909,201910,201911,201912],"Y_PREVALENCE_1000PP":[0.18,0.19,0.14,0.17,0.11,0.15,0.23,0.16,0.19,0.12,0.17,0.13]},"CONDITIONS_BY_TYPE":{"CONCEPT_NAME":"Claim","COUNT_VALUE":1048},"AGE_AT_FIRST_DIAGNOSIS":{"CATEGORY":["FEMALE","MALE"],"MIN_VALUE":[1,2],"P10_VALUE":[17,10],"P25_VALUE":[31,26],"MEDIAN_VALUE":[46,42],"P75_VALUE":[66,67],"P90_VALUE":[76,80],"MAX_VALUE":[99,96]}}
