{"PREVALENCE_BY_GENDER_AGE_YEAR":{"TRELLIS_NAME":["50-59","70-79","60-69","20-29","70-79","40-49","10-19","0-9","0-9","10-19","50-59","20-29","40-49","60-69"],"SERIES_NAME":["FEMALE","FEMALE","FEMALE","FEMALE","MALE","FEMALE","FEMALE","FEMALE","MALE","MALE","MALE","MALE","MALE","MALE"],"X_CALENDAR_YEAR":[2019,2019,2019,2019,2019,2019,2019,2019,2019,2019,2019,2019,2019,2019],"Y_PREVALENCE_1000PP":[1.59351,1.48258,2.09285,2.49792,2.08848,1.85582,2.18627,1.47244,1.56041,2.29148,1.46692,1.6852,1.02384,1.73077]},"PREVALENCE_BY_MONTH":{"X_CALENDAR_MONTH":[201901,201902,201903,201904,201905,201906,201907,201908,201909,201910,201911,201912],"Y_PREVALENCE_1000PP":[0.16,0.07,0.15,0.1,0.09,0.15,0.13,0.17,0.1,0.18,0.12,0.17]},"CONDITIONS_BY_TYPE":{"CONCEPT_NAME":"Claim","COUNT_VALUE":896},"AGE_AT_FIRST_DIAGNOSIS":{"CATEGORY":["MALE","FEMALE"],"MIN_VALUE":[0,0],"P10_VALUE":[9,10],"P25_VALUE":[22,21],"MEDIAN_VALUE":[41,45],"P75_VALUE":[65,66],"P90_VALUE":[71,78],"MAX_VALUE":[98,99]}}
