{"PREVALENCE_BY_GENDER_AGE_YEAR":{"TRELLIS_NAME":["50-59","40-49","20-29","10-19","30-39","60-69","0-9","0-9","70-79","10-19","20-29","30-39","40-49","60-69","70-79","50-59"],"SERIES_NAME":["MALE","MALE","MALE","MALE","MALE","MALE","MALE","FEMALE","MALE","FEMALE","FEMALE","FEMALE","FEMALE","FEMALE","FEMALE","FEMALE"],"X_CALENDAR_YEAR":[2019,2019,2019,2019,2019,2019,2019,2019,2019,2019,2019,2019,2019,2019,2019,2019],"Y_PREVALENCE_1000PP":[2.202,1.75362,1.85123,2.06612,3.22581,1.16009,3.56347,2.31579,1.14112,2.40437,1.83578,2.43863,1.85847,2.08018,2.58924,1.44886]},"PREVALENCE_BY_MONTH":{"X_CALENDAR_MONTH":[201901,201902,201903,201904,201905,201906,201907,201908,201909,201910,201911,201912],"Y_PREVALENCE_1000PP":[0.23,0.15,0.24,0.18,0.16,0.19,0.12,0.09,0.23,0.19,0.19,0.13]},"CONDITIONS_BY_TYPE":{"CONCEPT_NAME":"Claim","COUNT_VALUE":273},"AGE_AT_FIRST_DIAGNOSIS":{"CATEGORY":["MALE","FEMALE"],"MIN_VALUE":[0,0],"P10_VALUE":[5,9],"P25_VALUE":[20,24],"MEDIAN_VALUE":[38,41],"P75_VALUE":[58,63],"P90_VALUE":[77,76],"MAX_VALUE":[97,95]}}
