{"PREVALENCE_BY_GENDER_AGE_YEAR":{"TRELLIS_NAME":["70-79","50-59","60-69","30-39","90-99","70-79","20-29","40-49","0-9","10-19","30-39","0-9","10-19","50-59","60-69","40-49"],"SERIES_NAME":["FEMALE","FEMALE","FEMALE","FEMALE","MALE","MALE","FEMALE","FEMALE","FEMALE","FEMALE","MALE","MALE","MALE","MALE","MALE","MALE"],"X_CALENDAR_YEAR":[2019,2019,2019,2019,2019,2019,2019,2019,2019,2019,2019,2019,2019,2019,2019,2019],"Y_PREVALENCE_1000PP":[2.96516,3.04216,2.66362,3.90752,3.4188,1.51889,1.66528,1.99857,1.47244,3.27941,1.52517,2.45207,3.43721,1.76031,1.92308,2.779]},"PREVALENCE_BY_MONTH":{"X_CALENDAR_MONTH":[201901,201902,201903,201904,201905,201906,201907,201908,201909,201910,201911,201912],"Y_PREVALENCE_1000PP":[0.23,0.13,0.26,0.16,0.2,0.19,0.21,0.14,0.18,0.2,0.21,0.18]},"CONDITIONS_BY_TYPE":{"CONCEPT_NAME":"Claim","COUNT_VALUE":1224},"AGE_AT_FIRST_DIAGNOSIS":{"CATEGORY":["MALE","FEMALE"],"MIN_VALUE":[1,2],"P10_VALUE":[8,14],"P25_VALUE":[18,29],"MEDIAN_VALUE":[45,45],"P75_VALUE":[65,62],"P90_VALUE":[82,74],"MAX_VALUE":[99,99]}}
