{"PREVALENCE_BY_GENDER_AGE_YEAR":{"TRELLIS_NAME":["60-69","40-49","50-59","70-79","50-59","30-39","40-49","20-29","0-9","10-19","30-39","10-19","20-29","70-79","0-9","60-69"],"SERIES_NAME":["FEMALE","FEMALE","FEMALE","FEMALE","MALE","MALE","MALE","MALE","MALE","MALE","FEMALE","FEMALE","FEMALE","MALE","FEMALE","MALE"],"X_CALENDAR_YEAR":[2019,2019,2019,2019,2019,2019,2019,2019,2019,2019,2019,2019,2019,2019,2019,2019],"Y_PREVALENCE_1000PP":[1.90259,2.28408,2.17297,1.11193,1.46692,1.69463,1.75516,2.35929,3.12082,2.74977,2.60501,2.4049,1.66528,1.89861,2.10349,2.69231]},"PREVALENCE_BY_MONTH":{"X_CALENDAR_MONTH":[201901,201902,201903,201904,201905,201906,201907,201908,201909,201910,201911,201912],"Y_PREVALENCE_1000PP":[0.22,0.21,0.2,0.24,0.24,0.14,0.16,0.13,0.06,0.26,0.12,0.14]},"CONDITIONS_BY_TYPE":{"CONCEPT_NAME":"Claim","COUNT_VALUE":1168},"AGE_AT_FIRST_DIAGNOSIS":{"CATEGORY":["FEMALE","MALE","No matching concept"],"MIN_VALUE":[0,0,3],"P10_VALUE":[10,8,3],"P25_VALUE":[24,19,25],"MEDIAN_VALUE":[41,41,28],"P75_VALUE":[58,65,57],"P90_VALUE":[72,76,76],"MAX_VALUE":[99,99,76]}}
