{"PREVALENCE_BY_GENDER_AGE_YEAR":{"TRELLIS_NAME":["0-9","50-59","60-69","30-39","10-19","20-29","40-49","40-49","20-29","70-79","0-9","10-19","80-89","90-99","30-39","60-69","80-89","50-59","70-79"],"SERIES_NAME":["MALE","MALE","MALE","MALE","MALE","MALE","MALE","FEMALE","FEMALE","MALE","FEMALE","FEMALE","MALE","MALE","FEMALE","FEMALE","FEMALE","FEMALE","FEMALE"],"X_CALENDAR_YEAR":[2019,2019,2019,2019,2019,2019,2019,2019,2019,2019,2019,2019,2019,2019,2019,2019,2019,2019,2019],"Y_PREVALENCE_1000PP":[5.34998,4.40076,4.23077,5.42281,4.8121,4.38153,5.1192,4.71092,6.49459,3.79723,5.88978,5.6843,3.86527,6.26781,4.55878,4.18569,4.03458,3.18702,3.3358]},"PREVALENCE_BY_MONTH":{"X_CALENDAR_MONTH":[201901,201902,201903,201904,201905,201906,201907,201908,201909,201910,201911,201912],"Y_PREVALENCE_1000PP":[0.41,0.21,0.46,0.54,0.38,0.38,0.4,0.44,0.35,0.49,0.36,0.31]},"CONDITIONS_BY_TYPE":{"CONCEPT_NAME":"Claim","COUNT_VALUE":2520},"AGE_AT_FIRST_DIAGNOSIS":{"CATEGORY":["MALE","FEMALE","No matching concept"],"MIN_VALUE":[0,0,0],"P10_VALUE":[8,7,10],"P25_VALUE":[24,20,35],"MEDIAN_VALUE":[42,38,45],"P75_VALUE":[61,57,64],"P90_VALUE":[76,74,95],"MAX_VALUE":[99,99,97]}}
