{"PREVALENCE_BY_GENDER_AGE_YEAR":{"TRELLIS_NAME":["20-29","60-69","70-79","10-19","90-99","80-89","30-39","0-9","0-9","20-29","10-19","50-59","30-39","40-49","60-69","40-49","90-99","50-59","70-79","80-89"],"SERIES_NAME":["FEMALE","MALE","MALE","FEMALE","MALE","MALE","FEMALE","FEMALE","MALE","MALE","MALE","MALE","MALE","MALE","FEMALE","FEMALE","FEMALE","FEMALE","FEMALE","FEMALE"],"X_CALENDAR_YEAR":[2019,2019,2019,2019,2019,2019,2019,2019,2019,2019,2019,2019,2019,2019,2019,2019,2019,2019,2019,2019],"Y_PREVALENCE_1000PP":[24.64613,24.03846,24.87184,22.73721,24.50142,27.60906,28.98079,22.71771,23.62907,26.4577,25.43538,25.23104,26.60566,25.88855,25.30441,24.12562,25.08361,29.11777,24.27724,25.9366]},"PREVALENCE_BY_MONTH":{"X_CALENDAR_MONTH":[201901,201902,201903,201904,201905,201906,201907,201908,201909,201910,201911,201912],"Y_PREVALENCE_1000PP":[2.46,1.78,2.1,2.35,2.14,1.77,2.48,2.15,1.7,2.52,2.14,2.13]},"CONDITIONS_BY_TYPE":{"CONCEPT_NAME":"Claim","COUNT_VALUE":13904},"AGE_AT_FIRST_DIAGNOSIS":{"CATEGORY":["No matching concept","MALE","FEMALE"],"MIN_VALUE":[0,0,0],"P10_VALUE":[10,11,12],"P25_VALUE":[24,25,26],"MEDIAN_VALUE":[40,45,46],"P75_VALUE":[60,63,62],"P90_VALUE":[71,77,77],"MAX_VALUE":[97,99,99]}}
