{"PREVALENCE_BY_GENDER_AGE_YEAR":{"TRELLIS_NAME":["60-69","50-59","80-89","70-79","90-99","40-49","20-29","30-39","60-69","0-9","50-59","10-19","0-9","20-29","80-89","70-79","10-19","30-39","40-49","90-99"],"SERIES_NAME":["FEMALE","FEMALE","FEMALE","FEMALE","FEMALE","MALE","MALE","MALE","MALE","MALE","MALE","MALE","FEMALE","FEMALE","MALE","MALE","FEMALE","FEMALE","FEMALE","MALE"],"X_CALENDAR_YEAR":[2019,2019,2019,2019,2019,2019,2019,2019,2019,2019,2019,2019,2019,2019,2019,2019,2019,2019,2019,2019],"Y_PREVALENCE_1000PP":[46.61339,40.56207,46.68588,45.21868,45.70792,45.19526,46.68015,44.22979,38.84615,45.02898,47.23485,42.8506,38.9146,45.9617,62.94865,47.65521,49.62833,42.33149,46.25268,35.32764]},"PREVALENCE_BY_MONTH":{"X_CALENDAR_MONTH":[201901,201902,201903,201904,201905,201906,201907,201908,201909,201910,201911,201912],"Y_PREVALENCE_1000PP":[4.65,2.99,3.73,4.56,3.57,3.24,4.59,3.39,3.62,4.49,3.18,3.78]},"CONDITIONS_BY_TYPE":{"CONCEPT_NAME":"Claim","COUNT_VALUE":24716},"AGE_AT_FIRST_DIAGNOSIS":{"CATEGORY":["No matching concept","FEMALE","MALE"],"MIN_VALUE":[0,0,0],"P10_VALUE":[10,11,10],"P25_VALUE":[29,24,25],"MEDIAN_VALUE":[47,45,45],"P75_VALUE":[70,64,63],"P90_VALUE":[81,76,78],"MAX_VALUE":[98,99,99]}}
