{"PREVALENCE_BY_GENDER_AGE_YEAR":{"TRELLIS_NAME":["30-39","70-79","80-89","0-9","40-49","50-59","70-79","50-59","10-19","40-49","30-39","20-29"],"SERIES_NAME":["FEMALE","MALE","MALE","FEMALE","FEMALE","FEMALE","FEMALE","MALE","MALE","MALE","MALE","MALE"],"X_CALENDAR_YEAR":[2019,2019,2019,2019,2019,2019,2019,2019,2019,2019,2019,2019],"Y_PREVALENCE_1000PP":[2.11657,1.89861,4.41745,1.68279,0.85653,1.44865,1.11193,1.32023,1.60403,0.87758,1.01678,1.85372]},"PREVALENCE_BY_MONTH":{"X_CALENDAR_MONTH":[201901,201902,201903,201904,201905,201906,201907,201908,201909,201910,201911,201912],"Y_PREVALENCE_1000PP":[0.14,0.1,0.12,0.13,0.12,0.08,0.15,0.08,0.09,0.08,0.11,0.09]},"CONDITIONS_BY_TYPE":{"CONCEPT_NAME":"Claim","COUNT_VALUE":700},"AGE_AT_FIRST_DIAGNOSIS":{"CATEGORY":["FEMALE","MALE"],"MIN_VALUE":[1,7],"P10_VALUE":[7,17],"P25_VALUE":[23,27],"MEDIAN_VALUE":[38,50],"P75_VALUE":[52,74],"P90_VALUE":[77,86],"MAX_VALUE":[99,98]}}
