{"PREVALENCE_BY_GENDER_AGE_YEAR":{"TRELLIS_NAME":["0-9","10-19","70-79","30-39","20-29","50-59","40-49","60-69","70-79","40-49","0-9","20-29","30-39","50-59"],"SERIES_NAME":["FEMALE","FEMALE","MALE","FEMALE","FEMALE","FEMALE","FEMALE","FEMALE","FEMALE","MALE","MALE","MALE","MALE","MALE"],"X_CALENDAR_YEAR":[2019,2019,2019,2019,2019,2019,2019,2019,2019,2019,2019,2019,2019,2019],"Y_PREVALENCE_1000PP":[2.10349,2.18627,1.32903,2.11657,1.1657,1.01405,2.42684,3.2344,2.59451,2.779,2.45207,2.19077,2.37248,1.32023]},"PREVALENCE_BY_MONTH":{"X_CALENDAR_MONTH":[201901,201902,201903,201904,201905,201906,201907,201908,201909,201910,201911,201912],"Y_PREVALENCE_1000PP":[0.18,0.1,0.16,0.25,0.18,0.17,0.18,0.13,0.17,0.19,0.12,0.16]},"CONDITIONS_BY_TYPE":{"CONCEPT_NAME":"Claim","COUNT_VALUE":1072},"AGE_AT_FIRST_DIAGNOSIS":{"CATEGORY":["FEMALE","MALE","No matching concept"],"MIN_VALUE":[0,0,4],"P10_VALUE":[11,7,4],"P25_VALUE":[28,24,17],"MEDIAN_VALUE":[46,39,56],"P75_VALUE":[68,51,70],"P90_VALUE":[79,75,78],"MAX_VALUE":[98,97,78]}}
