{"PREVALENCE_BY_GENDER_AGE_YEAR":{"TRELLIS_NAME":["50-59","70-79","60-69","50-59","20-29","0-9","30-39","10-19","40-49","30-39","20-29","70-79","10-19","40-49"],"SERIES_NAME":["FEMALE","FEMALE","MALE","MALE","MALE","MALE","MALE","MALE","MALE","FEMALE","FEMALE","MALE","FEMALE","FEMALE"],"X_CALENDAR_YEAR":[2019,2019,2019,2019,2019,2019,2019,2019,2019,2019,2019,2019,2019,2019],"Y_PREVALENCE_1000PP":[1.44886,1.66451,2.12684,2.4956,1.85123,2.00445,2.88625,2.29568,2.63043,1.9509,1.66889,2.09205,1.74863,2.00143]},"PREVALENCE_BY_MONTH":{"X_CALENDAR_MONTH":[201901,201902,201903,201904,201905,201906,201907,201908,201909,201910,201911,201912],"Y_PREVALENCE_1000PP":[0.23,0.13,0.13,0.26,0.11,0.11,0.17,0.11,0.14,0.17,0.17,0.2]},"CONDITIONS_BY_TYPE":{"CONCEPT_NAME":"Claim","COUNT_VALUE":257},"AGE_AT_FIRST_DIAGNOSIS":{"CATEGORY":["FEMALE","MALE"],"MIN_VALUE":[0,0],"P10_VALUE":[14,11],"P25_VALUE":[28,28],"MEDIAN_VALUE":[42,45],"P75_VALUE":[58,65],"P90_VALUE":[76,79],"MAX_VALUE":[99,97]}}
