{"PREVALENCE_BY_GENDER_AGE_YEAR":{"TRELLIS_NAME":["50-59","40-49","70-79","60-69","10-19","0-9","20-29","30-39","50-59","60-69","20-29","10-19","30-39","40-49"],"SERIES_NAME":["FEMALE","FEMALE","FEMALE","FEMALE","FEMALE","FEMALE","FEMALE","FEMALE","MALE","MALE","MALE","MALE","MALE","MALE"],"X_CALENDAR_YEAR":[2019,2019,2019,2019,2019,2019,2019,2019,2019,2019,2019,2019,2019,2019],"Y_PREVALENCE_1000PP":[1.59351,1.14204,2.03855,2.47336,2.84215,1.47244,1.1657,1.79095,1.61361,1.15385,2.35929,2.52062,1.69463,2.779]},"PREVALENCE_BY_MONTH":{"X_CALENDAR_MONTH":[201901,201903,201904,201905,201906,201907,201908,201909,201910,201911,201912],"Y_PREVALENCE_1000PP":[0.18,0.11,0.2,0.12,0.14,0.18,0.1,0.19,0.21,0.2,0.07]},"CONDITIONS_BY_TYPE":{"CONCEPT_NAME":"Claim","COUNT_VALUE":964},"AGE_AT_FIRST_DIAGNOSIS":{"CATEGORY":["FEMALE","MALE"],"MIN_VALUE":[2,3],"P10_VALUE":[11,13],"P25_VALUE":[23,21],"MEDIAN_VALUE":[47,40],"P75_VALUE":[68,51],"P90_VALUE":[75,65],"MAX_VALUE":[98,96]}}
