{"PREVALENCE_BY_GENDER_AGE_YEAR":{"TRELLIS_NAME":["20-29","80-89","10-19","0-9","30-39","70-79","40-49","0-9","40-49","10-19","60-69","50-59","30-39","20-29","60-69","50-59","70-79"],"SERIES_NAME":["FEMALE","MALE","FEMALE","FEMALE","FEMALE","MALE","FEMALE","MALE","MALE","MALE","MALE","MALE","MALE","MALE","FEMALE","FEMALE","FEMALE"],"X_CALENDAR_YEAR":[2019,2019,2019,2019,2019,2019,2019,2019,2019,2019,2019,2019,2019,2019,2019,2019,2019],"Y_PREVALENCE_1000PP":[3.16403,3.86527,1.53039,4.62768,1.62813,3.03778,2.71235,3.34374,0.87758,2.29148,1.92308,1.17354,1.18624,1.85372,1.90259,2.17297,1.85322]},"PREVALENCE_BY_MONTH":{"X_CALENDAR_MONTH":[201901,201902,201903,201904,201905,201906,201907,201908,201909,201910,201911,201912],"Y_PREVALENCE_1000PP":[0.23,0.17,0.13,0.19,0.23,0.14,0.3,0.12,0.1,0.19,0.17,0.16]},"CONDITIONS_BY_TYPE":{"CONCEPT_NAME":"Claim","COUNT_VALUE":1124},"AGE_AT_FIRST_DIAGNOSIS":{"CATEGORY":["FEMALE","MALE"],"MIN_VALUE":[0,1],"P10_VALUE":[5,6],"P25_VALUE":[20,18],"MEDIAN_VALUE":[40,44],"P75_VALUE":[56,71],"P90_VALUE":[75,82],"MAX_VALUE":[96,98]}}
