{"PREVALENCE_BY_GENDER_AGE_YEAR":{"TRELLIS_NAME":["60-69","50-59","40-49","70-79","30-39","70-79","0-9","20-29","20-29","30-39","40-49","0-9","50-59","60-69"],"SERIES_NAME":["FEMALE","FEMALE","FEMALE","FEMALE","FEMALE","MALE","FEMALE","FEMALE","MALE","MALE","MALE","MALE","MALE","MALE"],"X_CALENDAR_YEAR":[2019,2019,2019,2019,2019,2019,2019,2019,2019,2019,2019,2019,2019,2019],"Y_PREVALENCE_1000PP":[1.51286,2.0284,1.00071,2.77418,2.43863,1.71168,1.26316,2.00267,2.01952,2.20713,2.48429,2.00445,2.202,2.32019]},"PREVALENCE_BY_MONTH":{"X_CALENDAR_MONTH":[201901,201902,201903,201904,201905,201906,201907,201908,201910,201911,201912],"Y_PREVALENCE_1000PP":[0.17,0.13,0.17,0.26,0.15,0.16,0.18,0.12,0.17,0.11,0.21]},"CONDITIONS_BY_TYPE":{"CONCEPT_NAME":"Claim","COUNT_VALUE":248},"AGE_AT_FIRST_DIAGNOSIS":{"CATEGORY":["MALE","FEMALE"],"MIN_VALUE":[0,0],"P10_VALUE":[11,19],"P25_VALUE":[28,29],"MEDIAN_VALUE":[46,49],"P75_VALUE":[60,67],"P90_VALUE":[72,78],"MAX_VALUE":[98,99]}}
