{"PREVALENCE_BY_GENDER_AGE_YEAR":{"TRELLIS_NAME":["50-59","70-79","60-69","30-39","20-29","10-19","60-69","0-9","40-49","50-59","40-49","0-9","30-39","70-79","10-19","20-29"],"SERIES_NAME":["FEMALE","FEMALE","FEMALE","MALE","MALE","MALE","MALE","MALE","MALE","MALE","FEMALE","FEMALE","FEMALE","MALE","FEMALE","FEMALE"],"X_CALENDAR_YEAR":[2019,2019,2019,2019,2019,2019,2019,2019,2019,2019,2019,2019,2019,2019,2019,2019],"Y_PREVALENCE_1000PP":[1.59374,2.58924,1.70197,1.52801,1.51464,1.60698,1.35344,2.22717,2.33816,1.9084,1.71551,2.52632,2.11348,2.09205,2.18579,2.00267]},"PREVALENCE_BY_MONTH":{"X_CALENDAR_MONTH":[201901,201902,201903,201904,201905,201906,201907,201908,201909,201910,201911,201912],"Y_PREVALENCE_1000PP":[0.12,0.18,0.12,0.17,0.19,0.15,0.19,0.13,0.18,0.13,0.22,0.12]},"CONDITIONS_BY_TYPE":{"CONCEPT_NAME":"Claim","COUNT_VALUE":248},"AGE_AT_FIRST_DIAGNOSIS":{"CATEGORY":["FEMALE","MALE"],"MIN_VALUE":[0,0],"P10_VALUE":[9,8],"P25_VALUE":[24,25],"MEDIAN_VALUE":[43,44],"P75_VALUE":[66,64],"P90_VALUE":[77,78],"MAX_VALUE":[99,95]}}
