{"PREVALENCE_BY_GENDER_AGE_YEAR":{"TRELLIS_NAME":["70-79","30-39","20-29","10-19","40-49","30-39","20-29","10-19","40-49","60-69","50-59","50-59","60-69","80-89"],"SERIES_NAME":["MALE","FEMALE","FEMALE","FEMALE","FEMALE","MALE","MALE","MALE","MALE","MALE","MALE","FEMALE","FEMALE","FEMALE"],"X_CALENDAR_YEAR":[2019,2019,2019,2019,2019,2019,2019,2019,2019,2019,2019,2019,2019,2019],"Y_PREVALENCE_1000PP":[2.09205,1.3006,1.33511,2.84153,1.71551,1.35823,1.34635,1.83655,1.02294,1.35344,1.6148,1.59374,1.70197,3.46021]},"PREVALENCE_BY_MONTH":{"X_CALENDAR_MONTH":[201901,201902,201903,201904,201905,201906,201907,201908,201909,201910,201911,201912],"Y_PREVALENCE_1000PP":[0.16,0.18,0.18,0.16,0.1,0.08,0.11,0.11,0.14,0.12,0.09,0.12]},"CONDITIONS_BY_TYPE":{"CONCEPT_NAME":"Claim","COUNT_VALUE":204},"AGE_AT_FIRST_DIAGNOSIS":{"CATEGORY":["No matching concept","FEMALE","MALE"],"MIN_VALUE":[1,5,1],"P10_VALUE":[1,13,14],"P25_VALUE":[6,23,28],"MEDIAN_VALUE":[29,43,53],"P75_VALUE":[45,62,71],"P90_VALUE":[91,80,80],"MAX_VALUE":[91,98,97]}}
