{"PREVALENCE_BY_GENDER_AGE_YEAR":{"TRELLIS_NAME":["80-89","50-59","60-69","70-79","30-39","40-49","10-19","50-59","20-29","0-9","60-69","70-79","0-9","10-19","80-89","40-49","30-39","20-29"],"SERIES_NAME":["FEMALE","FEMALE","FEMALE","FEMALE","MALE","MALE","MALE","MALE","MALE","MALE","MALE","MALE","FEMALE","FEMALE","MALE","FEMALE","FEMALE","FEMALE"],"X_CALENDAR_YEAR":[2019,2019,2019,2019,2019,2019,2019,2019,2019,2019,2019,2019,2019,2019,2019,2019,2019,2019],"Y_PREVALENCE_1000PP":[4.61095,3.91134,3.99543,3.89177,3.21979,3.51031,5.72869,3.08053,3.70745,6.01872,3.46154,3.41751,3.57594,3.93529,4.41745,3.42612,3.74471,3.16403]},"PREVALENCE_BY_MONTH":{"X_CALENDAR_MONTH":[201901,201902,201903,201904,201905,201906,201907,201908,201909,201910,201911,201912],"Y_PREVALENCE_1000PP":[0.43,0.23,0.31,0.28,0.29,0.3,0.44,0.3,0.32,0.35,0.21,0.3]},"CONDITIONS_BY_TYPE":{"CONCEPT_NAME":"Claim","COUNT_VALUE":2068},"AGE_AT_FIRST_DIAGNOSIS":{"CATEGORY":["FEMALE","MALE","No matching concept"],"MIN_VALUE":[0,0,2],"P10_VALUE":[10,5,2],"P25_VALUE":[24,18,11],"MEDIAN_VALUE":[45,39,34],"P75_VALUE":[63,60,54],"P90_VALUE":[75,75,72],"MAX_VALUE":[99,98,72]}}
