{"PREVALENCE_BY_GENDER_AGE_YEAR":{"TRELLIS_NAME":["10-19","50-59","70-79","60-69","40-49","50-59","20-29","30-39"],"SERIES_NAME":["MALE","MALE","FEMALE","FEMALE","FEMALE","FEMALE","FEMALE","FEMALE"],"X_CALENDAR_YEAR":[2019,2019,2019,2019,2019,2019,2019,2019],"Y_PREVALENCE_1000PP":[1.60403,0.88015,1.29726,1.52207,1.71306,1.59351,0.99917,1.30251]},"PREVALENCE_BY_MONTH":{"X_CALENDAR_MONTH":[201901,201902,201903,201904,201905,201906,201907,201908,201909,201910,201911,201912],"Y_PREVALENCE_1000PP":[0.12,0.07,0.09,0.11,0.06,0.07,0.08,0.11,0.07,0.11,0.07,0.1]},"CONDITIONS_BY_TYPE":{"CONCEPT_NAME":"Claim","COUNT_VALUE":572},"AGE_AT_FIRST_DIAGNOSIS":{"CATEGORY":["MALE","FEMALE"],"MIN_VALUE":[0,1],"P10_VALUE":[12,15],"P25_VALUE":[20,33],"MEDIAN_VALUE":[46,45],"P75_VALUE":[65,61],"P90_VALUE":[87,74],"MAX_VALUE":[98,86]}}
