{"PREVALENCE_BY_GENDER_AGE_YEAR":{"TRELLIS_NAME":["40-49","60-69","50-59","70-79","80-89","90-99","80-89","90-99","60-69","70-79","20-29","0-9","30-39","10-19","10-19","0-9","30-39","40-49","20-29","50-59"],"SERIES_NAME":["FEMALE","FEMALE","FEMALE","FEMALE","FEMALE","FEMALE","MALE","MALE","MALE","MALE","FEMALE","FEMALE","FEMALE","FEMALE","MALE","MALE","MALE","MALE","MALE","MALE"],"X_CALENDAR_YEAR":[2019,2019,2019,2019,2019,2019,2019,2019,2019,2019,2019,2019,2019,2019,2019,2019,2019,2019,2019,2019],"Y_PREVALENCE_1000PP":[3.43102,4.16036,3.18748,6.1032,4.61361,5.55247,7.17835,4.01146,4.25367,3.61354,2.16956,2.73684,2.6012,3.49727,2.98439,3.78619,4.75382,2.04589,3.02928,3.52319]},"PREVALENCE_BY_MONTH":{"X_CALENDAR_MONTH":[201901,201902,201903,201904,201905,201906,201907,201908,201909,201910,201911,201912],"Y_PREVALENCE_1000PP":[0.37,0.33,0.31,0.35,0.17,0.24,0.33,0.31,0.28,0.25,0.27,0.34]},"CONDITIONS_BY_TYPE":{"CONCEPT_NAME":"Claim","COUNT_VALUE":478},"AGE_AT_FIRST_DIAGNOSIS":{"CATEGORY":["MALE","FEMALE"],"MIN_VALUE":[0,1],"P10_VALUE":[10,14],"P25_VALUE":[29,30],"MEDIAN_VALUE":[48,54],"P75_VALUE":[66,71],"P90_VALUE":[84,80],"MAX_VALUE":[98,99]}}
