{"PREVALENCE_BY_GENDER_AGE_YEAR":{"TRELLIS_NAME":["20-29","70-79","0-9","10-19","30-39","40-49","50-59","70-79","60-69","60-69","10-19","20-29","50-59","40-49","0-9","30-39"],"SERIES_NAME":["FEMALE","MALE","FEMALE","FEMALE","FEMALE","FEMALE","FEMALE","FEMALE","FEMALE","MALE","MALE","MALE","MALE","MALE","MALE","MALE"],"X_CALENDAR_YEAR":[2019,2019,2019,2019,2019,2019,2019,2019,2019,2019,2019,2019,2019,2019,2019,2019],"Y_PREVALENCE_1000PP":[2.33139,3.79723,2.10349,2.18627,1.46532,2.99786,2.89729,3.15048,2.85388,2.30769,1.60403,4.55005,3.6673,3.9491,3.78957,2.88087]},"PREVALENCE_BY_MONTH":{"X_CALENDAR_MONTH":[201901,201902,201903,201904,201905,201906,201907,201908,201909,201910,201911,201912],"Y_PREVALENCE_1000PP":[0.23,0.22,0.18,0.28,0.22,0.26,0.36,0.24,0.18,0.31,0.24,0.18]},"CONDITIONS_BY_TYPE":{"CONCEPT_NAME":"Claim","COUNT_VALUE":1568},"AGE_AT_FIRST_DIAGNOSIS":{"CATEGORY":["No matching concept","MALE","FEMALE"],"MIN_VALUE":[4,1,1],"P10_VALUE":[4,9,15],"P25_VALUE":[39,26,26],"MEDIAN_VALUE":[43,44,47],"P75_VALUE":[75,60,65],"P90_VALUE":[87,77,74],"MAX_VALUE":[87,97,95]}}
