{"PREVALENCE_BY_GENDER_AGE_YEAR":{"TRELLIS_NAME":["20-29","0-9","70-79","30-39","10-19","40-49","70-79","50-59","20-29","40-49","30-39"],"SERIES_NAME":["FEMALE","FEMALE","MALE","FEMALE","FEMALE","FEMALE","FEMALE","FEMALE","MALE","MALE","MALE"],"X_CALENDAR_YEAR":[2019,2019,2019,2019,2019,2019,2019,2019,2019,2019,2019],"Y_PREVALENCE_1000PP":[1.502,1.47368,1.3313,1.13803,2.40437,1.42959,1.29462,1.15908,1.17805,1.02294,2.37691]},"PREVALENCE_BY_MONTH":{"X_CALENDAR_MONTH":[201901,201902,201904,201905,201906,201907,201908,201909,201910,201911,201912],"Y_PREVALENCE_1000PP":[0.15,0.06,0.15,0.09,0.09,0.1,0.08,0.07,0.16,0.11,0.07]},"CONDITIONS_BY_TYPE":{"CONCEPT_NAME":"Claim","COUNT_VALUE":162},"AGE_AT_FIRST_DIAGNOSIS":{"CATEGORY":["MALE","FEMALE"],"MIN_VALUE":[0,1],"P10_VALUE":[19,9],"P25_VALUE":[28,17],"MEDIAN_VALUE":[39,38],"P75_VALUE":[58,52],"P90_VALUE":[74,74],"MAX_VALUE":[98,94]}}
