{"PREVALENCE_BY_GENDER_AGE_YEAR":{"TRELLIS_NAME":["10-19","20-29","80-89","0-9","70-79","30-39","50-59","40-49","70-79","10-19","60-69","20-29","50-59","30-39","0-9"],"SERIES_NAME":["FEMALE","FEMALE","MALE","FEMALE","MALE","FEMALE","FEMALE","FEMALE","FEMALE","MALE","MALE","MALE","MALE","MALE","MALE"],"X_CALENDAR_YEAR":[2019,2019,2019,2019,2019,2019,2019,2019,2019,2019,2019,2019,2019,2019,2019],"Y_PREVALENCE_1000PP":[2.18627,1.1657,3.86527,1.68279,2.4682,1.62813,1.01405,1.42755,2.40919,1.83318,1.92308,1.34816,2.20038,2.54194,2.45207]},"PREVALENCE_BY_MONTH":{"X_CALENDAR_MONTH":[201901,201902,201903,201904,201905,201906,201907,201908,201909,201910,201911,201912],"Y_PREVALENCE_1000PP":[0.16,0.13,0.11,0.21,0.16,0.09,0.25,0.11,0.12,0.19,0.1,0.13]},"CONDITIONS_BY_TYPE":{"CONCEPT_NAME":"Claim","COUNT_VALUE":940},"AGE_AT_FIRST_DIAGNOSIS":{"CATEGORY":["MALE","FEMALE"],"MIN_VALUE":[0,2],"P10_VALUE":[7,8],"P25_VALUE":[22,20],"MEDIAN_VALUE":[50,41],"P75_VALUE":[68,70],"P90_VALUE":[80,79],"MAX_VALUE":[99,94]}}
