{"PREVALENCE_BY_GENDER_AGE_YEAR":{"TRELLIS_NAME":["60-69","20-29","30-39","0-9","50-59"],"SERIES_NAME":["MALE","MALE","MALE","MALE","MALE"],"X_CALENDAR_YEAR":[2019,2019,2019,2019,2019],"Y_PREVALENCE_1000PP":[1.15385,1.01112,1.3557,1.56041,0.88015]},"PREVALENCE_BY_MONTH":{"X_CALENDAR_MONTH":[201901,201902,201903,201904,201907,201908,201909,201910],"Y_PREVALENCE_1000PP":[0.08,0.06,0.08,0.13,0.07,0.08,0.07,0.08]},"CONDITIONS_BY_TYPE":{"CONCEPT_NAME":"Claim","COUNT_VALUE":488},"AGE_AT_FIRST_DIAGNOSIS":{"CATEGORY":["FEMALE","MALE"],"MIN_VALUE":[0,2],"P10_VALUE":[6,4],"P25_VALUE":[23,21],"MEDIAN_VALUE":[45,38],"P75_VALUE":[64,57],"P90_VALUE":[77,75],"MAX_VALUE":[97,97]}}
