{"PREVALENCE_BY_GENDER_AGE_YEAR":{"TRELLIS_NAME":["60-69","50-59","70-79","40-49","30-39","20-29","70-79","10-19","60-69","40-49","50-59","20-29","30-39"],"SERIES_NAME":["FEMALE","FEMALE","FEMALE","FEMALE","FEMALE","FEMALE","MALE","FEMALE","MALE","MALE","MALE","MALE","MALE"],"X_CALENDAR_YEAR":[2019,2019,2019,2019,2019,2019,2019,2019,2019,2019,2019,2019,2019],"Y_PREVALENCE_1000PP":[1.70197,0.86931,1.66451,1.71551,0.97545,2.33645,1.3313,1.53005,1.54679,1.16908,1.468,1.00976,1.35823]},"PREVALENCE_BY_MONTH":{"X_CALENDAR_MONTH":[201901,201902,201903,201904,201905,201906,201907,201908,201909,201910,201911,201912],"Y_PREVALENCE_1000PP":[0.12,0.12,0.1,0.13,0.12,0.09,0.09,0.16,0.11,0.11,0.13,0.07]},"CONDITIONS_BY_TYPE":{"CONCEPT_NAME":"Claim","COUNT_VALUE":179},"AGE_AT_FIRST_DIAGNOSIS":{"CATEGORY":["FEMALE","MALE"],"MIN_VALUE":[0,0],"P10_VALUE":[15,20],"P25_VALUE":[24,35],"MEDIAN_VALUE":[44,53],"P75_VALUE":[65,70],"P90_VALUE":[76,84],"MAX_VALUE":[94,98]}}
