{"PREVALENCE_BY_GENDER_AGE_YEAR":{"TRELLIS_NAME":["60-69","20-29","0-9","50-59","10-19","30-39","40-49","0-9","40-49","20-29","10-19","70-79","30-39","60-69","80-89","50-59","70-79"],"SERIES_NAME":["MALE","MALE","MALE","MALE","MALE","MALE","MALE","FEMALE","FEMALE","FEMALE","FEMALE","MALE","FEMALE","FEMALE","FEMALE","FEMALE","FEMALE"],"X_CALENDAR_YEAR":[2019,2019,2019,2019,2019,2019,2019,2019,2019,2019,2019,2019,2019,2019,2019,2019,2019],"Y_PREVALENCE_1000PP":[2.5,2.69633,1.78333,2.20038,2.97892,2.20302,3.21779,3.36559,1.85582,2.9975,1.96764,2.84792,1.95376,2.09285,4.03458,2.17297,1.85322]},"PREVALENCE_BY_MONTH":{"X_CALENDAR_MONTH":[201901,201902,201903,201904,201905,201906,201907,201908,201909,201910,201911,201912],"Y_PREVALENCE_1000PP":[0.24,0.14,0.23,0.26,0.18,0.15,0.24,0.28,0.1,0.23,0.22,0.17]},"CONDITIONS_BY_TYPE":{"CONCEPT_NAME":"Claim","COUNT_VALUE":1300},"AGE_AT_FIRST_DIAGNOSIS":{"CATEGORY":["MALE","No matching concept","FEMALE"],"MIN_VALUE":[0,9,0],"P10_VALUE":[15,9,6],"P25_VALUE":[25,12,22],"MEDIAN_VALUE":[44,35,43],"P75_VALUE":[61,60,63],"P90_VALUE":[75,71,80],"MAX_VALUE":[98,71,98]}}
