{"PREVALENCE_BY_GENDER_AGE_YEAR":{"TRELLIS_NAME":["70-79","80-89","50-59","60-69","40-49","10-19","30-39","20-29","70-79","0-9","20-29","30-39","0-9","50-59","40-49"],"SERIES_NAME":["FEMALE","FEMALE","FEMALE","FEMALE","FEMALE","FEMALE","FEMALE","FEMALE","MALE","FEMALE","MALE","MALE","MALE","MALE","MALE"],"X_CALENDAR_YEAR":[2019,2019,2019,2019,2019,2019,2019,2019,2019,2019,2019,2019,2019,2019,2019],"Y_PREVALENCE_1000PP":[1.29462,3.46021,0.86931,1.89107,1.14367,1.74863,0.97545,1.66889,1.90186,2.10526,1.68294,1.18846,1.3363,1.1744,0.87681]},"PREVALENCE_BY_MONTH":{"X_CALENDAR_MONTH":[201901,201902,201903,201904,201905,201906,201907,201908,201909,201910,201911,201912],"Y_PREVALENCE_1000PP":[0.15,0.16,0.12,0.08,0.14,0.13,0.14,0.14,0.07,0.09,0.06,0.12]},"CONDITIONS_BY_TYPE":{"CONCEPT_NAME":"Claim","COUNT_VALUE":190},"AGE_AT_FIRST_DIAGNOSIS":{"CATEGORY":["MALE","No matching concept","FEMALE"],"MIN_VALUE":[0,13,0],"P10_VALUE":[10,13,9],"P25_VALUE":[24,29,19],"MEDIAN_VALUE":[43,40,41],"P75_VALUE":[66,58,67],"P90_VALUE":[77,68,79],"MAX_VALUE":[90,68,91]}}
