{"PREVALENCE_BY_GENDER_AGE_YEAR":{"TRELLIS_NAME":["0-9","70-79","60-69","20-29","30-39","60-69","50-59","90-99","70-79","40-49","20-29","0-9","10-19","50-59","40-49","30-39"],"SERIES_NAME":["FEMALE","MALE","MALE","FEMALE","FEMALE","FEMALE","FEMALE","FEMALE","FEMALE","FEMALE","MALE","MALE","MALE","MALE","MALE","MALE"],"X_CALENDAR_YEAR":[2019,2019,2019,2019,2019,2019,2019,2019,2019,2019,2019,2019,2019,2019,2019,2019],"Y_PREVALENCE_1000PP":[2.31579,1.3313,2.12684,2.00267,0.97545,2.6475,2.0284,3.33148,1.47956,1.71551,3.02928,2.00445,1.60698,1.9084,2.04589,2.20713]},"PREVALENCE_BY_MONTH":{"X_CALENDAR_MONTH":[201901,201902,201903,201904,201905,201906,201907,201908,201909,201910,201911,201912],"Y_PREVALENCE_1000PP":[0.19,0.17,0.13,0.15,0.16,0.16,0.15,0.12,0.14,0.16,0.21,0.15]},"CONDITIONS_BY_TYPE":{"CONCEPT_NAME":"Claim","COUNT_VALUE":258},"AGE_AT_FIRST_DIAGNOSIS":{"CATEGORY":["MALE","FEMALE"],"MIN_VALUE":[4,0],"P10_VALUE":[15,8],"P25_VALUE":[24,25],"MEDIAN_VALUE":[43,49],"P75_VALUE":[59,66],"P90_VALUE":[74,80],"MAX_VALUE":[96,99]}}
