{"PREVALENCE_BY_GENDER_AGE_YEAR":{"TRELLIS_NAME":["0-9","70-79","80-89","30-39","20-29","40-49","10-19","50-59","80-89","70-79","60-69","60-69","0-9","30-39","50-59","20-29","40-49","10-19"],"SERIES_NAME":["FEMALE","MALE","MALE","FEMALE","FEMALE","FEMALE","FEMALE","FEMALE","FEMALE","FEMALE","FEMALE","MALE","MALE","MALE","MALE","MALE","MALE","MALE"],"X_CALENDAR_YEAR":[2019,2019,2019,2019,2019,2019,2019,2019,2019,2019,2019,2019,2019,2019,2019,2019,2019,2019],"Y_PREVALENCE_1000PP":[2.73684,4.1841,5.52181,3.9018,4.6729,6.86204,4.15301,4.78122,5.19031,4.99353,4.91679,5.99381,3.11804,4.24448,4.84439,5.2171,6.28379,6.88705]},"PREVALENCE_BY_MONTH":{"X_CALENDAR_MONTH":[201901,201902,201903,201904,201905,201906,201907,201908,201909,201910,201911,201912],"Y_PREVALENCE_1000PP":[0.4,0.34,0.35,0.47,0.4,0.29,0.48,0.34,0.46,0.47,0.42,0.47]},"CONDITIONS_BY_TYPE":{"CONCEPT_NAME":"Claim","COUNT_VALUE":657},"AGE_AT_FIRST_DIAGNOSIS":{"CATEGORY":["MALE","FEMALE","No matching concept"],"MIN_VALUE":[1,0,22],"P10_VALUE":[12,15,23],"P25_VALUE":[25,28,30],"MEDIAN_VALUE":[43,47,51],"P75_VALUE":[62,62,68],"P90_VALUE":[77,75,90],"MAX_VALUE":[97,99,92]}}
