{"PREVALENCE_BY_GENDER_AGE_YEAR":{"TRELLIS_NAME":["20-29","70-79","0-9","10-19","30-39","90-99","50-59","60-69","40-49","70-79","20-29","10-19","50-59","30-39","40-49"],"SERIES_NAME":["FEMALE","MALE","FEMALE","FEMALE","FEMALE","FEMALE","FEMALE","FEMALE","FEMALE","FEMALE","MALE","MALE","MALE","MALE","MALE"],"X_CALENDAR_YEAR":[2019,2019,2019,2019,2019,2019,2019,2019,2019,2019,2019,2019,2019,2019,2019],"Y_PREVALENCE_1000PP":[1.33511,2.47242,1.47368,1.53005,1.9509,3.88673,1.30397,2.08018,1.57255,1.10967,1.68294,2.29568,1.468,2.03735,1.46135]},"PREVALENCE_BY_MONTH":{"X_CALENDAR_MONTH":[201901,201902,201903,201904,201905,201906,201907,201908,201909,201910,201911,201912],"Y_PREVALENCE_1000PP":[0.15,0.13,0.11,0.16,0.15,0.09,0.15,0.13,0.12,0.14,0.15,0.15]},"CONDITIONS_BY_TYPE":{"CONCEPT_NAME":"Claim","COUNT_VALUE":219},"AGE_AT_FIRST_DIAGNOSIS":{"CATEGORY":["MALE","FEMALE"],"MIN_VALUE":[3,1],"P10_VALUE":[13,16],"P25_VALUE":[21,27],"MEDIAN_VALUE":[43,46],"P75_VALUE":[65,66],"P90_VALUE":[76,88],"MAX_VALUE":[94,99]}}
