{"PREVALENCE_BY_GENDER_AGE_YEAR":{"TRELLIS_NAME":["70-79","50-59","60-69","40-49","50-59","60-69","20-29","0-9","30-39","30-39","0-9","40-49","70-79","20-29","10-19"],"SERIES_NAME":["FEMALE","FEMALE","FEMALE","MALE","MALE","MALE","MALE","MALE","MALE","FEMALE","FEMALE","FEMALE","MALE","FEMALE","FEMALE"],"X_CALENDAR_YEAR":[2019,2019,2019,2019,2019,2019,2019,2019,2019,2019,2019,2019,2019,2019,2019],"Y_PREVALENCE_1000PP":[3.3358,2.0281,2.47336,2.92526,2.20038,2.69231,2.35929,1.78333,1.86409,1.30251,2.94489,3.14061,2.65806,3.33056,2.84215]},"PREVALENCE_BY_MONTH":{"X_CALENDAR_MONTH":[201901,201902,201903,201904,201905,201906,201907,201908,201909,201910,201911,201912],"Y_PREVALENCE_1000PP":[0.24,0.12,0.17,0.24,0.19,0.22,0.16,0.23,0.19,0.25,0.17,0.23]},"CONDITIONS_BY_TYPE":{"CONCEPT_NAME":"Claim","COUNT_VALUE":1296},"AGE_AT_FIRST_DIAGNOSIS":{"CATEGORY":["MALE","No matching concept","FEMALE"],"MIN_VALUE":[0,8,0],"P10_VALUE":[14,8,8],"P25_VALUE":[27,27,22],"MEDIAN_VALUE":[49,41,44],"P75_VALUE":[64,66,62],"P90_VALUE":[75,94,76],"MAX_VALUE":[97,94,99]}}
