{"PREVALENCE_BY_GENDER_AGE_YEAR":{"TRELLIS_NAME":["10-19","20-29","90-99","0-9","40-49","70-79","30-39","80-89","20-29","40-49","50-59","10-19","30-39","0-9","60-69","60-69","70-79","80-89","50-59","90-99"],"SERIES_NAME":["FEMALE","FEMALE","MALE","FEMALE","FEMALE","MALE","FEMALE","MALE","MALE","MALE","MALE","MALE","MALE","MALE","MALE","FEMALE","FEMALE","FEMALE","FEMALE","FEMALE"],"X_CALENDAR_YEAR":[2019,2019,2019,2019,2019,2019,2019,2019,2019,2019,2019,2019,2019,2019,2019,2019,2019,2019,2019,2019],"Y_PREVALENCE_1000PP":[4.37254,4.82931,5.12821,6.52082,7.70878,6.07556,7.16379,7.17835,6.06673,7.45941,6.30776,6.18698,6.43959,6.91039,7.88462,6.27854,5.37435,6.34006,8.40214,5.57414]},"PREVALENCE_BY_MONTH":{"X_CALENDAR_MONTH":[201901,201902,201903,201904,201905,201906,201907,201908,201909,201910,201911,201912],"Y_PREVALENCE_1000PP":[0.64,0.39,0.45,0.56,0.58,0.59,0.65,0.4,0.36,0.7,0.57,0.65]},"CONDITIONS_BY_TYPE":{"CONCEPT_NAME":"Claim","COUNT_VALUE":3448},"AGE_AT_FIRST_DIAGNOSIS":{"CATEGORY":["No matching concept","MALE","FEMALE"],"MIN_VALUE":[9,0,0],"P10_VALUE":[10,10,11],"P25_VALUE":[42,26,29],"MEDIAN_VALUE":[56,44,46],"P75_VALUE":[71,63,60],"P90_VALUE":[80,76,75],"MAX_VALUE":[91,99,99]}}
