{"PREVALENCE_BY_GENDER_AGE_YEAR":{"TRELLIS_NAME":["80-89","20-29","30-39","0-9","70-79","40-49","30-39","0-9","50-59","10-19","60-69","40-49","20-29","50-59","60-69","70-79"],"SERIES_NAME":["MALE","FEMALE","FEMALE","FEMALE","MALE","FEMALE","MALE","MALE","MALE","MALE","MALE","MALE","MALE","FEMALE","FEMALE","FEMALE"],"X_CALENDAR_YEAR":[2019,2019,2019,2019,2019,2019,2019,2019,2019,2019,2019,2019,2019,2019,2019,2019],"Y_PREVALENCE_1000PP":[3.31309,2.50334,2.27605,1.26316,2.8528,0.85776,1.69779,2.00445,1.468,2.29568,1.16009,1.31521,2.5244,1.15908,2.83661,1.84945]},"PREVALENCE_BY_MONTH":{"X_CALENDAR_MONTH":[201901,201902,201903,201904,201905,201906,201907,201908,201909,201910,201911,201912],"Y_PREVALENCE_1000PP":[0.2,0.12,0.18,0.1,0.15,0.1,0.17,0.18,0.16,0.19,0.1,0.16]},"CONDITIONS_BY_TYPE":{"CONCEPT_NAME":"Claim","COUNT_VALUE":245},"AGE_AT_FIRST_DIAGNOSIS":{"CATEGORY":["FEMALE","MALE"],"MIN_VALUE":[1,0],"P10_VALUE":[19,11],"P25_VALUE":[24,23],"MEDIAN_VALUE":[43,42],"P75_VALUE":[66,71],"P90_VALUE":[74,83],"MAX_VALUE":[98,99]}}
