{"PREVALENCE_BY_GENDER_AGE_YEAR":{"TRELLIS_NAME":["0-9","70-79","30-39","40-49","10-19","90-99","80-89","20-29","50-59","0-9","40-49","30-39","20-29","60-69","10-19","70-79","60-69","50-59","80-89","90-99"],"SERIES_NAME":["FEMALE","MALE","FEMALE","FEMALE","FEMALE","MALE","MALE","FEMALE","MALE","MALE","MALE","MALE","MALE","MALE","MALE","FEMALE","FEMALE","FEMALE","FEMALE","FEMALE"],"X_CALENDAR_YEAR":[2019,2019,2019,2019,2019,2019,2019,2019,2019,2019,2019,2019,2019,2019,2019,2019,2019,2019,2019,2019],"Y_PREVALENCE_1000PP":[23.78947,21.11069,21.29735,20.15726,22.29508,25.2149,22.63943,22.19626,17.02877,19.37639,20.605,19.52462,21.37327,20.49497,23.64555,19.97411,20.99092,23.90611,19.03114,17.21266]},"PREVALENCE_BY_MONTH":{"X_CALENDAR_MONTH":[201901,201902,201903,201904,201905,201906,201907,201908,201909,201910,201911,201912],"Y_PREVALENCE_1000PP":[2.11,1.69,1.7,1.9,1.66,1.54,2.02,1.67,1.7,1.96,1.57,1.7]},"CONDITIONS_BY_TYPE":{"CONCEPT_NAME":"Claim","COUNT_VALUE":2848},"AGE_AT_FIRST_DIAGNOSIS":{"CATEGORY":["MALE","FEMALE","No matching concept"],"MIN_VALUE":[0,0,2],"P10_VALUE":[11,9,11],"P25_VALUE":[24,23,27],"MEDIAN_VALUE":[44,43,45],"P75_VALUE":[65,62,61],"P90_VALUE":[78,76,75],"MAX_VALUE":[99,99,85]}}
