{"PREVALENCE_BY_GENDER_AGE_YEAR":{"TRELLIS_NAME":["20-29","30-39","60-69"],"SERIES_NAME":["FEMALE","FEMALE","MALE"],"X_CALENDAR_YEAR":[2019,2019,2019],"Y_PREVALENCE_1000PP":[1.502,1.13803,1.35344]},"PREVALENCE_BY_MONTH":{"X_CALENDAR_MONTH":[201902,201903,201904,201905,201906,201909,201910,201911],"Y_PREVALENCE_1000PP":[0.07,0.06,0.09,0.09,0.06,0.12,0.08,0.06]},"CONDITIONS_BY_TYPE":{"CONCEPT_NAME":"Claim","COUNT_VALUE":99},"AGE_AT_FIRST_DIAGNOSIS":{"CATEGORY":["MALE","FEMALE"],"MIN_VALUE":[1,5],"P10_VALUE":[10,17],"P25_VALUE":[26,22],"MEDIAN_VALUE":[46,35],"P75_VALUE":[68,70],"P90_VALUE":[79,92],"MAX_VALUE":[94,99]}}
