{"PREVALENCE_BY_GENDER_AGE_YEAR":{"TRELLIS_NAME":["30-39","80-89","0-9","10-19","40-49","90-99","20-29","70-79","10-19","20-29","40-49","0-9","30-39","50-59","60-69","90-99","60-69","80-89","50-59","70-79"],"SERIES_NAME":["FEMALE","MALE","FEMALE","FEMALE","FEMALE","MALE","FEMALE","MALE","MALE","MALE","MALE","MALE","MALE","MALE","MALE","FEMALE","FEMALE","FEMALE","FEMALE","FEMALE"],"X_CALENDAR_YEAR":[2019,2019,2019,2019,2019,2019,2019,2019,2019,2019,2019,2019,2019,2019,2019,2019,2019,2019,2019,2019],"Y_PREVALENCE_1000PP":[9.60599,10.49144,9.88641,12.46174,12.84797,13.67521,10.99084,10.8221,13.06141,12.13347,10.38467,10.69996,10.33723,11.00191,12.88462,12.2631,11.22527,12.10375,9.85079,13.15789]},"PREVALENCE_BY_MONTH":{"X_CALENDAR_MONTH":[201901,201902,201903,201904,201905,201906,201907,201908,201909,201910,201911,201912],"Y_PREVALENCE_1000PP":[1.24,0.73,0.83,0.93,0.92,0.95,0.92,1.06,0.93,1.2,0.89,0.81]},"CONDITIONS_BY_TYPE":{"CONCEPT_NAME":"Claim","COUNT_VALUE":6128},"AGE_AT_FIRST_DIAGNOSIS":{"CATEGORY":["FEMALE","MALE","No matching concept"],"MIN_VALUE":[0,0,6],"P10_VALUE":[12,10,12],"P25_VALUE":[24,24,21],"MEDIAN_VALUE":[44,45,46],"P75_VALUE":[65,65,66],"P90_VALUE":[78,77,87],"MAX_VALUE":[99,99,94]}}
