{"PREVALENCE_BY_GENDER_AGE_YEAR":{"TRELLIS_NAME":["80-89","10-19","0-9","90-99","20-29","70-79","40-49","30-39","10-19","60-69","30-39","0-9","50-59","20-29","40-49","60-69","90-99","50-59","80-89","70-79"],"SERIES_NAME":["MALE","FEMALE","FEMALE","MALE","FEMALE","MALE","FEMALE","FEMALE","MALE","MALE","MALE","MALE","MALE","MALE","MALE","FEMALE","FEMALE","FEMALE","FEMALE","FEMALE"],"X_CALENDAR_YEAR":[2019,2019,2019,2019,2019,2019,2019,2019,2019,2019,2019,2019,2019,2019,2019,2019,2019,2019,2019,2019],"Y_PREVALENCE_1000PP":[9.93926,11.58723,10.72781,12.53561,13.32223,12.15113,11.1349,11.72257,15.35289,10.76923,12.87917,11.14579,11.44198,9.26862,10.23841,9.32268,18.39465,12.89295,9.79827,10.00741]},"PREVALENCE_BY_MONTH":{"X_CALENDAR_MONTH":[201901,201902,201903,201904,201905,201906,201907,201908,201909,201910,201911,201912],"Y_PREVALENCE_1000PP":[1.12,0.84,0.85,1.16,1.1,0.81,1.18,0.89,0.82,1.05,0.85,1]},"CONDITIONS_BY_TYPE":{"CONCEPT_NAME":"Claim","COUNT_VALUE":6268},"AGE_AT_FIRST_DIAGNOSIS":{"CATEGORY":["FEMALE","No matching concept","MALE"],"MIN_VALUE":[0,0,0],"P10_VALUE":[11,1,10],"P25_VALUE":[25,12,25],"MEDIAN_VALUE":[44,40,42],"P75_VALUE":[61,61,64],"P90_VALUE":[78,73,77],"MAX_VALUE":[99,89,99]}}
