{"PREVALENCE_BY_GENDER_AGE_YEAR":{"TRELLIS_NAME":["70-79","50-59","60-69","40-49","30-39","10-19","20-29","0-9","90-99","70-79","60-69","20-29","30-39","0-9","40-49","50-59","10-19"],"SERIES_NAME":["FEMALE","FEMALE","FEMALE","FEMALE","FEMALE","FEMALE","FEMALE","FEMALE","MALE","MALE","MALE","MALE","MALE","MALE","MALE","MALE","MALE"],"X_CALENDAR_YEAR":[2019,2019,2019,2019,2019,2019,2019,2019,2019,2019,2019,2019,2019,2019,2019,2019,2019],"Y_PREVALENCE_1000PP":[3.69891,4.34657,3.78215,2.43031,3.9018,3.27869,3.83845,4.21053,4.58453,3.42335,3.86698,2.18782,3.73514,2.00445,3.06883,3.22959,6.65748]},"PREVALENCE_BY_MONTH":{"X_CALENDAR_MONTH":[201901,201902,201903,201904,201905,201906,201907,201908,201909,201910,201911,201912],"Y_PREVALENCE_1000PP":[0.4,0.38,0.22,0.32,0.34,0.15,0.32,0.39,0.23,0.18,0.27,0.3]},"CONDITIONS_BY_TYPE":{"CONCEPT_NAME":"Claim","COUNT_VALUE":482},"AGE_AT_FIRST_DIAGNOSIS":{"CATEGORY":["MALE","FEMALE"],"MIN_VALUE":[0,0],"P10_VALUE":[11,8],"P25_VALUE":[23,25],"MEDIAN_VALUE":[43,44],"P75_VALUE":[62,61],"P90_VALUE":[76,76],"MAX_VALUE":[97,99]}}
