{"PREVALENCE_BY_GENDER_AGE_YEAR":{"TRELLIS_NAME":["40-49","30-39","10-19","20-29","60-69","20-29","70-79","0-9","10-19","30-39","50-59","60-69","40-49","70-79"],"SERIES_NAME":["MALE","MALE","MALE","MALE","MALE","FEMALE","MALE","FEMALE","FEMALE","FEMALE","FEMALE","FEMALE","FEMALE","FEMALE"],"X_CALENDAR_YEAR":[2019,2019,2019,2019,2019,2019,2019,2019,2019,2019,2019,2019,2019,2019],"Y_PREVALENCE_1000PP":[1.46135,1.69779,2.06612,2.6927,1.35344,1.502,1.14112,1.68421,1.96721,1.78833,1.30397,1.32375,1.57255,1.47956]},"PREVALENCE_BY_MONTH":{"X_CALENDAR_MONTH":[201901,201902,201903,201904,201905,201906,201907,201908,201909,201910,201911,201912],"Y_PREVALENCE_1000PP":[0.13,0.08,0.11,0.14,0.13,0.1,0.11,0.12,0.18,0.2,0.11,0.06]},"CONDITIONS_BY_TYPE":{"CONCEPT_NAME":"Claim","COUNT_VALUE":206},"AGE_AT_FIRST_DIAGNOSIS":{"CATEGORY":["MALE","FEMALE"],"MIN_VALUE":[1,0],"P10_VALUE":[13,9],"P25_VALUE":[24,20],"MEDIAN_VALUE":[35,41],"P75_VALUE":[53,64],"P90_VALUE":[70,77],"MAX_VALUE":[89,98]}}
