{"PREVALENCE_BY_GENDER_AGE_YEAR":{"TRELLIS_NAME":["80-89","50-59","70-79","90-99","60-69","10-19","80-89","30-39","20-29","90-99","70-79","0-9","40-49","10-19","60-69","40-49","20-29","50-59","30-39","0-9"],"SERIES_NAME":["FEMALE","FEMALE","FEMALE","FEMALE","FEMALE","FEMALE","MALE","FEMALE","FEMALE","MALE","MALE","FEMALE","FEMALE","MALE","MALE","MALE","MALE","MALE","MALE","MALE"],"X_CALENDAR_YEAR":[2019,2019,2019,2019,2019,2019,2019,2019,2019,2019,2019,2019,2019,2019,2019,2019,2019,2019,2019,2019],"Y_PREVALENCE_1000PP":[6.34371,9.85222,6.84298,9.4392,6.99697,7.65027,6.07399,6.99073,6.84246,10.88825,7.41727,5.26316,6.57613,6.19835,6.96056,6.28379,9.25614,7.33999,6.45161,6.68151]},"PREVALENCE_BY_MONTH":{"X_CALENDAR_MONTH":[201901,201902,201903,201904,201905,201906,201907,201908,201909,201910,201911,201912],"Y_PREVALENCE_1000PP":[0.75,0.5,0.49,0.69,0.53,0.54,0.73,0.67,0.53,0.71,0.5,0.65]},"CONDITIONS_BY_TYPE":{"CONCEPT_NAME":"Claim","COUNT_VALUE":971},"AGE_AT_FIRST_DIAGNOSIS":{"CATEGORY":["FEMALE","MALE","No matching concept"],"MIN_VALUE":[0,0,30],"P10_VALUE":[13,13,33],"P25_VALUE":[27,24,36],"MEDIAN_VALUE":[48,45,40],"P75_VALUE":[63,65,78],"P90_VALUE":[78,78,85],"MAX_VALUE":[99,99,97]}}
