{"PREVALENCE_BY_GENDER_AGE_YEAR":{"TRELLIS_NAME":["70-79","30-39","0-9","40-49","10-19","50-59","30-39","0-9","20-29","40-49","60-69","60-69","50-59","90-99"],"SERIES_NAME":["MALE","FEMALE","FEMALE","FEMALE","FEMALE","MALE","MALE","MALE","MALE","MALE","MALE","FEMALE","FEMALE","FEMALE"],"X_CALENDAR_YEAR":[2019,2019,2019,2019,2019,2019,2019,2019,2019,2019,2019,2019,2019,2019],"Y_PREVALENCE_1000PP":[1.70875,1.13969,2.31384,1.14204,1.53039,2.49377,2.03355,1.78333,1.17964,1.60889,1.15385,1.90259,1.73837,3.34448]},"PREVALENCE_BY_MONTH":{"X_CALENDAR_MONTH":[201901,201902,201903,201904,201905,201906,201907,201908,201909,201910,201911,201912],"Y_PREVALENCE_1000PP":[0.09,0.15,0.11,0.14,0.12,0.15,0.12,0.15,0.11,0.13,0.11,0.1]},"CONDITIONS_BY_TYPE":{"CONCEPT_NAME":"Claim","COUNT_VALUE":780},"AGE_AT_FIRST_DIAGNOSIS":{"CATEGORY":["MALE","FEMALE"],"MIN_VALUE":[1,0],"P10_VALUE":[9,6],"P25_VALUE":[32,19],"MEDIAN_VALUE":[47,47],"P75_VALUE":[59,64],"P90_VALUE":[76,78],"MAX_VALUE":[99,99]}}
