{"PREVALENCE_BY_GENDER_AGE_YEAR":{"TRELLIS_NAME":["40-49","70-79","20-29","10-19","30-39","0-9","80-89","90-99","50-59","60-69","80-89","70-79","10-19","60-69","20-29","50-59","40-49","30-39","0-9"],"SERIES_NAME":["FEMALE","MALE","FEMALE","FEMALE","FEMALE","FEMALE","MALE","FEMALE","FEMALE","FEMALE","FEMALE","FEMALE","MALE","MALE","MALE","MALE","MALE","MALE","MALE"],"X_CALENDAR_YEAR":[2019,2019,2019,2019,2019,2019,2019,2019,2019,2019,2019,2019,2019,2019,2019,2019,2019,2019,2019],"Y_PREVALENCE_1000PP":[4.28266,2.84792,2.9975,2.84215,4.55878,5.25873,3.86527,4.45931,2.31783,4.94673,4.03458,2.96516,3.89551,4.61538,2.19077,5.5743,3.9491,3.05033,4.2354]},"PREVALENCE_BY_MONTH":{"X_CALENDAR_MONTH":[201901,201902,201903,201904,201905,201906,201907,201908,201909,201910,201911,201912],"Y_PREVALENCE_1000PP":[0.42,0.24,0.37,0.34,0.26,0.13,0.28,0.32,0.37,0.42,0.31,0.34]},"CONDITIONS_BY_TYPE":{"CONCEPT_NAME":"Claim","COUNT_VALUE":2064},"AGE_AT_FIRST_DIAGNOSIS":{"CATEGORY":["MALE","FEMALE","No matching concept"],"MIN_VALUE":[0,0,37],"P10_VALUE":[9,6,37],"P25_VALUE":[27,25,39],"MEDIAN_VALUE":[49,43,55],"P75_VALUE":[64,63,73],"P90_VALUE":[74,78,79],"MAX_VALUE":[98,99,85]}}
