{"PREVALENCE_BY_GENDER_AGE_YEAR":{"TRELLIS_NAME":["0-9","50-59","20-29","40-49","30-39","10-19","90-99","80-89","70-79","40-49","60-69","50-59","60-69","70-79","20-29","0-9","30-39","80-89","90-99","10-19"],"SERIES_NAME":["MALE","MALE","MALE","MALE","MALE","MALE","FEMALE","FEMALE","FEMALE","FEMALE","FEMALE","FEMALE","MALE","MALE","FEMALE","FEMALE","FEMALE","MALE","MALE","FEMALE"],"X_CALENDAR_YEAR":[2019,2019,2019,2019,2019,2019,2019,2019,2019,2019,2019,2019,2019,2019,2019,2019,2019,2019,2019,2019],"Y_PREVALENCE_1000PP":[40.08909,40.36994,41.23191,42.96361,37.35144,41.32231,51.63798,35.17878,40.31811,44.88921,42.36006,42.30658,36.54292,41.46063,40.22029,37.47368,43.08243,36.99613,44.69914,45.46448]},"PREVALENCE_BY_MONTH":{"X_CALENDAR_MONTH":[201901,201902,201903,201904,201905,201906,201907,201908,201909,201910,201911,201912],"Y_PREVALENCE_1000PP":[3.65,3.12,3.11,4,3.13,3.36,4.19,3.42,3.5,3.99,3.16,3.15]},"CONDITIONS_BY_TYPE":{"CONCEPT_NAME":"Claim","COUNT_VALUE":5650},"AGE_AT_FIRST_DIAGNOSIS":{"CATEGORY":["No matching concept","FEMALE","MALE"],"MIN_VALUE":[1,0,0],"P10_VALUE":[13,11,10],"P25_VALUE":[34,26,25],"MEDIAN_VALUE":[52,44,45],"P75_VALUE":[69,63,63],"P90_VALUE":[78,77,77],"MAX_VALUE":[97,99,99]}}
