{"PREVALENCE_BY_GENDER_AGE_YEAR":{"TRELLIS_NAME":["10-19","40-49","70-79","50-59","70-79"],"SERIES_NAME":["FEMALE","FEMALE","MALE","FEMALE","FEMALE"],"X_CALENDAR_YEAR":[2019,2019,2019,2019,2019],"Y_PREVALENCE_1000PP":[1.74902,0.99929,1.13917,0.86919,1.11193]},"PREVALENCE_BY_MONTH":{"X_CALENDAR_MONTH":[201901,201903,201905,201907,201909,201910,201911,201912],"Y_PREVALENCE_1000PP":[0.07,0.07,0.1,0.06,0.08,0.08,0.07,0.06]},"CONDITIONS_BY_TYPE":{"CONCEPT_NAME":"Claim","COUNT_VALUE":380},"AGE_AT_FIRST_DIAGNOSIS":{"CATEGORY":["FEMALE","MALE"],"MIN_VALUE":[6,1],"P10_VALUE":[14,21],"P25_VALUE":[19,39],"MEDIAN_VALUE":[45,58],"P75_VALUE":[64,71],"P90_VALUE":[77,80],"MAX_VALUE":[98,99]}}
