{"PREVALENCE_BY_GENDER_AGE_YEAR":{"TRELLIS_NAME":["80-89","40-49","0-9","10-19","30-39","70-79","20-29","50-59","20-29","0-9","60-69","10-19","40-49","30-39","60-69","90-99","70-79","50-59"],"SERIES_NAME":["MALE","FEMALE","FEMALE","FEMALE","FEMALE","MALE","FEMALE","MALE","MALE","MALE","MALE","MALE","MALE","MALE","FEMALE","FEMALE","FEMALE","FEMALE"],"X_CALENDAR_YEAR":[2019,2019,2019,2019,2019,2019,2019,2019,2019,2019,2019,2019,2019,2019,2019,2019,2019,2019],"Y_PREVALENCE_1000PP":[4.41745,3.00214,3.57895,3.27869,2.43863,1.71168,1.83578,2.3488,2.01952,3.34076,3.86698,1.37741,2.63043,2.54669,2.83661,4.44198,2.77418,2.89771]},"PREVALENCE_BY_MONTH":{"X_CALENDAR_MONTH":[201901,201902,201903,201904,201905,201906,201907,201908,201909,201910,201911,201912],"Y_PREVALENCE_1000PP":[0.26,0.23,0.21,0.24,0.17,0.22,0.2,0.2,0.25,0.34,0.19,0.15]},"CONDITIONS_BY_TYPE":{"CONCEPT_NAME":"Claim","COUNT_VALUE":353},"AGE_AT_FIRST_DIAGNOSIS":{"CATEGORY":["MALE","FEMALE"],"MIN_VALUE":[0,2],"P10_VALUE":[8,7],"P25_VALUE":[27,21],"MEDIAN_VALUE":[47,45],"P75_VALUE":[64,64],"P90_VALUE":[81,78],"MAX_VALUE":[99,98]}}
