{"PREVALENCE_BY_GENDER_AGE_YEAR":{"TRELLIS_NAME":["70-79","20-29","10-19","30-39","80-89","0-9","40-49","60-69","50-59","70-79","80-89","60-69","40-49","30-39","50-59","0-9","10-19"],"SERIES_NAME":["MALE","FEMALE","FEMALE","FEMALE","MALE","FEMALE","FEMALE","FEMALE","FEMALE","FEMALE","FEMALE","MALE","MALE","MALE","MALE","MALE","MALE"],"X_CALENDAR_YEAR":[2019,2019,2019,2019,2019,2019,2019,2019,2019,2019,2019,2019,2019,2019,2019,2019,2019],"Y_PREVALENCE_1000PP":[2.28224,2.50334,1.96721,2.76378,3.31309,1.47368,2.43031,1.70197,1.59374,2.40429,4.61361,2.70688,2.63043,2.71647,3.96359,1.3363,2.29568]},"PREVALENCE_BY_MONTH":{"X_CALENDAR_MONTH":[201901,201902,201903,201904,201905,201906,201907,201908,201909,201910,201911,201912],"Y_PREVALENCE_1000PP":[0.23,0.16,0.19,0.18,0.23,0.2,0.21,0.16,0.17,0.24,0.17,0.2]},"CONDITIONS_BY_TYPE":{"CONCEPT_NAME":"Claim","COUNT_VALUE":298},"AGE_AT_FIRST_DIAGNOSIS":{"CATEGORY":["MALE","No matching concept","FEMALE"],"MIN_VALUE":[1,12,3],"P10_VALUE":[15,12,15],"P25_VALUE":[33,28,25],"MEDIAN_VALUE":[51,37,43],"P75_VALUE":[65,73,69],"P90_VALUE":[76,78,84],"MAX_VALUE":[96,78,96]}}
