{"PREVALENCE_BY_GENDER_AGE_YEAR":{"TRELLIS_NAME":["20-29","70-79","40-49","0-9","10-19","30-39","50-59","90-99","60-69","70-79","0-9","50-59","10-19","40-49","30-39","20-29","60-69"],"SERIES_NAME":["FEMALE","MALE","FEMALE","FEMALE","FEMALE","FEMALE","FEMALE","FEMALE","FEMALE","FEMALE","MALE","MALE","MALE","MALE","MALE","MALE","MALE"],"X_CALENDAR_YEAR":[2019,2019,2019,2019,2019,2019,2019,2019,2019,2019,2019,2019,2019,2019,2019,2019,2019],"Y_PREVALENCE_1000PP":[1.99833,1.13917,2.28408,1.2621,3.27941,3.09345,2.31783,4.45931,1.33181,2.96516,2.22916,2.05369,2.74977,2.34021,2.88087,2.86485,1.92308]},"PREVALENCE_BY_MONTH":{"X_CALENDAR_MONTH":[201901,201902,201903,201904,201905,201906,201907,201908,201909,201910,201911,201912],"Y_PREVALENCE_1000PP":[0.19,0.14,0.21,0.26,0.16,0.15,0.27,0.14,0.19,0.27,0.11,0.21]},"CONDITIONS_BY_TYPE":{"CONCEPT_NAME":"Claim","COUNT_VALUE":1284},"AGE_AT_FIRST_DIAGNOSIS":{"CATEGORY":["MALE","FEMALE"],"MIN_VALUE":[1,0],"P10_VALUE":[10,12],"P25_VALUE":[21,24],"MEDIAN_VALUE":[39,43],"P75_VALUE":[54,63],"P90_VALUE":[70,78],"MAX_VALUE":[99,99]}}
