{"PREVALENCE_BY_GENDER_AGE_YEAR":{"TRELLIS_NAME":["50-59","60-69","40-49","70-79","90-99","80-89","70-79","80-89","30-39","60-69","0-9","20-29","90-99","10-19","40-49","30-39","0-9","50-59","20-29","10-19"],"SERIES_NAME":["FEMALE","FEMALE","FEMALE","FEMALE","FEMALE","FEMALE","MALE","MALE","FEMALE","MALE","FEMALE","FEMALE","MALE","FEMALE","MALE","MALE","MALE","MALE","MALE","MALE"],"X_CALENDAR_YEAR":[2019,2019,2019,2019,2019,2019,2019,2019,2019,2019,2019,2019,2019,2019,2019,2019,2019,2019,2019,2019],"Y_PREVALENCE_1000PP":[12.46016,13.42663,13.86705,14.79564,19.43365,19.60784,17.11677,18.22198,15.11949,13.53442,12.21053,12.18291,15.47278,14.42623,14.17507,14.60102,13.58575,15.41398,13.29519,13.0854]},"PREVALENCE_BY_MONTH":{"X_CALENDAR_MONTH":[201901,201902,201903,201904,201905,201906,201907,201908,201909,201910,201911,201912],"Y_PREVALENCE_1000PP":[1.33,1.18,1.15,1.35,1.13,1.05,1.19,1.16,1.13,1.46,1.23,1.13]},"CONDITIONS_BY_TYPE":{"CONCEPT_NAME":"Claim","COUNT_VALUE":1937},"AGE_AT_FIRST_DIAGNOSIS":{"CATEGORY":["MALE","No matching concept","FEMALE"],"MIN_VALUE":[0,0,0],"P10_VALUE":[11,9,12],"P25_VALUE":[26,26,27],"MEDIAN_VALUE":[47,46,45],"P75_VALUE":[65,62,66],"P90_VALUE":[78,74,79],"MAX_VALUE":[99,97,99]}}
