{"PREVALENCE_BY_GENDER_AGE_YEAR":{"TRELLIS_NAME":["40-49","10-19","20-29","50-59","0-9","10-19","70-79","0-9","30-39","70-79"],"SERIES_NAME":["MALE","MALE","MALE","MALE","MALE","FEMALE","MALE","FEMALE","FEMALE","FEMALE"],"X_CALENDAR_YEAR":[2019,2019,2019,2019,2019,2019,2019,2019,2019,2019],"Y_PREVALENCE_1000PP":[1.89975,1.60698,1.17805,1.7616,1.78174,1.31148,1.52149,1.68421,1.62575,1.10967]},"PREVALENCE_BY_MONTH":{"X_CALENDAR_MONTH":[201901,201902,201903,201904,201905,201906,201907,201908,201909,201910,201911,201912],"Y_PREVALENCE_1000PP":[0.11,0.1,0.1,0.07,0.07,0.12,0.1,0.09,0.07,0.12,0.09,0.14]},"CONDITIONS_BY_TYPE":{"CONCEPT_NAME":"Claim","COUNT_VALUE":158},"AGE_AT_FIRST_DIAGNOSIS":{"CATEGORY":["FEMALE","MALE"],"MIN_VALUE":[0,0],"P10_VALUE":[5,8],"P25_VALUE":[14,22],"MEDIAN_VALUE":[38,44],"P75_VALUE":[72,58],"P90_VALUE":[81,72],"MAX_VALUE":[99,95]}}
