{"PREVALENCE_BY_GENDER_AGE_YEAR":{"TRELLIS_NAME":["20-29","0-9","70-79","80-89","90-99","30-39","10-19","80-89","90-99","60-69","50-59","70-79","40-49","0-9","60-69","40-49","20-29","50-59","10-19","30-39"],"SERIES_NAME":["FEMALE","FEMALE","MALE","MALE","MALE","FEMALE","FEMALE","FEMALE","FEMALE","FEMALE","FEMALE","FEMALE","FEMALE","MALE","MALE","MALE","MALE","MALE","MALE","MALE"],"X_CALENDAR_YEAR":[2019,2019,2019,2019,2019,2019,2019,2019,2019,2019,2019,2019,2019,2019,2019,2019,2019,2019,2019,2019],"Y_PREVALENCE_1000PP":[3.67156,5.05263,3.80373,4.96963,3.4384,4.87726,3.93443,7.49712,4.99722,4.34947,4.34657,2.77418,3.28806,3.78619,5.02707,4.96858,3.70246,3.81679,4.59137,3.05603]},"PREVALENCE_BY_MONTH":{"X_CALENDAR_MONTH":[201901,201902,201903,201904,201905,201906,201907,201908,201909,201910,201911,201912],"Y_PREVALENCE_1000PP":[0.53,0.25,0.26,0.43,0.31,0.37,0.36,0.25,0.22,0.48,0.32,0.37]},"CONDITIONS_BY_TYPE":{"CONCEPT_NAME":"Claim","COUNT_VALUE":568},"AGE_AT_FIRST_DIAGNOSIS":{"CATEGORY":["MALE","FEMALE","No matching concept"],"MIN_VALUE":[0,0,21],"P10_VALUE":[10,8,21],"P25_VALUE":[24,23,23],"MEDIAN_VALUE":[47,43,29],"P75_VALUE":[63,63,63],"P90_VALUE":[77,80,80],"MAX_VALUE":[98,98,80]}}
