{"PREVALENCE_BY_GENDER_AGE_YEAR":{"TRELLIS_NAME":["30-39","10-19","50-59","0-9","30-39","40-49","20-29"],"SERIES_NAME":["FEMALE","FEMALE","FEMALE","MALE","MALE","MALE","MALE"],"X_CALENDAR_YEAR":[2019,2019,2019,2019,2019,2019,2019],"Y_PREVALENCE_1000PP":[1.3006,1.31148,0.86931,1.78174,1.52801,1.02294,1.00976]},"PREVALENCE_BY_MONTH":{"X_CALENDAR_MONTH":[201904,201905,201906,201907,201908,201909,201910],"Y_PREVALENCE_1000PP":[0.07,0.06,0.12,0.12,0.07,0.09,0.12]},"CONDITIONS_BY_TYPE":{"CONCEPT_NAME":"Claim","COUNT_VALUE":113},"AGE_AT_FIRST_DIAGNOSIS":{"CATEGORY":["MALE","FEMALE"],"MIN_VALUE":[0,2],"P10_VALUE":[5,13],"P25_VALUE":[24,26],"MEDIAN_VALUE":[38,44],"P75_VALUE":[57,64],"P90_VALUE":[78,71],"MAX_VALUE":[95,98]}}
