{"PREVALENCE_BY_GENDER_AGE_YEAR":{"TRELLIS_NAME":["50-59","70-79","30-39","40-49","70-79","10-19","30-39","10-19","50-59","40-49","60-69","0-9","20-29"],"SERIES_NAME":["FEMALE","FEMALE","FEMALE","FEMALE","MALE","FEMALE","MALE","MALE","MALE","MALE","MALE","MALE","MALE"],"X_CALENDAR_YEAR":[2019,2019,2019,2019,2019,2019,2019,2019,2019,2019,2019,2019,2019],"Y_PREVALENCE_1000PP":[2.17297,2.22387,1.46532,1.2848,2.4682,1.74902,2.88087,1.60403,2.49377,1.90142,1.34615,1.78333,1.17964]},"PREVALENCE_BY_MONTH":{"X_CALENDAR_MONTH":[201901,201902,201903,201904,201905,201906,201907,201908,201909,201910,201911,201912],"Y_PREVALENCE_1000PP":[0.14,0.08,0.12,0.15,0.15,0.09,0.16,0.12,0.2,0.19,0.18,0.15]},"CONDITIONS_BY_TYPE":{"CONCEPT_NAME":"Claim","COUNT_VALUE":928},"AGE_AT_FIRST_DIAGNOSIS":{"CATEGORY":["MALE","FEMALE"],"MIN_VALUE":[0,0],"P10_VALUE":[12,14],"P25_VALUE":[36,36],"MEDIAN_VALUE":[49,53],"P75_VALUE":[66,72],"P90_VALUE":[77,82],"MAX_VALUE":[98,97]}}
