{"PREVALENCE_BY_GENDER_AGE_YEAR":{"TRELLIS_NAME":["50-59","40-49","70-79","60-69","20-29","60-69","40-49","0-9","10-19","30-39","50-59","10-19","0-9","30-39","80-89","70-79","20-29"],"SERIES_NAME":["FEMALE","FEMALE","FEMALE","FEMALE","MALE","MALE","MALE","MALE","MALE","MALE","MALE","FEMALE","FEMALE","FEMALE","MALE","MALE","FEMALE"],"X_CALENDAR_YEAR":[2019,2019,2019,2019,2019,2019,2019,2019,2019,2019,2019,2019,2019,2019,2019,2019,2019],"Y_PREVALENCE_1000PP":[2.75243,2.28408,2.03855,3.04414,3.53893,3.84615,2.63273,2.00624,3.89551,3.05033,2.64046,2.18627,2.31384,2.76783,3.31309,4.17695,1.99833]},"PREVALENCE_BY_MONTH":{"X_CALENDAR_MONTH":[201901,201902,201903,201904,201905,201906,201907,201908,201909,201910,201911,201912],"Y_PREVALENCE_1000PP":[0.2,0.16,0.2,0.29,0.28,0.21,0.35,0.15,0.18,0.31,0.19,0.25]},"CONDITIONS_BY_TYPE":{"CONCEPT_NAME":"Claim","COUNT_VALUE":1484},"AGE_AT_FIRST_DIAGNOSIS":{"CATEGORY":["MALE","FEMALE"],"MIN_VALUE":[1,1],"P10_VALUE":[11,13],"P25_VALUE":[24,26],"MEDIAN_VALUE":[46,45],"P75_VALUE":[63,64],"P90_VALUE":[74,77],"MAX_VALUE":[97,99]}}
