{"PREVALENCE_BY_GENDER_AGE_YEAR":{"TRELLIS_NAME":["0-9","70-79","40-49","10-19","90-99","30-39","20-29","70-79","50-59","60-69","90-99","10-19","30-39","40-49","20-29","0-9","50-59","60-69"],"SERIES_NAME":["FEMALE","MALE","FEMALE","FEMALE","MALE","FEMALE","FEMALE","FEMALE","FEMALE","FEMALE","FEMALE","MALE","MALE","MALE","MALE","MALE","MALE","MALE"],"X_CALENDAR_YEAR":[2019,2019,2019,2019,2019,2019,2019,2019,2019,2019,2019,2019,2019,2019,2019,2019,2019,2019],"Y_PREVALENCE_1000PP":[4,3.99391,1.28663,3.71585,4.01146,1.3006,3.17089,2.0344,4.0568,3.97126,5.55247,2.75482,2.03735,2.77656,3.02928,2.89532,2.4956,2.32019]},"PREVALENCE_BY_MONTH":{"X_CALENDAR_MONTH":[201901,201902,201903,201904,201905,201906,201907,201908,201909,201910,201911,201912],"Y_PREVALENCE_1000PP":[0.21,0.2,0.27,0.24,0.24,0.25,0.23,0.23,0.31,0.25,0.26,0.22]},"CONDITIONS_BY_TYPE":{"CONCEPT_NAME":"Claim","COUNT_VALUE":386},"AGE_AT_FIRST_DIAGNOSIS":{"CATEGORY":["MALE","No matching concept","FEMALE"],"MIN_VALUE":[1,2,0],"P10_VALUE":[11,2,6],"P25_VALUE":[23,3,20],"MEDIAN_VALUE":[46,31,51],"P75_VALUE":[66,45,65],"P90_VALUE":[78,80,80],"MAX_VALUE":[99,80,99]}}
