{"PREVALENCE_BY_GENDER_AGE_YEAR":{"TRELLIS_NAME":["30-39","0-9","10-19","20-29","70-79","40-49","60-69","70-79","50-59","50-59","60-69","10-19","0-9","40-49","20-29","30-39"],"SERIES_NAME":["FEMALE","FEMALE","FEMALE","FEMALE","MALE","FEMALE","FEMALE","FEMALE","FEMALE","MALE","MALE","MALE","MALE","MALE","MALE","MALE"],"X_CALENDAR_YEAR":[2019,2019,2019,2019,2019,2019,2019,2019,2019,2019,2019,2019,2019,2019,2019,2019],"Y_PREVALENCE_1000PP":[2.43863,2.52632,3.06011,3.17089,3.61354,2.71623,3.21483,3.32902,1.73863,2.4956,1.93349,3.44353,2.00445,2.63043,4.71222,3.90492]},"PREVALENCE_BY_MONTH":{"X_CALENDAR_MONTH":[201901,201902,201903,201904,201905,201906,201907,201908,201909,201910,201911,201912],"Y_PREVALENCE_1000PP":[0.23,0.2,0.25,0.29,0.31,0.18,0.27,0.23,0.19,0.34,0.19,0.16]},"CONDITIONS_BY_TYPE":{"CONCEPT_NAME":"Claim","COUNT_VALUE":385},"AGE_AT_FIRST_DIAGNOSIS":{"CATEGORY":["FEMALE","MALE"],"MIN_VALUE":[1,0],"P10_VALUE":[13,13],"P25_VALUE":[24,24],"MEDIAN_VALUE":[42,39],"P75_VALUE":[67,58],"P90_VALUE":[76,74],"MAX_VALUE":[97,98]}}
