{"PREVALENCE_BY_GENDER_AGE_YEAR":{"TRELLIS_NAME":["80-89","30-39","10-19","70-79","20-29","0-9","40-49","0-9","10-19","30-39","60-69","20-29","40-49","50-59","80-89","50-59","70-79","60-69"],"SERIES_NAME":["MALE","FEMALE","FEMALE","MALE","FEMALE","FEMALE","FEMALE","MALE","MALE","MALE","MALE","MALE","MALE","MALE","FEMALE","FEMALE","FEMALE","FEMALE"],"X_CALENDAR_YEAR":[2019,2019,2019,2019,2019,2019,2019,2019,2019,2019,2019,2019,2019,2019,2019,2019,2019,2019],"Y_PREVALENCE_1000PP":[5.52181,3.08893,3.71585,4.75466,3.67156,4.84211,1.57255,3.34076,5.96878,3.90492,5.22042,4.03904,5.40699,3.52319,4.61361,4.63634,4.62364,3.59304]},"PREVALENCE_BY_MONTH":{"X_CALENDAR_MONTH":[201901,201902,201903,201904,201905,201906,201907,201908,201909,201910,201911,201912],"Y_PREVALENCE_1000PP":[0.42,0.33,0.31,0.38,0.3,0.46,0.28,0.36,0.24,0.37,0.36,0.22]},"CONDITIONS_BY_TYPE":{"CONCEPT_NAME":"Claim","COUNT_VALUE":545},"AGE_AT_FIRST_DIAGNOSIS":{"CATEGORY":["MALE","No matching concept","FEMALE"],"MIN_VALUE":[0,30,0],"P10_VALUE":[13,30,5],"P25_VALUE":[25,31,22],"MEDIAN_VALUE":[44,48,47],"P75_VALUE":[62,68,66],"P90_VALUE":[77,77,75],"MAX_VALUE":[98,77,97]}}
