{"PREVALENCE_BY_GENDER_AGE_YEAR":{"TRELLIS_NAME":["60-69","70-79","50-59","40-49","30-39","10-19"],"SERIES_NAME":["FEMALE","FEMALE","FEMALE","FEMALE","FEMALE","FEMALE"],"X_CALENDAR_YEAR":[2019,2019,2019,2019,2019,2019],"Y_PREVALENCE_1000PP":[1.33181,2.03855,1.01405,0.99929,1.13969,1.53039]},"PREVALENCE_BY_MONTH":{"X_CALENDAR_MONTH":[201901,201903,201904,201905,201907,201908,201909,201910,201912],"Y_PREVALENCE_1000PP":[0.06,0.1,0.12,0.06,0.06,0.08,0.08,0.06,0.09]},"CONDITIONS_BY_TYPE":{"CONCEPT_NAME":"Claim","COUNT_VALUE":436},"AGE_AT_FIRST_DIAGNOSIS":{"CATEGORY":["FEMALE","MALE"],"MIN_VALUE":[1,6],"P10_VALUE":[11,9],"P25_VALUE":[27,29],"MEDIAN_VALUE":[42,56],"P75_VALUE":[67,72],"P90_VALUE":[75,84],"MAX_VALUE":[96,99]}}
