{"PREVALENCE_BY_GENDER_AGE_YEAR":{"TRELLIS_NAME":["50-59","30-39","40-49","0-9","20-29","10-19","60-69","60-69","70-79","40-49","50-59","0-9","30-39","20-29","10-19","70-79"],"SERIES_NAME":["MALE","MALE","MALE","MALE","MALE","MALE","MALE","FEMALE","FEMALE","FEMALE","FEMALE","FEMALE","FEMALE","FEMALE","FEMALE","MALE"],"X_CALENDAR_YEAR":[2019,2019,2019,2019,2019,2019,2019,2019,2019,2019,2019,2019,2019,2019,2019,2019],"Y_PREVALENCE_1000PP":[0.88015,1.69463,1.46263,2.67499,2.52781,1.37489,2.69231,2.28311,2.40919,2.28408,1.88324,1.89314,1.46532,1.1657,1.96764,1.51889]},"PREVALENCE_BY_MONTH":{"X_CALENDAR_MONTH":[201901,201902,201903,201904,201905,201906,201907,201908,201909,201910,201911,201912],"Y_PREVALENCE_1000PP":[0.24,0.09,0.16,0.15,0.08,0.13,0.11,0.19,0.2,0.16,0.19,0.12]},"CONDITIONS_BY_TYPE":{"CONCEPT_NAME":"Claim","COUNT_VALUE":972},"AGE_AT_FIRST_DIAGNOSIS":{"CATEGORY":["MALE","FEMALE"],"MIN_VALUE":[0,1],"P10_VALUE":[5,11],"P25_VALUE":[21,29],"MEDIAN_VALUE":[40,48],"P75_VALUE":[65,63],"P90_VALUE":[77,76],"MAX_VALUE":[99,95]}}
