{"PREVALENCE_BY_GENDER_AGE_YEAR":{"TRELLIS_NAME":["20-29","10-19","40-49","30-39","70-79","0-9","40-49","0-9","30-39","10-19","20-29","50-59","70-79","60-69"],"SERIES_NAME":["FEMALE","FEMALE","FEMALE","FEMALE","MALE","FEMALE","MALE","MALE","MALE","MALE","MALE","FEMALE","FEMALE","FEMALE"],"X_CALENDAR_YEAR":[2019,2019,2019,2019,2019,2019,2019,2019,2019,2019,2019,2019,2019,2019],"Y_PREVALENCE_1000PP":[1.1657,1.31176,2.14133,0.97688,1.89861,1.68279,1.1701,1.56041,1.3557,1.37489,2.19077,1.15892,1.11193,1.52207]},"PREVALENCE_BY_MONTH":{"X_CALENDAR_MONTH":[201901,201902,201903,201904,201905,201906,201907,201908,201909,201910,201911,201912],"Y_PREVALENCE_1000PP":[0.14,0.12,0.08,0.1,0.09,0.06,0.21,0.1,0.16,0.13,0.08,0.1]},"CONDITIONS_BY_TYPE":{"CONCEPT_NAME":"Claim","COUNT_VALUE":728},"AGE_AT_FIRST_DIAGNOSIS":{"CATEGORY":["MALE","FEMALE"],"MIN_VALUE":[0,0],"P10_VALUE":[9,9],"P25_VALUE":[25,25],"MEDIAN_VALUE":[39,45],"P75_VALUE":[64,64],"P90_VALUE":[78,79],"MAX_VALUE":[91,99]}}
