{"PREVALENCE_BY_GENDER_AGE_YEAR":{"TRELLIS_NAME":["50-59","40-49","60-69","20-29","30-39","40-49","10-19"],"SERIES_NAME":["MALE","MALE","MALE","MALE","MALE","FEMALE","FEMALE"],"X_CALENDAR_YEAR":[2019,2019,2019,2019,2019,2019,2019],"Y_PREVALENCE_1000PP":[1.0276,1.16908,1.16009,1.51464,1.35823,0.85776,1.74863]},"PREVALENCE_BY_MONTH":{"X_CALENDAR_MONTH":[201901,201902,201904,201907,201909,201910,201912],"Y_PREVALENCE_1000PP":[0.06,0.1,0.12,0.08,0.1,0.09,0.1]},"CONDITIONS_BY_TYPE":{"CONCEPT_NAME":"Claim","COUNT_VALUE":115},"AGE_AT_FIRST_DIAGNOSIS":{"CATEGORY":["MALE","FEMALE"],"MIN_VALUE":[9,5],"P10_VALUE":[21,12],"P25_VALUE":[31,22],"MEDIAN_VALUE":[45,40],"P75_VALUE":[68,62],"P90_VALUE":[79,90],"MAX_VALUE":[95,98]}}
