{"PREVALENCE_BY_GENDER_AGE_YEAR":{"TRELLIS_NAME":["30-39","0-9","60-69","40-49","50-59","10-19","20-29","10-19","40-49","20-29","30-39","70-79","80-89","0-9","90-99","70-79","80-89","60-69","50-59","90-99"],"SERIES_NAME":["MALE","MALE","MALE","MALE","MALE","MALE","MALE","FEMALE","FEMALE","FEMALE","FEMALE","MALE","MALE","FEMALE","MALE","FEMALE","FEMALE","FEMALE","FEMALE","FEMALE"],"X_CALENDAR_YEAR":[2019,2019,2019,2019,2019,2019,2019,2019,2019,2019,2019,2019,2019,2019,2019,2019,2019,2019,2019,2019],"Y_PREVALENCE_1000PP":[54.56702,51.27062,58.46154,56.45751,59.55699,57.05775,53.25244,60.34106,59.81442,57.2856,56.00782,54.49022,62.94865,57.63568,54.13105,57.82061,49.56772,54.79452,56.35231,48.49498]},"PREVALENCE_BY_MONTH":{"X_CALENDAR_MONTH":[201901,201902,201903,201904,201905,201906,201907,201908,201909,201910,201911,201912],"Y_PREVALENCE_1000PP":[5.96,3.76,4.28,5.26,4.4,4.5,5.62,4.2,4.55,5.76,4.61,4.55]},"CONDITIONS_BY_TYPE":{"CONCEPT_NAME":"Claim","COUNT_VALUE":31068},"AGE_AT_FIRST_DIAGNOSIS":{"CATEGORY":["No matching concept","MALE","FEMALE"],"MIN_VALUE":[0,0,0],"P10_VALUE":[10,11,10],"P25_VALUE":[24,25,24],"MEDIAN_VALUE":[44,46,44],"P75_VALUE":[67,63,62],"P90_VALUE":[84,78,76],"MAX_VALUE":[99,99,99]}}
