{"PREVALENCE_BY_GENDER_AGE_YEAR":{"TRELLIS_NAME":["10-19","0-9","70-79","90-99","30-39","20-29","40-49","60-69","70-79","50-59","60-69","0-9","10-19","20-29","50-59","30-39","40-49"],"SERIES_NAME":["FEMALE","FEMALE","MALE","MALE","FEMALE","FEMALE","FEMALE","FEMALE","FEMALE","FEMALE","MALE","MALE","MALE","MALE","MALE","MALE","MALE"],"X_CALENDAR_YEAR":[2019,2019,2019,2019,2019,2019,2019,2019,2019,2019,2019,2019,2019,2019,2019,2019,2019],"Y_PREVALENCE_1000PP":[3.71585,2.10526,4.1841,3.4384,2.6012,3.17089,2.43031,2.26929,2.77418,2.31817,2.32019,2.67261,2.29568,3.53416,2.202,3.22581,3.06883]},"PREVALENCE_BY_MONTH":{"X_CALENDAR_MONTH":[201901,201902,201903,201904,201905,201906,201907,201908,201909,201910,201911,201912],"Y_PREVALENCE_1000PP":[0.19,0.13,0.18,0.23,0.23,0.19,0.23,0.26,0.29,0.27,0.25,0.35]},"CONDITIONS_BY_TYPE":{"CONCEPT_NAME":"Claim","COUNT_VALUE":387},"AGE_AT_FIRST_DIAGNOSIS":{"CATEGORY":["No matching concept","FEMALE","MALE"],"MIN_VALUE":[19,0,0],"P10_VALUE":[19,10,12],"P25_VALUE":[31,22,25],"MEDIAN_VALUE":[38,41,45],"P75_VALUE":[71,63,66],"P90_VALUE":[78,77,77],"MAX_VALUE":[78,93,99]}}
