{"PREVALENCE_BY_GENDER_AGE_YEAR":{"TRELLIS_NAME":["80-89","40-49","50-59","70-79","60-69","40-49","0-9","50-59","80-89","70-79","30-39","10-19","60-69","0-9"],"SERIES_NAME":["FEMALE","FEMALE","FEMALE","FEMALE","FEMALE","MALE","MALE","MALE","MALE","MALE","FEMALE","FEMALE","MALE","FEMALE"],"X_CALENDAR_YEAR":[2019,2019,2019,2019,2019,2019,2019,2019,2019,2019,2019,2019,2019,2019],"Y_PREVALENCE_1000PP":[3.46021,1.57255,1.73863,1.66451,1.13464,1.75362,1.55902,1.3212,3.31309,1.71168,1.13803,2.18579,1.35344,2.10526]},"PREVALENCE_BY_MONTH":{"X_CALENDAR_MONTH":[201901,201902,201903,201904,201905,201906,201907,201908,201909,201910,201911],"Y_PREVALENCE_1000PP":[0.15,0.15,0.15,0.12,0.08,0.11,0.13,0.14,0.1,0.12,0.14]},"CONDITIONS_BY_TYPE":{"CONCEPT_NAME":"Claim","COUNT_VALUE":197},"AGE_AT_FIRST_DIAGNOSIS":{"CATEGORY":["MALE","FEMALE"],"MIN_VALUE":[0,0],"P10_VALUE":[6,6],"P25_VALUE":[37,17],"MEDIAN_VALUE":[51,45],"P75_VALUE":[70,64],"P90_VALUE":[84,77],"MAX_VALUE":[99,91]}}
