{"PREVALENCE_BY_GENDER_AGE_YEAR":{"TRELLIS_NAME":["70-79","60-69","50-59","0-9","50-59","20-29","30-39","60-69","10-19","40-49","20-29","40-49","0-9","10-19","30-39","70-79"],"SERIES_NAME":["FEMALE","FEMALE","FEMALE","MALE","MALE","MALE","MALE","MALE","MALE","MALE","FEMALE","FEMALE","FEMALE","FEMALE","FEMALE","MALE"],"X_CALENDAR_YEAR":[2019,2019,2019,2019,2019,2019,2019,2019,2019,2019,2019,2019,2019,2019,2019,2019],"Y_PREVALENCE_1000PP":[2.40919,2.09285,1.44865,2.22916,1.17354,2.52781,1.3557,2.69231,1.83318,2.48647,2.33139,1.42755,1.89314,2.84215,2.60501,2.65806]},"PREVALENCE_BY_MONTH":{"X_CALENDAR_MONTH":[201901,201902,201903,201904,201905,201906,201907,201908,201909,201910,201911,201912],"Y_PREVALENCE_1000PP":[0.25,0.13,0.13,0.12,0.19,0.14,0.22,0.16,0.19,0.18,0.19,0.18]},"CONDITIONS_BY_TYPE":{"CONCEPT_NAME":"Claim","COUNT_VALUE":1116},"AGE_AT_FIRST_DIAGNOSIS":{"CATEGORY":["FEMALE","No matching concept","MALE"],"MIN_VALUE":[0,1,0],"P10_VALUE":[10,1,10],"P25_VALUE":[21,24,23],"MEDIAN_VALUE":[39,56,45],"P75_VALUE":[60,64,67],"P90_VALUE":[74,88,76],"MAX_VALUE":[94,88,94]}}
