{"PREVALENCE_BY_GENDER_AGE_YEAR":{"TRELLIS_NAME":["40-49","50-59","80-89","60-69","70-79","90-99","20-29","50-59","10-19","30-39","40-49","0-9","70-79","80-89","60-69","30-39","10-19","0-9","20-29","90-99"],"SERIES_NAME":["FEMALE","FEMALE","FEMALE","FEMALE","FEMALE","FEMALE","MALE","MALE","MALE","MALE","MALE","MALE","MALE","MALE","MALE","FEMALE","FEMALE","FEMALE","FEMALE","MALE"],"X_CALENDAR_YEAR":[2019,2019,2019,2019,2019,2019,2019,2019,2019,2019,2019,2019,2019,2019,2019,2019,2019,2019,2019,2019],"Y_PREVALENCE_1000PP":[49.39329,50.55773,44.95677,50.22831,45.21868,65.7748,46.68015,47.23485,48.57929,48.46636,51.7771,51.49354,50.88286,44.17449,47.11538,51.44904,45.25579,47.74926,44.796,52.99145]},"PREVALENCE_BY_MONTH":{"X_CALENDAR_MONTH":[201901,201902,201903,201904,201905,201906,201907,201908,201909,201910,201911,201912],"Y_PREVALENCE_1000PP":[5.04,3.86,3.95,4.46,3.7,3.85,4.84,3.91,3.75,5.14,3.6,3.81]},"CONDITIONS_BY_TYPE":{"CONCEPT_NAME":"Claim","COUNT_VALUE":27084},"AGE_AT_FIRST_DIAGNOSIS":{"CATEGORY":["MALE","FEMALE","No matching concept"],"MIN_VALUE":[0,0,1],"P10_VALUE":[10,10,10],"P25_VALUE":[25,26,25],"MEDIAN_VALUE":[45,44,44],"P75_VALUE":[63,63,63],"P90_VALUE":[77,78,77],"MAX_VALUE":[99,99,96]}}
