{"PREVALENCE_BY_GENDER_AGE_YEAR":{"TRELLIS_NAME":["30-39","40-49","0-9","50-59","50-59","60-69","70-79","0-9","30-39","70-79","10-19","40-49"],"SERIES_NAME":["MALE","MALE","MALE","MALE","FEMALE","FEMALE","FEMALE","FEMALE","FEMALE","MALE","FEMALE","FEMALE"],"X_CALENDAR_YEAR":[2019,2019,2019,2019,2019,2019,2019,2019,2019,2019,2019,2019],"Y_PREVALENCE_1000PP":[1.52517,2.04768,1.78333,1.907,1.73837,1.52207,1.11193,1.68279,1.30251,1.89861,1.53039,2.14133]},"PREVALENCE_BY_MONTH":{"X_CALENDAR_MONTH":[201901,201902,201903,201904,201905,201906,201907,201908,201909,201910,201911,201912],"Y_PREVALENCE_1000PP":[0.1,0.09,0.11,0.1,0.13,0.1,0.12,0.08,0.16,0.19,0.14,0.14]},"CONDITIONS_BY_TYPE":{"CONCEPT_NAME":"Claim","COUNT_VALUE":812},"AGE_AT_FIRST_DIAGNOSIS":{"CATEGORY":["MALE","FEMALE"],"MIN_VALUE":[3,0],"P10_VALUE":[9,9],"P25_VALUE":[27,29],"MEDIAN_VALUE":[45,46],"P75_VALUE":[54,60],"P90_VALUE":[75,74],"MAX_VALUE":[97,99]}}
