{"PREVALENCE_BY_GENDER_AGE_YEAR":{"TRELLIS_NAME":["20-29","0-9","50-59","30-39","40-49","10-19","60-69","40-49","80-89","90-99","10-19","70-79","30-39","0-9","20-29","80-89","90-99","60-69","70-79","50-59"],"SERIES_NAME":["MALE","MALE","MALE","MALE","MALE","MALE","MALE","FEMALE","MALE","MALE","FEMALE","MALE","FEMALE","FEMALE","FEMALE","FEMALE","FEMALE","FEMALE","FEMALE","FEMALE"],"X_CALENDAR_YEAR":[2019,2019,2019,2019,2019,2019,2019,2019,2019,2019,2019,2019,2019,2019,2019,2019,2019,2019,2019,2019],"Y_PREVALENCE_1000PP":[38.03433,40.3118,34.79154,34.4652,39.45638,35.81267,33.06265,39.88563,32.0265,28.08023,40.21858,40.69989,34.14079,34.94737,35.21362,33.44867,37.7568,33.85023,38.28371,38.53955]},"PREVALENCE_BY_MONTH":{"X_CALENDAR_MONTH":[201901,201902,201903,201904,201905,201906,201907,201908,201909,201910,201911,201912],"Y_PREVALENCE_1000PP":[4.05,2.64,3.1,3.42,2.95,2.69,3.66,2.97,3.1,3.52,2.69,2.6]},"CONDITIONS_BY_TYPE":{"CONCEPT_NAME":"Claim","COUNT_VALUE":5021},"AGE_AT_FIRST_DIAGNOSIS":{"CATEGORY":["No matching concept","MALE","FEMALE"],"MIN_VALUE":[0,0,0],"P10_VALUE":[10,9,10],"P25_VALUE":[30,24,24],"MEDIAN_VALUE":[48,44,45],"P75_VALUE":[68,62,63],"P90_VALUE":[75,76,77],"MAX_VALUE":[97,99,99]}}
