{"PREVALENCE_BY_GENDER_AGE_YEAR":{"TRELLIS_NAME":["10-19","50-59","30-39","40-49","20-29","0-9","60-69","90-99","70-79","40-49","30-39","20-29","0-9","10-19","70-79","90-99","60-69","80-89","50-59"],"SERIES_NAME":["MALE","MALE","MALE","MALE","MALE","MALE","MALE","MALE","MALE","FEMALE","FEMALE","FEMALE","FEMALE","FEMALE","FEMALE","FEMALE","FEMALE","FEMALE","FEMALE"],"X_CALENDAR_YEAR":[2019,2019,2019,2019,2019,2019,2019,2019,2019,2019,2019,2019,2019,2019,2019,2019,2019,2019,2019],"Y_PREVALENCE_1000PP":[5.05051,3.52319,4.9236,3.21496,3.53416,3.78619,3.09358,6.87679,3.23317,3.1451,3.41408,3.50467,3.15789,5.90164,3.32902,3.88673,3.02572,3.46021,3.0426]},"PREVALENCE_BY_MONTH":{"X_CALENDAR_MONTH":[201901,201902,201903,201904,201905,201906,201907,201908,201909,201910,201911,201912],"Y_PREVALENCE_1000PP":[0.36,0.2,0.38,0.3,0.34,0.39,0.28,0.36,0.21,0.38,0.23,0.28]},"CONDITIONS_BY_TYPE":{"CONCEPT_NAME":"Claim","COUNT_VALUE":493},"AGE_AT_FIRST_DIAGNOSIS":{"CATEGORY":["FEMALE","MALE","No matching concept"],"MIN_VALUE":[1,0,5],"P10_VALUE":[10,10,12],"P25_VALUE":[22,22,26],"MEDIAN_VALUE":[40,41,53],"P75_VALUE":[61,61,59],"P90_VALUE":[76,78,70],"MAX_VALUE":[98,97,74]}}
