{"PREVALENCE_BY_GENDER_AGE_YEAR":{"TRELLIS_NAME":["70-79","40-49","0-9","20-29","10-19","30-39","70-79","50-59","60-69","20-29","10-19","60-69","40-49","30-39","50-59","0-9"],"SERIES_NAME":["MALE","FEMALE","FEMALE","FEMALE","FEMALE","FEMALE","FEMALE","FEMALE","FEMALE","MALE","MALE","MALE","MALE","MALE","MALE","MALE"],"X_CALENDAR_YEAR":[2019,2019,2019,2019,2019,2019,2019,2019,2019,2019,2019,2019,2019,2019,2019,2019],"Y_PREVALENCE_1000PP":[3.80373,2.85919,2.73684,3.67156,3.06011,2.11348,2.40429,2.60794,3.78215,3.36587,2.06612,2.51353,2.77656,3.05603,3.37639,2.22717]},"PREVALENCE_BY_MONTH":{"X_CALENDAR_MONTH":[201901,201902,201903,201904,201905,201906,201907,201908,201909,201910,201911,201912],"Y_PREVALENCE_1000PP":[0.37,0.19,0.17,0.26,0.2,0.18,0.26,0.22,0.24,0.22,0.22,0.29]},"CONDITIONS_BY_TYPE":{"CONCEPT_NAME":"Claim","COUNT_VALUE":383},"AGE_AT_FIRST_DIAGNOSIS":{"CATEGORY":["MALE","FEMALE"],"MIN_VALUE":[0,0],"P10_VALUE":[13,10],"P25_VALUE":[27,22],"MEDIAN_VALUE":[47,45],"P75_VALUE":[67,60],"P90_VALUE":[77,72],"MAX_VALUE":[99,98]}}
