{"PREVALENCE_BY_GENDER_AGE_YEAR":{"TRELLIS_NAME":["90-99","70-79","60-69","50-59","10-19","20-29","70-79","40-49","30-39","0-9","90-99","80-89","0-9","50-59","30-39","40-49","10-19","60-69","20-29"],"SERIES_NAME":["FEMALE","FEMALE","FEMALE","FEMALE","FEMALE","FEMALE","MALE","FEMALE","FEMALE","FEMALE","MALE","MALE","MALE","MALE","MALE","MALE","MALE","MALE","MALE"],"X_CALENDAR_YEAR":[2019,2019,2019,2019,2019,2019,2019,2019,2019,2019,2019,2019,2019,2019,2019,2019,2019,2019,2019],"Y_PREVALENCE_1000PP":[4.44198,2.77418,4.72769,4.63634,3.06011,4.6729,4.94485,3.00214,4.38953,3.15789,5.15759,4.96963,3.78619,2.3488,4.41426,4.23791,4.13223,4.25367,5.04881]},"PREVALENCE_BY_MONTH":{"X_CALENDAR_MONTH":[201901,201902,201903,201904,201905,201906,201907,201908,201909,201910,201911,201912],"Y_PREVALENCE_1000PP":[0.3,0.37,0.26,0.39,0.42,0.29,0.46,0.22,0.33,0.38,0.24,0.32]},"CONDITIONS_BY_TYPE":{"CONCEPT_NAME":"Claim","COUNT_VALUE":539},"AGE_AT_FIRST_DIAGNOSIS":{"CATEGORY":["MALE","FEMALE","No matching concept"],"MIN_VALUE":[0,0,6],"P10_VALUE":[10,11,6],"P25_VALUE":[25,28,8],"MEDIAN_VALUE":[44,45,15],"P75_VALUE":[67,63,58],"P90_VALUE":[78,77,91],"MAX_VALUE":[99,99,91]}}
