{"PREVALENCE_BY_GENDER_AGE_YEAR":{"TRELLIS_NAME":["0-9","50-59","0-9","20-29"],"SERIES_NAME":["FEMALE","MALE","MALE","MALE"],"X_CALENDAR_YEAR":[2019,2019,2019,2019],"Y_PREVALENCE_1000PP":[1.26316,1.3212,1.55902,1.00976]},"PREVALENCE_BY_MONTH":{"X_CALENDAR_MONTH":[201902,201903,201904,201905,201906,201907,201908,201910],"Y_PREVALENCE_1000PP":[0.07,0.06,0.07,0.09,0.09,0.09,0.06,0.06]},"CONDITIONS_BY_TYPE":{"CONCEPT_NAME":"Claim","COUNT_VALUE":96},"AGE_AT_FIRST_DIAGNOSIS":{"CATEGORY":["FEMALE","MALE"],"MIN_VALUE":[0,1],"P10_VALUE":[2,3],"P25_VALUE":[21,15],"MEDIAN_VALUE":[45,37],"P75_VALUE":[62,55],"P90_VALUE":[85,71],"MAX_VALUE":[98,82]}}
