{"PREVALENCE_BY_GENDER_AGE_YEAR":{"TRELLIS_NAME":["20-29","30-39","50-59","30-39","20-29","70-79","40-49","50-59"],"SERIES_NAME":["MALE","MALE","MALE","FEMALE","FEMALE","FEMALE","FEMALE","FEMALE"],"X_CALENDAR_YEAR":[2019,2019,2019,2019,2019,2019,2019,2019],"Y_PREVALENCE_1000PP":[1.17964,1.01678,0.88015,1.13969,1.83181,1.6679,0.99929,1.30378]},"PREVALENCE_BY_MONTH":{"X_CALENDAR_MONTH":[201901,201903,201904,201905,201906,201907,201908,201909,201910,201911,201912],"Y_PREVALENCE_1000PP":[0.11,0.1,0.1,0.08,0.06,0.1,0.09,0.12,0.09,0.08,0.12]},"CONDITIONS_BY_TYPE":{"CONCEPT_NAME":"Claim","COUNT_VALUE":608},"AGE_AT_FIRST_DIAGNOSIS":{"CATEGORY":["FEMALE","MALE"],"MIN_VALUE":[1,5],"P10_VALUE":[14,10],"P25_VALUE":[24,21],"MEDIAN_VALUE":[48,39],"P75_VALUE":[64,61],"P90_VALUE":[75,84],"MAX_VALUE":[91,97]}}
