{"PREVALENCE_BY_GENDER_AGE_YEAR":{"TRELLIS_NAME":["70-79","60-69","40-49","50-59","20-29","0-9","30-39","70-79","60-69","10-19","40-49","20-29","50-59","30-39","10-19","0-9"],"SERIES_NAME":["FEMALE","FEMALE","FEMALE","FEMALE","FEMALE","FEMALE","FEMALE","MALE","MALE","FEMALE","MALE","MALE","MALE","MALE","MALE","MALE"],"X_CALENDAR_YEAR":[2019,2019,2019,2019,2019,2019,2019,2019,2019,2019,2019,2019,2019,2019,2019,2019],"Y_PREVALENCE_1000PP":[3.14407,1.89107,2.28735,2.17328,2.83712,2.94737,1.62575,2.8528,1.16009,2.18579,2.77656,2.35611,3.66999,2.37691,2.06612,3.11804]},"PREVALENCE_BY_MONTH":{"X_CALENDAR_MONTH":[201901,201902,201903,201904,201905,201906,201907,201908,201909,201910,201911,201912],"Y_PREVALENCE_1000PP":[0.19,0.14,0.19,0.25,0.24,0.16,0.28,0.13,0.27,0.2,0.18,0.19]},"CONDITIONS_BY_TYPE":{"CONCEPT_NAME":"Claim","COUNT_VALUE":328},"AGE_AT_FIRST_DIAGNOSIS":{"CATEGORY":["MALE","FEMALE"],"MIN_VALUE":[0,1],"P10_VALUE":[9,9],"P25_VALUE":[24,24],"MEDIAN_VALUE":[45,43],"P75_VALUE":[59,64],"P90_VALUE":[79,75],"MAX_VALUE":[93,93]}}
