{"PREVALENCE_BY_GENDER_AGE_YEAR":{"TRELLIS_NAME":["60-69","50-59","70-79","20-29","60-69","30-39","0-9","10-19","40-49","50-59","10-19","0-9","30-39","20-29","40-49","70-79"],"SERIES_NAME":["FEMALE","FEMALE","FEMALE","MALE","MALE","MALE","MALE","MALE","MALE","MALE","FEMALE","FEMALE","FEMALE","FEMALE","FEMALE","MALE"],"X_CALENDAR_YEAR":[2019,2019,2019,2019,2019,2019,2019,2019,2019,2019,2019,2019,2019,2019,2019,2019],"Y_PREVALENCE_1000PP":[2.08018,2.60794,2.21935,1.68294,2.51353,1.86757,2.00445,1.37741,1.46135,1.7616,2.40437,1.47368,2.11348,1.502,1.14367,1.14112]},"PREVALENCE_BY_MONTH":{"X_CALENDAR_MONTH":[201901,201902,201903,201904,201905,201906,201907,201908,201909,201910,201911,201912],"Y_PREVALENCE_1000PP":[0.24,0.16,0.15,0.22,0.14,0.1,0.15,0.14,0.1,0.2,0.1,0.15]},"CONDITIONS_BY_TYPE":{"CONCEPT_NAME":"Claim","COUNT_VALUE":256},"AGE_AT_FIRST_DIAGNOSIS":{"CATEGORY":["No matching concept","MALE","FEMALE"],"MIN_VALUE":[8,0,0],"P10_VALUE":[8,9,11],"P25_VALUE":[21,22,26],"MEDIAN_VALUE":[30,42,50],"P75_VALUE":[55,61,66],"P90_VALUE":[75,70,77],"MAX_VALUE":[75,94,97]}}
