{"PREVALENCE_BY_GENDER_AGE_YEAR":{"TRELLIS_NAME":["50-59","0-9","40-49","50-59","70-79","20-29","70-79","40-49","10-19","30-39"],"SERIES_NAME":["MALE","MALE","MALE","FEMALE","FEMALE","FEMALE","MALE","FEMALE","FEMALE","FEMALE"],"X_CALENDAR_YEAR":[2019,2019,2019,2019,2019,2019,2019,2019,2019,2019],"Y_PREVALENCE_1000PP":[1.9084,1.55902,1.75362,1.44886,1.84945,1.502,1.90186,0.85776,1.53005,0.97545]},"PREVALENCE_BY_MONTH":{"X_CALENDAR_MONTH":[201901,201902,201903,201904,201905,201906,201907,201908,201909,201910,201911,201912],"Y_PREVALENCE_1000PP":[0.1,0.1,0.1,0.09,0.09,0.13,0.13,0.12,0.11,0.12,0.09,0.13]},"CONDITIONS_BY_TYPE":{"CONCEPT_NAME":"Claim","COUNT_VALUE":170},"AGE_AT_FIRST_DIAGNOSIS":{"CATEGORY":["MALE","FEMALE"],"MIN_VALUE":[1,3],"P10_VALUE":[9,13],"P25_VALUE":[31,25],"MEDIAN_VALUE":[50,46],"P75_VALUE":[65,68],"P90_VALUE":[81,75],"MAX_VALUE":[96,93]}}
