{"PREVALENCE_BY_GENDER_AGE_YEAR":{"TRELLIS_NAME":["50-59","70-79","40-49","60-69","10-19","30-39","0-9","20-29","70-79","60-69","0-9","30-39","20-29","40-49","50-59"],"SERIES_NAME":["FEMALE","FEMALE","FEMALE","FEMALE","FEMALE","FEMALE","FEMALE","FEMALE","MALE","MALE","MALE","MALE","MALE","MALE","MALE"],"X_CALENDAR_YEAR":[2019,2019,2019,2019,2019,2019,2019,2019,2019,2019,2019,2019,2019,2019,2019],"Y_PREVALENCE_1000PP":[2.0284,1.84945,1.71551,1.32375,1.96721,1.3006,1.68421,1.33511,1.14112,1.74014,2.22717,1.18846,1.85123,1.16908,1.1744]},"PREVALENCE_BY_MONTH":{"X_CALENDAR_MONTH":[201901,201902,201903,201904,201905,201906,201907,201908,201909,201910,201911,201912],"Y_PREVALENCE_1000PP":[0.11,0.15,0.12,0.2,0.12,0.13,0.1,0.19,0.07,0.14,0.13,0.08]},"CONDITIONS_BY_TYPE":{"CONCEPT_NAME":"Claim","COUNT_VALUE":196},"AGE_AT_FIRST_DIAGNOSIS":{"CATEGORY":["MALE","FEMALE"],"MIN_VALUE":[0,0],"P10_VALUE":[4,10],"P25_VALUE":[21,25],"MEDIAN_VALUE":[40,45],"P75_VALUE":[61,62],"P90_VALUE":[77,75],"MAX_VALUE":[98,98]}}
