{"PREVALENCE_BY_GENDER_AGE_YEAR":{"TRELLIS_NAME":["0-9","50-59","30-39","40-49","10-19","60-69","20-29","40-49","10-19","30-39","0-9","20-29","60-69","50-59","70-79"],"SERIES_NAME":["MALE","MALE","MALE","MALE","MALE","MALE","MALE","FEMALE","FEMALE","FEMALE","FEMALE","FEMALE","FEMALE","FEMALE","FEMALE"],"X_CALENDAR_YEAR":[2019,2019,2019,2019,2019,2019,2019,2019,2019,2019,2019,2019,2019,2019,2019],"Y_PREVALENCE_1000PP":[1.56041,3.52061,3.05033,2.48647,2.06233,2.30769,2.52781,1.71306,1.53039,2.27939,2.94489,1.66528,2.85388,2.0281,2.22387]},"PREVALENCE_BY_MONTH":{"X_CALENDAR_MONTH":[201901,201902,201903,201904,201905,201906,201907,201908,201909,201910,201911,201912],"Y_PREVALENCE_1000PP":[0.22,0.25,0.12,0.21,0.18,0.24,0.15,0.11,0.17,0.31,0.18,0.07]},"CONDITIONS_BY_TYPE":{"CONCEPT_NAME":"Claim","COUNT_VALUE":1172},"AGE_AT_FIRST_DIAGNOSIS":{"CATEGORY":["FEMALE","No matching concept","MALE"],"MIN_VALUE":[0,14,1],"P10_VALUE":[5,14,18],"P25_VALUE":[23,24,28],"MEDIAN_VALUE":[45,61,43],"P75_VALUE":[63,95,57],"P90_VALUE":[74,99,69],"MAX_VALUE":[98,99,99]}}
