{"PREVALENCE_BY_GENDER_AGE_YEAR":{"TRELLIS_NAME":["0-9","20-29","40-49","50-59","30-39","10-19","50-59","40-49","80-89","70-79","90-99","60-69","60-69","30-39","10-19","90-99","70-79","80-89","20-29","0-9"],"SERIES_NAME":["MALE","MALE","MALE","MALE","MALE","MALE","FEMALE","FEMALE","FEMALE","FEMALE","FEMALE","FEMALE","MALE","FEMALE","FEMALE","MALE","MALE","MALE","FEMALE","FEMALE"],"X_CALENDAR_YEAR":[2019,2019,2019,2019,2019,2019,2019,2019,2019,2019,2019,2019,2019,2019,2019,2019,2019,2019,2019,2019],"Y_PREVALENCE_1000PP":[313.80846,298.21609,306.88295,305.19671,309.16808,298.43893,300.78238,301.50107,313.14879,312.37285,323.1538,311.64902,308.19799,304.99106,312.56831,319.77077,303.91784,296.52126,306.90921,304]},"PREVALENCE_BY_MONTH":{"X_CALENDAR_MONTH":[201901,201902,201903,201904,201905,201906,201907,201908,201909,201910,201911,201912],"Y_PREVALENCE_1000PP":[34.21,24.99,26.93,33.81,27.69,25.63,33.62,27.25,27.89,35.49,26.79,27.17]},"CONDITIONS_BY_TYPE":{"CONCEPT_NAME":"Claim","COUNT_VALUE":48638},"AGE_AT_FIRST_DIAGNOSIS":{"CATEGORY":["No matching concept","FEMALE","MALE"],"MIN_VALUE":[0,0,0],"P10_VALUE":[11,10,10],"P25_VALUE":[26,25,25],"MEDIAN_VALUE":[43,44,45],"P75_VALUE":[62,63,63],"P90_VALUE":[77,77,77],"MAX_VALUE":[99,99,99]}}
