{"PREVALENCE_BY_GENDER_AGE_YEAR":{"TRELLIS_NAME":["50-59","30-39","60-69","20-29","10-19","40-49","50-59","20-29","0-9","30-39"],"SERIES_NAME":["MALE","MALE","MALE","MALE","MALE","FEMALE","FEMALE","FEMALE","FEMALE","FEMALE"],"X_CALENDAR_YEAR":[2019,2019,2019,2019,2019,2019,2019,2019,2019,2019],"Y_PREVALENCE_1000PP":[2.34707,1.52517,1.53846,1.01112,1.37489,1.14204,1.44865,2.16486,1.2621,0.97688]},"PREVALENCE_BY_MONTH":{"X_CALENDAR_MONTH":[201901,201902,201903,201904,201905,201906,201907,201908,201909,201910,201911,201912],"Y_PREVALENCE_1000PP":[0.07,0.09,0.07,0.15,0.11,0.06,0.13,0.07,0.09,0.13,0.08,0.14]},"CONDITIONS_BY_TYPE":{"CONCEPT_NAME":"Claim","COUNT_VALUE":620},"AGE_AT_FIRST_DIAGNOSIS":{"CATEGORY":["FEMALE","MALE"],"MIN_VALUE":[1,2],"P10_VALUE":[12,14],"P25_VALUE":[24,28],"MEDIAN_VALUE":[44,48],"P75_VALUE":[60,56],"P90_VALUE":[80,66],"MAX_VALUE":[95,88]}}
