{"PREVALENCE_BY_GENDER_AGE_YEAR":{"TRELLIS_NAME":["0-9","20-29","30-39","60-69","70-79","70-79","40-49","50-59","20-29","50-59","0-9","10-19","40-49"],"SERIES_NAME":["FEMALE","FEMALE","FEMALE","MALE","MALE","FEMALE","FEMALE","FEMALE","MALE","MALE","MALE","MALE","MALE"],"X_CALENDAR_YEAR":[2019,2019,2019,2019,2019,2019,2019,2019,2019,2019,2019,2019,2019],"Y_PREVALENCE_1000PP":[1.26316,1.00134,1.9509,2.51353,1.14112,2.40429,1.14367,1.59374,1.34635,1.9084,1.55902,1.37741,1.31521]},"PREVALENCE_BY_MONTH":{"X_CALENDAR_MONTH":[201901,201902,201903,201904,201905,201907,201908,201909,201910,201911,201912],"Y_PREVALENCE_1000PP":[0.1,0.16,0.17,0.2,0.1,0.07,0.16,0.12,0.16,0.1,0.06]},"CONDITIONS_BY_TYPE":{"CONCEPT_NAME":"Claim","COUNT_VALUE":192},"AGE_AT_FIRST_DIAGNOSIS":{"CATEGORY":["FEMALE","MALE"],"MIN_VALUE":[2,0],"P10_VALUE":[15,14],"P25_VALUE":[32,22],"MEDIAN_VALUE":[49,50],"P75_VALUE":[72,65],"P90_VALUE":[79,78],"MAX_VALUE":[97,98]}}
