{"PREVALENCE_BY_GENDER_AGE_YEAR":{"TRELLIS_NAME":["20-29","30-39","0-9","10-19","40-49","70-79","30-39","60-69","10-19","50-59","0-9","20-29","40-49","50-59","60-69","70-79"],"SERIES_NAME":["FEMALE","FEMALE","FEMALE","FEMALE","FEMALE","MALE","MALE","MALE","MALE","MALE","MALE","MALE","MALE","FEMALE","FEMALE","FEMALE"],"X_CALENDAR_YEAR":[2019,2019,2019,2019,2019,2019,2019,2019,2019,2019,2019,2019,2019,2019,2019,2019],"Y_PREVALENCE_1000PP":[2.16956,1.9509,1.47368,1.31148,1.14367,1.3313,1.18846,1.74014,2.06612,1.7616,2.00445,1.85123,1.75362,2.75283,1.89107,1.66451]},"PREVALENCE_BY_MONTH":{"X_CALENDAR_MONTH":[201901,201902,201903,201904,201905,201906,201907,201908,201909,201910,201911,201912],"Y_PREVALENCE_1000PP":[0.16,0.19,0.13,0.18,0.07,0.16,0.2,0.14,0.06,0.19,0.11,0.15]},"CONDITIONS_BY_TYPE":{"CONCEPT_NAME":"Claim","COUNT_VALUE":230},"AGE_AT_FIRST_DIAGNOSIS":{"CATEGORY":["FEMALE","MALE"],"MIN_VALUE":[1,0],"P10_VALUE":[14,8],"P25_VALUE":[25,23],"MEDIAN_VALUE":[49,44],"P75_VALUE":[61,59],"P90_VALUE":[75,72],"MAX_VALUE":[99,93]}}
