{"PREVALENCE_BY_GENDER_AGE_YEAR":{"TRELLIS_NAME":["70-79","80-89","10-19","90-99","20-29","0-9","30-39","40-49","0-9","40-49","10-19","60-69","20-29","50-59","30-39","50-59","90-99","70-79","60-69"],"SERIES_NAME":["MALE","MALE","FEMALE","MALE","FEMALE","FEMALE","FEMALE","FEMALE","MALE","MALE","MALE","MALE","MALE","MALE","MALE","FEMALE","FEMALE","FEMALE","FEMALE"],"X_CALENDAR_YEAR":[2019,2019,2019,2019,2019,2019,2019,2019,2019,2019,2019,2019,2019,2019,2019,2019,2019,2019,2019],"Y_PREVALENCE_1000PP":[3.60737,9.38708,4.15391,6.26781,3.49709,3.78629,6.51254,5.99572,4.45831,5.70426,4.58295,4.80769,4.71857,6.16107,4.23657,3.18702,4.45931,5.37435,6.08828]},"PREVALENCE_BY_MONTH":{"X_CALENDAR_MONTH":[201901,201902,201903,201904,201905,201906,201907,201908,201909,201910,201911,201912],"Y_PREVALENCE_1000PP":[0.58,0.28,0.35,0.46,0.41,0.45,0.51,0.28,0.39,0.44,0.42,0.36]},"CONDITIONS_BY_TYPE":{"CONCEPT_NAME":"Claim","COUNT_VALUE":2604},"AGE_AT_FIRST_DIAGNOSIS":{"CATEGORY":["FEMALE","MALE","No matching concept"],"MIN_VALUE":[0,1,1],"P10_VALUE":[14,11,3],"P25_VALUE":[30,27,13],"MEDIAN_VALUE":[44,47,39],"P75_VALUE":[64,62,65],"P90_VALUE":[75,82,87],"MAX_VALUE":[99,98,94]}}
