{"PREVALENCE_BY_GENDER_AGE_YEAR":{"TRELLIS_NAME":["40-49","30-39","20-29","40-49","50-59"],"SERIES_NAME":["MALE","MALE","MALE","FEMALE","FEMALE"],"X_CALENDAR_YEAR":[2019,2019,2019,2019,2019],"Y_PREVALENCE_1000PP":[0.87681,1.86757,1.51464,0.85776,1.0142]},"PREVALENCE_BY_MONTH":{"X_CALENDAR_MONTH":[201901,201902,201904,201907,201909,201910,201911,201912],"Y_PREVALENCE_1000PP":[0.09,0.06,0.07,0.08,0.09,0.09,0.06,0.06]},"CONDITIONS_BY_TYPE":{"CONCEPT_NAME":"Claim","COUNT_VALUE":110},"AGE_AT_FIRST_DIAGNOSIS":{"CATEGORY":["FEMALE","MALE"],"MIN_VALUE":[0,14],"P10_VALUE":[3,22],"P25_VALUE":[20,27],"MEDIAN_VALUE":[41,37],"P75_VALUE":[58,55],"P90_VALUE":[73,71],"MAX_VALUE":[83,99]}}
