{"PREVALENCE_BY_GENDER_AGE_YEAR":{"TRELLIS_NAME":["30-39","40-49","50-59","60-69","10-19","0-9","0-9","20-29","90-99","70-79","10-19","30-39","50-59","60-69","70-79","40-49"],"SERIES_NAME":["MALE","MALE","MALE","MALE","MALE","MALE","FEMALE","FEMALE","MALE","MALE","FEMALE","FEMALE","FEMALE","FEMALE","FEMALE","FEMALE"],"X_CALENDAR_YEAR":[2019,2019,2019,2019,2019,2019,2019,2019,2019,2019,2019,2019,2019,2019,2019,2019],"Y_PREVALENCE_1000PP":[1.35823,2.77656,1.7616,1.93349,3.21396,2.44989,1.47368,1.66889,3.4384,1.52149,3.49727,4.06438,3.0426,2.6475,2.95913,2.00143]},"PREVALENCE_BY_MONTH":{"X_CALENDAR_MONTH":[201901,201902,201903,201904,201905,201906,201907,201908,201909,201910,201911,201912],"Y_PREVALENCE_1000PP":[0.23,0.13,0.26,0.16,0.2,0.19,0.21,0.14,0.18,0.2,0.21,0.18]},"CONDITIONS_BY_TYPE":{"CONCEPT_NAME":"Claim","COUNT_VALUE":306},"AGE_AT_FIRST_DIAGNOSIS":{"CATEGORY":["MALE","FEMALE"],"MIN_VALUE":[1,2],"P10_VALUE":[8,14],"P25_VALUE":[18,29],"MEDIAN_VALUE":[46,45],"P75_VALUE":[65,61],"P90_VALUE":[82,74],"MAX_VALUE":[99,99]}}
