{"PREVALENCE_BY_GENDER_AGE_YEAR":{"TRELLIS_NAME":["40-49","30-39","50-59","60-69","20-29","0-9","10-19","70-79","90-99","60-69","80-89","50-59","10-19","30-39","40-49","20-29","70-79","90-99","0-9","80-89"],"SERIES_NAME":["MALE","MALE","MALE","MALE","MALE","MALE","MALE","FEMALE","FEMALE","FEMALE","FEMALE","FEMALE","FEMALE","FEMALE","FEMALE","FEMALE","MALE","MALE","FEMALE","MALE"],"X_CALENDAR_YEAR":[2019,2019,2019,2019,2019,2019,2019,2019,2019,2019,2019,2019,2019,2019,2019,2019,2019,2019,2019,2019],"Y_PREVALENCE_1000PP":[32.17786,30.67277,29.04503,35.57692,31.68183,29.87071,29.10174,34.28466,42.36343,27.207,26.51297,36.07127,30.60778,26.7014,31.69165,32.30641,29.9981,32.47863,27.97644,24.84815]},"PREVALENCE_BY_MONTH":{"X_CALENDAR_MONTH":[201901,201902,201903,201904,201905,201906,201907,201908,201909,201910,201911,201912],"Y_PREVALENCE_1000PP":[3.03,2.08,2.23,2.97,2.16,2.47,3.4,2.24,2.52,3.36,2.41,2.54]},"CONDITIONS_BY_TYPE":{"CONCEPT_NAME":"Claim","COUNT_VALUE":16864},"AGE_AT_FIRST_DIAGNOSIS":{"CATEGORY":["MALE","FEMALE","No matching concept"],"MIN_VALUE":[0,0,3],"P10_VALUE":[11,12,11],"P25_VALUE":[26,25,26],"MEDIAN_VALUE":[44,46,44],"P75_VALUE":[63,64,71],"P90_VALUE":[76,78,75],"MAX_VALUE":[99,99,96]}}
