{"PREVALENCE_BY_GENDER_AGE_YEAR":{"TRELLIS_NAME":["30-39","50-59","10-19","20-29","60-69","40-49","0-9","90-99","10-19","0-9","80-89","20-29","70-79","30-39","60-69","50-59","70-79","40-49"],"SERIES_NAME":["MALE","MALE","MALE","MALE","MALE","MALE","MALE","MALE","FEMALE","FEMALE","MALE","FEMALE","MALE","FEMALE","FEMALE","FEMALE","FEMALE","FEMALE"],"X_CALENDAR_YEAR":[2019,2019,2019,2019,2019,2019,2019,2019,2019,2019,2019,2019,2019,2019,2019,2019,2019,2019],"Y_PREVALENCE_1000PP":[3.90492,3.66999,2.98439,2.01952,4.44702,2.33816,4.23163,4.01146,3.71585,4.84211,5.52181,3.83845,4.1841,2.92635,3.78215,4.49145,2.95913,3.57398]},"PREVALENCE_BY_MONTH":{"X_CALENDAR_MONTH":[201901,201902,201903,201904,201905,201906,201907,201908,201909,201910,201911,201912],"Y_PREVALENCE_1000PP":[0.37,0.19,0.23,0.41,0.31,0.2,0.41,0.23,0.28,0.47,0.25,0.29]},"CONDITIONS_BY_TYPE":{"CONCEPT_NAME":"Claim","COUNT_VALUE":492},"AGE_AT_FIRST_DIAGNOSIS":{"CATEGORY":["No matching concept","FEMALE","MALE"],"MIN_VALUE":[4,0,1],"P10_VALUE":[13,8,9],"P25_VALUE":[22,22,26],"MEDIAN_VALUE":[45,44,51],"P75_VALUE":[60,59,68],"P90_VALUE":[73,72,79],"MAX_VALUE":[78,97,99]}}
