{"PREVALENCE_BY_GENDER_AGE_YEAR":{"TRELLIS_NAME":["40-49","50-59","60-69","20-29","30-39","40-49","20-29","0-9","10-19","30-39"],"SERIES_NAME":["MALE","MALE","MALE","MALE","MALE","FEMALE","FEMALE","FEMALE","FEMALE","FEMALE"],"X_CALENDAR_YEAR":[2019,2019,2019,2019,2019,2019,2019,2019,2019,2019],"Y_PREVALENCE_1000PP":[1.31637,1.32023,1.73077,1.17964,1.69463,1.57031,0.99917,1.2621,1.31176,1.13969]},"PREVALENCE_BY_MONTH":{"X_CALENDAR_MONTH":[201901,201902,201903,201904,201905,201906,201907,201908,201909,201910,201911,201912],"Y_PREVALENCE_1000PP":[0.16,0.06,0.09,0.1,0.07,0.11,0.08,0.12,0.09,0.1,0.09,0.08]},"CONDITIONS_BY_TYPE":{"CONCEPT_NAME":"Claim","COUNT_VALUE":600},"AGE_AT_FIRST_DIAGNOSIS":{"CATEGORY":["FEMALE","MALE"],"MIN_VALUE":[1,2],"P10_VALUE":[9,11],"P25_VALUE":[23,24],"MEDIAN_VALUE":[41,44],"P75_VALUE":[57,60],"P90_VALUE":[78,72],"MAX_VALUE":[87,98]}}
