{"PREVALENCE_BY_GENDER_AGE_YEAR":{"TRELLIS_NAME":["0-9","20-29","90-99","60-69","10-19","80-89","70-79","30-39","80-89","70-79","40-49","90-99","60-69","50-59","30-39","10-19","50-59","0-9","20-29","40-49"],"SERIES_NAME":["FEMALE","FEMALE","MALE","MALE","FEMALE","MALE","MALE","FEMALE","FEMALE","FEMALE","FEMALE","FEMALE","FEMALE","FEMALE","MALE","MALE","MALE","MALE","MALE","MALE"],"X_CALENDAR_YEAR":[2019,2019,2019,2019,2019,2019,2019,2019,2019,2019,2019,2019,2019,2019,2019,2019,2019,2019,2019,2019],"Y_PREVALENCE_1000PP":[3.36559,4.82931,5.69801,4.80769,5.02842,3.86527,5.31612,4.55878,4.61095,4.26242,5.4247,6.68896,4.94673,4.20107,5.9312,3.66636,4.54745,4.2354,4.21301,3.9491]},"PREVALENCE_BY_MONTH":{"X_CALENDAR_MONTH":[201901,201902,201903,201904,201905,201906,201907,201908,201909,201910,201911,201912],"Y_PREVALENCE_1000PP":[0.5,0.23,0.32,0.51,0.34,0.37,0.42,0.46,0.36,0.39,0.42,0.38]},"CONDITIONS_BY_TYPE":{"CONCEPT_NAME":"Claim","COUNT_VALUE":2500},"AGE_AT_FIRST_DIAGNOSIS":{"CATEGORY":["No matching concept","FEMALE","MALE"],"MIN_VALUE":[1,0,1],"P10_VALUE":[2,14,12],"P25_VALUE":[37,26,28],"MEDIAN_VALUE":[48,45,45],"P75_VALUE":[59,64,65],"P90_VALUE":[69,79,77],"MAX_VALUE":[77,99,99]}}
