{"PREVALENCE_BY_GENDER_AGE_YEAR":{"TRELLIS_NAME":["70-79","60-69","50-59","80-89","90-99","90-99","70-79","30-39","0-9","40-49","80-89","10-19","20-29","20-29","50-59","30-39","40-49","0-9","10-19","60-69"],"SERIES_NAME":["FEMALE","FEMALE","FEMALE","FEMALE","FEMALE","MALE","MALE","FEMALE","FEMALE","FEMALE","MALE","FEMALE","FEMALE","MALE","MALE","MALE","MALE","MALE","MALE","MALE"],"X_CALENDAR_YEAR":[2019,2019,2019,2019,2019,2019,2019,2019,2019,2019,2019,2019,2019,2019,2019,2019,2019,2019,2019,2019],"Y_PREVALENCE_1000PP":[34.6553,39.57382,37.37505,34.58213,35.11706,39.88604,38.73173,36.95865,36.39041,38.68665,41.96576,37.82247,40.63281,35.5578,37.69987,39.6543,36.56575,38.34151,35.51787,37.11538]},"PREVALENCE_BY_MONTH":{"X_CALENDAR_MONTH":[201901,201902,201903,201904,201905,201906,201907,201908,201909,201910,201911,201912],"Y_PREVALENCE_1000PP":[3.58,2.77,2.86,3.79,3.02,2.91,3.44,3.19,2.79,4.02,3.07,2.74]},"CONDITIONS_BY_TYPE":{"CONCEPT_NAME":"Claim","COUNT_VALUE":20636},"AGE_AT_FIRST_DIAGNOSIS":{"CATEGORY":["No matching concept","MALE","FEMALE"],"MIN_VALUE":[1,0,0],"P10_VALUE":[13,10,10],"P25_VALUE":[27,26,24],"MEDIAN_VALUE":[43,45,43],"P75_VALUE":[66,65,62],"P90_VALUE":[75,78,76],"MAX_VALUE":[96,99,99]}}
