{"PREVALENCE_BY_GENDER_AGE_YEAR":{"TRELLIS_NAME":["10-19","60-69","70-79","30-39","40-49","60-69","50-59","40-49","50-59","20-29","0-9"],"SERIES_NAME":["FEMALE","MALE","MALE","FEMALE","FEMALE","FEMALE","FEMALE","MALE","MALE","MALE","MALE"],"X_CALENDAR_YEAR":[2019,2019,2019,2019,2019,2019,2019,2019,2019,2019,2019],"Y_PREVALENCE_1000PP":[1.74902,2.30769,1.13917,2.4422,0.99929,1.71233,1.15892,1.46263,1.02684,1.51668,1.78333]},"PREVALENCE_BY_MONTH":{"X_CALENDAR_MONTH":[201901,201902,201903,201904,201906,201907,201908,201909,201910,201911,201912],"Y_PREVALENCE_1000PP":[0.11,0.11,0.13,0.06,0.1,0.16,0.13,0.06,0.13,0.16,0.09]},"CONDITIONS_BY_TYPE":{"CONCEPT_NAME":"Claim","COUNT_VALUE":660},"AGE_AT_FIRST_DIAGNOSIS":{"CATEGORY":["FEMALE","MALE"],"MIN_VALUE":[0,0],"P10_VALUE":[15,8],"P25_VALUE":[27,26],"MEDIAN_VALUE":[41,47],"P75_VALUE":[61,64],"P90_VALUE":[74,74],"MAX_VALUE":[94,99]}}
