{"PREVALENCE_BY_GENDER_AGE_YEAR":{"TRELLIS_NAME":["20-29","0-9","60-69","50-59","40-49","10-19","30-39","80-89","60-69","70-79","50-59","30-39","70-79","10-19","40-49","0-9","20-29"],"SERIES_NAME":["MALE","MALE","MALE","MALE","MALE","MALE","MALE","FEMALE","FEMALE","FEMALE","FEMALE","FEMALE","MALE","FEMALE","FEMALE","FEMALE","FEMALE"],"X_CALENDAR_YEAR":[2019,2019,2019,2019,2019,2019,2019,2019,2019,2019,2019,2019,2019,2019,2019,2019,2019],"Y_PREVALENCE_1000PP":[2.01952,1.78174,2.12684,1.6148,2.63043,1.37741,1.69779,4.03691,2.4584,2.21935,2.31817,1.46318,2.09205,4.15301,2.28735,1.89474,1.66889]},"PREVALENCE_BY_MONTH":{"X_CALENDAR_MONTH":[201901,201902,201903,201904,201905,201906,201907,201908,201909,201910,201911,201912],"Y_PREVALENCE_1000PP":[0.22,0.14,0.24,0.2,0.17,0.12,0.21,0.15,0.1,0.25,0.15,0.2]},"CONDITIONS_BY_TYPE":{"CONCEPT_NAME":"Claim","COUNT_VALUE":293},"AGE_AT_FIRST_DIAGNOSIS":{"CATEGORY":["MALE","FEMALE","No matching concept"],"MIN_VALUE":[0,1,2],"P10_VALUE":[11,11,2],"P25_VALUE":[29,20,10],"MEDIAN_VALUE":[44,45,35],"P75_VALUE":[66,65,56],"P90_VALUE":[78,78,77],"MAX_VALUE":[99,99,77]}}
