{"PREVALENCE_BY_GENDER_AGE_YEAR":{"TRELLIS_NAME":["70-79","50-59","90-99","80-89","40-49","60-69","10-19","0-9","20-29","80-89","70-79","60-69","90-99","30-39","30-39","10-19","20-29","50-59","40-49","0-9"],"SERIES_NAME":["FEMALE","FEMALE","FEMALE","FEMALE","FEMALE","FEMALE","FEMALE","FEMALE","FEMALE","MALE","MALE","MALE","MALE","FEMALE","MALE","MALE","MALE","MALE","MALE","MALE"],"X_CALENDAR_YEAR":[2019,2019,2019,2019,2019,2019,2019,2019,2019,2019,2019,2019,2019,2019,2019,2019,2019,2019,2019,2019],"Y_PREVALENCE_1000PP":[3.14407,3.33237,3.88673,4.61361,2.85919,4.16036,4.59016,3.15789,4.00534,3.31309,4.56447,4.25367,4.58453,3.2515,4.41426,3.90266,4.37563,3.22959,3.21496,5.34521]},"PREVALENCE_BY_MONTH":{"X_CALENDAR_MONTH":[201901,201902,201903,201904,201905,201906,201907,201908,201909,201910,201911,201912],"Y_PREVALENCE_1000PP":[0.25,0.34,0.35,0.37,0.26,0.36,0.31,0.3,0.35,0.32,0.29,0.29]},"CONDITIONS_BY_TYPE":{"CONCEPT_NAME":"Claim","COUNT_VALUE":511},"AGE_AT_FIRST_DIAGNOSIS":{"CATEGORY":["MALE","FEMALE"],"MIN_VALUE":[1,0],"P10_VALUE":[8,11],"P25_VALUE":[24,23],"MEDIAN_VALUE":[43,44],"P75_VALUE":[64,65],"P90_VALUE":[78,78],"MAX_VALUE":[99,99]}}
