{"PREVALENCE_BY_GENDER_AGE_YEAR":{"TRELLIS_NAME":["0-9","20-29","30-39","40-49","10-19","50-59","30-39","70-79","60-69","0-9","20-29","10-19","90-99","60-69","70-79","40-49","50-59"],"SERIES_NAME":["MALE","MALE","MALE","MALE","MALE","MALE","FEMALE","MALE","MALE","FEMALE","FEMALE","FEMALE","MALE","FEMALE","FEMALE","FEMALE","FEMALE"],"X_CALENDAR_YEAR":[2019,2019,2019,2019,2019,2019,2019,2019,2019,2019,2019,2019,2019,2019,2019,2019,2019],"Y_PREVALENCE_1000PP":[5.12249,3.53416,3.56537,4.67631,4.59137,4.84439,4.38953,4.56447,3.86698,5.05263,4.33912,4.15301,4.58453,3.21483,4.25375,3.43102,4.34657]},"PREVALENCE_BY_MONTH":{"X_CALENDAR_MONTH":[201901,201902,201903,201904,201905,201906,201907,201908,201909,201910,201911,201912],"Y_PREVALENCE_1000PP":[0.37,0.32,0.37,0.43,0.43,0.32,0.34,0.29,0.3,0.29,0.29,0.37]},"CONDITIONS_BY_TYPE":{"CONCEPT_NAME":"Claim","COUNT_VALUE":546},"AGE_AT_FIRST_DIAGNOSIS":{"CATEGORY":["FEMALE","MALE"],"MIN_VALUE":[0,0],"P10_VALUE":[9,9],"P25_VALUE":[23,24],"MEDIAN_VALUE":[43,45],"P75_VALUE":[59,61],"P90_VALUE":[74,77],"MAX_VALUE":[97,97]}}
