{"PREVALENCE_BY_GENDER_AGE_YEAR":{"TRELLIS_NAME":["20-29","40-49","10-19","50-59","30-39","60-69","0-9","60-69","70-79","50-59","80-89","90-99","90-99","70-79","80-89","40-49","0-9","10-19","30-39","20-29"],"SERIES_NAME":["MALE","MALE","MALE","MALE","MALE","MALE","MALE","FEMALE","FEMALE","FEMALE","FEMALE","FEMALE","MALE","MALE","MALE","FEMALE","FEMALE","FEMALE","FEMALE","FEMALE"],"X_CALENDAR_YEAR":[2019,2019,2019,2019,2019,2019,2019,2019,2019,2019,2019,2019,2019,2019,2019,2019,2019,2019,2019,2019],"Y_PREVALENCE_1000PP":[87.46208,83.80869,84.7846,91.82925,87.78173,87.30769,82.03299,86.75799,84.69236,88.80197,81.26801,69.6767,83.76068,90.75375,93.87079,88.50821,88.76735,87.88806,86.77955,87.59367]},"PREVALENCE_BY_MONTH":{"X_CALENDAR_MONTH":[201901,201902,201903,201904,201905,201906,201907,201908,201909,201910,201911,201912],"Y_PREVALENCE_1000PP":[9.11,6.38,6.89,8.93,7.08,6.75,8.7,7.4,6.72,8.44,6.58,7.26]},"CONDITIONS_BY_TYPE":{"CONCEPT_NAME":"Claim","COUNT_VALUE":49116},"AGE_AT_FIRST_DIAGNOSIS":{"CATEGORY":["No matching concept","MALE","FEMALE"],"MIN_VALUE":[0,0,0],"P10_VALUE":[10,11,10],"P25_VALUE":[24,25,24],"MEDIAN_VALUE":[41,46,44],"P75_VALUE":[60,64,61],"P90_VALUE":[73,78,76],"MAX_VALUE":[99,99,99]}}
