{"PREVALENCE_BY_GENDER_AGE_YEAR":{"TRELLIS_NAME":["60-69","70-79","50-59","10-19","30-39","70-79","20-29","40-49","0-9","40-49","60-69","20-29","10-19","50-59","30-39","0-9"],"SERIES_NAME":["FEMALE","FEMALE","FEMALE","FEMALE","FEMALE","MALE","FEMALE","FEMALE","FEMALE","MALE","MALE","MALE","MALE","MALE","MALE","MALE"],"X_CALENDAR_YEAR":[2019,2019,2019,2019,2019,2019,2019,2019,2019,2019,2019,2019,2019,2019,2019,2019],"Y_PREVALENCE_1000PP":[1.90259,1.29726,2.17297,3.49803,1.30251,3.22764,2.16486,2.14133,2.52419,2.34021,1.34615,2.69633,1.60403,2.49377,2.37248,2.00624]},"PREVALENCE_BY_MONTH":{"X_CALENDAR_MONTH":[201901,201902,201903,201904,201905,201906,201907,201908,201909,201910,201911,201912],"Y_PREVALENCE_1000PP":[0.17,0.16,0.14,0.2,0.19,0.2,0.18,0.12,0.16,0.37,0.15,0.11]},"CONDITIONS_BY_TYPE":{"CONCEPT_NAME":"Claim","COUNT_VALUE":1172},"AGE_AT_FIRST_DIAGNOSIS":{"CATEGORY":["MALE","FEMALE"],"MIN_VALUE":[0,0],"P10_VALUE":[12,7],"P25_VALUE":[27,16],"MEDIAN_VALUE":[44,41],"P75_VALUE":[66,58],"P90_VALUE":[75,70],"MAX_VALUE":[98,95]}}
