{"PREVALENCE_BY_GENDER_AGE_YEAR":{"TRELLIS_NAME":["70-79","30-39","10-19","60-69","0-9","20-29","50-59","30-39","40-49","0-9","20-29","10-19","70-79","50-59","40-49","60-69"],"SERIES_NAME":["MALE","FEMALE","FEMALE","MALE","FEMALE","FEMALE","MALE","MALE","MALE","MALE","MALE","MALE","FEMALE","FEMALE","FEMALE","FEMALE"],"X_CALENDAR_YEAR":[2019,2019,2019,2019,2019,2019,2019,2019,2019,2019,2019,2019,2019,2019,2019,2019],"Y_PREVALENCE_1000PP":[2.28224,1.62575,2.62295,1.93349,2.31579,1.66889,2.6424,2.71647,2.48429,2.89532,1.51464,2.29568,2.0344,1.73863,2.57327,1.70197]},"PREVALENCE_BY_MONTH":{"X_CALENDAR_MONTH":[201901,201902,201903,201904,201905,201906,201907,201908,201909,201910,201911,201912],"Y_PREVALENCE_1000PP":[0.18,0.12,0.09,0.2,0.14,0.2,0.31,0.14,0.21,0.17,0.16,0.24]},"CONDITIONS_BY_TYPE":{"CONCEPT_NAME":"Claim","COUNT_VALUE":295},"AGE_AT_FIRST_DIAGNOSIS":{"CATEGORY":["MALE","FEMALE"],"MIN_VALUE":[0,0],"P10_VALUE":[7,9],"P25_VALUE":[26,21],"MEDIAN_VALUE":[45,44],"P75_VALUE":[60,61],"P90_VALUE":[78,78],"MAX_VALUE":[97,98]}}
