{"PREVALENCE_BY_GENDER_AGE_YEAR":{"TRELLIS_NAME":["50-59","90-99","60-69","70-79","80-89","80-89","0-9","10-19","70-79","90-99","30-39","20-29","40-49","50-59","10-19","30-39","60-69","20-29","0-9","40-49"],"SERIES_NAME":["FEMALE","FEMALE","FEMALE","FEMALE","FEMALE","MALE","FEMALE","FEMALE","MALE","MALE","FEMALE","FEMALE","FEMALE","MALE","MALE","MALE","MALE","MALE","MALE","MALE"],"X_CALENDAR_YEAR":[2019,2019,2019,2019,2019,2019,2019,2019,2019,2019,2019,2019,2019,2019,2019,2019,2019,2019,2019,2019],"Y_PREVALENCE_1000PP":[17.53115,19.9889,18.91074,18.3096,19.60784,14.90889,21.68421,14.42623,19.01864,16.61891,18.53357,18.35781,17.29807,15.70757,15.84022,22.41087,19.72158,14.30495,15.5902,17.53617]},"PREVALENCE_BY_MONTH":{"X_CALENDAR_MONTH":[201901,201902,201903,201904,201905,201906,201907,201908,201909,201910,201911,201912],"Y_PREVALENCE_1000PP":[1.81,1.6,1.42,1.61,1.47,1.44,1.7,1.49,1.31,1.51,1.33,1.32]},"CONDITIONS_BY_TYPE":{"CONCEPT_NAME":"Claim","COUNT_VALUE":2422},"AGE_AT_FIRST_DIAGNOSIS":{"CATEGORY":["MALE","FEMALE","No matching concept"],"MIN_VALUE":[0,0,0],"P10_VALUE":[11,8,22],"P25_VALUE":[28,25,35],"MEDIAN_VALUE":[44,44,45],"P75_VALUE":[64,64,58],"P90_VALUE":[77,78,84],"MAX_VALUE":[99,99,99]}}
