{"PREVALENCE_BY_GENDER_AGE_YEAR":{"TRELLIS_NAME":["50-59","40-49","20-29","30-39","10-19","70-79","60-69","50-59","40-49","90-99","30-39","10-19","60-69","20-29","70-79","0-9"],"SERIES_NAME":["MALE","MALE","MALE","MALE","MALE","FEMALE","FEMALE","FEMALE","FEMALE","MALE","FEMALE","FEMALE","MALE","FEMALE","MALE","FEMALE"],"X_CALENDAR_YEAR":[2019,2019,2019,2019,2019,2019,2019,2019,2019,2019,2019,2019,2019,2019,2019,2019],"Y_PREVALENCE_1000PP":[1.907,1.75516,1.51668,1.69463,1.60403,1.29726,1.14155,0.86919,0.85653,3.4188,1.62813,1.74902,1.15385,1.33222,1.70875,1.68279]},"PREVALENCE_BY_MONTH":{"X_CALENDAR_MONTH":[201901,201902,201903,201904,201905,201906,201907,201908,201909,201910,201911,201912],"Y_PREVALENCE_1000PP":[0.14,0.11,0.14,0.14,0.09,0.07,0.11,0.15,0.1,0.2,0.13,0.09]},"CONDITIONS_BY_TYPE":{"CONCEPT_NAME":"Claim","COUNT_VALUE":756},"AGE_AT_FIRST_DIAGNOSIS":{"CATEGORY":["FEMALE","MALE"],"MIN_VALUE":[0,0],"P10_VALUE":[8,14],"P25_VALUE":[20,27],"MEDIAN_VALUE":[39,42],"P75_VALUE":[66,61],"P90_VALUE":[81,75],"MAX_VALUE":[96,97]}}
