{"PREVALENCE_BY_GENDER_AGE_YEAR":{"TRELLIS_NAME":["80-89","70-79","50-59","90-99","60-69","90-99","40-49","80-89","10-19","30-39","70-79","20-29","0-9","30-39","60-69","20-29","10-19","0-9","50-59","40-49"],"SERIES_NAME":["FEMALE","FEMALE","FEMALE","FEMALE","FEMALE","MALE","FEMALE","MALE","FEMALE","FEMALE","MALE","FEMALE","FEMALE","MALE","MALE","MALE","MALE","MALE","MALE","MALE"],"X_CALENDAR_YEAR":[2019,2019,2019,2019,2019,2019,2019,2019,2019,2019,2019,2019,2019,2019,2019,2019,2019,2019,2019,2019],"Y_PREVALENCE_1000PP":[13.83285,10.7487,12.45835,7.80379,10.65449,11.39601,10.70664,8.8349,12.89899,13.3507,14.04974,11.15737,10.72781,11.52347,13.26923,9.43714,10.76994,13.15203,8.65483,10.09215]},"PREVALENCE_BY_MONTH":{"X_CALENDAR_MONTH":[201901,201902,201903,201904,201905,201906,201907,201908,201909,201910,201911,201912],"Y_PREVALENCE_1000PP":[1.04,0.86,0.94,1.13,0.91,0.83,0.98,0.91,0.64,1.13,0.98,0.98]},"CONDITIONS_BY_TYPE":{"CONCEPT_NAME":"Claim","COUNT_VALUE":6040},"AGE_AT_FIRST_DIAGNOSIS":{"CATEGORY":["MALE","No matching concept","FEMALE"],"MIN_VALUE":[0,1,0],"P10_VALUE":[7,16,11],"P25_VALUE":[25,26,24],"MEDIAN_VALUE":[46,42,43],"P75_VALUE":[66,71,61],"P90_VALUE":[77,89,76],"MAX_VALUE":[99,96,99]}}
