{"PREVALENCE_BY_GENDER_AGE_YEAR":{"TRELLIS_NAME":["30-39","20-29","40-49","50-59","70-79","40-49","50-59","0-9","30-39","20-29","10-19"],"SERIES_NAME":["MALE","MALE","MALE","MALE","FEMALE","FEMALE","FEMALE","FEMALE","FEMALE","FEMALE","FEMALE"],"X_CALENDAR_YEAR":[2019,2019,2019,2019,2019,2019,2019,2019,2019,2019,2019],"Y_PREVALENCE_1000PP":[1.35823,1.00976,1.46135,0.8808,1.47956,1.71551,1.59374,1.47368,1.13803,1.83578,1.53005]},"PREVALENCE_BY_MONTH":{"X_CALENDAR_MONTH":[201901,201902,201903,201904,201905,201906,201907,201908,201909,201910,201911,201912],"Y_PREVALENCE_1000PP":[0.07,0.1,0.07,0.14,0.13,0.09,0.12,0.06,0.11,0.13,0.1,0.13]},"CONDITIONS_BY_TYPE":{"CONCEPT_NAME":"Claim","COUNT_VALUE":171},"AGE_AT_FIRST_DIAGNOSIS":{"CATEGORY":["MALE","FEMALE"],"MIN_VALUE":[3,0],"P10_VALUE":[11,10],"P25_VALUE":[27,24],"MEDIAN_VALUE":[43,42],"P75_VALUE":[60,57],"P90_VALUE":[82,77],"MAX_VALUE":[99,96]}}
