{"PREVALENCE_BY_GENDER_AGE_YEAR":{"TRELLIS_NAME":["30-39","10-19","0-9","20-29","70-79","70-79","40-49","60-69","50-59","30-39","10-19","40-49","60-69","20-29","50-59","0-9"],"SERIES_NAME":["FEMALE","FEMALE","FEMALE","FEMALE","MALE","FEMALE","FEMALE","FEMALE","FEMALE","MALE","MALE","MALE","MALE","MALE","MALE","MALE"],"X_CALENDAR_YEAR":[2019,2019,2019,2019,2019,2019,2019,2019,2019,2019,2019,2019,2019,2019,2019,2019],"Y_PREVALENCE_1000PP":[1.46532,1.53039,1.89314,1.83181,1.89861,1.29726,1.99857,1.14155,1.01405,1.69463,1.60403,3.21779,1.92308,1.85372,1.61361,1.56041]},"PREVALENCE_BY_MONTH":{"X_CALENDAR_MONTH":[201901,201902,201903,201904,201905,201906,201907,201908,201909,201910,201911,201912],"Y_PREVALENCE_1000PP":[0.14,0.13,0.12,0.16,0.18,0.14,0.14,0.14,0.13,0.18,0.12,0.11]},"CONDITIONS_BY_TYPE":{"CONCEPT_NAME":"Claim","COUNT_VALUE":864},"AGE_AT_FIRST_DIAGNOSIS":{"CATEGORY":["MALE","FEMALE"],"MIN_VALUE":[1,0],"P10_VALUE":[14,7],"P25_VALUE":[26,20],"MEDIAN_VALUE":[46,41],"P75_VALUE":[60,58],"P90_VALUE":[74,73],"MAX_VALUE":[97,98]}}
