{"PREVALENCE_BY_GENDER_AGE_YEAR":{"TRELLIS_NAME":["40-49","80-89","70-79","60-69","50-59","30-39","40-49","60-69","20-29","0-9","50-59","10-19","30-39","70-79","90-99","10-19","0-9","20-29"],"SERIES_NAME":["FEMALE","FEMALE","FEMALE","FEMALE","FEMALE","MALE","MALE","MALE","MALE","MALE","MALE","MALE","FEMALE","MALE","MALE","FEMALE","FEMALE","FEMALE"],"X_CALENDAR_YEAR":[2019,2019,2019,2019,2019,2019,2019,2019,2019,2019,2019,2019,2019,2019,2019,2019,2019,2019],"Y_PREVALENCE_1000PP":[3.28806,5.76701,3.51396,3.21483,2.75283,2.03735,2.63043,5.02707,3.19758,5.12249,3.37639,4.13223,3.41408,4.37429,3.4384,3.49727,4.42105,4.6729]},"PREVALENCE_BY_MONTH":{"X_CALENDAR_MONTH":[201901,201902,201903,201904,201905,201906,201907,201908,201909,201910,201911,201912],"Y_PREVALENCE_1000PP":[0.35,0.21,0.26,0.37,0.24,0.38,0.31,0.27,0.31,0.38,0.24,0.26]},"CONDITIONS_BY_TYPE":{"CONCEPT_NAME":"Claim","COUNT_VALUE":482},"AGE_AT_FIRST_DIAGNOSIS":{"CATEGORY":["FEMALE","No matching concept","MALE"],"MIN_VALUE":[0,7,0],"P10_VALUE":[8,7,6],"P25_VALUE":[22,10,20],"MEDIAN_VALUE":[40,18,47],"P75_VALUE":[63,60,65],"P90_VALUE":[79,69,77],"MAX_VALUE":[99,75,98]}}
