{"PREVALENCE_BY_GENDER_AGE_YEAR":{"TRELLIS_NAME":["40-49","50-59","90-99","50-59","30-39","20-29","40-49","70-79"],"SERIES_NAME":["MALE","MALE","FEMALE","FEMALE","FEMALE","FEMALE","FEMALE","MALE"],"X_CALENDAR_YEAR":[2019,2019,2019,2019,2019,2019,2019,2019],"Y_PREVALENCE_1000PP":[1.90142,1.02684,3.34448,1.44865,0.97688,1.49875,0.85653,1.51889]},"PREVALENCE_BY_MONTH":{"X_CALENDAR_MONTH":[201901,201902,201903,201904,201905,201906,201907,201908,201909,201910,201912],"Y_PREVALENCE_1000PP":[0.09,0.08,0.1,0.11,0.06,0.08,0.12,0.12,0.07,0.09,0.1]},"CONDITIONS_BY_TYPE":{"CONCEPT_NAME":"Claim","COUNT_VALUE":588},"AGE_AT_FIRST_DIAGNOSIS":{"CATEGORY":["MALE","FEMALE"],"MIN_VALUE":[1,3],"P10_VALUE":[11,16],"P25_VALUE":[33,28],"MEDIAN_VALUE":[48,48],"P75_VALUE":[65,70],"P90_VALUE":[79,91],"MAX_VALUE":[97,94]}}
