{"PREVALENCE_BY_GENDER_AGE_YEAR":{"TRELLIS_NAME":["90-99","40-49","70-79","50-59","0-9","60-69","10-19","20-29","30-39","40-49","0-9","70-79","30-39","20-29"],"SERIES_NAME":["FEMALE","FEMALE","FEMALE","FEMALE","MALE","MALE","MALE","MALE","MALE","MALE","FEMALE","MALE","FEMALE","FEMALE"],"X_CALENDAR_YEAR":[2019,2019,2019,2019,2019,2019,2019,2019,2019,2019,2019,2019,2019,2019],"Y_PREVALENCE_1000PP":[3.33148,1.28663,1.47956,1.73863,1.55902,1.16009,1.60698,2.01952,1.35823,1.60748,1.26316,1.52149,1.78833,1.33511]},"PREVALENCE_BY_MONTH":{"X_CALENDAR_MONTH":[201901,201903,201904,201905,201906,201907,201908,201910,201911,201912],"Y_PREVALENCE_1000PP":[0.16,0.1,0.14,0.11,0.11,0.17,0.18,0.14,0.08,0.09]},"CONDITIONS_BY_TYPE":{"CONCEPT_NAME":"Claim","COUNT_VALUE":187},"AGE_AT_FIRST_DIAGNOSIS":{"CATEGORY":["FEMALE","MALE"],"MIN_VALUE":[2,3],"P10_VALUE":[15,9],"P25_VALUE":[29,21],"MEDIAN_VALUE":[46,39],"P75_VALUE":[66,57],"P90_VALUE":[79,73],"MAX_VALUE":[99,89]}}
