{"PREVALENCE_BY_GENDER_AGE_YEAR":{"TRELLIS_NAME":["90-99","50-59","70-79","60-69","40-49","80-89","0-9","40-49","60-69","30-39","20-29","50-59","10-19","10-19","80-89","90-99","70-79","30-39","0-9","20-29"],"SERIES_NAME":["FEMALE","FEMALE","FEMALE","FEMALE","FEMALE","FEMALE","MALE","MALE","MALE","MALE","MALE","MALE","MALE","FEMALE","MALE","MALE","MALE","FEMALE","FEMALE","FEMALE"],"X_CALENDAR_YEAR":[2019,2019,2019,2019,2019,2019,2019,2019,2019,2019,2019,2019,2019,2019,2019,2019,2019,2019,2019,2019],"Y_PREVALENCE_1000PP":[5.57414,5.21512,4.63306,6.27854,5.28194,6.34006,6.24164,6.58183,3.65385,4.91442,7.24638,5.86768,5.04125,3.49803,6.07399,5.12821,5.50598,4.55878,4.62768,6.32806]},"PREVALENCE_BY_MONTH":{"X_CALENDAR_MONTH":[201901,201902,201903,201904,201905,201906,201907,201908,201909,201910,201911,201912],"Y_PREVALENCE_1000PP":[0.53,0.43,0.36,0.53,0.49,0.43,0.54,0.37,0.37,0.55,0.4,0.45]},"CONDITIONS_BY_TYPE":{"CONCEPT_NAME":"Claim","COUNT_VALUE":2880},"AGE_AT_FIRST_DIAGNOSIS":{"CATEGORY":["FEMALE","MALE","No matching concept"],"MIN_VALUE":[0,0,2],"P10_VALUE":[13,9,20],"P25_VALUE":[26,23,38],"MEDIAN_VALUE":[46,43,47],"P75_VALUE":[64,59,64],"P90_VALUE":[77,77,75],"MAX_VALUE":[99,99,79]}}
