{"PREVALENCE_BY_GENDER_AGE_YEAR":{"TRELLIS_NAME":["90-99","10-19","30-39","0-9","40-49","80-89","20-29","70-79","80-89","90-99","70-79","60-69","50-59","10-19","0-9","30-39","50-59","20-29","60-69","40-49"],"SERIES_NAME":["MALE","FEMALE","FEMALE","FEMALE","FEMALE","MALE","FEMALE","MALE","FEMALE","FEMALE","FEMALE","FEMALE","FEMALE","MALE","MALE","MALE","MALE","MALE","MALE","MALE"],"X_CALENDAR_YEAR":[2019,2019,2019,2019,2019,2019,2019,2019,2019,2019,2019,2019,2019,2019,2019,2019,2019,2019,2019,2019],"Y_PREVALENCE_1000PP":[43.30484,50.9401,52.42592,51.53555,51.10635,46.38321,50.45795,48.41466,54.75504,52.95429,47.44255,47.56469,47.22584,49.95417,48.1498,47.78851,50.022,52.0728,48.46154,53.53225]},"PREVALENCE_BY_MONTH":{"X_CALENDAR_MONTH":[201901,201902,201903,201904,201905,201906,201907,201908,201909,201910,201911,201912],"Y_PREVALENCE_1000PP":[5.37,3.51,3.94,4.87,4.11,3.71,5.14,3.98,3.83,4.88,3.34,4.19]},"CONDITIONS_BY_TYPE":{"CONCEPT_NAME":"Claim","COUNT_VALUE":27444},"AGE_AT_FIRST_DIAGNOSIS":{"CATEGORY":["MALE","FEMALE","No matching concept"],"MIN_VALUE":[0,0,0],"P10_VALUE":[11,10,4],"P25_VALUE":[25,24,24],"MEDIAN_VALUE":[44,44,44],"P75_VALUE":[62,63,60],"P90_VALUE":[76,77,74],"MAX_VALUE":[99,99,99]}}
