{"PREVALENCE_BY_GENDER_AGE_YEAR":{"TRELLIS_NAME":["0-9","30-39","70-79","10-19","20-29","60-69","10-19","20-29","30-39","50-59","0-9","40-49","50-59","70-79","60-69","40-49"],"SERIES_NAME":["FEMALE","FEMALE","MALE","FEMALE","FEMALE","MALE","MALE","MALE","MALE","MALE","MALE","MALE","FEMALE","FEMALE","FEMALE","FEMALE"],"X_CALENDAR_YEAR":[2019,2019,2019,2019,2019,2019,2019,2019,2019,2019,2019,2019,2019,2019,2019,2019],"Y_PREVALENCE_1000PP":[1.89474,1.3006,2.09205,1.31148,2.16956,2.90023,1.37741,1.68294,1.69779,2.4956,1.3363,2.48429,2.31817,2.40429,2.4584,2.43031]},"PREVALENCE_BY_MONTH":{"X_CALENDAR_MONTH":[201901,201902,201903,201904,201905,201906,201907,201908,201909,201910,201911,201912],"Y_PREVALENCE_1000PP":[0.27,0.16,0.15,0.21,0.17,0.11,0.12,0.15,0.19,0.16,0.18,0.14]},"CONDITIONS_BY_TYPE":{"CONCEPT_NAME":"Claim","COUNT_VALUE":271},"AGE_AT_FIRST_DIAGNOSIS":{"CATEGORY":["FEMALE","MALE"],"MIN_VALUE":[0,4],"P10_VALUE":[11,19],"P25_VALUE":[28,33],"MEDIAN_VALUE":[49,49],"P75_VALUE":[64,63],"P90_VALUE":[78,76],"MAX_VALUE":[99,97]}}
