{"PREVALENCE_BY_GENDER_AGE_YEAR":{"TRELLIS_NAME":["70-79","60-69","0-9","10-19","50-59","40-49","20-29","10-19","20-29","30-39","60-69","0-9"],"SERIES_NAME":["FEMALE","FEMALE","MALE","MALE","MALE","MALE","MALE","FEMALE","FEMALE","FEMALE","MALE","FEMALE"],"X_CALENDAR_YEAR":[2019,2019,2019,2019,2019,2019,2019,2019,2019,2019,2019,2019],"Y_PREVALENCE_1000PP":[1.10967,2.08018,1.78174,1.60698,0.8808,0.87681,1.85123,1.96721,1.33511,1.3006,2.12684,1.68421]},"PREVALENCE_BY_MONTH":{"X_CALENDAR_MONTH":[201901,201902,201903,201904,201905,201906,201907,201908,201909,201911,201912],"Y_PREVALENCE_1000PP":[0.09,0.1,0.12,0.1,0.09,0.08,0.18,0.16,0.11,0.09,0.08]},"CONDITIONS_BY_TYPE":{"CONCEPT_NAME":"Claim","COUNT_VALUE":167},"AGE_AT_FIRST_DIAGNOSIS":{"CATEGORY":["MALE","FEMALE"],"MIN_VALUE":[0,3],"P10_VALUE":[6,8],"P25_VALUE":[19,16],"MEDIAN_VALUE":[39,36],"P75_VALUE":[64,62],"P90_VALUE":[70,71],"MAX_VALUE":[97,99]}}
