{"PREVALENCE_BY_GENDER_AGE_YEAR":{"TRELLIS_NAME":["50-59","40-49","70-79","80-89","60-69","10-19","30-39","40-49","20-29","50-59","0-9","90-99","20-29","30-39","10-19","70-79","0-9","60-69"],"SERIES_NAME":["FEMALE","FEMALE","FEMALE","FEMALE","FEMALE","MALE","MALE","MALE","MALE","MALE","MALE","MALE","FEMALE","FEMALE","FEMALE","MALE","FEMALE","MALE"],"X_CALENDAR_YEAR":[2019,2019,2019,2019,2019,2019,2019,2019,2019,2019,2019,2019,2019,2019,2019,2019,2019,2019],"Y_PREVALENCE_1000PP":[3.91191,2.71623,4.25375,5.76701,3.40393,2.06612,3.73514,3.50723,3.36587,5.13799,3.11804,4.58453,3.00401,4.06438,3.06011,4.37429,4.42105,3.48028]},"PREVALENCE_BY_MONTH":{"X_CALENDAR_MONTH":[201901,201902,201903,201904,201905,201906,201907,201908,201909,201910,201911,201912],"Y_PREVALENCE_1000PP":[0.32,0.26,0.28,0.47,0.28,0.2,0.37,0.26,0.25,0.34,0.24,0.34]},"CONDITIONS_BY_TYPE":{"CONCEPT_NAME":"Claim","COUNT_VALUE":487},"AGE_AT_FIRST_DIAGNOSIS":{"CATEGORY":["MALE","FEMALE","No matching concept"],"MIN_VALUE":[0,0,12],"P10_VALUE":[11,8,12],"P25_VALUE":[31,23,21],"MEDIAN_VALUE":[49,45,36],"P75_VALUE":[66,63,57],"P90_VALUE":[78,76,79],"MAX_VALUE":[97,94,79]}}
