{"PREVALENCE_BY_GENDER_AGE_YEAR":{"TRELLIS_NAME":["20-29","40-49","10-19","30-39","0-9","70-79","20-29","50-59","0-9","30-39","60-69","40-49","10-19","90-99","50-59","60-69"],"SERIES_NAME":["FEMALE","FEMALE","FEMALE","FEMALE","FEMALE","MALE","MALE","MALE","MALE","MALE","MALE","MALE","MALE","FEMALE","FEMALE","FEMALE"],"X_CALENDAR_YEAR":[2019,2019,2019,2019,2019,2019,2019,2019,2019,2019,2019,2019,2019,2019,2019,2019],"Y_PREVALENCE_1000PP":[2.00267,1.28663,1.31148,1.3006,1.26316,1.14112,1.68294,2.0552,2.22717,1.86757,2.12684,1.75362,1.60698,3.88673,1.0142,1.70197]},"PREVALENCE_BY_MONTH":{"X_CALENDAR_MONTH":[201901,201902,201903,201904,201905,201906,201907,201908,201909,201910,201911,201912],"Y_PREVALENCE_1000PP":[0.19,0.08,0.14,0.13,0.14,0.14,0.15,0.13,0.14,0.16,0.07,0.16]},"CONDITIONS_BY_TYPE":{"CONCEPT_NAME":"Claim","COUNT_VALUE":222},"AGE_AT_FIRST_DIAGNOSIS":{"CATEGORY":["FEMALE","MALE"],"MIN_VALUE":[2,1],"P10_VALUE":[13,9],"P25_VALUE":[25,23],"MEDIAN_VALUE":[43,45],"P75_VALUE":[64,60],"P90_VALUE":[81,76],"MAX_VALUE":[99,94]}}
