{"PREVALENCE_BY_GENDER_AGE_YEAR":{"TRELLIS_NAME":["10-19","80-89","30-39","0-9","70-79","20-29","60-69","40-49","50-59","20-29","30-39","0-9","40-49","80-89","60-69","70-79","50-59"],"SERIES_NAME":["FEMALE","MALE","FEMALE","FEMALE","MALE","FEMALE","MALE","MALE","MALE","MALE","MALE","MALE","FEMALE","FEMALE","FEMALE","FEMALE","FEMALE"],"X_CALENDAR_YEAR":[2019,2019,2019,2019,2019,2019,2019,2019,2019,2019,2019,2019,2019,2019,2019,2019,2019],"Y_PREVALENCE_1000PP":[2.18627,3.31309,1.95376,1.47244,1.70875,2.33139,2.11538,2.34021,2.64046,1.34816,2.7114,2.8979,1.71306,3.45821,2.85388,2.03855,2.17297]},"PREVALENCE_BY_MONTH":{"X_CALENDAR_MONTH":[201901,201902,201903,201904,201905,201906,201907,201908,201909,201910,201911,201912],"Y_PREVALENCE_1000PP":[0.19,0.07,0.14,0.23,0.23,0.2,0.26,0.19,0.13,0.21,0.14,0.16]},"CONDITIONS_BY_TYPE":{"CONCEPT_NAME":"Claim","COUNT_VALUE":1116},"AGE_AT_FIRST_DIAGNOSIS":{"CATEGORY":["MALE","FEMALE"],"MIN_VALUE":[0,0],"P10_VALUE":[8,14],"P25_VALUE":[30,26],"MEDIAN_VALUE":[44,49],"P75_VALUE":[62,62],"P90_VALUE":[79,78],"MAX_VALUE":[99,97]}}
