{"PREVALENCE_BY_GENDER_AGE_YEAR":{"TRELLIS_NAME":["40-49","20-29","60-69","0-9","30-39","50-59","70-79","0-9","20-29","30-39","70-79","60-69","40-49","50-59"],"SERIES_NAME":["MALE","MALE","MALE","MALE","MALE","MALE","MALE","FEMALE","FEMALE","FEMALE","FEMALE","FEMALE","FEMALE","FEMALE"],"X_CALENDAR_YEAR":[2019,2019,2019,2019,2019,2019,2019,2019,2019,2019,2019,2019,2019,2019],"Y_PREVALENCE_1000PP":[2.48429,2.35611,4.25367,1.3363,1.01868,2.6424,2.09205,1.47368,2.33645,2.27605,1.47956,2.26929,2.00143,1.59374]},"PREVALENCE_BY_MONTH":{"X_CALENDAR_MONTH":[201901,201902,201903,201904,201905,201906,201907,201908,201909,201910,201911,201912],"Y_PREVALENCE_1000PP":[0.18,0.17,0.15,0.19,0.17,0.13,0.23,0.23,0.14,0.1,0.1,0.16]},"CONDITIONS_BY_TYPE":{"CONCEPT_NAME":"Claim","COUNT_VALUE":263},"AGE_AT_FIRST_DIAGNOSIS":{"CATEGORY":["MALE","FEMALE"],"MIN_VALUE":[0,2],"P10_VALUE":[18,13],"P25_VALUE":[31,26],"MEDIAN_VALUE":[52,41],"P75_VALUE":[66,60],"P90_VALUE":[75,72],"MAX_VALUE":[98,99]}}
