{"PREVALENCE_BY_GENDER_AGE_YEAR":{"TRELLIS_NAME":["0-9","30-39","40-49","70-79","20-29","70-79","60-69","50-59","50-59","60-69","10-19","20-29","30-39","0-9","40-49"],"SERIES_NAME":["FEMALE","FEMALE","FEMALE","MALE","FEMALE","FEMALE","FEMALE","FEMALE","MALE","MALE","MALE","MALE","MALE","MALE","MALE"],"X_CALENDAR_YEAR":[2019,2019,2019,2019,2019,2019,2019,2019,2019,2019,2019,2019,2019,2019,2019],"Y_PREVALENCE_1000PP":[1.2621,1.79095,2.14133,1.32903,1.99833,1.6679,1.71233,1.30378,2.20038,1.92308,2.29148,1.51668,2.03355,1.56041,1.46263]},"PREVALENCE_BY_MONTH":{"X_CALENDAR_MONTH":[201901,201902,201903,201904,201905,201906,201907,201908,201909,201910,201911,201912],"Y_PREVALENCE_1000PP":[0.17,0.16,0.13,0.17,0.15,0.2,0.13,0.15,0.13,0.14,0.09,0.12]},"CONDITIONS_BY_TYPE":{"CONCEPT_NAME":"Claim","COUNT_VALUE":920},"AGE_AT_FIRST_DIAGNOSIS":{"CATEGORY":["FEMALE","MALE","No matching concept"],"MIN_VALUE":[0,0,14],"P10_VALUE":[11,10,14],"P25_VALUE":[28,24,47],"MEDIAN_VALUE":[46,45,66],"P75_VALUE":[61,61,79],"P90_VALUE":[78,77,92],"MAX_VALUE":[97,99,92]}}
