{"PREVALENCE_BY_GENDER_AGE_YEAR":{"TRELLIS_NAME":["90-99","80-89","10-19","70-79","30-39","0-9","20-29","80-89","90-99","40-49","60-69","50-59","70-79","20-29","0-9","40-49","10-19","50-59","60-69","30-39"],"SERIES_NAME":["MALE","MALE","FEMALE","MALE","FEMALE","FEMALE","FEMALE","FEMALE","FEMALE","FEMALE","FEMALE","FEMALE","FEMALE","MALE","MALE","MALE","MALE","MALE","MALE","MALE"],"X_CALENDAR_YEAR":[2019,2019,2019,2019,2019,2019,2019,2019,2019,2019,2019,2019,2019,2019,2019,2019,2019,2019,2019,2019],"Y_PREVALENCE_1000PP":[4.5584,4.41745,7.87057,5.31612,4.55878,5.88978,6.49459,9.2219,7.24638,4.99643,4.94673,6.66377,6.30096,5.56117,5.57289,4.97294,7.56187,5.13422,4.23077,5.9312]},"PREVALENCE_BY_MONTH":{"X_CALENDAR_MONTH":[201901,201902,201903,201904,201905,201906,201907,201908,201909,201910,201911,201912],"Y_PREVALENCE_1000PP":[0.69,0.47,0.36,0.48,0.5,0.48,0.51,0.4,0.48,0.5,0.52,0.42]},"CONDITIONS_BY_TYPE":{"CONCEPT_NAME":"Claim","COUNT_VALUE":3108},"AGE_AT_FIRST_DIAGNOSIS":{"CATEGORY":["No matching concept","FEMALE","MALE"],"MIN_VALUE":[2,0,0],"P10_VALUE":[8,11,10],"P25_VALUE":[27,22,21],"MEDIAN_VALUE":[50,45,41],"P75_VALUE":[65,65,60],"P90_VALUE":[92,79,76],"MAX_VALUE":[92,99,99]}}
