{"PREVALENCE_BY_GENDER_AGE_YEAR":{"TRELLIS_NAME":["60-69","50-59","70-79","90-99","20-29","70-79","10-19","0-9","80-89","40-49","30-39","10-19","60-69","30-39","50-59","20-29","40-49","0-9"],"SERIES_NAME":["FEMALE","FEMALE","FEMALE","FEMALE","FEMALE","MALE","FEMALE","FEMALE","MALE","FEMALE","FEMALE","MALE","MALE","MALE","MALE","MALE","MALE","MALE"],"X_CALENDAR_YEAR":[2019,2019,2019,2019,2019,2019,2019,2019,2019,2019,2019,2019,2019,2019,2019,2019,2019,2019],"Y_PREVALENCE_1000PP":[3.78215,3.18748,4.43869,4.99722,4.83979,5.51541,3.49727,3.57895,3.86527,2.57327,4.06438,4.3618,2.32019,4.9236,3.96359,3.87075,3.94564,2.89532]},"PREVALENCE_BY_MONTH":{"X_CALENDAR_MONTH":[201901,201902,201903,201904,201905,201906,201907,201908,201909,201910,201911,201912],"Y_PREVALENCE_1000PP":[0.41,0.28,0.38,0.27,0.3,0.28,0.35,0.28,0.23,0.43,0.29,0.31]},"CONDITIONS_BY_TYPE":{"CONCEPT_NAME":"Claim","COUNT_VALUE":505},"AGE_AT_FIRST_DIAGNOSIS":{"CATEGORY":["MALE","No matching concept","FEMALE"],"MIN_VALUE":[0,2,0],"P10_VALUE":[13,2,10],"P25_VALUE":[26,4,24],"MEDIAN_VALUE":[46,11,42],"P75_VALUE":[61,48,64],"P90_VALUE":[76,63,78],"MAX_VALUE":[98,63,98]}}
