{"PREVALENCE_BY_GENDER_AGE_YEAR":{"TRELLIS_NAME":["70-79","50-59","60-69","70-79","40-49","20-29","50-59","60-69","40-49","10-19","20-29","0-9"],"SERIES_NAME":["FEMALE","FEMALE","FEMALE","MALE","FEMALE","FEMALE","MALE","MALE","MALE","MALE","MALE","MALE"],"X_CALENDAR_YEAR":[2019,2019,2019,2019,2019,2019,2019,2019,2019,2019,2019,2019],"Y_PREVALENCE_1000PP":[2.21935,1.88351,1.70197,1.14112,2.00143,2.50334,2.0552,1.93349,1.02294,1.83655,1.34635,1.3363]},"PREVALENCE_BY_MONTH":{"X_CALENDAR_MONTH":[201901,201902,201903,201904,201905,201906,201907,201908,201909,201910,201911,201912],"Y_PREVALENCE_1000PP":[0.15,0.09,0.12,0.11,0.16,0.09,0.18,0.15,0.09,0.17,0.14,0.09]},"CONDITIONS_BY_TYPE":{"CONCEPT_NAME":"Claim","COUNT_VALUE":204},"AGE_AT_FIRST_DIAGNOSIS":{"CATEGORY":["FEMALE","MALE","No matching concept"],"MIN_VALUE":[0,2,4],"P10_VALUE":[18,11,4],"P25_VALUE":[27,23,19],"MEDIAN_VALUE":[49,46,33],"P75_VALUE":[65,60,42],"P90_VALUE":[75,75,58],"MAX_VALUE":[99,94,58]}}
