{"PREVALENCE_BY_GENDER_AGE_YEAR":{"TRELLIS_NAME":["50-59","30-39","0-9","10-19","60-69","40-49","20-29","80-89","70-79","40-49","10-19","0-9","20-29","90-99","30-39","90-99","60-69","50-59","70-79","80-89"],"SERIES_NAME":["MALE","MALE","MALE","MALE","MALE","MALE","MALE","MALE","MALE","FEMALE","FEMALE","FEMALE","FEMALE","MALE","FEMALE","FEMALE","FEMALE","FEMALE","FEMALE","FEMALE"],"X_CALENDAR_YEAR":[2019,2019,2019,2019,2019,2019,2019,2019,2019,2019,2019,2019,2019,2019,2019,2019,2019,2019,2019,2019],"Y_PREVALENCE_1000PP":[6.31239,7.64007,8.01782,7.11662,6.57386,6.13766,5.72198,7.17835,7.79764,8.29164,7.21311,8.84211,7.84379,6.87679,7.15331,6.66297,6.05144,8.54825,6.47309,10.38062]},"PREVALENCE_BY_MONTH":{"X_CALENDAR_MONTH":[201901,201902,201903,201904,201905,201906,201907,201908,201909,201910,201911,201912],"Y_PREVALENCE_1000PP":[0.73,0.58,0.5,0.71,0.47,0.6,0.71,0.67,0.51,0.77,0.62,0.54]},"CONDITIONS_BY_TYPE":{"CONCEPT_NAME":"Claim","COUNT_VALUE":1000},"AGE_AT_FIRST_DIAGNOSIS":{"CATEGORY":["MALE","FEMALE","No matching concept"],"MIN_VALUE":[0,0,5],"P10_VALUE":[8,8,20],"P25_VALUE":[25,24,38],"MEDIAN_VALUE":[45,44,47],"P75_VALUE":[65,60,59],"P90_VALUE":[77,78,79],"MAX_VALUE":[99,99,86]}}
