{"PREVALENCE_BY_GENDER_AGE_YEAR":{"TRELLIS_NAME":["10-19","20-29","60-69","30-39","40-49","50-59","50-59","80-89","70-79","60-69","10-19","70-79","0-9","90-99","30-39","20-29","40-49"],"SERIES_NAME":["MALE","MALE","MALE","MALE","MALE","MALE","FEMALE","FEMALE","FEMALE","FEMALE","FEMALE","MALE","FEMALE","MALE","FEMALE","FEMALE","FEMALE"],"X_CALENDAR_YEAR":[2019,2019,2019,2019,2019,2019,2019,2019,2019,2019,2019,2019,2019,2019,2019,2019,2019],"Y_PREVALENCE_1000PP":[2.06612,2.6927,2.51353,1.52801,1.46135,1.9084,1.59374,4.03691,2.40429,1.51286,2.62295,2.8528,1.89474,4.58453,0.97545,1.83578,2.14439]},"PREVALENCE_BY_MONTH":{"X_CALENDAR_MONTH":[201901,201902,201903,201904,201905,201906,201907,201908,201909,201910,201911,201912],"Y_PREVALENCE_1000PP":[0.19,0.08,0.17,0.22,0.15,0.19,0.16,0.2,0.25,0.13,0.13,0.14]},"CONDITIONS_BY_TYPE":{"CONCEPT_NAME":"Claim","COUNT_VALUE":272},"AGE_AT_FIRST_DIAGNOSIS":{"CATEGORY":["MALE","No matching concept","FEMALE"],"MIN_VALUE":[1,30,0],"P10_VALUE":[17,30,10],"P25_VALUE":[27,33,23],"MEDIAN_VALUE":[50,48,45],"P75_VALUE":[72,70,67],"P90_VALUE":[87,76,78],"MAX_VALUE":[96,76,95]}}
