{"PREVALENCE_BY_GENDER_AGE_YEAR":{"TRELLIS_NAME":["20-29","60-69","50-59","0-9","40-49","30-39","10-19","60-69","80-89","70-79","50-59","90-99","0-9","70-79","30-39","20-29","10-19","40-49"],"SERIES_NAME":["MALE","MALE","MALE","MALE","MALE","MALE","MALE","FEMALE","FEMALE","FEMALE","FEMALE","MALE","FEMALE","MALE","FEMALE","FEMALE","FEMALE","FEMALE"],"X_CALENDAR_YEAR":[2019,2019,2019,2019,2019,2019,2019,2019,2019,2019,2019,2019,2019,2019,2019,2019,2019,2019],"Y_PREVALENCE_1000PP":[1.85372,1.34615,2.34707,2.45207,3.36405,2.7114,2.29148,2.85388,3.45821,2.59451,3.47675,3.4188,3.15524,2.08848,4.07034,2.66445,2.18627,2.99786]},"PREVALENCE_BY_MONTH":{"X_CALENDAR_MONTH":[201901,201902,201903,201904,201905,201906,201907,201908,201909,201910,201911,201912],"Y_PREVALENCE_1000PP":[0.21,0.19,0.19,0.3,0.21,0.15,0.2,0.3,0.25,0.24,0.22,0.22]},"CONDITIONS_BY_TYPE":{"CONCEPT_NAME":"Claim","COUNT_VALUE":1440},"AGE_AT_FIRST_DIAGNOSIS":{"CATEGORY":["FEMALE","MALE"],"MIN_VALUE":[1,0],"P10_VALUE":[9,10],"P25_VALUE":[27,26],"MEDIAN_VALUE":[43,45],"P75_VALUE":[59,58],"P90_VALUE":[73,79],"MAX_VALUE":[99,98]}}
