{"PREVALENCE_BY_GENDER_AGE_YEAR":{"TRELLIS_NAME":["90-99","50-59","80-89","60-69","70-79","40-49","30-39","40-49","50-59","0-9","60-69","20-29","10-19","70-79","30-39","80-89","0-9","90-99","10-19","20-29"],"SERIES_NAME":["FEMALE","FEMALE","FEMALE","FEMALE","FEMALE","FEMALE","MALE","MALE","MALE","MALE","MALE","MALE","MALE","MALE","FEMALE","MALE","FEMALE","MALE","FEMALE","FEMALE"],"X_CALENDAR_YEAR":[2019,2019,2019,2019,2019,2019,2019,2019,2019,2019,2019,2019,2019,2019,2019,2019,2019,2019,2019,2019],"Y_PREVALENCE_1000PP":[7.80379,13.76213,12.68012,12.74734,10.19274,9.5646,8.81207,9.36083,8.80153,10.47704,11.15385,10.11122,11.45738,9.68293,10.9085,6.62617,12.20025,13.10541,9.61959,9.82515]},"PREVALENCE_BY_MONTH":{"X_CALENDAR_MONTH":[201901,201902,201903,201904,201905,201906,201907,201908,201909,201910,201911,201912],"Y_PREVALENCE_1000PP":[1.05,0.72,0.86,1.1,0.8,0.89,1.06,0.89,0.65,0.94,0.72,0.88]},"CONDITIONS_BY_TYPE":{"CONCEPT_NAME":"Claim","COUNT_VALUE":5740},"AGE_AT_FIRST_DIAGNOSIS":{"CATEGORY":["No matching concept","FEMALE","MALE"],"MIN_VALUE":[9,0,0],"P10_VALUE":[22,9,10],"P25_VALUE":[33,26,24],"MEDIAN_VALUE":[48,46,45],"P75_VALUE":[58,63,64],"P90_VALUE":[71,76,76],"MAX_VALUE":[96,99,99]}}
