{"PREVALENCE_BY_GENDER_AGE_YEAR":{"TRELLIS_NAME":["50-59","90-99","60-69","70-79","80-89","0-9","20-29","90-99","10-19","70-79","30-39","80-89","40-49","50-59","40-49","60-69","0-9","20-29","10-19","30-39"],"SERIES_NAME":["FEMALE","FEMALE","FEMALE","FEMALE","FEMALE","FEMALE","FEMALE","MALE","FEMALE","MALE","FEMALE","MALE","FEMALE","MALE","MALE","MALE","MALE","MALE","MALE","MALE"],"X_CALENDAR_YEAR":[2019,2019,2019,2019,2019,2019,2019,2019,2019,2019,2019,2019,2019,2019,2019,2019,2019,2019,2019,2019],"Y_PREVALENCE_1000PP":[6.51985,9.4392,6.99697,7.21287,8.65052,6.73684,7.6769,6.87679,5.46448,6.84671,5.85271,4.96963,7.43388,6.31239,6.57606,6.57386,4.67706,5.72198,7.11662,7.47029]},"PREVALENCE_BY_MONTH":{"X_CALENDAR_MONTH":[201901,201902,201903,201904,201905,201906,201907,201908,201909,201910,201911,201912],"Y_PREVALENCE_1000PP":[0.63,0.49,0.61,0.68,0.55,0.38,0.62,0.56,0.5,0.56,0.51,0.55]},"CONDITIONS_BY_TYPE":{"CONCEPT_NAME":"Claim","COUNT_VALUE":883},"AGE_AT_FIRST_DIAGNOSIS":{"CATEGORY":["No matching concept","FEMALE","MALE"],"MIN_VALUE":[2,0,0],"P10_VALUE":[2,10,13],"P25_VALUE":[24,26,27],"MEDIAN_VALUE":[38,47,45],"P75_VALUE":[61,66,64],"P90_VALUE":[73,78,76],"MAX_VALUE":[78,99,99]}}
