{"PREVALENCE_BY_GENDER_AGE_YEAR":{"TRELLIS_NAME":["20-29","30-39","40-49","20-29","40-49","60-69","50-59","30-39"],"SERIES_NAME":["FEMALE","FEMALE","FEMALE","MALE","MALE","MALE","MALE","MALE"],"X_CALENDAR_YEAR":[2019,2019,2019,2019,2019,2019,2019,2019],"Y_PREVALENCE_1000PP":[1.1657,1.13969,0.85653,1.34816,0.87758,1.15385,1.32023,1.01678]},"PREVALENCE_BY_MONTH":{"X_CALENDAR_MONTH":[201901,201902,201903,201904,201905,201907,201908,201909,201910,201911,201912],"Y_PREVALENCE_1000PP":[0.07,0.09,0.09,0.1,0.07,0.09,0.06,0.08,0.12,0.09,0.06]},"CONDITIONS_BY_TYPE":{"CONCEPT_NAME":"Claim","COUNT_VALUE":508},"AGE_AT_FIRST_DIAGNOSIS":{"CATEGORY":["FEMALE","MALE"],"MIN_VALUE":[1,3],"P10_VALUE":[11,13],"P25_VALUE":[23,27],"MEDIAN_VALUE":[38,49],"P75_VALUE":[54,66],"P90_VALUE":[73,83],"MAX_VALUE":[88,95]}}
