{"PREVALENCE_BY_GENDER_AGE_YEAR":{"TRELLIS_NAME":["50-59","10-19","60-69","30-39","20-29","40-49","0-9","70-79","30-39","90-99","0-9","10-19","20-29","40-49","80-89","90-99","80-89","70-79","50-59","60-69"],"SERIES_NAME":["MALE","MALE","MALE","MALE","MALE","MALE","MALE","MALE","FEMALE","MALE","FEMALE","FEMALE","FEMALE","FEMALE","MALE","FEMALE","FEMALE","FEMALE","FEMALE","FEMALE"],"X_CALENDAR_YEAR":[2019,2019,2019,2019,2019,2019,2019,2019,2019,2019,2019,2019,2019,2019,2019,2019,2019,2019,2019,2019],"Y_PREVALENCE_1000PP":[16.86959,17.87351,19.03846,16.09897,18.36872,16.23519,14.71244,14.23961,20.02605,15.38462,15.77619,17.05291,14.15487,14.41827,14.35671,15.60758,10.95101,17.60563,19.26699,14.84018]},"PREVALENCE_BY_MONTH":{"X_CALENDAR_MONTH":[201901,201902,201903,201904,201905,201906,201907,201908,201909,201910,201911,201912],"Y_PREVALENCE_1000PP":[1.67,1.23,1.21,1.39,1.46,1.36,1.54,1.29,1.33,1.77,1.14,1.18]},"CONDITIONS_BY_TYPE":{"CONCEPT_NAME":"Claim","COUNT_VALUE":8796},"AGE_AT_FIRST_DIAGNOSIS":{"CATEGORY":["No matching concept","MALE","FEMALE"],"MIN_VALUE":[9,0,0],"P10_VALUE":[13,12,10],"P25_VALUE":[29,25,25],"MEDIAN_VALUE":[56,44,44],"P75_VALUE":[72,62,61],"P90_VALUE":[81,77,76],"MAX_VALUE":[98,99,99]}}
