{"PREVALENCE_BY_GENDER_AGE_YEAR":{"TRELLIS_NAME":["40-49","0-9","10-19","30-39","60-69","20-29","50-59","0-9","20-29","30-39","10-19","70-79","40-49","60-69","50-59","70-79","90-99"],"SERIES_NAME":["MALE","MALE","MALE","MALE","MALE","MALE","MALE","FEMALE","FEMALE","FEMALE","FEMALE","MALE","FEMALE","FEMALE","FEMALE","FEMALE","FEMALE"],"X_CALENDAR_YEAR":[2019,2019,2019,2019,2019,2019,2019,2019,2019,2019,2019,2019,2019,2019,2019,2019,2019],"Y_PREVALENCE_1000PP":[2.77656,3.56347,2.52525,3.56537,3.48028,3.70246,4.11039,2.94737,3.83845,3.41408,1.53005,3.04298,3.00214,4.34947,3.91191,3.32902,3.88673]},"PREVALENCE_BY_MONTH":{"X_CALENDAR_MONTH":[201901,201902,201903,201904,201905,201906,201907,201908,201909,201910,201911,201912],"Y_PREVALENCE_1000PP":[0.29,0.22,0.22,0.3,0.24,0.28,0.37,0.19,0.24,0.39,0.2,0.32]},"CONDITIONS_BY_TYPE":{"CONCEPT_NAME":"Claim","COUNT_VALUE":446},"AGE_AT_FIRST_DIAGNOSIS":{"CATEGORY":["MALE","FEMALE"],"MIN_VALUE":[0,1],"P10_VALUE":[9,13],"P25_VALUE":[25,28],"MEDIAN_VALUE":[44,47],"P75_VALUE":[60,63],"P90_VALUE":[73,76],"MAX_VALUE":[99,98]}}
