{"PREVALENCE_BY_GENDER_AGE_YEAR":{"TRELLIS_NAME":["30-39","70-79","0-9","20-29","10-19","40-49","60-69","20-29","10-19","30-39","40-49"],"SERIES_NAME":["FEMALE","MALE","FEMALE","FEMALE","FEMALE","FEMALE","FEMALE","MALE","MALE","MALE","MALE"],"X_CALENDAR_YEAR":[2019,2019,2019,2019,2019,2019,2019,2019,2019,2019,2019],"Y_PREVALENCE_1000PP":[1.13803,1.3313,1.26316,1.502,1.31148,0.85776,1.32375,1.68294,1.37741,1.18846,1.16908]},"PREVALENCE_BY_MONTH":{"X_CALENDAR_MONTH":[201901,201902,201903,201904,201905,201906,201907,201908,201909,201910,201911,201912],"Y_PREVALENCE_1000PP":[0.11,0.07,0.1,0.11,0.07,0.07,0.14,0.1,0.08,0.09,0.11,0.1]},"CONDITIONS_BY_TYPE":{"CONCEPT_NAME":"Claim","COUNT_VALUE":156},"AGE_AT_FIRST_DIAGNOSIS":{"CATEGORY":["MALE","FEMALE"],"MIN_VALUE":[0,1],"P10_VALUE":[11,8],"P25_VALUE":[23,21],"MEDIAN_VALUE":[41,37],"P75_VALUE":[65,62],"P90_VALUE":[86,76],"MAX_VALUE":[97,96]}}
