{"PREVALENCE_BY_GENDER_AGE_YEAR":{"TRELLIS_NAME":["60-69","50-59","10-19","20-29","30-39","40-49","0-9","30-39","20-29","70-79","10-19","0-9","90-99","40-49","80-89","60-69","80-89","70-79","50-59","90-99"],"SERIES_NAME":["MALE","MALE","MALE","MALE","MALE","MALE","MALE","FEMALE","FEMALE","MALE","FEMALE","FEMALE","MALE","FEMALE","MALE","FEMALE","FEMALE","FEMALE","FEMALE","FEMALE"],"X_CALENDAR_YEAR":[2019,2019,2019,2019,2019,2019,2019,2019,2019,2019,2019,2019,2019,2019,2019,2019,2019,2019,2019,2019],"Y_PREVALENCE_1000PP":[7.30769,6.45445,5.95784,6.23525,4.40603,7.16689,7.1333,5.37284,7.99334,7.02487,5.6843,7.36222,3.4188,7.42327,8.8349,6.65906,7.4928,6.30096,5.21512,9.47603]},"PREVALENCE_BY_MONTH":{"X_CALENDAR_MONTH":[201901,201902,201903,201904,201905,201906,201907,201908,201909,201910,201911,201912],"Y_PREVALENCE_1000PP":[0.68,0.41,0.52,0.56,0.52,0.56,0.62,0.47,0.54,0.64,0.44,0.52]},"CONDITIONS_BY_TYPE":{"CONCEPT_NAME":"Claim","COUNT_VALUE":3496},"AGE_AT_FIRST_DIAGNOSIS":{"CATEGORY":["No matching concept","MALE","FEMALE"],"MIN_VALUE":[9,0,0],"P10_VALUE":[9,9,8],"P25_VALUE":[15,24,24],"MEDIAN_VALUE":[42,47,44],"P75_VALUE":[51,65,64],"P90_VALUE":[76,76,78],"MAX_VALUE":[76,96,99]}}
