{"PREVALENCE_BY_GENDER_AGE_YEAR":{"TRELLIS_NAME":["40-49","60-69","20-29","50-59","10-19","30-39","0-9","70-79","30-39","20-29","40-49","50-59","70-79","60-69"],"SERIES_NAME":["MALE","MALE","MALE","MALE","MALE","MALE","FEMALE","MALE","FEMALE","FEMALE","FEMALE","FEMALE","FEMALE","FEMALE"],"X_CALENDAR_YEAR":[2019,2019,2019,2019,2019,2019,2019,2019,2019,2019,2019,2019,2019,2019],"Y_PREVALENCE_1000PP":[1.60748,1.93349,1.17805,1.468,2.29568,2.37691,1.68421,2.09205,1.78833,1.33511,1.85847,2.17328,1.84945,1.32375]},"PREVALENCE_BY_MONTH":{"X_CALENDAR_MONTH":[201901,201902,201903,201904,201905,201906,201907,201908,201909,201910,201911,201912],"Y_PREVALENCE_1000PP":[0.18,0.15,0.14,0.13,0.13,0.13,0.15,0.14,0.08,0.23,0.11,0.1]},"CONDITIONS_BY_TYPE":{"CONCEPT_NAME":"Claim","COUNT_VALUE":230},"AGE_AT_FIRST_DIAGNOSIS":{"CATEGORY":["FEMALE","MALE"],"MIN_VALUE":[1,4],"P10_VALUE":[15,12],"P25_VALUE":[31,23],"MEDIAN_VALUE":[46,45],"P75_VALUE":[65,65],"P90_VALUE":[76,74],"MAX_VALUE":[99,95]}}
