{"PREVALENCE_BY_GENDER_AGE_YEAR":{"TRELLIS_NAME":["40-49","50-59","30-39","10-19","20-29","0-9","70-79","20-29","0-9","90-99","30-39","80-89","60-69","10-19","60-69","50-59","70-79","40-49"],"SERIES_NAME":["MALE","MALE","MALE","MALE","MALE","MALE","MALE","FEMALE","FEMALE","MALE","FEMALE","MALE","MALE","FEMALE","FEMALE","FEMALE","FEMALE","FEMALE"],"X_CALENDAR_YEAR":[2019,2019,2019,2019,2019,2019,2019,2019,2019,2019,2019,2019,2019,2019,2019,2019,2019,2019],"Y_PREVALENCE_1000PP":[4.38789,4.54745,4.40603,4.12466,4.38153,4.45831,2.84792,4.32973,3.78629,3.9886,3.25627,4.96963,3.65385,4.80979,3.99543,4.78053,3.52113,3.56888]},"PREVALENCE_BY_MONTH":{"X_CALENDAR_MONTH":[201901,201902,201903,201904,201905,201906,201907,201908,201909,201910,201911,201912],"Y_PREVALENCE_1000PP":[0.34,0.21,0.3,0.39,0.31,0.32,0.45,0.38,0.27,0.38,0.4,0.22]},"CONDITIONS_BY_TYPE":{"CONCEPT_NAME":"Claim","COUNT_VALUE":2144},"AGE_AT_FIRST_DIAGNOSIS":{"CATEGORY":["MALE","FEMALE"],"MIN_VALUE":[0,0],"P10_VALUE":[10,10],"P25_VALUE":[24,24],"MEDIAN_VALUE":[42,43],"P75_VALUE":[59,59],"P90_VALUE":[77,74],"MAX_VALUE":[99,96]}}
