{"PREVALENCE_BY_GENDER_AGE_YEAR":{"TRELLIS_NAME":["30-39","40-49","10-19","70-79","40-49"],"SERIES_NAME":["MALE","MALE","FEMALE","MALE","FEMALE"],"X_CALENDAR_YEAR":[2019,2019,2019,2019,2019],"Y_PREVALENCE_1000PP":[1.18846,0.87681,1.31148,1.14112,0.85776]},"PREVALENCE_BY_MONTH":{"X_CALENDAR_MONTH":[201901,201903,201904,201905,201907,201908,201909,201912],"Y_PREVALENCE_1000PP":[0.06,0.07,0.06,0.08,0.06,0.11,0.09,0.07]},"CONDITIONS_BY_TYPE":{"CONCEPT_NAME":"Claim","COUNT_VALUE":91},"AGE_AT_FIRST_DIAGNOSIS":{"CATEGORY":["MALE","FEMALE"],"MIN_VALUE":[1,6],"P10_VALUE":[15,12],"P25_VALUE":[26,22],"MEDIAN_VALUE":[40,45],"P75_VALUE":[68,69],"P90_VALUE":[76,82],"MAX_VALUE":[98,99]}}
