{"PREVALENCE_BY_GENDER_AGE_YEAR":{"TRELLIS_NAME":["60-69","20-29","50-59","30-39","10-19","40-49","0-9","10-19","20-29","70-79","50-59","80-89","60-69","40-49","70-79"],"SERIES_NAME":["MALE","MALE","MALE","MALE","MALE","MALE","FEMALE","FEMALE","FEMALE","MALE","FEMALE","FEMALE","FEMALE","FEMALE","FEMALE"],"X_CALENDAR_YEAR":[2019,2019,2019,2019,2019,2019,2019,2019,2019,2019,2019,2019,2019,2019,2019],"Y_PREVALENCE_1000PP":[1.92308,1.01112,1.32023,1.69463,2.06233,1.31637,2.31384,1.31176,1.49875,2.84792,2.0281,3.45821,2.85388,0.99929,2.03855]},"PREVALENCE_BY_MONTH":{"X_CALENDAR_MONTH":[201901,201903,201904,201905,201906,201907,201908,201909,201910,201911,201912],"Y_PREVALENCE_1000PP":[0.17,0.1,0.19,0.12,0.22,0.2,0.12,0.14,0.14,0.14,0.11]},"CONDITIONS_BY_TYPE":{"CONCEPT_NAME":"Claim","COUNT_VALUE":856},"AGE_AT_FIRST_DIAGNOSIS":{"CATEGORY":["No matching concept","MALE","FEMALE"],"MIN_VALUE":[5,0,1],"P10_VALUE":[5,11,5],"P25_VALUE":[8,27,22],"MEDIAN_VALUE":[43,47,54],"P75_VALUE":[70,69,66],"P90_VALUE":[94,77,78],"MAX_VALUE":[94,95,96]}}
