{"PREVALENCE_BY_GENDER_AGE_YEAR":{"TRELLIS_NAME":["50-59","40-49","0-9","60-69","30-39","20-29","10-19","30-39","70-79","20-29","10-19","0-9","40-49","70-79","50-59"],"SERIES_NAME":["MALE","MALE","MALE","MALE","MALE","MALE","MALE","FEMALE","MALE","FEMALE","FEMALE","FEMALE","FEMALE","FEMALE","FEMALE"],"X_CALENDAR_YEAR":[2019,2019,2019,2019,2019,2019,2019,2019,2019,2019,2019,2019,2019,2019,2019],"Y_PREVALENCE_1000PP":[1.7616,2.33816,1.3363,2.32019,1.18846,2.35611,2.52525,2.11348,1.52149,2.00267,1.31148,3.15789,1.71551,2.21935,1.88351]},"PREVALENCE_BY_MONTH":{"X_CALENDAR_MONTH":[201901,201902,201903,201904,201905,201906,201907,201908,201909,201910,201911,201912],"Y_PREVALENCE_1000PP":[0.21,0.12,0.15,0.21,0.1,0.13,0.21,0.14,0.16,0.2,0.12,0.16]},"CONDITIONS_BY_TYPE":{"CONCEPT_NAME":"Claim","COUNT_VALUE":266},"AGE_AT_FIRST_DIAGNOSIS":{"CATEGORY":["No matching concept","MALE","FEMALE"],"MIN_VALUE":[10,0,0],"P10_VALUE":[10,11,6],"P25_VALUE":[31,25,20],"MEDIAN_VALUE":[35,44,40],"P75_VALUE":[75,61,59],"P90_VALUE":[91,72,78],"MAX_VALUE":[91,99,99]}}
