{"PREVALENCE_BY_GENDER_AGE_YEAR":{"TRELLIS_NAME":["60-69","40-49","50-59","70-79","20-29","10-19","50-59","40-49","60-69","0-9","10-19","20-29","70-79","0-9","30-39"],"SERIES_NAME":["FEMALE","FEMALE","FEMALE","FEMALE","MALE","MALE","MALE","MALE","MALE","MALE","FEMALE","FEMALE","MALE","FEMALE","FEMALE"],"X_CALENDAR_YEAR":[2019,2019,2019,2019,2019,2019,2019,2019,2019,2019,2019,2019,2019,2019,2019],"Y_PREVALENCE_1000PP":[2.26929,3.00214,2.46305,3.69891,2.86099,2.52525,2.202,2.19202,2.12684,1.3363,2.18579,3.17089,2.47242,2.94737,2.6012]},"PREVALENCE_BY_MONTH":{"X_CALENDAR_MONTH":[201901,201902,201903,201904,201905,201906,201907,201908,201909,201910,201911,201912],"Y_PREVALENCE_1000PP":[0.28,0.22,0.16,0.24,0.21,0.16,0.25,0.22,0.19,0.26,0.09,0.19]},"CONDITIONS_BY_TYPE":{"CONCEPT_NAME":"Claim","COUNT_VALUE":343},"AGE_AT_FIRST_DIAGNOSIS":{"CATEGORY":["MALE","No matching concept","FEMALE"],"MIN_VALUE":[3,18,0],"P10_VALUE":[15,18,8],"P25_VALUE":[23,27,25],"MEDIAN_VALUE":[47,39,44],"P75_VALUE":[65,84,66],"P90_VALUE":[77,89,78],"MAX_VALUE":[98,89,99]}}
