{"PREVALENCE_BY_GENDER_AGE_YEAR":{"TRELLIS_NAME":["70-79","40-49","30-39","20-29","40-49","10-19","60-69","50-59"],"SERIES_NAME":["MALE","FEMALE","FEMALE","MALE","MALE","MALE","FEMALE","FEMALE"],"X_CALENDAR_YEAR":[2019,2019,2019,2019,2019,2019,2019,2019],"Y_PREVALENCE_1000PP":[1.3313,1.14367,1.13803,1.17805,0.87681,1.37741,1.32375,0.86931]},"PREVALENCE_BY_MONTH":{"X_CALENDAR_MONTH":[201901,201902,201904,201905,201907,201908,201909,201912],"Y_PREVALENCE_1000PP":[0.09,0.09,0.07,0.07,0.11,0.09,0.08,0.08]},"CONDITIONS_BY_TYPE":{"CONCEPT_NAME":"Claim","COUNT_VALUE":112},"AGE_AT_FIRST_DIAGNOSIS":{"CATEGORY":["FEMALE","MALE"],"MIN_VALUE":[3,2],"P10_VALUE":[15,11],"P25_VALUE":[29,26],"MEDIAN_VALUE":[43,42],"P75_VALUE":[61,60],"P90_VALUE":[74,75],"MAX_VALUE":[95,99]}}
