{"PREVALENCE_BY_GENDER_AGE_YEAR":{"TRELLIS_NAME":["0-9","60-69","20-29","70-79","30-39","10-19","60-69","50-59","40-49","70-79","10-19","50-59","30-39","40-49","0-9","20-29"],"SERIES_NAME":["FEMALE","MALE","FEMALE","MALE","FEMALE","FEMALE","FEMALE","FEMALE","FEMALE","FEMALE","MALE","MALE","MALE","MALE","MALE","MALE"],"X_CALENDAR_YEAR":[2019,2019,2019,2019,2019,2019,2019,2019,2019,2019,2019,2019,2019,2019,2019,2019],"Y_PREVALENCE_1000PP":[3.36559,2.30769,2.9975,2.4682,2.27939,2.62352,2.09285,1.88324,1.99857,1.6679,1.83318,2.05369,1.3557,1.60889,2.00624,2.02224]},"PREVALENCE_BY_MONTH":{"X_CALENDAR_MONTH":[201901,201902,201903,201904,201905,201906,201907,201908,201909,201910,201911,201912],"Y_PREVALENCE_1000PP":[0.19,0.15,0.17,0.26,0.12,0.15,0.17,0.1,0.15,0.24,0.17,0.21]},"CONDITIONS_BY_TYPE":{"CONCEPT_NAME":"Claim","COUNT_VALUE":1092},"AGE_AT_FIRST_DIAGNOSIS":{"CATEGORY":["MALE","FEMALE"],"MIN_VALUE":[0,0],"P10_VALUE":[6,7],"P25_VALUE":[26,20],"MEDIAN_VALUE":[45,36],"P75_VALUE":[65,59],"P90_VALUE":[76,78],"MAX_VALUE":[99,94]}}
