{"PREVALENCE_BY_GENDER_AGE_YEAR":{"TRELLIS_NAME":["40-49","50-59","60-69","70-79","30-39","20-29","50-59","20-29"],"SERIES_NAME":["FEMALE","FEMALE","FEMALE","FEMALE","FEMALE","FEMALE","MALE","MALE"],"X_CALENDAR_YEAR":[2019,2019,2019,2019,2019,2019,2019,2019],"Y_PREVALENCE_1000PP":[0.85776,0.86931,1.51286,1.10967,0.97545,1.16822,1.3212,1.34635]},"PREVALENCE_BY_MONTH":{"X_CALENDAR_MONTH":[201901,201902,201903,201904,201905,201908,201909,201910,201911],"Y_PREVALENCE_1000PP":[0.07,0.07,0.06,0.07,0.1,0.09,0.09,0.09,0.11]},"CONDITIONS_BY_TYPE":{"CONCEPT_NAME":"Claim","COUNT_VALUE":104},"AGE_AT_FIRST_DIAGNOSIS":{"CATEGORY":["MALE","FEMALE"],"MIN_VALUE":[2,1],"P10_VALUE":[13,6],"P25_VALUE":[26,29],"MEDIAN_VALUE":[45,49],"P75_VALUE":[58,66],"P90_VALUE":[76,79],"MAX_VALUE":[91,88]}}
