{"PREVALENCE_BY_GENDER_AGE_YEAR":{"TRELLIS_NAME":["20-29","90-99","80-89","70-79","30-39","0-9","10-19","40-49","70-79","90-99","60-69","50-59","80-89","0-9","10-19","40-49","50-59","20-29","60-69","30-39"],"SERIES_NAME":["FEMALE","MALE","MALE","MALE","FEMALE","FEMALE","FEMALE","FEMALE","FEMALE","FEMALE","FEMALE","FEMALE","FEMALE","MALE","MALE","MALE","MALE","MALE","MALE","MALE"],"X_CALENDAR_YEAR":[2019,2019,2019,2019,2019,2019,2019,2019,2019,2019,2019,2019,2019,2019,2019,2019,2019,2019,2019,2019],"Y_PREVALENCE_1000PP":[52.12323,48.43305,49.14412,49.1741,49.49528,42.91123,55.09401,46.8237,48.73981,50.72464,52.1309,46.93611,46.10951,50.82479,49.49588,48.41305,53.54261,53.25244,50.19231,52.36401]},"PREVALENCE_BY_MONTH":{"X_CALENDAR_MONTH":[201901,201902,201903,201904,201905,201906,201907,201908,201909,201910,201911,201912],"Y_PREVALENCE_1000PP":[4.96,3.7,3.99,5.19,4.2,3.98,4.85,3.77,3.34,5.11,4.06,3.96]},"CONDITIONS_BY_TYPE":{"CONCEPT_NAME":"Claim","COUNT_VALUE":27460},"AGE_AT_FIRST_DIAGNOSIS":{"CATEGORY":["FEMALE","MALE","No matching concept"],"MIN_VALUE":[0,0,1],"P10_VALUE":[11,10,14],"P25_VALUE":[24,25,25],"MEDIAN_VALUE":[44,44,41],"P75_VALUE":[62,63,61],"P90_VALUE":[77,77,74],"MAX_VALUE":[99,99,95]}}
