{"PREVALENCE_BY_GENDER_AGE_YEAR":{"TRELLIS_NAME":["20-29","40-49","30-39","10-19","60-69","50-59","0-9","60-69","50-59","70-79","40-49","30-39","70-79","20-29","10-19","0-9"],"SERIES_NAME":["MALE","MALE","MALE","MALE","MALE","MALE","MALE","FEMALE","FEMALE","FEMALE","FEMALE","FEMALE","MALE","FEMALE","FEMALE","FEMALE"],"X_CALENDAR_YEAR":[2019,2019,2019,2019,2019,2019,2019,2019,2019,2019,2019,2019,2019,2019,2019,2019],"Y_PREVALENCE_1000PP":[3.37041,3.36405,1.01678,1.83318,1.53846,1.32023,2.22916,2.85388,2.60756,2.59451,1.42755,2.4422,1.89861,1.83181,1.31176,1.89314]},"PREVALENCE_BY_MONTH":{"X_CALENDAR_MONTH":[201901,201902,201903,201904,201905,201906,201907,201908,201909,201910,201911,201912],"Y_PREVALENCE_1000PP":[0.23,0.13,0.13,0.17,0.2,0.13,0.29,0.15,0.14,0.27,0.17,0.09]},"CONDITIONS_BY_TYPE":{"CONCEPT_NAME":"Claim","COUNT_VALUE":1212},"AGE_AT_FIRST_DIAGNOSIS":{"CATEGORY":["MALE","FEMALE"],"MIN_VALUE":[1,1],"P10_VALUE":[10,10],"P25_VALUE":[21,29],"MEDIAN_VALUE":[42,50],"P75_VALUE":[60,66],"P90_VALUE":[78,77],"MAX_VALUE":[97,97]}}
