{"PREVALENCE_BY_GENDER_AGE_YEAR":{"TRELLIS_NAME":["50-59","60-69","70-79","40-49","50-59","30-39","40-49","20-29","10-19","0-9","70-79","20-29","30-39","10-19"],"SERIES_NAME":["FEMALE","FEMALE","FEMALE","FEMALE","MALE","MALE","MALE","MALE","MALE","MALE","MALE","FEMALE","FEMALE","FEMALE"],"X_CALENDAR_YEAR":[2019,2019,2019,2019,2019,2019,2019,2019,2019,2019,2019,2019,2019,2019],"Y_PREVALENCE_1000PP":[1.44865,1.14155,1.29726,1.42755,1.907,2.54194,2.63273,1.17964,2.29148,1.78333,1.13917,2.16486,1.95376,1.31176]},"PREVALENCE_BY_MONTH":{"X_CALENDAR_MONTH":[201901,201902,201903,201904,201905,201906,201907,201908,201909,201910,201911,201912],"Y_PREVALENCE_1000PP":[0.18,0.09,0.08,0.17,0.09,0.12,0.13,0.14,0.19,0.28,0.12,0.11]},"CONDITIONS_BY_TYPE":{"CONCEPT_NAME":"Claim","COUNT_VALUE":932},"AGE_AT_FIRST_DIAGNOSIS":{"CATEGORY":["FEMALE","MALE"],"MIN_VALUE":[1,0],"P10_VALUE":[15,11],"P25_VALUE":[27,24],"MEDIAN_VALUE":[41,42],"P75_VALUE":[61,55],"P90_VALUE":[73,79],"MAX_VALUE":[99,98]}}
