{"PREVALENCE_BY_GENDER_AGE_YEAR":{"TRELLIS_NAME":["70-79","50-59","40-49","20-29","30-39","60-69","50-59","0-9","20-29","10-19","0-9","40-49","30-39","70-79"],"SERIES_NAME":["FEMALE","FEMALE","MALE","MALE","MALE","MALE","MALE","MALE","FEMALE","FEMALE","FEMALE","FEMALE","FEMALE","MALE"],"X_CALENDAR_YEAR":[2019,2019,2019,2019,2019,2019,2019,2019,2019,2019,2019,2019,2019,2019],"Y_PREVALENCE_1000PP":[2.58924,1.44886,1.75362,1.68294,1.69779,2.32019,0.8808,1.55902,1.502,1.31148,1.47368,1.00071,1.13803,2.66261]},"PREVALENCE_BY_MONTH":{"X_CALENDAR_MONTH":[201901,201902,201903,201904,201905,201906,201907,201908,201909,201910,201911,201912],"Y_PREVALENCE_1000PP":[0.14,0.16,0.08,0.15,0.1,0.14,0.18,0.13,0.12,0.19,0.1,0.09]},"CONDITIONS_BY_TYPE":{"CONCEPT_NAME":"Claim","COUNT_VALUE":208},"AGE_AT_FIRST_DIAGNOSIS":{"CATEGORY":["MALE","FEMALE"],"MIN_VALUE":[0,2],"P10_VALUE":[15,10],"P25_VALUE":[29,22],"MEDIAN_VALUE":[46,47],"P75_VALUE":[70,74],"P90_VALUE":[79,79],"MAX_VALUE":[97,99]}}
