{"PREVALENCE_BY_GENDER_AGE_YEAR":{"TRELLIS_NAME":["90-99","60-69","70-79","50-59","90-99","40-49","70-79","0-9","20-29","30-39","60-69","0-9","10-19","50-59","20-29","30-39","40-49"],"SERIES_NAME":["FEMALE","FEMALE","FEMALE","FEMALE","MALE","FEMALE","MALE","FEMALE","FEMALE","FEMALE","MALE","MALE","MALE","MALE","MALE","MALE","MALE"],"X_CALENDAR_YEAR":[2019,2019,2019,2019,2019,2019,2019,2019,2019,2019,2019,2019,2019,2019,2019,2019,2019],"Y_PREVALENCE_1000PP":[3.9019,2.47336,2.03855,2.31783,3.4188,1.14204,2.27834,1.68279,1.99833,2.93064,1.53846,1.56041,1.83318,2.64046,2.86485,2.37248,2.63273]},"PREVALENCE_BY_MONTH":{"X_CALENDAR_MONTH":[201901,201902,201903,201904,201905,201906,201907,201908,201909,201910,201911,201912],"Y_PREVALENCE_1000PP":[0.24,0.16,0.13,0.16,0.19,0.16,0.19,0.21,0.19,0.17,0.16,0.16]},"CONDITIONS_BY_TYPE":{"CONCEPT_NAME":"Claim","COUNT_VALUE":1108},"AGE_AT_FIRST_DIAGNOSIS":{"CATEGORY":["FEMALE","MALE"],"MIN_VALUE":[1,0],"P10_VALUE":[19,15],"P25_VALUE":[31,27],"MEDIAN_VALUE":[50,46],"P75_VALUE":[66,62],"P90_VALUE":[83,74],"MAX_VALUE":[99,97]}}
