{"PREVALENCE_BY_GENDER_AGE_YEAR":{"TRELLIS_NAME":["70-79","50-59","80-89","90-99","60-69","20-29","60-69","10-19","50-59","40-49","0-9","30-39","40-49","30-39","70-79","0-9","80-89","20-29","10-19","90-99"],"SERIES_NAME":["FEMALE","FEMALE","FEMALE","FEMALE","FEMALE","MALE","MALE","MALE","MALE","MALE","MALE","MALE","FEMALE","FEMALE","MALE","FEMALE","MALE","FEMALE","FEMALE","MALE"],"X_CALENDAR_YEAR":[2019,2019,2019,2019,2019,2019,2019,2019,2019,2019,2019,2019,2019,2019,2019,2019,2019,2019,2019,2019],"Y_PREVALENCE_1000PP":[2.96516,1.73837,4.03458,7.80379,4.56621,3.53893,4.61538,3.20807,3.96069,3.65657,3.56665,4.06711,3.42612,4.39596,3.41751,3.15524,3.86527,5.16236,4.59117,5.12821]},"PREVALENCE_BY_MONTH":{"X_CALENDAR_MONTH":[201901,201902,201903,201904,201905,201906,201907,201908,201909,201910,201911,201912],"Y_PREVALENCE_1000PP":[0.43,0.35,0.2,0.39,0.26,0.27,0.32,0.38,0.26,0.3,0.42,0.25]},"CONDITIONS_BY_TYPE":{"CONCEPT_NAME":"Claim","COUNT_VALUE":2096},"AGE_AT_FIRST_DIAGNOSIS":{"CATEGORY":["MALE","FEMALE"],"MIN_VALUE":[0,1],"P10_VALUE":[11,13],"P25_VALUE":[27,23],"MEDIAN_VALUE":[47,41],"P75_VALUE":[62,65],"P90_VALUE":[78,80],"MAX_VALUE":[99,99]}}
