{"PREVALENCE_BY_GENDER_AGE_YEAR":{"TRELLIS_NAME":["60-69","50-59","70-79","70-79","0-9","30-39","20-29","10-19","40-49","0-9","60-69","40-49","10-19","20-29","30-39","50-59"],"SERIES_NAME":["FEMALE","FEMALE","FEMALE","MALE","FEMALE","FEMALE","FEMALE","FEMALE","FEMALE","MALE","MALE","MALE","MALE","MALE","MALE","MALE"],"X_CALENDAR_YEAR":[2019,2019,2019,2019,2019,2019,2019,2019,2019,2019,2019,2019,2019,2019,2019,2019],"Y_PREVALENCE_1000PP":[3.21483,1.88351,2.0344,3.61354,2.10526,2.11348,2.83712,2.84153,2.28735,2.00445,1.93349,2.33816,2.06612,2.18782,3.39559,3.66999]},"PREVALENCE_BY_MONTH":{"X_CALENDAR_MONTH":[201901,201902,201903,201904,201905,201906,201907,201908,201909,201910,201911,201912],"Y_PREVALENCE_1000PP":[0.34,0.16,0.14,0.26,0.18,0.16,0.2,0.15,0.18,0.26,0.24,0.27]},"CONDITIONS_BY_TYPE":{"CONCEPT_NAME":"Claim","COUNT_VALUE":346},"AGE_AT_FIRST_DIAGNOSIS":{"CATEGORY":["MALE","FEMALE","No matching concept"],"MIN_VALUE":[0,0,0],"P10_VALUE":[14,11,0],"P25_VALUE":[31,22,5],"MEDIAN_VALUE":[49,43,55],"P75_VALUE":[66,61,68],"P90_VALUE":[78,77,87],"MAX_VALUE":[96,94,87]}}
