{"PREVALENCE_BY_GENDER_AGE_YEAR":{"TRELLIS_NAME":["0-9","20-29","40-49","30-39","50-59","30-39","20-29","70-79","40-49","0-9","10-19","60-69","70-79","50-59"],"SERIES_NAME":["MALE","MALE","MALE","MALE","MALE","FEMALE","FEMALE","MALE","FEMALE","FEMALE","FEMALE","FEMALE","FEMALE","FEMALE"],"X_CALENDAR_YEAR":[2019,2019,2019,2019,2019,2019,2019,2019,2019,2019,2019,2019,2019,2019],"Y_PREVALENCE_1000PP":[1.33749,1.01112,1.31637,1.86409,1.907,1.30251,1.33222,1.89861,1.85582,1.2621,1.96764,1.52207,1.48258,0.86919]},"PREVALENCE_BY_MONTH":{"X_CALENDAR_MONTH":[201901,201902,201903,201904,201905,201906,201907,201908,201909,201910,201911,201912],"Y_PREVALENCE_1000PP":[0.13,0.1,0.1,0.09,0.09,0.1,0.14,0.19,0.14,0.15,0.12,0.12]},"CONDITIONS_BY_TYPE":{"CONCEPT_NAME":"Claim","COUNT_VALUE":784},"AGE_AT_FIRST_DIAGNOSIS":{"CATEGORY":["MALE","FEMALE"],"MIN_VALUE":[1,0],"P10_VALUE":[12,11],"P25_VALUE":[30,26],"MEDIAN_VALUE":[48,43],"P75_VALUE":[70,66],"P90_VALUE":[83,80],"MAX_VALUE":[99,99]}}
