{"PREVALENCE_BY_GENDER_AGE_YEAR":{"TRELLIS_NAME":["0-9","20-29","30-39","60-69","70-79","10-19","60-69","40-49","70-79","50-59","0-9","10-19","30-39","50-59","20-29","40-49"],"SERIES_NAME":["FEMALE","FEMALE","FEMALE","MALE","MALE","FEMALE","FEMALE","FEMALE","FEMALE","FEMALE","MALE","MALE","MALE","MALE","MALE","MALE"],"X_CALENDAR_YEAR":[2019,2019,2019,2019,2019,2019,2019,2019,2019,2019,2019,2019,2019,2019,2019,2019],"Y_PREVALENCE_1000PP":[2.31579,2.50334,1.46318,1.74014,1.14112,1.31148,1.89107,3.28806,1.47956,2.60794,1.78174,1.83655,2.03735,2.3488,1.00976,1.16908]},"PREVALENCE_BY_MONTH":{"X_CALENDAR_MONTH":[201901,201902,201903,201904,201905,201906,201907,201908,201909,201910,201911,201912],"Y_PREVALENCE_1000PP":[0.23,0.11,0.16,0.13,0.15,0.1,0.23,0.15,0.18,0.15,0.12,0.19]},"CONDITIONS_BY_TYPE":{"CONCEPT_NAME":"Claim","COUNT_VALUE":256},"AGE_AT_FIRST_DIAGNOSIS":{"CATEGORY":["MALE","FEMALE"],"MIN_VALUE":[0,0],"P10_VALUE":[9,8],"P25_VALUE":[26,27],"MEDIAN_VALUE":[48,46],"P75_VALUE":[62,57],"P90_VALUE":[74,77],"MAX_VALUE":[99,96]}}
