{"PREVALENCE_BY_GENDER_AGE_YEAR":{"TRELLIS_NAME":["40-49","0-9","30-39","20-29","10-19","50-59","60-69","70-79","50-59","60-69","90-99","80-89","40-49","0-9","30-39","20-29","10-19","90-99","70-79"],"SERIES_NAME":["MALE","MALE","MALE","MALE","MALE","MALE","MALE","FEMALE","FEMALE","FEMALE","FEMALE","FEMALE","FEMALE","FEMALE","FEMALE","FEMALE","FEMALE","MALE","MALE"],"X_CALENDAR_YEAR":[2019,2019,2019,2019,2019,2019,2019,2019,2019,2019,2019,2019,2019,2019,2019,2019,2019,2019,2019],"Y_PREVALENCE_1000PP":[4.23791,2.44989,3.39559,3.19758,3.67309,4.84439,4.06032,3.88385,3.91191,4.72769,4.44198,3.46021,4.5747,3.78947,3.41408,5.00668,2.40437,3.4384,2.8528]},"PREVALENCE_BY_MONTH":{"X_CALENDAR_MONTH":[201901,201902,201903,201904,201905,201906,201907,201908,201909,201910,201911,201912],"Y_PREVALENCE_1000PP":[0.34,0.33,0.27,0.35,0.28,0.35,0.42,0.22,0.29,0.34,0.37,0.26]},"CONDITIONS_BY_TYPE":{"CONCEPT_NAME":"Claim","COUNT_VALUE":521},"AGE_AT_FIRST_DIAGNOSIS":{"CATEGORY":["No matching concept","MALE","FEMALE"],"MIN_VALUE":[32,0,0],"P10_VALUE":[32,14,12],"P25_VALUE":[51,29,25],"MEDIAN_VALUE":[52,48,46],"P75_VALUE":[54,61,65],"P90_VALUE":[55,75,78],"MAX_VALUE":[55,99,99]}}
