{"PREVALENCE_BY_GENDER_AGE_YEAR":{"TRELLIS_NAME":["30-39","60-69","50-59","40-49","0-9","40-49","70-79","30-39","10-19","20-29","60-69","50-59"],"SERIES_NAME":["MALE","MALE","MALE","MALE","MALE","FEMALE","MALE","FEMALE","FEMALE","FEMALE","FEMALE","FEMALE"],"X_CALENDAR_YEAR":[2019,2019,2019,2019,2019,2019,2019,2019,2019,2019,2019,2019],"Y_PREVALENCE_1000PP":[1.52801,1.74014,1.7616,1.31521,1.55902,1.00071,1.14112,1.46318,1.53005,2.00267,1.51286,1.15908]},"PREVALENCE_BY_MONTH":{"X_CALENDAR_MONTH":[201901,201902,201903,201904,201905,201906,201907,201908,201909,201910,201911,201912],"Y_PREVALENCE_1000PP":[0.13,0.13,0.14,0.1,0.08,0.08,0.13,0.1,0.09,0.15,0.11,0.12]},"CONDITIONS_BY_TYPE":{"CONCEPT_NAME":"Claim","COUNT_VALUE":179},"AGE_AT_FIRST_DIAGNOSIS":{"CATEGORY":["MALE","FEMALE"],"MIN_VALUE":[1,4],"P10_VALUE":[9,12],"P25_VALUE":[32,23],"MEDIAN_VALUE":[50,42],"P75_VALUE":[68,63],"P90_VALUE":[87,82],"MAX_VALUE":[96,94]}}
