{"PREVALENCE_BY_GENDER_AGE_YEAR":{"TRELLIS_NAME":["0-9","30-39","60-69","10-19","50-59","20-29","40-49","20-29","10-19","70-79","30-39","80-89","0-9","40-49","50-59","70-79","60-69"],"SERIES_NAME":["MALE","MALE","MALE","MALE","MALE","MALE","MALE","FEMALE","FEMALE","MALE","FEMALE","MALE","FEMALE","FEMALE","FEMALE","FEMALE","FEMALE"],"X_CALENDAR_YEAR":[2019,2019,2019,2019,2019,2019,2019,2019,2019,2019,2019,2019,2019,2019,2019,2019,2019],"Y_PREVALENCE_1000PP":[3.12082,2.20302,3.26923,2.97892,3.37392,3.20189,2.63273,4.66278,3.06078,3.41751,2.93064,3.86527,3.78629,2.8551,2.60756,2.77984,2.85388]},"PREVALENCE_BY_MONTH":{"X_CALENDAR_MONTH":[201901,201902,201903,201904,201905,201906,201907,201908,201909,201910,201911,201912],"Y_PREVALENCE_1000PP":[0.33,0.19,0.24,0.25,0.21,0.26,0.29,0.2,0.28,0.27,0.24,0.27]},"CONDITIONS_BY_TYPE":{"CONCEPT_NAME":"Claim","COUNT_VALUE":1636},"AGE_AT_FIRST_DIAGNOSIS":{"CATEGORY":["FEMALE","MALE"],"MIN_VALUE":[0,1],"P10_VALUE":[9,10],"P25_VALUE":[22,25],"MEDIAN_VALUE":[39,46],"P75_VALUE":[61,64],"P90_VALUE":[75,78],"MAX_VALUE":[98,97]}}
