{"PREVALENCE_BY_GENDER_AGE_YEAR":{"TRELLIS_NAME":["30-39","60-69","50-59","10-19","40-49","0-9","20-29","30-39","70-79","20-29","10-19","0-9","40-49","60-69","80-89","70-79","50-59"],"SERIES_NAME":["MALE","MALE","MALE","MALE","MALE","MALE","MALE","FEMALE","MALE","FEMALE","FEMALE","FEMALE","FEMALE","FEMALE","FEMALE","FEMALE","FEMALE"],"X_CALENDAR_YEAR":[2019,2019,2019,2019,2019,2019,2019,2019,2019,2019,2019,2019,2019,2019,2019,2019,2019],"Y_PREVALENCE_1000PP":[2.88087,3.65385,2.78715,2.29148,2.779,3.34374,4.71857,1.62813,1.89861,3.49709,1.74902,3.78629,2.42684,1.33181,5.76369,2.59451,2.0281]},"PREVALENCE_BY_MONTH":{"X_CALENDAR_MONTH":[201901,201902,201903,201904,201905,201906,201907,201908,201909,201910,201911,201912],"Y_PREVALENCE_1000PP":[0.24,0.28,0.18,0.25,0.2,0.3,0.2,0.16,0.19,0.3,0.25,0.18]},"CONDITIONS_BY_TYPE":{"CONCEPT_NAME":"Claim","COUNT_VALUE":1460},"AGE_AT_FIRST_DIAGNOSIS":{"CATEGORY":["FEMALE","MALE"],"MIN_VALUE":[0,0],"P10_VALUE":[7,9],"P25_VALUE":[21,24],"MEDIAN_VALUE":[42,41],"P75_VALUE":[63,60],"P90_VALUE":[82,74],"MAX_VALUE":[99,98]}}
