{"PREVALENCE_BY_GENDER_AGE_YEAR":{"TRELLIS_NAME":["10-19","90-99","40-49","30-39","80-89","70-79","0-9","20-29","0-9","50-59","20-29","40-49","30-39","10-19","60-69","80-89","60-69","70-79","50-59"],"SERIES_NAME":["FEMALE","MALE","FEMALE","FEMALE","MALE","MALE","FEMALE","FEMALE","MALE","MALE","MALE","MALE","MALE","MALE","MALE","FEMALE","FEMALE","FEMALE","FEMALE"],"X_CALENDAR_YEAR":[2019,2019,2019,2019,2019,2019,2019,2019,2019,2019,2019,2019,2019,2019,2019,2019,2019,2019,2019],"Y_PREVALENCE_1000PP":[2.62352,3.9886,3.28337,2.93064,3.31309,3.60737,2.73454,2.83097,2.8979,1.907,2.86485,2.48647,3.21979,3.20807,3.65385,3.45821,4.18569,2.96516,4.05621]},"PREVALENCE_BY_MONTH":{"X_CALENDAR_MONTH":[201901,201902,201903,201904,201905,201906,201907,201908,201909,201910,201911,201912],"Y_PREVALENCE_1000PP":[0.31,0.28,0.2,0.37,0.32,0.16,0.22,0.22,0.19,0.36,0.27,0.22]},"CONDITIONS_BY_TYPE":{"CONCEPT_NAME":"Claim","COUNT_VALUE":1708},"AGE_AT_FIRST_DIAGNOSIS":{"CATEGORY":["MALE","No matching concept","FEMALE"],"MIN_VALUE":[0,0,0],"P10_VALUE":[10,0,10],"P25_VALUE":[24,5,28],"MEDIAN_VALUE":[44,33,48],"P75_VALUE":[66,68,65],"P90_VALUE":[78,84,74],"MAX_VALUE":[99,84,99]}}
