{"PREVALENCE_BY_GENDER_AGE_YEAR":{"TRELLIS_NAME":["0-9","30-39","50-59","40-49","10-19","50-59"],"SERIES_NAME":["MALE","MALE","MALE","MALE","MALE","FEMALE"],"X_CALENDAR_YEAR":[2019,2019,2019,2019,2019,2019],"Y_PREVALENCE_1000PP":[1.3363,1.52801,1.0276,1.16908,1.83655,1.30397]},"PREVALENCE_BY_MONTH":{"X_CALENDAR_MONTH":[201901,201902,201906,201907,201908,201910,201911,201912],"Y_PREVALENCE_1000PP":[0.1,0.08,0.1,0.1,0.09,0.12,0.06,0.12]},"CONDITIONS_BY_TYPE":{"CONCEPT_NAME":"Claim","COUNT_VALUE":119},"AGE_AT_FIRST_DIAGNOSIS":{"CATEGORY":["FEMALE","MALE"],"MIN_VALUE":[0,0],"P10_VALUE":[9,9],"P25_VALUE":[20,18],"MEDIAN_VALUE":[46,39],"P75_VALUE":[58,57],"P90_VALUE":[75,69],"MAX_VALUE":[99,90]}}
