{"PREVALENCE_BY_GENDER_AGE_YEAR":{"TRELLIS_NAME":["50-59","10-19","0-9","30-39","20-29","40-49","60-69","10-19","20-29","90-99","30-39","70-79","0-9","60-69","40-49","90-99","50-59","70-79"],"SERIES_NAME":["MALE","MALE","MALE","MALE","MALE","MALE","MALE","FEMALE","FEMALE","MALE","FEMALE","MALE","FEMALE","FEMALE","FEMALE","FEMALE","FEMALE","FEMALE"],"X_CALENDAR_YEAR":[2019,2019,2019,2019,2019,2019,2019,2019,2019,2019,2019,2019,2019,2019,2019,2019,2019,2019],"Y_PREVALENCE_1000PP":[3.37392,1.37489,1.33749,3.05033,2.19077,2.92526,2.11538,4.59117,2.66445,5.12821,3.09345,3.22764,1.89314,2.66362,2.56959,4.45931,3.76648,4.81838]},"PREVALENCE_BY_MONTH":{"X_CALENDAR_MONTH":[201901,201902,201903,201904,201905,201906,201907,201908,201909,201910,201911,201912],"Y_PREVALENCE_1000PP":[0.25,0.21,0.26,0.38,0.24,0.19,0.35,0.23,0.3,0.22,0.12,0.2]},"CONDITIONS_BY_TYPE":{"CONCEPT_NAME":"Claim","COUNT_VALUE":1616},"AGE_AT_FIRST_DIAGNOSIS":{"CATEGORY":["MALE","FEMALE"],"MIN_VALUE":[4,2],"P10_VALUE":[20,15],"P25_VALUE":[33,26],"MEDIAN_VALUE":[51,46],"P75_VALUE":[69,69],"P90_VALUE":[84,78],"MAX_VALUE":[99,97]}}
