{"PREVALENCE_BY_GENDER_AGE_YEAR":{"TRELLIS_NAME":["20-29","50-59","0-9","40-49","10-19","20-29","30-39"],"SERIES_NAME":["MALE","MALE","MALE","FEMALE","FEMALE","FEMALE","FEMALE"],"X_CALENDAR_YEAR":[2019,2019,2019,2019,2019,2019,2019],"Y_PREVALENCE_1000PP":[1.01112,0.88015,1.56041,0.85653,1.31176,1.1657,1.30251]},"PREVALENCE_BY_MONTH":{"X_CALENDAR_MONTH":[201904,201905,201906,201907,201908,201909,201910,201911,201912],"Y_PREVALENCE_1000PP":[0.1,0.08,0.06,0.1,0.08,0.08,0.11,0.08,0.08]},"CONDITIONS_BY_TYPE":{"CONCEPT_NAME":"Claim","COUNT_VALUE":488},"AGE_AT_FIRST_DIAGNOSIS":{"CATEGORY":["FEMALE","MALE"],"MIN_VALUE":[0,0],"P10_VALUE":[14,2],"P25_VALUE":[21,18],"MEDIAN_VALUE":[36,41],"P75_VALUE":[59,64],"P90_VALUE":[71,86],"MAX_VALUE":[99,98]}}
