{"PREVALENCE_BY_GENDER_AGE_YEAR":{"TRELLIS_NAME":["80-89","40-49","20-29","70-79","0-9","30-39","10-19","80-89","50-59","70-79","60-69","40-49","50-59","30-39","10-19","60-69","0-9","20-29"],"SERIES_NAME":["MALE","FEMALE","FEMALE","MALE","FEMALE","FEMALE","FEMALE","FEMALE","FEMALE","FEMALE","FEMALE","MALE","MALE","MALE","MALE","MALE","MALE","MALE"],"X_CALENDAR_YEAR":[2019,2019,2019,2019,2019,2019,2019,2019,2019,2019,2019,2019,2019,2019,2019,2019,2019,2019],"Y_PREVALENCE_1000PP":[3.86527,3.99714,3.99667,4.55667,3.15524,3.74471,4.80979,5.76369,2.60756,3.70645,3.99543,5.26547,2.20038,2.88087,3.89551,4.23077,4.2354,4.04449]},"PREVALENCE_BY_MONTH":{"X_CALENDAR_MONTH":[201901,201902,201903,201904,201905,201906,201907,201908,201909,201910,201911,201912],"Y_PREVALENCE_1000PP":[0.47,0.26,0.22,0.38,0.27,0.23,0.39,0.33,0.2,0.47,0.29,0.27]},"CONDITIONS_BY_TYPE":{"CONCEPT_NAME":"Claim","COUNT_VALUE":2048},"AGE_AT_FIRST_DIAGNOSIS":{"CATEGORY":["MALE","FEMALE","No matching concept"],"MIN_VALUE":[0,1,6],"P10_VALUE":[9,11,6],"P25_VALUE":[25,22,23],"MEDIAN_VALUE":[45,44,50],"P75_VALUE":[63,62,55],"P90_VALUE":[76,75,76],"MAX_VALUE":[98,99,76]}}
