{"PREVALENCE_BY_GENDER_AGE_YEAR":{"TRELLIS_NAME":["30-39","20-29","50-59","40-49","40-49","50-59","70-79","30-39","70-79","0-9"],"SERIES_NAME":["MALE","MALE","MALE","MALE","FEMALE","FEMALE","FEMALE","FEMALE","MALE","FEMALE"],"X_CALENDAR_YEAR":[2019,2019,2019,2019,2019,2019,2019,2019,2019,2019],"Y_PREVALENCE_1000PP":[1.52517,2.02224,0.88015,1.46263,1.71306,0.86919,1.11193,2.4422,1.13917,1.68279]},"PREVALENCE_BY_MONTH":{"X_CALENDAR_MONTH":[201901,201902,201903,201904,201905,201906,201907,201908,201909,201910,201911,201912],"Y_PREVALENCE_1000PP":[0.11,0.11,0.09,0.11,0.09,0.09,0.1,0.06,0.12,0.1,0.12,0.07]},"CONDITIONS_BY_TYPE":{"CONCEPT_NAME":"Claim","COUNT_VALUE":624},"AGE_AT_FIRST_DIAGNOSIS":{"CATEGORY":["MALE","FEMALE"],"MIN_VALUE":[2,0],"P10_VALUE":[20,8],"P25_VALUE":[26,30],"MEDIAN_VALUE":[41,41],"P75_VALUE":[54,53],"P90_VALUE":[76,74],"MAX_VALUE":[96,93]}}
