{"PREVALENCE_BY_GENDER_AGE_YEAR":{"TRELLIS_NAME":["10-19","30-39","20-29","50-59","10-19","20-29","60-69","40-49","40-49","60-69"],"SERIES_NAME":["FEMALE","FEMALE","FEMALE","MALE","MALE","MALE","MALE","MALE","FEMALE","FEMALE"],"X_CALENDAR_YEAR":[2019,2019,2019,2019,2019,2019,2019,2019,2019,2019],"Y_PREVALENCE_1000PP":[1.96721,1.46318,1.00134,1.6148,1.83655,1.51464,1.74014,1.60748,1.14367,1.32375]},"PREVALENCE_BY_MONTH":{"X_CALENDAR_MONTH":[201901,201902,201903,201905,201906,201907,201908,201909,201910,201911,201912],"Y_PREVALENCE_1000PP":[0.15,0.09,0.08,0.13,0.12,0.11,0.09,0.08,0.08,0.1,0.11]},"CONDITIONS_BY_TYPE":{"CONCEPT_NAME":"Claim","COUNT_VALUE":161},"AGE_AT_FIRST_DIAGNOSIS":{"CATEGORY":["MALE","FEMALE"],"MIN_VALUE":[3,6],"P10_VALUE":[13,11],"P25_VALUE":[25,23],"MEDIAN_VALUE":[45,40],"P75_VALUE":[60,61],"P90_VALUE":[88,75],"MAX_VALUE":[99,97]}}
