{"PREVALENCE_BY_GENDER_AGE_YEAR":{"TRELLIS_NAME":["0-9","90-99","20-29","10-19","30-39","70-79","40-49","80-89","60-69","70-79","90-99","50-59","0-9","50-59","20-29","40-49","10-19","60-69","30-39"],"SERIES_NAME":["FEMALE","MALE","FEMALE","FEMALE","FEMALE","MALE","FEMALE","FEMALE","FEMALE","FEMALE","FEMALE","FEMALE","MALE","MALE","MALE","MALE","MALE","MALE","MALE"],"X_CALENDAR_YEAR":[2019,2019,2019,2019,2019,2019,2019,2019,2019,2019,2019,2019,2019,2019,2019,2019,2019,2019,2019],"Y_PREVALENCE_1000PP":[2.94737,4.58453,3.67156,2.84153,3.57665,3.99391,2.85919,4.03691,5.1059,4.25375,5.55247,3.91191,2.22717,4.40399,3.36587,3.65337,3.90266,5.80046,3.05603]},"PREVALENCE_BY_MONTH":{"X_CALENDAR_MONTH":[201901,201902,201903,201904,201905,201906,201907,201908,201909,201910,201911,201912],"Y_PREVALENCE_1000PP":[0.47,0.2,0.25,0.4,0.23,0.28,0.35,0.27,0.28,0.47,0.28,0.31]},"CONDITIONS_BY_TYPE":{"CONCEPT_NAME":"Claim","COUNT_VALUE":499},"AGE_AT_FIRST_DIAGNOSIS":{"CATEGORY":["MALE","FEMALE","No matching concept"],"MIN_VALUE":[0,0,12],"P10_VALUE":[14,15,21],"P25_VALUE":[29,28,22],"MEDIAN_VALUE":[50,50,52],"P75_VALUE":[64,66,67],"P90_VALUE":[75,78,73],"MAX_VALUE":[98,99,86]}}
