{"PREVALENCE_BY_GENDER_AGE_YEAR":{"TRELLIS_NAME":["60-69","50-59","70-79","20-29","0-9","10-19","20-29","40-49","60-69","30-39"],"SERIES_NAME":["FEMALE","FEMALE","FEMALE","FEMALE","FEMALE","MALE","MALE","MALE","MALE","MALE"],"X_CALENDAR_YEAR":[2019,2019,2019,2019,2019,2019,2019,2019,2019,2019],"Y_PREVALENCE_1000PP":[1.90259,1.01405,1.48258,0.99917,1.47244,2.52062,2.02224,1.02384,1.34615,1.3557]},"PREVALENCE_BY_MONTH":{"X_CALENDAR_MONTH":[201901,201902,201903,201904,201905,201906,201907,201909,201910,201911,201912],"Y_PREVALENCE_1000PP":[0.09,0.07,0.06,0.21,0.09,0.13,0.06,0.14,0.09,0.09,0.09]},"CONDITIONS_BY_TYPE":{"CONCEPT_NAME":"Claim","COUNT_VALUE":608},"AGE_AT_FIRST_DIAGNOSIS":{"CATEGORY":["FEMALE","MALE"],"MIN_VALUE":[0,1],"P10_VALUE":[9,11],"P25_VALUE":[20,19],"MEDIAN_VALUE":[48,34],"P75_VALUE":[64,55],"P90_VALUE":[75,70],"MAX_VALUE":[85,98]}}
