{"PREVALENCE_BY_GENDER_AGE_YEAR":{"TRELLIS_NAME":["40-49","20-29","50-59","60-69","10-19","30-39","70-79","40-49","60-69","50-59","10-19","30-39","70-79"],"SERIES_NAME":["MALE","MALE","MALE","MALE","MALE","MALE","FEMALE","FEMALE","FEMALE","FEMALE","FEMALE","FEMALE","MALE"],"X_CALENDAR_YEAR":[2019,2019,2019,2019,2019,2019,2019,2019,2019,2019,2019,2019,2019],"Y_PREVALENCE_1000PP":[1.89975,1.00976,2.3488,1.35344,1.37741,1.01868,1.47956,1.14367,1.13464,2.17328,2.84153,2.76378,2.66261]},"PREVALENCE_BY_MONTH":{"X_CALENDAR_MONTH":[201901,201902,201903,201904,201905,201906,201907,201908,201909,201910,201911,201912],"Y_PREVALENCE_1000PP":[0.18,0.1,0.1,0.16,0.11,0.12,0.15,0.15,0.13,0.13,0.08,0.12]},"CONDITIONS_BY_TYPE":{"CONCEPT_NAME":"Claim","COUNT_VALUE":207},"AGE_AT_FIRST_DIAGNOSIS":{"CATEGORY":["MALE","FEMALE"],"MIN_VALUE":[3,3],"P10_VALUE":[16,11],"P25_VALUE":[33,26],"MEDIAN_VALUE":[50,41],"P75_VALUE":[67,58],"P90_VALUE":[74,76],"MAX_VALUE":[78,99]}}
