{"PREVALENCE_BY_GENDER_AGE_YEAR":{"TRELLIS_NAME":["30-39","0-9","20-29","40-49","50-59","70-79","60-69","20-29","50-59","10-19","40-49","30-39"],"SERIES_NAME":["FEMALE","FEMALE","FEMALE","FEMALE","FEMALE","FEMALE","FEMALE","MALE","MALE","MALE","MALE","MALE"],"X_CALENDAR_YEAR":[2019,2019,2019,2019,2019,2019,2019,2019,2019,2019,2019,2019],"Y_PREVALENCE_1000PP":[2.11657,1.89314,2.16486,1.85582,1.59351,1.6679,1.52207,1.6852,1.32023,1.60403,1.31637,1.52517]},"PREVALENCE_BY_MONTH":{"X_CALENDAR_MONTH":[201901,201902,201903,201904,201905,201906,201907,201908,201909,201910,201911,201912],"Y_PREVALENCE_1000PP":[0.11,0.08,0.11,0.12,0.16,0.11,0.14,0.16,0.09,0.14,0.14,0.14]},"CONDITIONS_BY_TYPE":{"CONCEPT_NAME":"Claim","COUNT_VALUE":840},"AGE_AT_FIRST_DIAGNOSIS":{"CATEGORY":["MALE","FEMALE"],"MIN_VALUE":[7,0],"P10_VALUE":[11,8],"P25_VALUE":[22,24],"MEDIAN_VALUE":[41,42],"P75_VALUE":[57,61],"P90_VALUE":[71,75],"MAX_VALUE":[89,91]}}
