{"PREVALENCE_BY_GENDER_AGE_YEAR":{"TRELLIS_NAME":["30-39","20-29","0-9","30-39","20-29","60-69","40-49","50-59"],"SERIES_NAME":["FEMALE","FEMALE","MALE","MALE","MALE","MALE","MALE","FEMALE"],"X_CALENDAR_YEAR":[2019,2019,2019,2019,2019,2019,2019,2019],"Y_PREVALENCE_1000PP":[1.13969,1.66528,1.78333,1.18624,1.01112,1.34615,1.31637,1.73837]},"PREVALENCE_BY_MONTH":{"X_CALENDAR_MONTH":[201901,201902,201903,201904,201906,201908,201909,201910,201911,201912],"Y_PREVALENCE_1000PP":[0.11,0.1,0.06,0.11,0.1,0.11,0.06,0.13,0.1,0.13]},"CONDITIONS_BY_TYPE":{"CONCEPT_NAME":"Claim","COUNT_VALUE":612},"AGE_AT_FIRST_DIAGNOSIS":{"CATEGORY":["MALE","FEMALE"],"MIN_VALUE":[0,0],"P10_VALUE":[5,12],"P25_VALUE":[23,22],"MEDIAN_VALUE":[41,37],"P75_VALUE":[67,58],"P90_VALUE":[86,71],"MAX_VALUE":[96,99]}}
