{"PREVALENCE_BY_GENDER_AGE_YEAR":{"TRELLIS_NAME":["40-49","30-39","20-29","70-79","70-79","50-59","60-69","40-49","50-59","10-19","20-29","0-9","30-39"],"SERIES_NAME":["FEMALE","FEMALE","FEMALE","MALE","FEMALE","FEMALE","FEMALE","MALE","MALE","MALE","MALE","MALE","MALE"],"X_CALENDAR_YEAR":[2019,2019,2019,2019,2019,2019,2019,2019,2019,2019,2019,2019,2019],"Y_PREVALENCE_1000PP":[1.42959,1.62575,1.83578,2.28224,1.84945,1.15908,1.32375,1.31521,2.0552,1.37741,1.51464,1.78174,2.20713]},"PREVALENCE_BY_MONTH":{"X_CALENDAR_MONTH":[201901,201902,201903,201904,201906,201907,201908,201909,201910,201911,201912],"Y_PREVALENCE_1000PP":[0.18,0.11,0.16,0.15,0.12,0.2,0.14,0.12,0.14,0.09,0.11]},"CONDITIONS_BY_TYPE":{"CONCEPT_NAME":"Claim","COUNT_VALUE":207},"AGE_AT_FIRST_DIAGNOSIS":{"CATEGORY":["MALE","FEMALE"],"MIN_VALUE":[0,2],"P10_VALUE":[10,18],"P25_VALUE":[25,27],"MEDIAN_VALUE":[45,46],"P75_VALUE":[69,69],"P90_VALUE":[78,78],"MAX_VALUE":[97,97]}}
