{"PREVALENCE_BY_GENDER_AGE_YEAR":{"TRELLIS_NAME":["40-49","10-19","30-39","70-79","20-29","60-69","50-59","70-79","60-69","0-9","20-29","30-39","10-19","50-59","40-49"],"SERIES_NAME":["FEMALE","FEMALE","FEMALE","MALE","FEMALE","FEMALE","FEMALE","FEMALE","MALE","MALE","MALE","MALE","MALE","MALE","MALE"],"X_CALENDAR_YEAR":[2019,2019,2019,2019,2019,2019,2019,2019,2019,2019,2019,2019,2019,2019,2019],"Y_PREVALENCE_1000PP":[1.71306,1.53039,1.30251,2.4682,2.33139,3.2344,1.88324,1.6679,2.30769,2.67499,2.35929,2.88087,2.29148,1.907,1.75516]},"PREVALENCE_BY_MONTH":{"X_CALENDAR_MONTH":[201901,201902,201903,201904,201905,201906,201907,201908,201909,201910,201911,201912],"Y_PREVALENCE_1000PP":[0.21,0.17,0.22,0.18,0.14,0.15,0.23,0.18,0.08,0.15,0.21,0.15]},"CONDITIONS_BY_TYPE":{"CONCEPT_NAME":"Claim","COUNT_VALUE":1088},"AGE_AT_FIRST_DIAGNOSIS":{"CATEGORY":["FEMALE","MALE"],"MIN_VALUE":[0,0],"P10_VALUE":[14,9],"P25_VALUE":[27,21],"MEDIAN_VALUE":[50,40],"P75_VALUE":[66,63],"P90_VALUE":[76,75],"MAX_VALUE":[99,95]}}
