{"PREVALENCE_BY_GENDER_AGE_YEAR":{"TRELLIS_NAME":["40-49","20-29","50-59","0-9","60-69","30-39","10-19","70-79","90-99","50-59","60-69","80-89","70-79","40-49","30-39","0-9","20-29","90-99","10-19"],"SERIES_NAME":["MALE","MALE","MALE","MALE","MALE","MALE","MALE","FEMALE","FEMALE","FEMALE","FEMALE","FEMALE","MALE","FEMALE","FEMALE","FEMALE","FEMALE","MALE","FEMALE"],"X_CALENDAR_YEAR":[2019,2019,2019,2019,2019,2019,2019,2019,2019,2019,2019,2019,2019,2019,2019,2019,2019,2019,2019],"Y_PREVALENCE_1000PP":[2.779,3.03337,2.34707,3.12082,2.30769,2.54194,1.83318,2.96516,4.45931,3.04216,2.47336,3.45821,2.4682,2.28408,2.76783,2.31384,2.33139,3.9886,3.06078]},"PREVALENCE_BY_MONTH":{"X_CALENDAR_MONTH":[201901,201902,201903,201904,201905,201906,201907,201908,201909,201910,201911,201912],"Y_PREVALENCE_1000PP":[0.32,0.23,0.13,0.28,0.21,0.21,0.21,0.15,0.23,0.27,0.18,0.24]},"CONDITIONS_BY_TYPE":{"CONCEPT_NAME":"Claim","COUNT_VALUE":1440},"AGE_AT_FIRST_DIAGNOSIS":{"CATEGORY":["MALE","FEMALE"],"MIN_VALUE":[0,0],"P10_VALUE":[8,12],"P25_VALUE":[25,24],"MEDIAN_VALUE":[44,45],"P75_VALUE":[62,67],"P90_VALUE":[79,80],"MAX_VALUE":[96,99]}}
