{"PREVALENCE_BY_GENDER_AGE_YEAR":{"TRELLIS_NAME":["40-49","70-79","50-59","90-99","60-69","20-29","30-39","0-9","50-59","10-19","40-49","20-29","10-19","60-69","30-39","70-79","0-9","90-99"],"SERIES_NAME":["FEMALE","FEMALE","FEMALE","FEMALE","FEMALE","MALE","MALE","MALE","MALE","MALE","MALE","FEMALE","FEMALE","MALE","FEMALE","MALE","FEMALE","MALE"],"X_CALENDAR_YEAR":[2019,2019,2019,2019,2019,2019,2019,2019,2019,2019,2019,2019,2019,2019,2019,2019,2019,2019],"Y_PREVALENCE_1000PP":[4.71766,4.62364,3.91191,4.99722,3.02572,4.20734,4.9236,3.56347,3.37639,2.52525,2.92269,4.33912,2.62295,4.06032,2.6012,5.13503,3.78947,5.15759]},"PREVALENCE_BY_MONTH":{"X_CALENDAR_MONTH":[201901,201902,201903,201904,201905,201906,201907,201908,201909,201910,201911,201912],"Y_PREVALENCE_1000PP":[0.36,0.25,0.36,0.3,0.34,0.31,0.45,0.31,0.29,0.36,0.24,0.22]},"CONDITIONS_BY_TYPE":{"CONCEPT_NAME":"Claim","COUNT_VALUE":504},"AGE_AT_FIRST_DIAGNOSIS":{"CATEGORY":["FEMALE","No matching concept","MALE"],"MIN_VALUE":[1,22,0],"P10_VALUE":[11,22,14],"P25_VALUE":[26,24,28],"MEDIAN_VALUE":[46,45,47],"P75_VALUE":[65,57,66],"P90_VALUE":[77,95,77],"MAX_VALUE":[99,95,99]}}
