{"PREVALENCE_BY_GENDER_AGE_YEAR":{"TRELLIS_NAME":["60-69","70-79","50-59","40-49","0-9","20-29","30-39","50-59","60-69","30-39","0-9","90-99","20-29","70-79","40-49","10-19"],"SERIES_NAME":["FEMALE","FEMALE","FEMALE","MALE","MALE","MALE","MALE","MALE","MALE","FEMALE","FEMALE","MALE","FEMALE","MALE","FEMALE","FEMALE"],"X_CALENDAR_YEAR":[2019,2019,2019,2019,2019,2019,2019,2019,2019,2019,2019,2019,2019,2019,2019,2019],"Y_PREVALENCE_1000PP":[1.51286,2.77418,3.33237,2.19202,1.78174,2.86099,2.88625,1.9084,1.93349,2.43863,2.31579,3.4384,2.67023,2.28224,1.57255,2.84153]},"PREVALENCE_BY_MONTH":{"X_CALENDAR_MONTH":[201901,201902,201903,201904,201905,201906,201907,201908,201909,201910,201911,201912],"Y_PREVALENCE_1000PP":[0.31,0.15,0.16,0.18,0.19,0.21,0.26,0.16,0.13,0.23,0.15,0.17]},"CONDITIONS_BY_TYPE":{"CONCEPT_NAME":"Claim","COUNT_VALUE":303},"AGE_AT_FIRST_DIAGNOSIS":{"CATEGORY":["FEMALE","MALE"],"MIN_VALUE":[3,0],"P10_VALUE":[10,19],"P25_VALUE":[25,27],"MEDIAN_VALUE":[45,46],"P75_VALUE":[61,64],"P90_VALUE":[75,76],"MAX_VALUE":[99,99]}}
