{"PREVALENCE_BY_GENDER_AGE_YEAR":{"TRELLIS_NAME":["10-19","60-69","30-39","20-29","0-9","40-49","50-59","10-19","0-9","40-49","20-29","70-79","30-39","60-69","90-99","50-59"],"SERIES_NAME":["MALE","MALE","MALE","MALE","MALE","MALE","MALE","FEMALE","FEMALE","FEMALE","FEMALE","MALE","FEMALE","FEMALE","FEMALE","FEMALE"],"X_CALENDAR_YEAR":[2019,2019,2019,2019,2019,2019,2019,2019,2019,2019,2019,2019,2019,2019,2019,2019],"Y_PREVALENCE_1000PP":[2.29148,1.92308,2.20302,2.19077,2.45207,1.75516,1.61361,2.62352,2.31384,1.57031,3.99667,2.4682,1.95376,2.09285,3.34448,1.73837]},"PREVALENCE_BY_MONTH":{"X_CALENDAR_MONTH":[201901,201902,201903,201904,201905,201906,201907,201908,201909,201910,201911,201912],"Y_PREVALENCE_1000PP":[0.19,0.16,0.22,0.21,0.15,0.15,0.15,0.17,0.18,0.18,0.14,0.19]},"CONDITIONS_BY_TYPE":{"CONCEPT_NAME":"Claim","COUNT_VALUE":1116},"AGE_AT_FIRST_DIAGNOSIS":{"CATEGORY":["MALE","FEMALE"],"MIN_VALUE":[0,0],"P10_VALUE":[9,5],"P25_VALUE":[22,20],"MEDIAN_VALUE":[44,35],"P75_VALUE":[63,59],"P90_VALUE":[77,81],"MAX_VALUE":[97,99]}}
