{"PREVALENCE_BY_GENDER_AGE_YEAR":{"TRELLIS_NAME":["90-99","50-59","70-79","80-89","60-69","90-99","40-49","70-79","80-89","10-19","30-39","0-9","20-29","0-9","60-69","10-19","40-49","50-59","30-39","20-29"],"SERIES_NAME":["FEMALE","FEMALE","FEMALE","FEMALE","FEMALE","MALE","FEMALE","MALE","MALE","FEMALE","FEMALE","FEMALE","FEMALE","MALE","MALE","MALE","MALE","MALE","MALE","MALE"],"X_CALENDAR_YEAR":[2019,2019,2019,2019,2019,2019,2019,2019,2019,2019,2019,2019,2019,2019,2019,2019,2019,2019,2019,2019],"Y_PREVALENCE_1000PP":[25.54137,22.74703,26.07731,22.49135,23.82753,21.7765,22.30164,27.9574,24.84815,25.35519,24.06113,24,24.53271,24.49889,23.3952,23.41598,20.31273,21.43277,24.44822,26.42208]},"PREVALENCE_BY_MONTH":{"X_CALENDAR_MONTH":[201901,201902,201903,201904,201905,201906,201907,201908,201909,201910,201911,201912],"Y_PREVALENCE_1000PP":[2.22,1.66,1.73,2.17,1.77,1.82,2.36,2.09,1.7,2.63,2.01,1.93]},"CONDITIONS_BY_TYPE":{"CONCEPT_NAME":"Claim","COUNT_VALUE":3319},"AGE_AT_FIRST_DIAGNOSIS":{"CATEGORY":["FEMALE","No matching concept","MALE"],"MIN_VALUE":[0,3,0],"P10_VALUE":[10,9,10],"P25_VALUE":[25,27,25],"MEDIAN_VALUE":[44,48,44],"P75_VALUE":[64,62,65],"P90_VALUE":[77,86,77],"MAX_VALUE":[99,98,99]}}
