{"PREVALENCE_BY_GENDER_AGE_YEAR":{"TRELLIS_NAME":["10-19","60-69","40-49","0-9","20-29","30-39","50-59","90-99","60-69","70-79","50-59","10-19","70-79","30-39","40-49","80-89","20-29","90-99","0-9"],"SERIES_NAME":["MALE","MALE","MALE","MALE","MALE","MALE","MALE","FEMALE","FEMALE","FEMALE","FEMALE","FEMALE","MALE","FEMALE","FEMALE","MALE","FEMALE","MALE","FEMALE"],"X_CALENDAR_YEAR":[2019,2019,2019,2019,2019,2019,2019,2019,2019,2019,2019,2019,2019,2019,2019,2019,2019,2019,2019],"Y_PREVALENCE_1000PP":[3.90266,4.06032,2.92269,5.12249,3.36587,4.58404,3.22959,4.99722,3.21483,3.69891,2.89771,3.06011,5.51541,3.9018,4.00286,3.31309,5.34045,4.01146,3.78947]},"PREVALENCE_BY_MONTH":{"X_CALENDAR_MONTH":[201901,201902,201903,201904,201905,201906,201907,201908,201909,201910,201911,201912],"Y_PREVALENCE_1000PP":[0.47,0.32,0.31,0.36,0.35,0.35,0.35,0.32,0.23,0.33,0.22,0.31]},"CONDITIONS_BY_TYPE":{"CONCEPT_NAME":"Claim","COUNT_VALUE":519},"AGE_AT_FIRST_DIAGNOSIS":{"CATEGORY":["No matching concept","FEMALE","MALE"],"MIN_VALUE":[0,0,1],"P10_VALUE":[27,10,9],"P25_VALUE":[30,24,22],"MEDIAN_VALUE":[37,41,43],"P75_VALUE":[58,62,65],"P90_VALUE":[68,79,78],"MAX_VALUE":[79,99,96]}}
