{"PREVALENCE_BY_GENDER_AGE_YEAR":{"TRELLIS_NAME":["30-39","10-19","50-59","60-69","20-29","40-49","50-59","60-69","70-79","40-49","70-79","0-9","30-39","10-19","20-29"],"SERIES_NAME":["MALE","MALE","MALE","MALE","MALE","MALE","FEMALE","FEMALE","FEMALE","FEMALE","MALE","FEMALE","FEMALE","FEMALE","FEMALE"],"X_CALENDAR_YEAR":[2019,2019,2019,2019,2019,2019,2019,2019,2019,2019,2019,2019,2019,2019,2019],"Y_PREVALENCE_1000PP":[2.37691,3.67309,2.6424,1.93349,1.68294,2.04589,1.73863,1.70197,2.21935,1.71551,1.71168,1.26316,1.78833,2.84153,2.16956]},"PREVALENCE_BY_MONTH":{"X_CALENDAR_MONTH":[201901,201902,201903,201904,201905,201906,201907,201908,201909,201910,201911,201912],"Y_PREVALENCE_1000PP":[0.2,0.17,0.12,0.2,0.17,0.12,0.18,0.15,0.25,0.18,0.15,0.12]},"CONDITIONS_BY_TYPE":{"CONCEPT_NAME":"Claim","COUNT_VALUE":279},"AGE_AT_FIRST_DIAGNOSIS":{"CATEGORY":["MALE","FEMALE"],"MIN_VALUE":[3,0],"P10_VALUE":[12,13],"P25_VALUE":[23,25],"MEDIAN_VALUE":[42,44],"P75_VALUE":[58,64],"P90_VALUE":[71,79],"MAX_VALUE":[95,95]}}
