{"PREVALENCE_BY_GENDER_AGE_YEAR":{"TRELLIS_NAME":["50-59","60-69","70-79","30-39","10-19","0-9","20-29","70-79","40-49","60-69","30-39","0-9","20-29","50-59","40-49","10-19"],"SERIES_NAME":["FEMALE","FEMALE","FEMALE","FEMALE","FEMALE","FEMALE","FEMALE","MALE","FEMALE","MALE","MALE","MALE","MALE","MALE","MALE","MALE"],"X_CALENDAR_YEAR":[2019,2019,2019,2019,2019,2019,2019,2019,2019,2019,2019,2019,2019,2019,2019,2019],"Y_PREVALENCE_1000PP":[2.60794,3.02572,2.95913,4.55211,2.62295,4.42105,2.50334,2.28224,3.43102,2.51353,3.73514,3.34076,2.6927,2.7892,3.65337,3.21396]},"PREVALENCE_BY_MONTH":{"X_CALENDAR_MONTH":[201901,201902,201903,201904,201905,201906,201907,201908,201909,201910,201911,201912],"Y_PREVALENCE_1000PP":[0.33,0.3,0.33,0.22,0.23,0.19,0.32,0.18,0.24,0.31,0.24,0.19]},"CONDITIONS_BY_TYPE":{"CONCEPT_NAME":"Claim","COUNT_VALUE":422},"AGE_AT_FIRST_DIAGNOSIS":{"CATEGORY":["MALE","FEMALE"],"MIN_VALUE":[0,0],"P10_VALUE":[9,8],"P25_VALUE":[23,25],"MEDIAN_VALUE":[43,41],"P75_VALUE":[59,58],"P90_VALUE":[74,75],"MAX_VALUE":[98,96]}}
