{"PREVALENCE_BY_GENDER_AGE_YEAR":{"TRELLIS_NAME":["0-9","30-39","40-49","10-19","50-59","20-29","60-69","80-89","70-79","40-49","20-29","30-39","10-19","0-9","70-79","60-69","50-59"],"SERIES_NAME":["MALE","MALE","MALE","MALE","MALE","MALE","MALE","MALE","MALE","FEMALE","FEMALE","FEMALE","FEMALE","FEMALE","FEMALE","FEMALE","FEMALE"],"X_CALENDAR_YEAR":[2019,2019,2019,2019,2019,2019,2019,2019,2019,2019,2019,2019,2019,2019,2019,2019,2019],"Y_PREVALENCE_1000PP":[2.89532,2.20713,2.19202,1.83655,2.3488,1.85123,2.51353,3.31309,3.04298,1.71551,2.83712,1.46318,1.96721,3.36842,1.10967,2.26929,2.89771]},"PREVALENCE_BY_MONTH":{"X_CALENDAR_MONTH":[201901,201902,201903,201904,201905,201906,201907,201908,201909,201910,201911,201912],"Y_PREVALENCE_1000PP":[0.31,0.16,0.17,0.17,0.2,0.2,0.13,0.2,0.16,0.22,0.2,0.16]},"CONDITIONS_BY_TYPE":{"CONCEPT_NAME":"Claim","COUNT_VALUE":306},"AGE_AT_FIRST_DIAGNOSIS":{"CATEGORY":["MALE","FEMALE"],"MIN_VALUE":[1,0],"P10_VALUE":[9,6],"P25_VALUE":[26,20],"MEDIAN_VALUE":[48,41],"P75_VALUE":[67,58],"P90_VALUE":[78,74],"MAX_VALUE":[99,97]}}
