{"PREVALENCE_BY_GENDER_AGE_YEAR":{"TRELLIS_NAME":["40-49","70-79","90-99","80-89","50-59","60-69","10-19","70-79","30-39","80-89","20-29","0-9","90-99","60-69","50-59","30-39","0-9","40-49","10-19","20-29"],"SERIES_NAME":["FEMALE","FEMALE","FEMALE","FEMALE","FEMALE","FEMALE","FEMALE","MALE","FEMALE","MALE","FEMALE","FEMALE","MALE","MALE","MALE","MALE","MALE","MALE","MALE","MALE"],"X_CALENDAR_YEAR":[2019,2019,2019,2019,2019,2019,2019,2019,2019,2019,2019,2019,2019,2019,2019,2019,2019,2019,2019,2019],"Y_PREVALENCE_1000PP":[8.4346,7.02793,8.88395,8.07382,6.08519,6.99697,6.12022,6.27615,4.55211,7.17835,7.17623,5.05263,4.01146,7.15391,6.60599,7.64007,7.7951,5.55312,6.65748,7.06833]},"PREVALENCE_BY_MONTH":{"X_CALENDAR_MONTH":[201901,201902,201903,201904,201905,201906,201907,201908,201909,201910,201911,201912],"Y_PREVALENCE_1000PP":[0.7,0.54,0.33,0.61,0.51,0.49,0.63,0.51,0.56,0.68,0.53,0.63]},"CONDITIONS_BY_TYPE":{"CONCEPT_NAME":"Claim","COUNT_VALUE":903},"AGE_AT_FIRST_DIAGNOSIS":{"CATEGORY":["FEMALE","No matching concept","MALE"],"MIN_VALUE":[1,9,0],"P10_VALUE":[13,10,9],"P25_VALUE":[27,34,23],"MEDIAN_VALUE":[47,50,43],"P75_VALUE":[64,79,61],"P90_VALUE":[79,87,75],"MAX_VALUE":[99,95,99]}}
