{"PREVALENCE_BY_GENDER_AGE_YEAR":{"TRELLIS_NAME":["0-9","10-19","50-59","30-39","20-29","40-49","60-69","70-79","50-59","40-49","0-9","60-69","70-79","30-39","10-19","20-29"],"SERIES_NAME":["MALE","MALE","MALE","MALE","MALE","MALE","FEMALE","FEMALE","FEMALE","FEMALE","FEMALE","MALE","MALE","FEMALE","FEMALE","FEMALE"],"X_CALENDAR_YEAR":[2019,2019,2019,2019,2019,2019,2019,2019,2019,2019,2019,2019,2019,2019,2019,2019],"Y_PREVALENCE_1000PP":[1.3363,2.52525,1.6148,1.86757,1.51464,1.75362,1.89107,2.0344,1.44886,2.00143,3.15789,1.74014,2.09205,1.46318,1.31148,1.502]},"PREVALENCE_BY_MONTH":{"X_CALENDAR_MONTH":[201901,201902,201903,201904,201905,201906,201907,201908,201909,201910,201911,201912],"Y_PREVALENCE_1000PP":[0.14,0.15,0.18,0.22,0.1,0.17,0.16,0.13,0.1,0.18,0.13,0.12]},"CONDITIONS_BY_TYPE":{"CONCEPT_NAME":"Claim","COUNT_VALUE":236},"AGE_AT_FIRST_DIAGNOSIS":{"CATEGORY":["MALE","FEMALE"],"MIN_VALUE":[0,0],"P10_VALUE":[10,7],"P25_VALUE":[27,20],"MEDIAN_VALUE":[47,45],"P75_VALUE":[65,61],"P90_VALUE":[78,76],"MAX_VALUE":[97,92]}}
