{"PREVALENCE_BY_GENDER_AGE_YEAR":{"TRELLIS_NAME":["20-29","10-19","30-39","40-49","70-79","0-9","50-59","60-69","90-99","70-79","10-19","40-49","30-39","0-9","60-69","20-29","50-59"],"SERIES_NAME":["FEMALE","FEMALE","FEMALE","FEMALE","MALE","FEMALE","FEMALE","FEMALE","FEMALE","FEMALE","MALE","MALE","MALE","MALE","MALE","MALE","MALE"],"X_CALENDAR_YEAR":[2019,2019,2019,2019,2019,2019,2019,2019,2019,2019,2019,2019,2019,2019,2019,2019,2019],"Y_PREVALENCE_1000PP":[1.83578,1.74863,2.27605,1.57255,2.28224,1.47368,2.46305,1.70197,3.33148,2.21935,1.83655,1.89975,1.69779,3.11804,2.51353,2.35611,2.202]},"PREVALENCE_BY_MONTH":{"X_CALENDAR_MONTH":[201901,201902,201903,201904,201905,201906,201907,201908,201909,201910,201911,201912],"Y_PREVALENCE_1000PP":[0.16,0.19,0.17,0.27,0.12,0.11,0.17,0.21,0.18,0.25,0.18,0.16]},"CONDITIONS_BY_TYPE":{"CONCEPT_NAME":"Claim","COUNT_VALUE":287},"AGE_AT_FIRST_DIAGNOSIS":{"CATEGORY":["FEMALE","No matching concept","MALE"],"MIN_VALUE":[0,3,2],"P10_VALUE":[11,3,7],"P25_VALUE":[29,36,22],"MEDIAN_VALUE":[49,48,44],"P75_VALUE":[66,59,65],"P90_VALUE":[80,64,78],"MAX_VALUE":[99,64,98]}}
