{"PREVALENCE_BY_GENDER_AGE_YEAR":{"TRELLIS_NAME":["40-49","70-79","50-59","0-9","40-49","30-39"],"SERIES_NAME":["FEMALE","FEMALE","FEMALE","MALE","MALE","MALE"],"X_CALENDAR_YEAR":[2019,2019,2019,2019,2019,2019],"Y_PREVALENCE_1000PP":[1.42755,1.11193,1.15892,2.00624,1.02384,1.18624]},"PREVALENCE_BY_MONTH":{"X_CALENDAR_MONTH":[201901,201902,201903,201906,201907,201909,201910,201911,201912],"Y_PREVALENCE_1000PP":[0.07,0.07,0.1,0.06,0.1,0.11,0.07,0.06,0.09]},"CONDITIONS_BY_TYPE":{"CONCEPT_NAME":"Claim","COUNT_VALUE":452},"AGE_AT_FIRST_DIAGNOSIS":{"CATEGORY":["MALE","FEMALE"],"MIN_VALUE":[0,0],"P10_VALUE":[6,22],"P25_VALUE":[11,42],"MEDIAN_VALUE":[40,50],"P75_VALUE":[58,66],"P90_VALUE":[72,77],"MAX_VALUE":[89,98]}}
