{"PREVALENCE_BY_GENDER_AGE_YEAR":{"TRELLIS_NAME":["70-79","60-69","50-59","30-39","50-59","0-9","20-29","40-49","30-39","10-19","40-49","0-9","20-29","70-79"],"SERIES_NAME":["FEMALE","FEMALE","FEMALE","MALE","MALE","MALE","MALE","MALE","FEMALE","FEMALE","FEMALE","FEMALE","FEMALE","MALE"],"X_CALENDAR_YEAR":[2019,2019,2019,2019,2019,2019,2019,2019,2019,2019,2019,2019,2019,2019],"Y_PREVALENCE_1000PP":[1.47956,1.89107,1.73863,2.03735,2.0552,2.89532,1.68294,1.89975,2.27605,2.62295,2.28735,1.26316,2.00267,1.14112]},"PREVALENCE_BY_MONTH":{"X_CALENDAR_MONTH":[201901,201902,201903,201904,201905,201906,201907,201908,201909,201910,201911,201912],"Y_PREVALENCE_1000PP":[0.16,0.19,0.15,0.16,0.24,0.13,0.11,0.17,0.14,0.21,0.12,0.11]},"CONDITIONS_BY_TYPE":{"CONCEPT_NAME":"Claim","COUNT_VALUE":257},"AGE_AT_FIRST_DIAGNOSIS":{"CATEGORY":["MALE","FEMALE"],"MIN_VALUE":[0,1],"P10_VALUE":[4,12],"P25_VALUE":[23,26],"MEDIAN_VALUE":[43,41],"P75_VALUE":[57,63],"P90_VALUE":[75,79],"MAX_VALUE":[99,99]}}
