{"PREVALENCE_BY_GENDER_AGE_YEAR":{"TRELLIS_NAME":["20-29","50-59","60-69","30-39","10-19","0-9","40-49","70-79","20-29","30-39","90-99","40-49","10-19","0-9","80-89","80-89","70-79","90-99","50-59","60-69"],"SERIES_NAME":["MALE","MALE","MALE","MALE","MALE","MALE","MALE","MALE","FEMALE","FEMALE","MALE","FEMALE","FEMALE","FEMALE","MALE","FEMALE","FEMALE","FEMALE","FEMALE","FEMALE"],"X_CALENDAR_YEAR":[2019,2019,2019,2019,2019,2019,2019,2019,2019,2019,2019,2019,2019,2019,2019,2019,2019,2019,2019,2019],"Y_PREVALENCE_1000PP":[33.82699,31.12155,33.64269,35.31409,39.2562,33.63029,33.75712,32.1415,30.04005,32.67761,29.22636,32.59471,34.53552,34.31579,33.68305,25.37486,32.92029,28.3176,32.45436,31.77005]},"PREVALENCE_BY_MONTH":{"X_CALENDAR_MONTH":[201901,201902,201903,201904,201905,201906,201907,201908,201909,201910,201911,201912],"Y_PREVALENCE_1000PP":[3.32,2.63,2.47,3.11,2.69,2.83,3.24,2.29,2.57,3.53,2.44,2.24]},"CONDITIONS_BY_TYPE":{"CONCEPT_NAME":"Claim","COUNT_VALUE":4531},"AGE_AT_FIRST_DIAGNOSIS":{"CATEGORY":["No matching concept","FEMALE","MALE"],"MIN_VALUE":[2,0,0],"P10_VALUE":[10,9,10],"P25_VALUE":[20,24,24],"MEDIAN_VALUE":[48,44,44],"P75_VALUE":[69,62,62],"P90_VALUE":[77,76,77],"MAX_VALUE":[99,99,99]}}
