{"PREVALENCE_BY_GENDER_AGE_YEAR":{"TRELLIS_NAME":["40-49","40-49","0-9","20-29","50-59","10-19"],"SERIES_NAME":["FEMALE","MALE","MALE","MALE","MALE","FEMALE"],"X_CALENDAR_YEAR":[2019,2019,2019,2019,2019,2019],"Y_PREVALENCE_1000PP":[0.85776,0.87681,1.3363,1.34635,1.0276,1.53005]},"PREVALENCE_BY_MONTH":{"X_CALENDAR_MONTH":[201904,201906,201907,201908,201909,201910],"Y_PREVALENCE_1000PP":[0.07,0.11,0.09,0.08,0.09,0.11]},"CONDITIONS_BY_TYPE":{"CONCEPT_NAME":"Claim","COUNT_VALUE":116},"AGE_AT_FIRST_DIAGNOSIS":{"CATEGORY":["FEMALE","MALE"],"MIN_VALUE":[7,1],"P10_VALUE":[10,9],"P25_VALUE":[27,22],"MEDIAN_VALUE":[43,41],"P75_VALUE":[65,57],"P90_VALUE":[86,74],"MAX_VALUE":[94,90]}}
