{"PREVALENCE_BY_GENDER_AGE_YEAR":{"TRELLIS_NAME":["60-69","50-59","40-49","80-89","90-99","70-79","40-49","30-39","60-69","50-59","20-29","10-19","0-9","30-39","80-89","70-79","10-19","0-9","90-99","20-29"],"SERIES_NAME":["FEMALE","FEMALE","FEMALE","FEMALE","FEMALE","FEMALE","MALE","MALE","MALE","MALE","MALE","MALE","MALE","FEMALE","MALE","MALE","FEMALE","FEMALE","MALE","FEMALE"],"X_CALENDAR_YEAR":[2019,2019,2019,2019,2019,2019,2019,2019,2019,2019,2019,2019,2019,2019,2019,2019,2019,2019,2019,2019],"Y_PREVALENCE_1000PP":[36.71994,30.71128,30.40685,29.39481,33.44482,27.61305,31.73907,34.06202,34.61538,30.80534,28.81699,28.4143,29.64779,36.30739,25.95251,32.4663,34.32444,30.92133,34.18803,28.97585]},"PREVALENCE_BY_MONTH":{"X_CALENDAR_MONTH":[201901,201902,201903,201904,201905,201906,201907,201908,201909,201910,201911,201912],"Y_PREVALENCE_1000PP":[3.27,2.16,2.48,2.9,2.49,2.49,3.11,2.44,2.26,3.14,2.42,2.57]},"CONDITIONS_BY_TYPE":{"CONCEPT_NAME":"Claim","COUNT_VALUE":17092},"AGE_AT_FIRST_DIAGNOSIS":{"CATEGORY":["FEMALE","No matching concept","MALE"],"MIN_VALUE":[0,0,0],"P10_VALUE":[10,13,11],"P25_VALUE":[25,23,26],"MEDIAN_VALUE":[43,40,45],"P75_VALUE":[62,59,64],"P90_VALUE":[77,73,77],"MAX_VALUE":[99,99,99]}}
