{"PREVALENCE_BY_GENDER_AGE_YEAR":{"TRELLIS_NAME":["60-69","70-79","50-59","40-49","50-59","60-69","30-39","20-29","0-9","10-19","10-19","20-29","0-9","40-49","70-79","30-39"],"SERIES_NAME":["FEMALE","FEMALE","FEMALE","MALE","MALE","MALE","MALE","MALE","MALE","MALE","FEMALE","FEMALE","FEMALE","FEMALE","MALE","FEMALE"],"X_CALENDAR_YEAR":[2019,2019,2019,2019,2019,2019,2019,2019,2019,2019,2019,2019,2019,2019,2019,2019],"Y_PREVALENCE_1000PP":[2.28311,2.22387,2.0281,1.75516,2.05369,2.30769,1.69463,2.35929,3.12082,1.60403,2.18627,3.83014,1.47244,1.71306,2.08848,1.62813]},"PREVALENCE_BY_MONTH":{"X_CALENDAR_MONTH":[201901,201902,201903,201904,201905,201906,201907,201908,201909,201910,201911,201912],"Y_PREVALENCE_1000PP":[0.24,0.16,0.16,0.15,0.16,0.17,0.23,0.2,0.15,0.21,0.13,0.13]},"CONDITIONS_BY_TYPE":{"CONCEPT_NAME":"Claim","COUNT_VALUE":1164},"AGE_AT_FIRST_DIAGNOSIS":{"CATEGORY":["MALE","FEMALE"],"MIN_VALUE":[0,0],"P10_VALUE":[8,15],"P25_VALUE":[25,22],"MEDIAN_VALUE":[46,40],"P75_VALUE":[65,61],"P90_VALUE":[78,75],"MAX_VALUE":[99,99]}}
