{"PREVALENCE_BY_GENDER_AGE_YEAR":{"TRELLIS_NAME":["60-69","70-79","90-99","50-59","80-89","40-49","10-19","20-29","30-39","70-79","90-99","80-89","0-9","50-59","10-19","20-29","30-39","40-49","60-69","0-9"],"SERIES_NAME":["FEMALE","FEMALE","FEMALE","FEMALE","FEMALE","FEMALE","FEMALE","FEMALE","FEMALE","MALE","MALE","MALE","FEMALE","MALE","MALE","MALE","MALE","MALE","MALE","MALE"],"X_CALENDAR_YEAR":[2019,2019,2019,2019,2019,2019,2019,2019,2019,2019,2019,2019,2019,2019,2019,2019,2019,2019,2019,2019],"Y_PREVALENCE_1000PP":[10.84475,12.60193,13.37793,11.15457,13.83285,11.1349,9.40096,11.49042,9.7688,10.06265,11.96581,6.62617,9.88641,14.52252,11.68653,13.65015,11.01508,13.30993,12.11538,7.80205]},"PREVALENCE_BY_MONTH":{"X_CALENDAR_MONTH":[201901,201902,201903,201904,201905,201906,201907,201908,201909,201910,201911,201912],"Y_PREVALENCE_1000PP":[1.14,0.84,0.99,1.11,0.86,0.8,1.24,0.94,0.7,1.01,0.83,1.07]},"CONDITIONS_BY_TYPE":{"CONCEPT_NAME":"Claim","COUNT_VALUE":6256},"AGE_AT_FIRST_DIAGNOSIS":{"CATEGORY":["MALE","No matching concept","FEMALE"],"MIN_VALUE":[0,0,0],"P10_VALUE":[15,10,12],"P25_VALUE":[28,27,26],"MEDIAN_VALUE":[45,50,46],"P75_VALUE":[60,70,65],"P90_VALUE":[75,81,78],"MAX_VALUE":[99,89,99]}}
