{"PREVALENCE_BY_GENDER_AGE_YEAR":{"TRELLIS_NAME":["70-79","40-49","30-39","50-59","60-69","10-19","50-59","30-39"],"SERIES_NAME":["MALE","FEMALE","FEMALE","FEMALE","FEMALE","MALE","MALE","MALE"],"X_CALENDAR_YEAR":[2019,2019,2019,2019,2019,2019,2019,2019],"Y_PREVALENCE_1000PP":[1.13917,0.85653,1.13969,0.86919,1.33181,1.60403,1.46692,1.3557]},"PREVALENCE_BY_MONTH":{"X_CALENDAR_MONTH":[201901,201902,201903,201904,201906,201907,201909,201910,201911,201912],"Y_PREVALENCE_1000PP":[0.06,0.09,0.1,0.07,0.09,0.06,0.09,0.07,0.08,0.06]},"CONDITIONS_BY_TYPE":{"CONCEPT_NAME":"Claim","COUNT_VALUE":448},"AGE_AT_FIRST_DIAGNOSIS":{"CATEGORY":["FEMALE","MALE"],"MIN_VALUE":[0,12],"P10_VALUE":[5,14],"P25_VALUE":[33,33],"MEDIAN_VALUE":[46,50],"P75_VALUE":[66,60],"P90_VALUE":[78,77],"MAX_VALUE":[95,99]}}
