{"PREVALENCE_BY_GENDER_AGE_YEAR":{"TRELLIS_NAME":["70-79","50-59","60-69","10-19","0-9","90-99","20-29","40-49","30-39","70-79","20-29","60-69","50-59","30-39","10-19","40-49","0-9"],"SERIES_NAME":["FEMALE","FEMALE","FEMALE","FEMALE","FEMALE","MALE","FEMALE","FEMALE","FEMALE","MALE","MALE","MALE","MALE","MALE","MALE","MALE","MALE"],"X_CALENDAR_YEAR":[2019,2019,2019,2019,2019,2019,2019,2019,2019,2019,2019,2019,2019,2019,2019,2019,2019],"Y_PREVALENCE_1000PP":[2.21935,1.88351,2.26929,2.18579,2.10526,3.4384,2.50334,1.14367,1.9509,2.09205,3.19758,1.74014,1.9084,1.69779,2.29568,2.92269,1.3363]},"PREVALENCE_BY_MONTH":{"X_CALENDAR_MONTH":[201901,201902,201903,201904,201905,201906,201907,201908,201909,201910,201911,201912],"Y_PREVALENCE_1000PP":[0.18,0.16,0.12,0.18,0.19,0.25,0.18,0.16,0.13,0.27,0.15,0.17]},"CONDITIONS_BY_TYPE":{"CONCEPT_NAME":"Claim","COUNT_VALUE":293},"AGE_AT_FIRST_DIAGNOSIS":{"CATEGORY":["MALE","FEMALE","No matching concept"],"MIN_VALUE":[2,0,5],"P10_VALUE":[15,9,5],"P25_VALUE":[25,22,26],"MEDIAN_VALUE":[41,42,46],"P75_VALUE":[62,67,56],"P90_VALUE":[79,76,69],"MAX_VALUE":[99,98,69]}}
