{"PREVALENCE_BY_GENDER_AGE_YEAR":{"TRELLIS_NAME":["50-59","60-69","40-49","30-39","20-29","50-59","0-9","40-49","30-39","70-79","10-19","0-9"],"SERIES_NAME":["FEMALE","FEMALE","MALE","MALE","MALE","MALE","MALE","FEMALE","FEMALE","MALE","FEMALE","FEMALE"],"X_CALENDAR_YEAR":[2019,2019,2019,2019,2019,2019,2019,2019,2019,2019,2019,2019],"Y_PREVALENCE_1000PP":[1.44865,1.33181,1.31637,1.69463,1.85372,0.88015,1.33749,1.71306,0.97688,1.89861,1.74902,2.10349]},"PREVALENCE_BY_MONTH":{"X_CALENDAR_MONTH":[201901,201902,201904,201905,201906,201907,201908,201909,201910,201911,201912],"Y_PREVALENCE_1000PP":[0.16,0.1,0.17,0.13,0.13,0.07,0.13,0.09,0.15,0.08,0.11]},"CONDITIONS_BY_TYPE":{"CONCEPT_NAME":"Claim","COUNT_VALUE":712},"AGE_AT_FIRST_DIAGNOSIS":{"CATEGORY":["FEMALE","MALE"],"MIN_VALUE":[0,1],"P10_VALUE":[8,13],"P25_VALUE":[19,26],"MEDIAN_VALUE":[46,43],"P75_VALUE":[59,64],"P90_VALUE":[75,78],"MAX_VALUE":[97,92]}}
