{"PREVALENCE_BY_GENDER_AGE_YEAR":{"TRELLIS_NAME":["40-49","30-39","60-69","10-19","50-59","60-69","70-79","50-59","30-39","70-79","0-9","40-49","10-19","20-29"],"SERIES_NAME":["MALE","MALE","MALE","MALE","MALE","FEMALE","FEMALE","FEMALE","FEMALE","MALE","FEMALE","FEMALE","FEMALE","FEMALE"],"X_CALENDAR_YEAR":[2019,2019,2019,2019,2019,2019,2019,2019,2019,2019,2019,2019,2019,2019],"Y_PREVALENCE_1000PP":[1.46135,1.18846,3.09358,1.37741,2.0552,1.89107,1.47956,1.44886,2.6012,1.90186,1.68421,1.14367,1.74863,2.67023]},"PREVALENCE_BY_MONTH":{"X_CALENDAR_MONTH":[201901,201902,201903,201904,201905,201906,201907,201908,201909,201910,201911,201912],"Y_PREVALENCE_1000PP":[0.06,0.1,0.12,0.14,0.14,0.16,0.15,0.12,0.17,0.16,0.16,0.19]},"CONDITIONS_BY_TYPE":{"CONCEPT_NAME":"Claim","COUNT_VALUE":225},"AGE_AT_FIRST_DIAGNOSIS":{"CATEGORY":["MALE","FEMALE"],"MIN_VALUE":[2,0],"P10_VALUE":[11,10],"P25_VALUE":[34,23],"MEDIAN_VALUE":[54,36],"P75_VALUE":[68,61],"P90_VALUE":[78,75],"MAX_VALUE":[94,99]}}
