{"PREVALENCE_BY_GENDER_AGE_YEAR":{"TRELLIS_NAME":["20-29","60-69","10-19","0-9","30-39","40-49","50-59","60-69","50-59","70-79","80-89","20-29","40-49","10-19","0-9","80-89","30-39","70-79","90-99"],"SERIES_NAME":["MALE","MALE","MALE","MALE","MALE","MALE","MALE","FEMALE","FEMALE","FEMALE","FEMALE","FEMALE","FEMALE","FEMALE","FEMALE","MALE","FEMALE","MALE","MALE"],"X_CALENDAR_YEAR":[2019,2019,2019,2019,2019,2019,2019,2019,2019,2019,2019,2019,2019,2019,2019,2019,2019,2019,2019],"Y_PREVALENCE_1000PP":[2.19077,2.5,3.43721,2.8979,4.74496,2.63273,3.6673,3.04414,2.31783,2.96516,3.45821,3.49709,3.14061,3.06078,1.89314,6.07399,1.95376,3.60737,3.9886]},"PREVALENCE_BY_MONTH":{"X_CALENDAR_MONTH":[201901,201902,201903,201904,201905,201906,201907,201908,201909,201910,201911,201912],"Y_PREVALENCE_1000PP":[0.41,0.16,0.25,0.25,0.21,0.18,0.3,0.22,0.24,0.31,0.22,0.29]},"CONDITIONS_BY_TYPE":{"CONCEPT_NAME":"Claim","COUNT_VALUE":1640},"AGE_AT_FIRST_DIAGNOSIS":{"CATEGORY":["FEMALE","MALE"],"MIN_VALUE":[1,0],"P10_VALUE":[11,12],"P25_VALUE":[25,29],"MEDIAN_VALUE":[46,46],"P75_VALUE":[64,67],"P90_VALUE":[79,82],"MAX_VALUE":[99,99]}}
