{"PREVALENCE_BY_GENDER_AGE_YEAR":{"TRELLIS_NAME":["20-29","60-69","30-39","40-49","50-59","0-9","10-19","60-69","50-59","70-79","80-89","30-39","40-49","20-29","10-19"],"SERIES_NAME":["MALE","MALE","MALE","MALE","MALE","MALE","MALE","FEMALE","FEMALE","MALE","MALE","FEMALE","FEMALE","FEMALE","FEMALE"],"X_CALENDAR_YEAR":[2019,2019,2019,2019,2019,2019,2019,2019,2019,2019,2019,2019,2019,2019,2019],"Y_PREVALENCE_1000PP":[2.5244,1.35344,2.54669,1.89975,3.52319,2.67261,2.75482,2.26929,1.44886,2.47242,3.31309,1.78833,2.71623,2.33645,1.96721]},"PREVALENCE_BY_MONTH":{"X_CALENDAR_MONTH":[201901,201902,201903,201904,201905,201906,201907,201908,201909,201910,201911,201912],"Y_PREVALENCE_1000PP":[0.23,0.11,0.14,0.24,0.19,0.17,0.13,0.24,0.12,0.18,0.19,0.2]},"CONDITIONS_BY_TYPE":{"CONCEPT_NAME":"Claim","COUNT_VALUE":290},"AGE_AT_FIRST_DIAGNOSIS":{"CATEGORY":["FEMALE","MALE"],"MIN_VALUE":[1,0],"P10_VALUE":[14,11],"P25_VALUE":[26,26],"MEDIAN_VALUE":[42,43],"P75_VALUE":[60,59],"P90_VALUE":[73,79],"MAX_VALUE":[93,99]}}
