{"PREVALENCE_BY_GENDER_AGE_YEAR":{"TRELLIS_NAME":["70-79","0-9","40-49","90-99","80-89","10-19","20-29","30-39","50-59","30-39","20-29","10-19","40-49","60-69","0-9","60-69","70-79","90-99","80-89","50-59"],"SERIES_NAME":["MALE","FEMALE","FEMALE","MALE","MALE","FEMALE","FEMALE","FEMALE","MALE","MALE","MALE","MALE","MALE","MALE","MALE","FEMALE","FEMALE","FEMALE","FEMALE","FEMALE"],"X_CALENDAR_YEAR":[2019,2019,2019,2019,2019,2019,2019,2019,2019,2019,2019,2019,2019,2019,2019,2019,2019,2019,2019,2019],"Y_PREVALENCE_1000PP":[5.70559,6.73684,8.14868,4.58453,7.73054,4.59016,4.83979,7.31588,6.31239,6.28183,6.05857,6.19835,7.01447,7.9273,6.4588,6.24054,5.73331,6.10772,6.34371,8.40336]},"PREVALENCE_BY_MONTH":{"X_CALENDAR_MONTH":[201901,201902,201903,201904,201905,201906,201907,201908,201909,201910,201911,201912],"Y_PREVALENCE_1000PP":[0.64,0.39,0.45,0.56,0.58,0.59,0.65,0.4,0.36,0.7,0.57,0.65]},"CONDITIONS_BY_TYPE":{"CONCEPT_NAME":"Claim","COUNT_VALUE":862},"AGE_AT_FIRST_DIAGNOSIS":{"CATEGORY":["No matching concept","FEMALE","MALE"],"MIN_VALUE":[0,0,0],"P10_VALUE":[9,10,11],"P25_VALUE":[37,29,26],"MEDIAN_VALUE":[51,45,46],"P75_VALUE":[68,60,63],"P90_VALUE":[72,76,76],"MAX_VALUE":[91,99,99]}}
