{"PREVALENCE_BY_GENDER_AGE_YEAR":{"TRELLIS_NAME":["20-29","30-39","70-79","80-89","40-49","0-9","90-99","10-19","90-99","70-79","50-59","60-69","80-89","0-9","50-59","20-29","10-19","60-69","40-49","30-39"],"SERIES_NAME":["FEMALE","FEMALE","MALE","MALE","FEMALE","FEMALE","MALE","FEMALE","FEMALE","FEMALE","FEMALE","FEMALE","FEMALE","MALE","MALE","MALE","MALE","MALE","MALE","MALE"],"X_CALENDAR_YEAR":[2019,2019,2019,2019,2019,2019,2019,2019,2019,2019,2019,2019,2019,2019,2019,2019,2019,2019,2019,2019],"Y_PREVALENCE_1000PP":[12.48959,10.9085,7.59446,13.25235,11.99143,10.93816,9.11681,13.7735,12.2631,11.67532,13.03781,11.22527,5.76369,12.03745,11.00191,11.12235,12.37397,12.69231,10.82346,13.55702]},"PREVALENCE_BY_MONTH":{"X_CALENDAR_MONTH":[201901,201902,201903,201904,201905,201906,201907,201908,201909,201910,201911,201912],"Y_PREVALENCE_1000PP":[1.11,0.83,0.82,1.22,0.89,0.86,1.07,0.91,0.75,1.28,0.89,0.97]},"CONDITIONS_BY_TYPE":{"CONCEPT_NAME":"Claim","COUNT_VALUE":6204},"AGE_AT_FIRST_DIAGNOSIS":{"CATEGORY":["MALE","No matching concept","FEMALE"],"MIN_VALUE":[0,5,0],"P10_VALUE":[10,25,10],"P25_VALUE":[24,39,24],"MEDIAN_VALUE":[43,55,44],"P75_VALUE":[61,74,60],"P90_VALUE":[77,79,75],"MAX_VALUE":[99,85,99]}}
