{"PREVALENCE_BY_GENDER_AGE_YEAR":{"TRELLIS_NAME":["50-59","10-19","0-9","60-69","20-29","30-39","40-49","80-89","90-99","30-39","70-79","20-29","0-9","10-19","60-69","70-79","50-59","40-49"],"SERIES_NAME":["MALE","MALE","MALE","MALE","MALE","MALE","MALE","MALE","MALE","FEMALE","MALE","FEMALE","FEMALE","FEMALE","FEMALE","FEMALE","FEMALE","FEMALE"],"X_CALENDAR_YEAR":[2019,2019,2019,2019,2019,2019,2019,2019,2019,2019,2019,2019,2019,2019,2019,2019,2019,2019],"Y_PREVALENCE_1000PP":[2.936,1.83655,2.00445,2.70688,2.86099,2.71647,2.33816,3.31309,3.4384,3.08893,1.71168,2.00267,3.57895,1.74863,4.16036,1.47956,2.89771,3.8599]},"PREVALENCE_BY_MONTH":{"X_CALENDAR_MONTH":[201901,201902,201903,201904,201905,201906,201907,201908,201909,201910,201911,201912],"Y_PREVALENCE_1000PP":[0.25,0.18,0.23,0.21,0.22,0.24,0.24,0.13,0.22,0.31,0.24,0.2]},"CONDITIONS_BY_TYPE":{"CONCEPT_NAME":"Claim","COUNT_VALUE":367},"AGE_AT_FIRST_DIAGNOSIS":{"CATEGORY":["FEMALE","MALE"],"MIN_VALUE":[0,1],"P10_VALUE":[9,13],"P25_VALUE":[28,26],"MEDIAN_VALUE":[45,48],"P75_VALUE":[60,63],"P90_VALUE":[71,79],"MAX_VALUE":[96,98]}}
