{"PREVALENCE_BY_GENDER_AGE_YEAR":{"TRELLIS_NAME":["60-69","20-29","0-9","30-39","40-49","50-59","10-19","50-59","60-69","70-79","20-29","10-19","40-49","30-39","0-9","70-79"],"SERIES_NAME":["MALE","MALE","MALE","MALE","MALE","MALE","MALE","FEMALE","FEMALE","FEMALE","FEMALE","FEMALE","FEMALE","FEMALE","FEMALE","MALE"],"X_CALENDAR_YEAR":[2019,2019,2019,2019,2019,2019,2019,2019,2019,2019,2019,2019,2019,2019,2019,2019],"Y_PREVALENCE_1000PP":[3.09358,1.51464,2.44989,1.35823,2.77656,2.3488,2.98439,1.59374,1.70197,2.21935,1.502,2.62295,1.28663,3.73923,2.31579,2.09205]},"PREVALENCE_BY_MONTH":{"X_CALENDAR_MONTH":[201901,201902,201903,201904,201905,201906,201907,201908,201909,201910,201911,201912],"Y_PREVALENCE_1000PP":[0.18,0.16,0.15,0.2,0.22,0.14,0.23,0.15,0.1,0.37,0.14,0.08]},"CONDITIONS_BY_TYPE":{"CONCEPT_NAME":"Claim","COUNT_VALUE":279},"AGE_AT_FIRST_DIAGNOSIS":{"CATEGORY":["FEMALE","MALE"],"MIN_VALUE":[1,0],"P10_VALUE":[9,9],"P25_VALUE":[23,24],"MEDIAN_VALUE":[38,47],"P75_VALUE":[61,61],"P90_VALUE":[76,76],"MAX_VALUE":[98,97]}}
