{"PREVALENCE_BY_GENDER_AGE_YEAR":{"TRELLIS_NAME":["40-49","50-59","20-29","10-19","30-39","50-59","70-79","60-69","70-79","10-19","30-39","40-49","0-9"],"SERIES_NAME":["MALE","MALE","MALE","MALE","MALE","FEMALE","FEMALE","FEMALE","MALE","FEMALE","FEMALE","FEMALE","FEMALE"],"X_CALENDAR_YEAR":[2019,2019,2019,2019,2019,2019,2019,2019,2019,2019,2019,2019,2019],"Y_PREVALENCE_1000PP":[1.31637,1.17354,1.17964,2.52062,1.3557,1.01405,1.85322,3.2344,1.13917,1.31176,1.13969,1.85582,1.2621]},"PREVALENCE_BY_MONTH":{"X_CALENDAR_MONTH":[201901,201902,201903,201904,201905,201906,201907,201908,201909,201910,201911,201912],"Y_PREVALENCE_1000PP":[0.11,0.17,0.11,0.17,0.15,0.08,0.11,0.11,0.12,0.17,0.1,0.06]},"CONDITIONS_BY_TYPE":{"CONCEPT_NAME":"Claim","COUNT_VALUE":780},"AGE_AT_FIRST_DIAGNOSIS":{"CATEGORY":["FEMALE","MALE"],"MIN_VALUE":[0,0],"P10_VALUE":[15,12],"P25_VALUE":[33,20],"MEDIAN_VALUE":[51,43],"P75_VALUE":[65,64],"P90_VALUE":[78,84],"MAX_VALUE":[97,96]}}
