{"PREVALENCE_BY_GENDER_AGE_YEAR":{"TRELLIS_NAME":["0-9","70-79","30-39","60-69","20-29","50-59","90-99","60-69","40-49","70-79","30-39","50-59","40-49","10-19","20-29","0-9"],"SERIES_NAME":["FEMALE","MALE","FEMALE","MALE","FEMALE","FEMALE","FEMALE","FEMALE","FEMALE","FEMALE","MALE","MALE","MALE","MALE","MALE","MALE"],"X_CALENDAR_YEAR":[2019,2019,2019,2019,2019,2019,2019,2019,2019,2019,2019,2019,2019,2019,2019,2019],"Y_PREVALENCE_1000PP":[2.10349,1.32903,0.97688,2.11538,1.99833,2.0281,3.34448,2.66362,1.57031,1.48258,2.20302,1.907,2.19394,1.83318,3.03337,2.22916]},"PREVALENCE_BY_MONTH":{"X_CALENDAR_MONTH":[201901,201902,201903,201904,201905,201906,201907,201908,201909,201910,201911,201912],"Y_PREVALENCE_1000PP":[0.19,0.17,0.13,0.15,0.16,0.16,0.15,0.12,0.14,0.16,0.21,0.15]},"CONDITIONS_BY_TYPE":{"CONCEPT_NAME":"Claim","COUNT_VALUE":1032},"AGE_AT_FIRST_DIAGNOSIS":{"CATEGORY":["MALE","FEMALE"],"MIN_VALUE":[4,0],"P10_VALUE":[15,5],"P25_VALUE":[24,26],"MEDIAN_VALUE":[43,50],"P75_VALUE":[59,66],"P90_VALUE":[74,80],"MAX_VALUE":[96,99]}}
