{"PREVALENCE_BY_GENDER_AGE_YEAR":{"TRELLIS_NAME":["80-89","50-59","70-79","60-69","10-19","70-79","20-29","30-39","80-89","40-49","10-19","20-29","60-69","40-49","50-59","30-39"],"SERIES_NAME":["FEMALE","FEMALE","FEMALE","FEMALE","FEMALE","MALE","FEMALE","FEMALE","MALE","FEMALE","MALE","MALE","MALE","MALE","MALE","MALE"],"X_CALENDAR_YEAR":[2019,2019,2019,2019,2019,2019,2019,2019,2019,2019,2019,2019,2019,2019,2019,2019],"Y_PREVALENCE_1000PP":[3.45821,1.30378,1.6679,2.66362,1.53039,2.27834,1.83181,1.62813,3.86527,2.71235,3.20807,1.34816,1.92308,1.31637,1.32023,1.52517]},"PREVALENCE_BY_MONTH":{"X_CALENDAR_MONTH":[201901,201902,201903,201904,201905,201906,201907,201908,201909,201910,201911,201912],"Y_PREVALENCE_1000PP":[0.21,0.16,0.21,0.15,0.16,0.1,0.16,0.11,0.07,0.16,0.2,0.14]},"CONDITIONS_BY_TYPE":{"CONCEPT_NAME":"Claim","COUNT_VALUE":992},"AGE_AT_FIRST_DIAGNOSIS":{"CATEGORY":["FEMALE","No matching concept","MALE"],"MIN_VALUE":[1,1,2],"P10_VALUE":[19,1,14],"P25_VALUE":[30,13,22],"MEDIAN_VALUE":[45,40,49],"P75_VALUE":[67,50,72],"P90_VALUE":[77,73,82],"MAX_VALUE":[97,73,98]}}
