{"PREVALENCE_BY_GENDER_AGE_YEAR":{"TRELLIS_NAME":["30-39","20-29","60-69","50-59","0-9","40-49","10-19","60-69","40-49","70-79","50-59","80-89","10-19","70-79","20-29","30-39","0-9"],"SERIES_NAME":["MALE","MALE","MALE","MALE","MALE","MALE","MALE","FEMALE","FEMALE","FEMALE","FEMALE","FEMALE","FEMALE","MALE","FEMALE","FEMALE","FEMALE"],"X_CALENDAR_YEAR":[2019,2019,2019,2019,2019,2019,2019,2019,2019,2019,2019,2019,2019,2019,2019,2019,2019],"Y_PREVALENCE_1000PP":[3.05033,3.53893,2.69231,1.17354,2.8979,2.48647,1.83318,2.09285,3.14061,3.52113,2.31783,5.18732,2.18627,3.22764,2.49792,2.60501,3.36559]},"PREVALENCE_BY_MONTH":{"X_CALENDAR_MONTH":[201901,201902,201903,201904,201905,201906,201907,201908,201909,201910,201911,201912],"Y_PREVALENCE_1000PP":[0.22,0.16,0.18,0.25,0.23,0.16,0.28,0.25,0.26,0.29,0.21,0.2]},"CONDITIONS_BY_TYPE":{"CONCEPT_NAME":"Claim","COUNT_VALUE":1436},"AGE_AT_FIRST_DIAGNOSIS":{"CATEGORY":["MALE","FEMALE"],"MIN_VALUE":[0,0],"P10_VALUE":[9,8],"P25_VALUE":[25,27],"MEDIAN_VALUE":[41,44],"P75_VALUE":[67,68],"P90_VALUE":[78,82],"MAX_VALUE":[96,99]}}
