{"PREVALENCE_BY_GENDER_AGE_YEAR":{"TRELLIS_NAME":["70-79","0-9","60-69","10-19","90-99","80-89","20-29","30-39","90-99","50-59","70-79","60-69","40-49","20-29","40-49","30-39","0-9","50-59","10-19"],"SERIES_NAME":["MALE","FEMALE","MALE","FEMALE","MALE","MALE","FEMALE","FEMALE","FEMALE","FEMALE","FEMALE","FEMALE","FEMALE","MALE","MALE","MALE","MALE","MALE","MALE"],"X_CALENDAR_YEAR":[2019,2019,2019,2019,2019,2019,2019,2019,2019,2019,2019,2019,2019,2019,2019,2019,2019,2019,2019],"Y_PREVALENCE_1000PP":[3.99391,2.31579,3.67363,2.18579,3.4384,4.41745,3.83845,3.08893,3.88673,3.62214,2.40429,3.21483,3.8599,2.86099,3.94564,3.22581,3.11804,4.55079,2.98439]},"PREVALENCE_BY_MONTH":{"X_CALENDAR_MONTH":[201901,201902,201903,201904,201905,201906,201907,201908,201909,201910,201911,201912],"Y_PREVALENCE_1000PP":[0.33,0.17,0.23,0.33,0.18,0.24,0.34,0.28,0.25,0.47,0.3,0.27]},"CONDITIONS_BY_TYPE":{"CONCEPT_NAME":"Claim","COUNT_VALUE":457},"AGE_AT_FIRST_DIAGNOSIS":{"CATEGORY":["MALE","No matching concept","FEMALE"],"MIN_VALUE":[0,40,1],"P10_VALUE":[13,40,16],"P25_VALUE":[29,47,28],"MEDIAN_VALUE":[49,61,45],"P75_VALUE":[67,81,62],"P90_VALUE":[79,89,76],"MAX_VALUE":[99,89,99]}}
