{"PREVALENCE_BY_GENDER_AGE_YEAR":{"TRELLIS_NAME":["90-99","20-29","10-19","80-89","60-69","70-79","0-9","30-39","30-39","10-19","50-59","40-49","0-9","20-29","40-49","70-79","90-99","80-89","60-69","50-59"],"SERIES_NAME":["MALE","FEMALE","FEMALE","MALE","MALE","MALE","FEMALE","FEMALE","MALE","MALE","MALE","MALE","MALE","MALE","FEMALE","FEMALE","FEMALE","FEMALE","FEMALE","FEMALE"],"X_CALENDAR_YEAR":[2019,2019,2019,2019,2019,2019,2019,2019,2019,2019,2019,2019,2019,2019,2019,2019,2019,2019,2019,2019],"Y_PREVALENCE_1000PP":[34.38395,45.56075,41.31148,40.8614,46.40371,42.60175,41.26316,43.08243,43.97284,44.3067,44.48033,41.79453,43.87528,39.71727,39.02788,40.50305,37.7568,40.36909,41.22542,42.45146]},"PREVALENCE_BY_MONTH":{"X_CALENDAR_MONTH":[201901,201902,201903,201904,201905,201906,201907,201908,201909,201910,201911,201912],"Y_PREVALENCE_1000PP":[4.48,2.92,3.55,3.99,3.42,3.25,4.04,3.28,2.95,4.36,3.39,3.24]},"CONDITIONS_BY_TYPE":{"CONCEPT_NAME":"Claim","COUNT_VALUE":5839},"AGE_AT_FIRST_DIAGNOSIS":{"CATEGORY":["FEMALE","MALE","No matching concept"],"MIN_VALUE":[0,0,2],"P10_VALUE":[11,10,10],"P25_VALUE":[25,25,25],"MEDIAN_VALUE":[43,45,42],"P75_VALUE":[62,63,61],"P90_VALUE":[76,76,77],"MAX_VALUE":[99,99,99]}}
