{"PREVALENCE_BY_GENDER_AGE_YEAR":{"TRELLIS_NAME":["70-79","10-19","30-39","20-29","90-99","40-49","80-89","0-9","60-69","50-59","40-49","20-29","30-39","0-9","10-19","80-89","90-99","50-59","70-79","60-69"],"SERIES_NAME":["MALE","FEMALE","FEMALE","FEMALE","MALE","FEMALE","MALE","FEMALE","MALE","MALE","MALE","MALE","MALE","MALE","MALE","FEMALE","FEMALE","FEMALE","FEMALE","FEMALE"],"X_CALENDAR_YEAR":[2019,2019,2019,2019,2019,2019,2019,2019,2019,2019,2019,2019,2019,2019,2019,2019,2019,2019,2019,2019],"Y_PREVALENCE_1000PP":[16.32808,15.30389,14.81602,12.15654,19.37322,14.84654,9.93926,14.93479,15,17.01628,13.01741,14.66127,15.59058,11.81453,13.51971,19.02017,12.82051,13.32754,16.4937,16.17199]},"PREVALENCE_BY_MONTH":{"X_CALENDAR_MONTH":[201901,201902,201903,201904,201905,201906,201907,201908,201909,201910,201911,201912],"Y_PREVALENCE_1000PP":[1.45,1.05,1.03,1.33,1.35,1.37,1.54,1.13,1.1,1.3,0.95,1.18]},"CONDITIONS_BY_TYPE":{"CONCEPT_NAME":"Claim","COUNT_VALUE":8044},"AGE_AT_FIRST_DIAGNOSIS":{"CATEGORY":["MALE","No matching concept","FEMALE"],"MIN_VALUE":[0,2,0],"P10_VALUE":[13,10,10],"P25_VALUE":[27,31,25],"MEDIAN_VALUE":[47,55,45],"P75_VALUE":[65,68,66],"P90_VALUE":[77,83,78],"MAX_VALUE":[99,98,99]}}
