{"PREVALENCE_BY_GENDER_AGE_YEAR":{"TRELLIS_NAME":["40-49","70-79","50-59","60-69","20-29","70-79","30-39","10-19","0-9","0-9","60-69","40-49","10-19","20-29","30-39","50-59"],"SERIES_NAME":["FEMALE","FEMALE","FEMALE","FEMALE","FEMALE","MALE","FEMALE","FEMALE","FEMALE","MALE","MALE","MALE","MALE","MALE","MALE","MALE"],"X_CALENDAR_YEAR":[2019,2019,2019,2019,2019,2019,2019,2019,2019,2019,2019,2019,2019,2019,2019,2019],"Y_PREVALENCE_1000PP":[3.57398,2.0344,1.88351,2.6475,2.16956,2.8528,4.06438,3.27869,3.36842,1.78174,2.51353,2.77656,2.29568,2.6927,3.39559,1.9084]},"PREVALENCE_BY_MONTH":{"X_CALENDAR_MONTH":[201901,201902,201903,201904,201905,201906,201907,201908,201909,201910,201911,201912],"Y_PREVALENCE_1000PP":[0.22,0.09,0.19,0.33,0.16,0.23,0.27,0.22,0.21,0.25,0.28,0.22]},"CONDITIONS_BY_TYPE":{"CONCEPT_NAME":"Claim","COUNT_VALUE":364},"AGE_AT_FIRST_DIAGNOSIS":{"CATEGORY":["No matching concept","MALE","FEMALE"],"MIN_VALUE":[14,0,0],"P10_VALUE":[14,15,9],"P25_VALUE":[24,27,21],"MEDIAN_VALUE":[31,43,40],"P75_VALUE":[43,64,57],"P90_VALUE":[92,77,74],"MAX_VALUE":[92,99,98]}}
