{"PREVALENCE_BY_GENDER_AGE_YEAR":{"TRELLIS_NAME":["10-19","20-29","0-9","30-39","70-79","60-69","50-59","70-79","60-69","90-99","80-89","40-49","0-9","30-39","10-19","50-59","40-49","20-29"],"SERIES_NAME":["FEMALE","FEMALE","FEMALE","FEMALE","MALE","MALE","FEMALE","FEMALE","FEMALE","FEMALE","FEMALE","FEMALE","MALE","MALE","MALE","MALE","MALE","MALE"],"X_CALENDAR_YEAR":[2019,2019,2019,2019,2019,2019,2019,2019,2019,2019,2019,2019,2019,2019,2019,2019,2019,2019],"Y_PREVALENCE_1000PP":[1.96764,4.82931,4.20698,3.09345,3.98709,3.46154,3.47675,2.40919,1.90259,3.9019,3.45821,4.28266,1.78333,3.05033,3.66636,4.40076,4.24163,4.88709]},"PREVALENCE_BY_MONTH":{"X_CALENDAR_MONTH":[201901,201902,201903,201904,201905,201906,201907,201908,201909,201910,201911,201912],"Y_PREVALENCE_1000PP":[0.36,0.2,0.29,0.43,0.21,0.28,0.34,0.27,0.21,0.34,0.31,0.31]},"CONDITIONS_BY_TYPE":{"CONCEPT_NAME":"Claim","COUNT_VALUE":1924},"AGE_AT_FIRST_DIAGNOSIS":{"CATEGORY":["MALE","No matching concept","FEMALE"],"MIN_VALUE":[6,24,0],"P10_VALUE":[15,24,9],"P25_VALUE":[26,47,24],"MEDIAN_VALUE":[45,51,42],"P75_VALUE":[60,62,58],"P90_VALUE":[75,92,76],"MAX_VALUE":[99,92,99]}}
