{"PREVALENCE_BY_GENDER_AGE_YEAR":{"TRELLIS_NAME":["40-49","80-89","50-59","70-79","60-69","70-79","60-69","20-29","0-9","30-39","10-19","0-9","30-39","20-29","10-19","50-59","40-49"],"SERIES_NAME":["FEMALE","FEMALE","FEMALE","FEMALE","FEMALE","MALE","MALE","FEMALE","FEMALE","FEMALE","FEMALE","MALE","MALE","MALE","MALE","MALE","MALE"],"X_CALENDAR_YEAR":[2019,2019,2019,2019,2019,2019,2019,2019,2019,2019,2019,2019,2019,2019,2019,2019,2019],"Y_PREVALENCE_1000PP":[3.00214,3.46021,2.60794,2.58924,4.34947,4.56447,1.54679,2.67023,2.73684,3.2515,3.27869,3.11804,2.71647,3.02928,4.3618,2.936,3.06883]},"PREVALENCE_BY_MONTH":{"X_CALENDAR_MONTH":[201901,201902,201903,201904,201905,201906,201907,201908,201909,201910,201911,201912],"Y_PREVALENCE_1000PP":[0.35,0.28,0.13,0.36,0.24,0.16,0.3,0.27,0.24,0.24,0.19,0.27]},"CONDITIONS_BY_TYPE":{"CONCEPT_NAME":"Claim","COUNT_VALUE":390},"AGE_AT_FIRST_DIAGNOSIS":{"CATEGORY":["MALE","FEMALE"],"MIN_VALUE":[0,0],"P10_VALUE":[10,10],"P25_VALUE":[22,27],"MEDIAN_VALUE":[44,45],"P75_VALUE":[66,63],"P90_VALUE":[77,78],"MAX_VALUE":[94,99]}}
