{"PREVALENCE_BY_GENDER_AGE_YEAR":{"TRELLIS_NAME":["30-39","0-9","10-19","20-29","70-79","40-49","0-9","50-59","60-69","30-39","40-49","60-69","50-59","70-79"],"SERIES_NAME":["FEMALE","FEMALE","FEMALE","FEMALE","MALE","FEMALE","MALE","MALE","MALE","MALE","MALE","FEMALE","FEMALE","FEMALE"],"X_CALENDAR_YEAR":[2019,2019,2019,2019,2019,2019,2019,2019,2019,2019,2019,2019,2019,2019],"Y_PREVALENCE_1000PP":[2.11657,2.31384,2.4049,1.49875,1.13917,1.71306,1.78333,2.34707,1.53846,3.05033,2.63273,2.28311,2.17297,1.48258]},"PREVALENCE_BY_MONTH":{"X_CALENDAR_MONTH":[201901,201902,201903,201904,201905,201906,201907,201908,201909,201910,201911,201912],"Y_PREVALENCE_1000PP":[0.18,0.18,0.11,0.22,0.18,0.18,0.24,0.12,0.17,0.09,0.15,0.09]},"CONDITIONS_BY_TYPE":{"CONCEPT_NAME":"Claim","COUNT_VALUE":1076},"AGE_AT_FIRST_DIAGNOSIS":{"CATEGORY":["FEMALE","MALE"],"MIN_VALUE":[0,0],"P10_VALUE":[8,10],"P25_VALUE":[22,35],"MEDIAN_VALUE":[45,43],"P75_VALUE":[60,57],"P90_VALUE":[78,76],"MAX_VALUE":[96,99]}}
