{"PREVALENCE_BY_GENDER_AGE_YEAR":{"TRELLIS_NAME":["70-79","80-89","90-99","60-69","50-59","40-49","20-29","70-79","10-19","90-99","0-9","30-39","80-89","20-29","0-9","60-69","40-49","30-39","50-59","10-19"],"SERIES_NAME":["FEMALE","FEMALE","FEMALE","FEMALE","FEMALE","FEMALE","FEMALE","MALE","FEMALE","MALE","FEMALE","FEMALE","MALE","MALE","MALE","MALE","MALE","MALE","MALE","MALE"],"X_CALENDAR_YEAR":[2019,2019,2019,2019,2019,2019,2019,2019,2019,2019,2019,2019,2019,2019,2019,2019,2019,2019,2019,2019],"Y_PREVALENCE_1000PP":[5.91825,5.76701,3.33148,7.94251,6.80962,5.71837,7.00935,7.79764,8.74317,6.30372,6.31579,5.20241,5.52181,4.88051,4.67706,6.18716,6.57606,4.75382,5.28479,5.28007]},"PREVALENCE_BY_MONTH":{"X_CALENDAR_MONTH":[201901,201902,201903,201904,201905,201906,201907,201908,201909,201910,201911,201912],"Y_PREVALENCE_1000PP":[0.66,0.41,0.37,0.66,0.42,0.51,0.66,0.46,0.42,0.54,0.48,0.52]},"CONDITIONS_BY_TYPE":{"CONCEPT_NAME":"Claim","COUNT_VALUE":818},"AGE_AT_FIRST_DIAGNOSIS":{"CATEGORY":["MALE","No matching concept","FEMALE"],"MIN_VALUE":[0,5,0],"P10_VALUE":[13,8,10],"P25_VALUE":[28,23,23],"MEDIAN_VALUE":[47,47,44],"P75_VALUE":[66,64,62],"P90_VALUE":[77,69,75],"MAX_VALUE":[99,72,98]}}
