{"PREVALENCE_BY_GENDER_AGE_YEAR":{"TRELLIS_NAME":["40-49","80-89","50-59","60-69","70-79","90-99","30-39","50-59","40-49","0-9","10-19","20-29","90-99","30-39","20-29","0-9","70-79","10-19","60-69"],"SERIES_NAME":["FEMALE","FEMALE","FEMALE","FEMALE","FEMALE","FEMALE","MALE","MALE","MALE","MALE","MALE","MALE","MALE","FEMALE","FEMALE","FEMALE","MALE","FEMALE","MALE"],"X_CALENDAR_YEAR":[2019,2019,2019,2019,2019,2019,2019,2019,2019,2019,2019,2019,2019,2019,2019,2019,2019,2019,2019],"Y_PREVALENCE_1000PP":[2.99786,3.45821,4.05621,2.47336,3.3358,3.9019,2.88087,2.78715,3.65657,3.12082,2.29148,4.21301,3.4188,3.41908,3.49709,2.31384,3.98709,2.84215,2.88462]},"PREVALENCE_BY_MONTH":{"X_CALENDAR_MONTH":[201901,201902,201903,201904,201905,201906,201907,201908,201909,201910,201911,201912],"Y_PREVALENCE_1000PP":[0.36,0.18,0.22,0.25,0.23,0.26,0.34,0.35,0.21,0.34,0.26,0.24]},"CONDITIONS_BY_TYPE":{"CONCEPT_NAME":"Claim","COUNT_VALUE":1748},"AGE_AT_FIRST_DIAGNOSIS":{"CATEGORY":["FEMALE","MALE","No matching concept"],"MIN_VALUE":[0,0,19],"P10_VALUE":[12,13,19],"P25_VALUE":[26,26,20],"MEDIAN_VALUE":[45,44,46],"P75_VALUE":[63,63,85],"P90_VALUE":[79,76,98],"MAX_VALUE":[99,98,98]}}
