{"PREVALENCE_BY_GENDER_AGE_YEAR":{"TRELLIS_NAME":["70-79","60-69","50-59","40-49","90-99","60-69","20-29","70-79","10-19","30-39","0-9","0-9","40-49","10-19","50-59","30-39","20-29"],"SERIES_NAME":["FEMALE","FEMALE","FEMALE","FEMALE","MALE","MALE","FEMALE","MALE","FEMALE","FEMALE","FEMALE","MALE","MALE","MALE","MALE","MALE","MALE"],"X_CALENDAR_YEAR":[2019,2019,2019,2019,2019,2019,2019,2019,2019,2019,2019,2019,2019,2019,2019,2019,2019],"Y_PREVALENCE_1000PP":[1.29726,1.33181,1.59351,1.2848,3.9886,2.30769,1.33222,1.13917,1.96764,1.62813,1.47244,1.78333,2.63273,2.29148,1.76031,2.03355,1.6852]},"PREVALENCE_BY_MONTH":{"X_CALENDAR_MONTH":[201901,201902,201903,201904,201905,201906,201907,201908,201909,201910,201911,201912],"Y_PREVALENCE_1000PP":[0.14,0.13,0.15,0.21,0.21,0.11,0.09,0.13,0.16,0.16,0.14,0.09]},"CONDITIONS_BY_TYPE":{"CONCEPT_NAME":"Claim","COUNT_VALUE":932},"AGE_AT_FIRST_DIAGNOSIS":{"CATEGORY":["FEMALE","MALE"],"MIN_VALUE":[1,0],"P10_VALUE":[10,11],"P25_VALUE":[22,26],"MEDIAN_VALUE":[41,44],"P75_VALUE":[60,62],"P90_VALUE":[74,79],"MAX_VALUE":[85,97]}}
