{"PREVALENCE_BY_GENDER_AGE_YEAR":{"TRELLIS_NAME":["70-79","0-9","20-29","40-49","30-39","50-59","70-79","60-69","40-49","60-69","30-39","50-59","20-29","10-19","0-9"],"SERIES_NAME":["MALE","FEMALE","FEMALE","FEMALE","FEMALE","FEMALE","FEMALE","FEMALE","MALE","MALE","MALE","MALE","MALE","MALE","MALE"],"X_CALENDAR_YEAR":[2019,2019,2019,2019,2019,2019,2019,2019,2019,2019,2019,2019,2019,2019,2019],"Y_PREVALENCE_1000PP":[1.71168,2.52632,2.33645,2.00143,2.27605,2.89771,1.29462,1.70197,1.46135,2.12684,1.35823,2.3488,1.85123,2.06612,2.67261]},"PREVALENCE_BY_MONTH":{"X_CALENDAR_MONTH":[201901,201902,201903,201904,201905,201906,201907,201908,201909,201910,201911,201912],"Y_PREVALENCE_1000PP":[0.19,0.08,0.21,0.21,0.17,0.12,0.2,0.14,0.12,0.19,0.17,0.17]},"CONDITIONS_BY_TYPE":{"CONCEPT_NAME":"Claim","COUNT_VALUE":254},"AGE_AT_FIRST_DIAGNOSIS":{"CATEGORY":["MALE","FEMALE"],"MIN_VALUE":[0,0],"P10_VALUE":[6,7],"P25_VALUE":[20,24],"MEDIAN_VALUE":[45,47],"P75_VALUE":[63,59],"P90_VALUE":[73,71],"MAX_VALUE":[88,97]}}
