{"PREVALENCE_BY_GENDER_AGE_YEAR":{"TRELLIS_NAME":["20-29","30-39","50-59","50-59","60-69"],"SERIES_NAME":["MALE","MALE","MALE","FEMALE","MALE"],"X_CALENDAR_YEAR":[2019,2019,2019,2019,2019],"Y_PREVALENCE_1000PP":[1.17805,1.86757,1.0276,1.15908,1.54679]},"PREVALENCE_BY_MONTH":{"X_CALENDAR_MONTH":[201901,201902,201903,201904,201905,201907,201910,201911,201912],"Y_PREVALENCE_1000PP":[0.12,0.07,0.07,0.09,0.1,0.09,0.08,0.06,0.07]},"CONDITIONS_BY_TYPE":{"CONCEPT_NAME":"Claim","COUNT_VALUE":115},"AGE_AT_FIRST_DIAGNOSIS":{"CATEGORY":["MALE","FEMALE"],"MIN_VALUE":[1,3],"P10_VALUE":[13,9],"P25_VALUE":[29,20],"MEDIAN_VALUE":[40,48],"P75_VALUE":[61,62],"P90_VALUE":[72,84],"MAX_VALUE":[91,98]}}
