{"PREVALENCE_BY_GENDER_AGE_YEAR":{"TRELLIS_NAME":["10-19","0-9","70-79","80-89","30-39","90-99","20-29","10-19","30-39","20-29","40-49","50-59","0-9","60-69","90-99","60-69","50-59","40-49","80-89","70-79"],"SERIES_NAME":["FEMALE","FEMALE","MALE","MALE","FEMALE","MALE","FEMALE","MALE","MALE","MALE","MALE","MALE","MALE","MALE","FEMALE","FEMALE","FEMALE","FEMALE","FEMALE","FEMALE"],"X_CALENDAR_YEAR":[2019,2019,2019,2019,2019,2019,2019,2019,2019,2019,2019,2019,2019,2019,2019,2019,2019,2019,2019,2019],"Y_PREVALENCE_1000PP":[4.59016,3.57895,3.99391,4.96963,3.57665,8.59599,4.6729,5.05051,4.75382,4.20734,4.53018,4.11039,6.23608,3.67363,5.55247,6.05144,3.76702,4.5747,8.07382,3.88385]},"PREVALENCE_BY_MONTH":{"X_CALENDAR_MONTH":[201901,201902,201903,201904,201905,201906,201907,201908,201909,201910,201911,201912],"Y_PREVALENCE_1000PP":[0.52,0.2,0.41,0.49,0.37,0.34,0.41,0.34,0.34,0.51,0.28,0.4]},"CONDITIONS_BY_TYPE":{"CONCEPT_NAME":"Claim","COUNT_VALUE":633},"AGE_AT_FIRST_DIAGNOSIS":{"CATEGORY":["MALE","No matching concept","FEMALE"],"MIN_VALUE":[0,12,0],"P10_VALUE":[7,14,10],"P25_VALUE":[22,20,26],"MEDIAN_VALUE":[42,45,46],"P75_VALUE":[63,67,66],"P90_VALUE":[80,69,80],"MAX_VALUE":[99,79,99]}}
