{"PREVALENCE_BY_GENDER_AGE_YEAR":{"TRELLIS_NAME":["60-69","50-59","0-9","40-49","20-29","10-19","30-39","70-79","50-59","60-69","10-19","0-9","20-29","30-39","70-79","40-49"],"SERIES_NAME":["MALE","MALE","MALE","MALE","MALE","MALE","MALE","FEMALE","FEMALE","FEMALE","FEMALE","FEMALE","FEMALE","FEMALE","MALE","FEMALE"],"X_CALENDAR_YEAR":[2019,2019,2019,2019,2019,2019,2019,2019,2019,2019,2019,2019,2019,2019,2019,2019],"Y_PREVALENCE_1000PP":[2.32019,2.7892,2.22717,2.33816,4.20734,3.44353,2.71647,2.40429,1.30397,2.4584,1.96721,1.47368,2.67023,1.46318,3.42335,1.71551]},"PREVALENCE_BY_MONTH":{"X_CALENDAR_MONTH":[201901,201902,201903,201904,201905,201906,201907,201908,201909,201910,201911,201912],"Y_PREVALENCE_1000PP":[0.2,0.17,0.17,0.27,0.14,0.24,0.23,0.2,0.17,0.26,0.19,0.16]},"CONDITIONS_BY_TYPE":{"CONCEPT_NAME":"Claim","COUNT_VALUE":328},"AGE_AT_FIRST_DIAGNOSIS":{"CATEGORY":["FEMALE","MALE","No matching concept"],"MIN_VALUE":[0,3,7],"P10_VALUE":[11,12,7],"P25_VALUE":[24,23,21],"MEDIAN_VALUE":[44,42,26],"P75_VALUE":[65,63,62],"P90_VALUE":[78,77,76],"MAX_VALUE":[96,95,76]}}
