{"PREVALENCE_BY_GENDER_AGE_YEAR":{"TRELLIS_NAME":["40-49","60-69","50-59","50-59","20-29","0-9","10-19"],"SERIES_NAME":["MALE","MALE","MALE","FEMALE","FEMALE","FEMALE","FEMALE"],"X_CALENDAR_YEAR":[2019,2019,2019,2019,2019,2019,2019],"Y_PREVALENCE_1000PP":[1.02294,1.74014,1.0276,1.59374,1.16822,1.26316,1.31148]},"PREVALENCE_BY_MONTH":{"X_CALENDAR_MONTH":[201901,201902,201903,201907,201908,201909,201910,201911,201912],"Y_PREVALENCE_1000PP":[0.1,0.07,0.1,0.07,0.09,0.08,0.08,0.08,0.12]},"CONDITIONS_BY_TYPE":{"CONCEPT_NAME":"Claim","COUNT_VALUE":123},"AGE_AT_FIRST_DIAGNOSIS":{"CATEGORY":["FEMALE","MALE"],"MIN_VALUE":[0,0],"P10_VALUE":[5,17],"P25_VALUE":[16,30],"MEDIAN_VALUE":[46,49],"P75_VALUE":[58,63],"P90_VALUE":[79,77],"MAX_VALUE":[94,91]}}
