{"PREVALENCE_BY_GENDER_AGE_YEAR":{"TRELLIS_NAME":["10-19","30-39","20-29","60-69","30-39","70-79","40-49","20-29","0-9","60-69","50-59","70-79"],"SERIES_NAME":["MALE","MALE","MALE","MALE","FEMALE","MALE","FEMALE","FEMALE","FEMALE","FEMALE","FEMALE","FEMALE"],"X_CALENDAR_YEAR":[2019,2019,2019,2019,2019,2019,2019,2019,2019,2019,2019,2019],"Y_PREVALENCE_1000PP":[2.06233,1.18624,1.51668,1.53846,1.95376,1.51889,1.71306,1.83181,1.89314,1.52207,1.30378,2.77984]},"PREVALENCE_BY_MONTH":{"X_CALENDAR_MONTH":[201901,201902,201903,201904,201905,201906,201907,201908,201909,201910,201911,201912],"Y_PREVALENCE_1000PP":[0.08,0.09,0.14,0.12,0.12,0.16,0.13,0.18,0.15,0.13,0.12,0.1]},"CONDITIONS_BY_TYPE":{"CONCEPT_NAME":"Claim","COUNT_VALUE":840},"AGE_AT_FIRST_DIAGNOSIS":{"CATEGORY":["FEMALE","MALE"],"MIN_VALUE":[0,1],"P10_VALUE":[7,11],"P25_VALUE":[27,21],"MEDIAN_VALUE":[43,45],"P75_VALUE":[67,69],"P90_VALUE":[76,79],"MAX_VALUE":[97,96]}}
