{"PREVALENCE_BY_GENDER_AGE_YEAR":{"TRELLIS_NAME":["60-69","50-59","20-29","10-19","0-9","40-49","30-39","10-19","30-39","70-79","0-9","20-29","90-99","40-49","60-69","50-59","70-79","90-99","80-89"],"SERIES_NAME":["MALE","MALE","MALE","MALE","MALE","MALE","MALE","FEMALE","FEMALE","MALE","FEMALE","FEMALE","MALE","FEMALE","FEMALE","FEMALE","FEMALE","FEMALE","FEMALE"],"X_CALENDAR_YEAR":[2019,2019,2019,2019,2019,2019,2019,2019,2019,2019,2019,2019,2019,2019,2019,2019,2019,2019,2019],"Y_PREVALENCE_1000PP":[2.30769,2.20038,1.6852,3.43721,2.22916,1.46263,2.03355,2.84215,2.11657,2.4682,2.31384,2.9975,3.4188,3.14061,3.42466,2.31783,3.15048,3.9019,6.34006]},"PREVALENCE_BY_MONTH":{"X_CALENDAR_MONTH":[201901,201902,201903,201904,201905,201906,201907,201908,201909,201910,201911,201912],"Y_PREVALENCE_1000PP":[0.19,0.25,0.24,0.26,0.24,0.16,0.28,0.19,0.13,0.22,0.23,0.17]},"CONDITIONS_BY_TYPE":{"CONCEPT_NAME":"Claim","COUNT_VALUE":1356},"AGE_AT_FIRST_DIAGNOSIS":{"CATEGORY":["FEMALE","MALE"],"MIN_VALUE":[0,2],"P10_VALUE":[13,10],"P25_VALUE":[26,23],"MEDIAN_VALUE":[48,46],"P75_VALUE":[69,68],"P90_VALUE":[84,79],"MAX_VALUE":[98,99]}}
