{"PREVALENCE_BY_GENDER_AGE_YEAR":{"TRELLIS_NAME":["60-69","50-59","70-79","10-19","30-39","20-29","50-59","0-9","60-69","40-49","10-19","20-29","70-79","40-49","0-9","30-39"],"SERIES_NAME":["FEMALE","FEMALE","FEMALE","MALE","MALE","MALE","MALE","MALE","MALE","MALE","FEMALE","FEMALE","MALE","FEMALE","FEMALE","FEMALE"],"X_CALENDAR_YEAR":[2019,2019,2019,2019,2019,2019,2019,2019,2019,2019,2019,2019,2019,2019,2019,2019],"Y_PREVALENCE_1000PP":[1.52207,2.0281,2.03855,2.29148,2.88087,2.69633,1.46692,2.67499,1.92308,2.779,3.06078,1.66528,1.70875,2.14133,1.2621,1.95376]},"PREVALENCE_BY_MONTH":{"X_CALENDAR_MONTH":[201901,201902,201903,201904,201905,201906,201907,201908,201909,201910,201911,201912],"Y_PREVALENCE_1000PP":[0.21,0.2,0.12,0.13,0.14,0.1,0.23,0.17,0.23,0.22,0.16,0.18]},"CONDITIONS_BY_TYPE":{"CONCEPT_NAME":"Claim","COUNT_VALUE":1056},"AGE_AT_FIRST_DIAGNOSIS":{"CATEGORY":["No matching concept","FEMALE","MALE"],"MIN_VALUE":[25,1,2],"P10_VALUE":[25,11,9],"P25_VALUE":[33,24,24],"MEDIAN_VALUE":[37,44,39],"P75_VALUE":[46,59,56],"P90_VALUE":[67,76,75],"MAX_VALUE":[67,94,97]}}
