{"PREVALENCE_BY_GENDER_AGE_YEAR":{"TRELLIS_NAME":["60-69","40-49","90-99","50-59","80-89","70-79","60-69","10-19","50-59","0-9","20-29","30-39","40-49","30-39","20-29","70-79","10-19","80-89","0-9","90-99"],"SERIES_NAME":["FEMALE","FEMALE","FEMALE","FEMALE","FEMALE","FEMALE","MALE","MALE","MALE","MALE","MALE","MALE","MALE","FEMALE","FEMALE","MALE","FEMALE","MALE","FEMALE","MALE"],"X_CALENDAR_YEAR":[2019,2019,2019,2019,2019,2019,2019,2019,2019,2019,2019,2019,2019,2019,2019,2019,2019,2019,2019,2019],"Y_PREVALENCE_1000PP":[63.91831,61.7584,56.07996,57.0849,59.97693,66.21047,62.45166,61.29477,63.8579,61.91537,61.93201,57.55518,62.6918,63.40432,62.58344,56.67554,61.42077,54.11375,58.52632,65.90258]},"PREVALENCE_BY_MONTH":{"X_CALENDAR_MONTH":[201901,201902,201903,201904,201905,201906,201907,201908,201909,201910,201911,201912],"Y_PREVALENCE_1000PP":[6.23,4.37,5.05,5.84,4.95,4.68,6.18,4.96,4.98,5.71,5.12,4.9]},"CONDITIONS_BY_TYPE":{"CONCEPT_NAME":"Claim","COUNT_VALUE":8466},"AGE_AT_FIRST_DIAGNOSIS":{"CATEGORY":["MALE","FEMALE","No matching concept"],"MIN_VALUE":[0,0,0],"P10_VALUE":[10,10,10],"P25_VALUE":[25,25,24],"MEDIAN_VALUE":[45,44,43],"P75_VALUE":[62,64,59],"P90_VALUE":[76,77,74],"MAX_VALUE":[99,99,94]}}
