{"PREVALENCE_BY_GENDER_AGE_YEAR":{"TRELLIS_NAME":["50-59","90-99","70-79","60-69","80-89","10-19","40-49","50-59","30-39","0-9","20-29","60-69","10-19","40-49","70-79","90-99","80-89","0-9","30-39","20-29"],"SERIES_NAME":["FEMALE","FEMALE","FEMALE","FEMALE","FEMALE","MALE","MALE","MALE","MALE","MALE","MALE","MALE","FEMALE","FEMALE","MALE","MALE","MALE","FEMALE","FEMALE","FEMALE"],"X_CALENDAR_YEAR":[2019,2019,2019,2019,2019,2019,2019,2019,2019,2019,2019,2019,2019,2019,2019,2019,2019,2019,2019,2019],"Y_PREVALENCE_1000PP":[33.17879,37.20155,36.06436,33.66112,28.83506,31.2213,31.27283,35.37874,32.08829,32.73942,34.16358,33.06265,31.25683,30.30736,33.66299,30.37249,32.0265,30.94737,32.84019,32.3765]},"PREVALENCE_BY_MONTH":{"X_CALENDAR_MONTH":[201901,201902,201903,201904,201905,201906,201907,201908,201909,201910,201911,201912],"Y_PREVALENCE_1000PP":[3.45,2.13,2.65,3.08,2.97,2.58,3.1,2.46,2.37,3.32,2.61,2.52]},"CONDITIONS_BY_TYPE":{"CONCEPT_NAME":"Claim","COUNT_VALUE":4498},"AGE_AT_FIRST_DIAGNOSIS":{"CATEGORY":["MALE","No matching concept","FEMALE"],"MIN_VALUE":[0,0,0],"P10_VALUE":[10,21,11],"P25_VALUE":[25,29,25],"MEDIAN_VALUE":[45,49,46],"P75_VALUE":[63,63,64],"P90_VALUE":[77,73,77],"MAX_VALUE":[99,99,99]}}
