{"PREVALENCE_BY_GENDER_AGE_YEAR":{"TRELLIS_NAME":["70-79","10-19","60-69","30-39","0-9","20-29","20-29","10-19","50-59","40-49","0-9","30-39","40-49","60-69","50-59","70-79"],"SERIES_NAME":["MALE","FEMALE","MALE","FEMALE","FEMALE","FEMALE","MALE","MALE","MALE","MALE","MALE","MALE","FEMALE","FEMALE","FEMALE","FEMALE"],"X_CALENDAR_YEAR":[2019,2019,2019,2019,2019,2019,2019,2019,2019,2019,2019,2019,2019,2019,2019,2019],"Y_PREVALENCE_1000PP":[1.90186,2.40437,1.74014,2.43863,3.15789,1.33511,1.85123,3.44353,2.4956,3.21496,2.44989,2.37691,2.43031,2.4584,3.0426,1.84945]},"PREVALENCE_BY_MONTH":{"X_CALENDAR_MONTH":[201901,201902,201903,201904,201905,201906,201907,201908,201909,201910,201911,201912],"Y_PREVALENCE_1000PP":[0.19,0.17,0.14,0.23,0.19,0.25,0.23,0.15,0.16,0.26,0.15,0.24]},"CONDITIONS_BY_TYPE":{"CONCEPT_NAME":"Claim","COUNT_VALUE":321},"AGE_AT_FIRST_DIAGNOSIS":{"CATEGORY":["MALE","FEMALE"],"MIN_VALUE":[0,0],"P10_VALUE":[10,6],"P25_VALUE":[23,21],"MEDIAN_VALUE":[42,45],"P75_VALUE":[59,59],"P90_VALUE":[75,74],"MAX_VALUE":[99,97]}}
