{"PREVALENCE_BY_GENDER_AGE_YEAR":{"TRELLIS_NAME":["0-9","70-79","20-29","30-39","40-49","20-29","10-19","50-59"],"SERIES_NAME":["FEMALE","MALE","FEMALE","MALE","MALE","MALE","MALE","FEMALE"],"X_CALENDAR_YEAR":[2019,2019,2019,2019,2019,2019,2019,2019],"Y_PREVALENCE_1000PP":[1.26316,1.3313,1.66889,1.18846,0.87681,1.34635,1.37741,1.73863]},"PREVALENCE_BY_MONTH":{"X_CALENDAR_MONTH":[201901,201902,201903,201904,201905,201906,201907,201908,201909,201910,201911,201912],"Y_PREVALENCE_1000PP":[0.1,0.07,0.06,0.11,0.07,0.07,0.09,0.09,0.09,0.06,0.06,0.09]},"CONDITIONS_BY_TYPE":{"CONCEPT_NAME":"Claim","COUNT_VALUE":128},"AGE_AT_FIRST_DIAGNOSIS":{"CATEGORY":["MALE","FEMALE"],"MIN_VALUE":[1,0],"P10_VALUE":[10,4],"P25_VALUE":[20,23],"MEDIAN_VALUE":[31,40],"P75_VALUE":[54,59],"P90_VALUE":[76,73],"MAX_VALUE":[95,96]}}
