{"PREVALENCE_BY_GENDER_AGE_YEAR":{"TRELLIS_NAME":["60-69","70-79","50-59","10-19","0-9","40-49","70-79","20-29","30-39","60-69","10-19","50-59","30-39","0-9","20-29","40-49"],"SERIES_NAME":["FEMALE","FEMALE","FEMALE","FEMALE","FEMALE","FEMALE","MALE","FEMALE","FEMALE","MALE","MALE","MALE","MALE","MALE","MALE","MALE"],"X_CALENDAR_YEAR":[2019,2019,2019,2019,2019,2019,2019,2019,2019,2019,2019,2019,2019,2019,2019,2019],"Y_PREVALENCE_1000PP":[2.47336,2.59451,2.89729,2.18627,2.52419,3.28337,3.03778,2.16486,2.27939,2.69231,2.97892,2.93384,2.03355,1.78333,2.86485,3.07152]},"PREVALENCE_BY_MONTH":{"X_CALENDAR_MONTH":[201901,201902,201903,201904,201905,201906,201907,201908,201909,201910,201911,201912],"Y_PREVALENCE_1000PP":[0.12,0.12,0.24,0.2,0.22,0.15,0.37,0.21,0.23,0.25,0.22,0.22]},"CONDITIONS_BY_TYPE":{"CONCEPT_NAME":"Claim","COUNT_VALUE":1364},"AGE_AT_FIRST_DIAGNOSIS":{"CATEGORY":["MALE","FEMALE"],"MIN_VALUE":[1,0],"P10_VALUE":[13,13],"P25_VALUE":[26,28],"MEDIAN_VALUE":[45,46],"P75_VALUE":[64,62],"P90_VALUE":[75,77],"MAX_VALUE":[97,99]}}
