{"PREVALENCE_BY_GENDER_AGE_YEAR":{"TRELLIS_NAME":["50-59","20-29","30-39","40-49","60-69","0-9","50-59","20-29","10-19","40-49","70-79","30-39"],"SERIES_NAME":["FEMALE","MALE","MALE","MALE","MALE","MALE","MALE","FEMALE","FEMALE","FEMALE","MALE","FEMALE"],"X_CALENDAR_YEAR":[2019,2019,2019,2019,2019,2019,2019,2019,2019,2019,2019,2019],"Y_PREVALENCE_1000PP":[1.59374,1.68294,1.86757,1.31521,1.54679,1.55902,1.9084,1.33511,2.40437,0.85776,1.3313,2.11348]},"PREVALENCE_BY_MONTH":{"X_CALENDAR_MONTH":[201901,201902,201903,201904,201905,201906,201907,201908,201909,201910,201911,201912],"Y_PREVALENCE_1000PP":[0.16,0.09,0.11,0.11,0.12,0.15,0.15,0.09,0.09,0.15,0.09,0.11]},"CONDITIONS_BY_TYPE":{"CONCEPT_NAME":"Claim","COUNT_VALUE":187},"AGE_AT_FIRST_DIAGNOSIS":{"CATEGORY":["MALE","FEMALE"],"MIN_VALUE":[1,1],"P10_VALUE":[12,13],"P25_VALUE":[25,21],"MEDIAN_VALUE":[47,35],"P75_VALUE":[60,54],"P90_VALUE":[79,73],"MAX_VALUE":[97,89]}}
