{"PREVALENCE_BY_GENDER_AGE_YEAR":{"TRELLIS_NAME":["40-49","70-79","30-39","30-39","20-29","50-59"],"SERIES_NAME":["FEMALE","MALE","FEMALE","MALE","MALE","MALE"],"X_CALENDAR_YEAR":[2019,2019,2019,2019,2019,2019],"Y_PREVALENCE_1000PP":[0.85776,1.3313,0.97545,1.01868,1.34635,0.8808]},"PREVALENCE_BY_MONTH":{"X_CALENDAR_MONTH":[201901,201902,201904,201905,201906,201907,201910,201912],"Y_PREVALENCE_1000PP":[0.06,0.09,0.09,0.06,0.09,0.06,0.11,0.1]},"CONDITIONS_BY_TYPE":{"CONCEPT_NAME":"Claim","COUNT_VALUE":118},"AGE_AT_FIRST_DIAGNOSIS":{"CATEGORY":["MALE","FEMALE"],"MIN_VALUE":[1,2],"P10_VALUE":[9,7],"P25_VALUE":[22,19],"MEDIAN_VALUE":[37,41],"P75_VALUE":[65,59],"P90_VALUE":[75,74],"MAX_VALUE":[95,80]}}
