{"PREVALENCE_BY_GENDER_AGE_YEAR":{"TRELLIS_NAME":["10-19","20-29","0-9","30-39","60-69","70-79","10-19","30-39","50-59","0-9","20-29","40-49","80-89","60-69","70-79","50-59","40-49"],"SERIES_NAME":["FEMALE","FEMALE","FEMALE","FEMALE","MALE","MALE","MALE","MALE","MALE","MALE","MALE","MALE","FEMALE","FEMALE","FEMALE","FEMALE","FEMALE"],"X_CALENDAR_YEAR":[2019,2019,2019,2019,2019,2019,2019,2019,2019,2019,2019,2019,2019,2019,2019,2019,2019],"Y_PREVALENCE_1000PP":[4.15301,4.17223,3.57895,3.57665,4.06032,3.80373,4.13223,2.71647,3.0828,4.23163,4.71222,3.7995,4.61361,4.91679,3.51396,4.0568,5.00357]},"PREVALENCE_BY_MONTH":{"X_CALENDAR_MONTH":[201901,201902,201903,201904,201905,201906,201907,201908,201909,201910,201911,201912],"Y_PREVALENCE_1000PP":[0.43,0.18,0.31,0.38,0.33,0.25,0.38,0.23,0.36,0.35,0.3,0.38]},"CONDITIONS_BY_TYPE":{"CONCEPT_NAME":"Claim","COUNT_VALUE":521},"AGE_AT_FIRST_DIAGNOSIS":{"CATEGORY":["FEMALE","MALE","No matching concept"],"MIN_VALUE":[0,0,2],"P10_VALUE":[10,8,2],"P25_VALUE":[25,22,9],"MEDIAN_VALUE":[45,41,63],"P75_VALUE":[64,63,73],"P90_VALUE":[76,76,90],"MAX_VALUE":[99,98,90]}}
