{"PREVALENCE_BY_GENDER_AGE_YEAR":{"TRELLIS_NAME":["20-29","60-69","30-39","50-59","10-19","0-9","40-49","60-69","70-79","90-99","80-89","50-59","10-19","20-29","90-99","40-49","70-79","0-9","30-39"],"SERIES_NAME":["MALE","MALE","MALE","MALE","MALE","MALE","MALE","FEMALE","FEMALE","FEMALE","FEMALE","FEMALE","FEMALE","FEMALE","MALE","FEMALE","MALE","FEMALE","FEMALE"],"X_CALENDAR_YEAR":[2019,2019,2019,2019,2019,2019,2019,2019,2019,2019,2019,2019,2019,2019,2019,2019,2019,2019,2019],"Y_PREVALENCE_1000PP":[2.5244,2.51353,4.0747,2.0552,3.67309,2.44989,1.60748,3.40393,1.84945,4.99722,4.61361,3.0426,1.74863,2.67023,5.73066,1.71551,3.61354,2.31579,1.78833]},"PREVALENCE_BY_MONTH":{"X_CALENDAR_MONTH":[201901,201902,201903,201904,201905,201906,201907,201908,201909,201910,201911,201912],"Y_PREVALENCE_1000PP":[0.23,0.16,0.24,0.27,0.22,0.27,0.31,0.14,0.21,0.21,0.22,0.18]},"CONDITIONS_BY_TYPE":{"CONCEPT_NAME":"Claim","COUNT_VALUE":360},"AGE_AT_FIRST_DIAGNOSIS":{"CATEGORY":["MALE","FEMALE"],"MIN_VALUE":[0,2],"P10_VALUE":[11,11],"P25_VALUE":[26,28],"MEDIAN_VALUE":[43,50],"P75_VALUE":[69,68],"P90_VALUE":[85,85],"MAX_VALUE":[98,98]}}
