{"PREVALENCE_BY_GENDER_AGE_YEAR":{"TRELLIS_NAME":["20-29","40-49","10-19","0-9","30-39","50-59","60-69","60-69","90-99","50-59","70-79","30-39","80-89","20-29","0-9","70-79","90-99","40-49"],"SERIES_NAME":["MALE","MALE","MALE","MALE","MALE","MALE","MALE","FEMALE","FEMALE","FEMALE","FEMALE","FEMALE","MALE","FEMALE","FEMALE","MALE","MALE","FEMALE"],"X_CALENDAR_YEAR":[2019,2019,2019,2019,2019,2019,2019,2019,2019,2019,2019,2019,2019,2019,2019,2019,2019,2019],"Y_PREVALENCE_1000PP":[4.03904,1.89975,2.06612,2.00445,2.20713,2.3488,3.09358,3.97126,3.33148,2.60794,3.51396,2.43863,3.86527,2.83712,2.52632,1.52149,3.4384,3.8599]},"PREVALENCE_BY_MONTH":{"X_CALENDAR_MONTH":[201901,201902,201903,201904,201905,201906,201907,201908,201909,201910,201911,201912],"Y_PREVALENCE_1000PP":[0.3,0.16,0.15,0.26,0.23,0.31,0.21,0.14,0.18,0.26,0.29,0.19]},"CONDITIONS_BY_TYPE":{"CONCEPT_NAME":"Claim","COUNT_VALUE":352},"AGE_AT_FIRST_DIAGNOSIS":{"CATEGORY":["FEMALE","No matching concept","MALE"],"MIN_VALUE":[0,3,0],"P10_VALUE":[13,3,14],"P25_VALUE":[31,6,25],"MEDIAN_VALUE":[47,39,45],"P75_VALUE":[66,55,64],"P90_VALUE":[76,62,83],"MAX_VALUE":[98,62,99]}}
