{"PREVALENCE_BY_GENDER_AGE_YEAR":{"TRELLIS_NAME":["60-69","20-29","40-49","60-69","10-19","40-49","30-39","0-9"],"SERIES_NAME":["FEMALE","MALE","MALE","MALE","FEMALE","FEMALE","FEMALE","FEMALE"],"X_CALENDAR_YEAR":[2019,2019,2019,2019,2019,2019,2019,2019],"Y_PREVALENCE_1000PP":[1.33181,1.17964,1.1701,1.34615,2.4049,1.14204,1.13969,1.68279]},"PREVALENCE_BY_MONTH":{"X_CALENDAR_MONTH":[201904,201905,201906,201907,201908,201909,201910,201911,201912],"Y_PREVALENCE_1000PP":[0.1,0.09,0.07,0.1,0.09,0.06,0.12,0.07,0.15]},"CONDITIONS_BY_TYPE":{"CONCEPT_NAME":"Claim","COUNT_VALUE":512},"AGE_AT_FIRST_DIAGNOSIS":{"CATEGORY":["MALE","FEMALE"],"MIN_VALUE":[1,0],"P10_VALUE":[20,6],"P25_VALUE":[29,15],"MEDIAN_VALUE":[46,38],"P75_VALUE":[58,61],"P90_VALUE":[69,75],"MAX_VALUE":[98,99]}}
