{"PREVALENCE_BY_GENDER_AGE_YEAR":{"TRELLIS_NAME":["40-49","70-79","50-59","60-69","40-49","0-9","60-69","10-19","50-59","30-39","20-29","70-79","30-39"],"SERIES_NAME":["FEMALE","FEMALE","FEMALE","FEMALE","MALE","MALE","MALE","MALE","MALE","MALE","FEMALE","MALE","FEMALE"],"X_CALENDAR_YEAR":[2019,2019,2019,2019,2019,2019,2019,2019,2019,2019,2019,2019,2019],"Y_PREVALENCE_1000PP":[1.00071,1.84945,1.73863,1.32375,1.46135,1.78174,2.90023,1.37741,1.6148,1.35823,1.33511,1.52149,1.3006]},"PREVALENCE_BY_MONTH":{"X_CALENDAR_MONTH":[201901,201903,201904,201905,201906,201907,201908,201909,201910,201911,201912],"Y_PREVALENCE_1000PP":[0.14,0.09,0.17,0.1,0.07,0.18,0.12,0.14,0.15,0.1,0.1]},"CONDITIONS_BY_TYPE":{"CONCEPT_NAME":"Claim","COUNT_VALUE":187},"AGE_AT_FIRST_DIAGNOSIS":{"CATEGORY":["MALE","FEMALE"],"MIN_VALUE":[0,4],"P10_VALUE":[9,17],"P25_VALUE":[24,34],"MEDIAN_VALUE":[52,50],"P75_VALUE":[66,64],"P90_VALUE":[77,76],"MAX_VALUE":[94,96]}}
