{"PREVALENCE_BY_GENDER_AGE_YEAR":{"TRELLIS_NAME":["30-39","0-9","20-29","40-49","10-19","70-79","60-69","50-59","90-99","70-79","50-59","0-9","20-29","10-19","40-49","60-69","30-39"],"SERIES_NAME":["FEMALE","FEMALE","FEMALE","FEMALE","FEMALE","MALE","FEMALE","FEMALE","FEMALE","FEMALE","MALE","MALE","MALE","MALE","MALE","MALE","MALE"],"X_CALENDAR_YEAR":[2019,2019,2019,2019,2019,2019,2019,2019,2019,2019,2019,2019,2019,2019,2019,2019,2019],"Y_PREVALENCE_1000PP":[2.76378,1.89474,2.83712,1.71551,2.40437,2.66261,1.13464,2.89771,3.33148,2.21935,4.11039,2.67261,2.01952,2.75482,2.19202,1.74014,2.54669]},"PREVALENCE_BY_MONTH":{"X_CALENDAR_MONTH":[201901,201902,201903,201904,201905,201906,201907,201908,201909,201910,201911,201912],"Y_PREVALENCE_1000PP":[0.15,0.16,0.15,0.17,0.31,0.16,0.32,0.18,0.19,0.15,0.21,0.28]},"CONDITIONS_BY_TYPE":{"CONCEPT_NAME":"Claim","COUNT_VALUE":328},"AGE_AT_FIRST_DIAGNOSIS":{"CATEGORY":["No matching concept","MALE","FEMALE"],"MIN_VALUE":[16,0,0],"P10_VALUE":[16,11,13],"P25_VALUE":[29,27,25],"MEDIAN_VALUE":[32,48,41],"P75_VALUE":[47,59,59],"P90_VALUE":[48,77,78],"MAX_VALUE":[48,97,98]}}
