{"PREVALENCE_BY_GENDER_AGE_YEAR":{"TRELLIS_NAME":["10-19","70-79","0-9","20-29","30-39","60-69","60-69","70-79","80-89","50-59","40-49","0-9","30-39","20-29","40-49","50-59"],"SERIES_NAME":["FEMALE","MALE","FEMALE","FEMALE","FEMALE","MALE","FEMALE","FEMALE","FEMALE","FEMALE","FEMALE","MALE","MALE","MALE","MALE","MALE"],"X_CALENDAR_YEAR":[2019,2019,2019,2019,2019,2019,2019,2019,2019,2019,2019,2019,2019,2019,2019,2019],"Y_PREVALENCE_1000PP":[1.53039,2.65806,1.89314,2.9975,1.62813,2.11538,2.09285,2.40919,3.45821,1.88324,2.28408,2.67499,2.20302,1.6852,2.34021,1.32023]},"PREVALENCE_BY_MONTH":{"X_CALENDAR_MONTH":[201901,201902,201903,201904,201905,201906,201907,201908,201909,201910,201911,201912],"Y_PREVALENCE_1000PP":[0.16,0.15,0.28,0.19,0.19,0.16,0.21,0.06,0.2,0.15,0.16,0.14]},"CONDITIONS_BY_TYPE":{"CONCEPT_NAME":"Claim","COUNT_VALUE":1144},"AGE_AT_FIRST_DIAGNOSIS":{"CATEGORY":["MALE","FEMALE"],"MIN_VALUE":[0,1],"P10_VALUE":[6,13],"P25_VALUE":[27,26],"MEDIAN_VALUE":[44,47],"P75_VALUE":[64,63],"P90_VALUE":[78,78],"MAX_VALUE":[98,98]}}
