{"PREVALENCE_BY_GENDER_AGE_YEAR":{"TRELLIS_NAME":["60-69","50-59","70-79","20-29","70-79","40-49","0-9","10-19","0-9","20-29","40-49","30-39","10-19","50-59"],"SERIES_NAME":["FEMALE","FEMALE","FEMALE","FEMALE","MALE","FEMALE","FEMALE","FEMALE","MALE","MALE","MALE","MALE","MALE","MALE"],"X_CALENDAR_YEAR":[2019,2019,2019,2019,2019,2019,2019,2019,2019,2019,2019,2019,2019,2019],"Y_PREVALENCE_1000PP":[1.89107,1.44886,1.10967,1.16822,1.90186,0.85776,1.68421,1.96721,2.22717,1.85123,2.77656,1.35823,1.60698,1.468]},"PREVALENCE_BY_MONTH":{"X_CALENDAR_MONTH":[201901,201902,201903,201904,201905,201906,201907,201908,201909,201910,201911,201912],"Y_PREVALENCE_1000PP":[0.19,0.11,0.16,0.15,0.15,0.1,0.12,0.12,0.07,0.17,0.11,0.12]},"CONDITIONS_BY_TYPE":{"CONCEPT_NAME":"Claim","COUNT_VALUE":221},"AGE_AT_FIRST_DIAGNOSIS":{"CATEGORY":["MALE","FEMALE"],"MIN_VALUE":[1,1],"P10_VALUE":[7,9],"P25_VALUE":[24,20],"MEDIAN_VALUE":[45,48],"P75_VALUE":[57,66],"P90_VALUE":[76,83],"MAX_VALUE":[97,99]}}
