{"PREVALENCE_BY_GENDER_AGE_YEAR":{"TRELLIS_NAME":["0-9","30-39","20-29","60-69","40-49","10-19","50-59","0-9","30-39","40-49","20-29","70-79","60-69","50-59"],"SERIES_NAME":["MALE","MALE","MALE","MALE","MALE","MALE","MALE","FEMALE","FEMALE","FEMALE","FEMALE","FEMALE","FEMALE","FEMALE"],"X_CALENDAR_YEAR":[2019,2019,2019,2019,2019,2019,2019,2019,2019,2019,2019,2019,2019,2019],"Y_PREVALENCE_1000PP":[1.78333,1.86409,2.02224,1.73077,1.75516,1.83318,1.02684,2.94489,2.76783,2.14133,1.33222,1.29726,1.71233,1.44865]},"PREVALENCE_BY_MONTH":{"X_CALENDAR_MONTH":[201901,201902,201903,201904,201905,201906,201907,201908,201909,201910,201911,201912],"Y_PREVALENCE_1000PP":[0.17,0.11,0.15,0.17,0.12,0.16,0.17,0.13,0.12,0.15,0.16,0.12]},"CONDITIONS_BY_TYPE":{"CONCEPT_NAME":"Claim","COUNT_VALUE":952},"AGE_AT_FIRST_DIAGNOSIS":{"CATEGORY":["FEMALE","No matching concept","MALE"],"MIN_VALUE":[2,12,0],"P10_VALUE":[6,12,7],"P25_VALUE":[26,40,22],"MEDIAN_VALUE":[40,42,39],"P75_VALUE":[58,70,60],"P90_VALUE":[76,73,78],"MAX_VALUE":[99,73,98]}}
