{"PREVALENCE_BY_GENDER_AGE_YEAR":{"TRELLIS_NAME":["60-69","70-79","40-49","50-59","80-89","20-29","90-99","30-39","70-79","80-89","0-9","10-19","60-69","0-9","50-59","20-29","40-49","30-39","10-19"],"SERIES_NAME":["FEMALE","FEMALE","FEMALE","FEMALE","FEMALE","FEMALE","MALE","FEMALE","MALE","MALE","FEMALE","FEMALE","MALE","MALE","MALE","MALE","MALE","MALE","MALE"],"X_CALENDAR_YEAR":[2019,2019,2019,2019,2019,2019,2019,2019,2019,2019,2019,2019,2019,2019,2019,2019,2019,2019,2019],"Y_PREVALENCE_1000PP":[2.09285,2.77984,3.85439,4.4908,4.03458,3.66361,3.4188,3.09345,4.36681,3.31309,2.52419,4.59117,3.26923,4.01248,2.93384,2.35929,3.65657,2.7114,4.8121]},"PREVALENCE_BY_MONTH":{"X_CALENDAR_MONTH":[201901,201902,201903,201904,201905,201906,201907,201908,201909,201910,201911,201912],"Y_PREVALENCE_1000PP":[0.31,0.27,0.24,0.32,0.27,0.25,0.33,0.35,0.24,0.27,0.25,0.34]},"CONDITIONS_BY_TYPE":{"CONCEPT_NAME":"Claim","COUNT_VALUE":1816},"AGE_AT_FIRST_DIAGNOSIS":{"CATEGORY":["No matching concept","FEMALE","MALE"],"MIN_VALUE":[28,2,0],"P10_VALUE":[28,11,8],"P25_VALUE":[36,26,21],"MEDIAN_VALUE":[55,43,44],"P75_VALUE":[75,58,66],"P90_VALUE":[99,75,77],"MAX_VALUE":[99,98,95]}}
