{"PREVALENCE_BY_GENDER_AGE_YEAR":{"TRELLIS_NAME":["40-49","0-9","60-69","10-19","50-59","20-29","30-39","90-99","70-79","50-59","80-89","60-69","10-19","80-89","30-39","90-99","0-9","40-49","70-79","20-29"],"SERIES_NAME":["MALE","MALE","MALE","MALE","MALE","MALE","MALE","FEMALE","FEMALE","FEMALE","FEMALE","FEMALE","FEMALE","MALE","FEMALE","MALE","FEMALE","FEMALE","MALE","FEMALE"],"X_CALENDAR_YEAR":[2019,2019,2019,2019,2019,2019,2019,2019,2019,2019,2019,2019,2019,2019,2019,2019,2019,2019,2019,2019],"Y_PREVALENCE_1000PP":[13.60246,13.15203,12.69231,15.81118,13.49567,15.50388,15.59058,15.05017,13.34322,11.58916,9.79827,12.74734,14.86664,15.46107,12.04819,14.24501,13.04165,14.13276,14.23961,12.82265]},"PREVALENCE_BY_MONTH":{"X_CALENDAR_MONTH":[201901,201902,201903,201904,201905,201906,201907,201908,201909,201910,201911,201912],"Y_PREVALENCE_1000PP":[1.4,0.86,1.13,1.19,0.84,1.09,1.42,1.08,1.14,1.36,1.08,1.16]},"CONDITIONS_BY_TYPE":{"CONCEPT_NAME":"Claim","COUNT_VALUE":7524},"AGE_AT_FIRST_DIAGNOSIS":{"CATEGORY":["FEMALE","No matching concept","MALE"],"MIN_VALUE":[0,0,0],"P10_VALUE":[10,9,11],"P25_VALUE":[24,27,24],"MEDIAN_VALUE":[44,38,43],"P75_VALUE":[64,49,63],"P90_VALUE":[76,79,77],"MAX_VALUE":[99,94,99]}}
