{"PREVALENCE_BY_GENDER_AGE_YEAR":{"TRELLIS_NAME":["0-9","10-19","90-99","30-39","20-29","70-79","80-89","80-89","40-49","90-99","70-79","60-69","50-59","0-9","50-59","60-69","10-19","20-29","30-39","40-49"],"SERIES_NAME":["FEMALE","FEMALE","MALE","FEMALE","FEMALE","MALE","MALE","FEMALE","FEMALE","FEMALE","FEMALE","FEMALE","FEMALE","MALE","MALE","MALE","MALE","MALE","MALE","MALE"],"X_CALENDAR_YEAR":[2019,2019,2019,2019,2019,2019,2019,2019,2019,2019,2019,2019,2019,2019,2019,2019,2019,2019,2019,2019],"Y_PREVALENCE_1000PP":[89.05263,88.74317,85.95989,87.7906,87.44993,90.90909,92.76643,82.46828,88.63474,67.74014,85.0749,86.8003,88.52507,81.95991,92.33705,87.20031,83.79247,87.68092,86.75722,83.88134]},"PREVALENCE_BY_MONTH":{"X_CALENDAR_MONTH":[201901,201902,201903,201904,201905,201906,201907,201908,201909,201910,201911,201912],"Y_PREVALENCE_1000PP":[9.11,6.38,6.89,8.93,7.08,6.75,8.7,7.4,6.72,8.44,6.58,7.26]},"CONDITIONS_BY_TYPE":{"CONCEPT_NAME":"Claim","COUNT_VALUE":12279},"AGE_AT_FIRST_DIAGNOSIS":{"CATEGORY":["No matching concept","MALE","FEMALE"],"MIN_VALUE":[0,0,0],"P10_VALUE":[10,11,10],"P25_VALUE":[23,25,24],"MEDIAN_VALUE":[40,46,44],"P75_VALUE":[59,64,61],"P90_VALUE":[73,78,76],"MAX_VALUE":[99,99,99]}}
