{"PREVALENCE_BY_GENDER_AGE_YEAR":{"TRELLIS_NAME":["40-49","30-39","50-59","20-29","70-79","40-49","60-69","50-59","70-79","20-29","0-9","30-39","10-19"],"SERIES_NAME":["MALE","MALE","MALE","MALE","FEMALE","FEMALE","FEMALE","FEMALE","MALE","FEMALE","FEMALE","FEMALE","FEMALE"],"X_CALENDAR_YEAR":[2019,2019,2019,2019,2019,2019,2019,2019,2019,2019,2019,2019,2019],"Y_PREVALENCE_1000PP":[1.31637,1.52517,1.32023,1.51668,1.6679,1.42755,1.71233,1.30378,1.51889,1.83181,2.10349,1.79095,1.31176]},"PREVALENCE_BY_MONTH":{"X_CALENDAR_MONTH":[201901,201902,201903,201904,201905,201907,201908,201909,201910,201911,201912],"Y_PREVALENCE_1000PP":[0.14,0.12,0.12,0.15,0.13,0.12,0.13,0.09,0.14,0.06,0.13]},"CONDITIONS_BY_TYPE":{"CONCEPT_NAME":"Claim","COUNT_VALUE":728},"AGE_AT_FIRST_DIAGNOSIS":{"CATEGORY":["MALE","FEMALE"],"MIN_VALUE":[4,0],"P10_VALUE":[13,4],"P25_VALUE":[28,24],"MEDIAN_VALUE":[44,41],"P75_VALUE":[65,60],"P90_VALUE":[78,73],"MAX_VALUE":[99,97]}}
