{"PREVALENCE_BY_GENDER_AGE_YEAR":{"TRELLIS_NAME":["60-69","70-79","40-49","10-19","60-69","20-29"],"SERIES_NAME":["FEMALE","FEMALE","FEMALE","MALE","MALE","MALE"],"X_CALENDAR_YEAR":[2019,2019,2019,2019,2019,2019],"Y_PREVALENCE_1000PP":[1.33181,1.29726,0.85653,1.37489,1.53846,1.17964]},"PREVALENCE_BY_MONTH":{"X_CALENDAR_MONTH":[201901,201902,201904,201906,201908,201909,201911,201912],"Y_PREVALENCE_1000PP":[0.06,0.06,0.12,0.06,0.06,0.08,0.08,0.09]},"CONDITIONS_BY_TYPE":{"CONCEPT_NAME":"Claim","COUNT_VALUE":412},"AGE_AT_FIRST_DIAGNOSIS":{"CATEGORY":["MALE","FEMALE"],"MIN_VALUE":[0,6],"P10_VALUE":[13,12],"P25_VALUE":[24,36],"MEDIAN_VALUE":[48,59],"P75_VALUE":[62,75],"P90_VALUE":[74,79],"MAX_VALUE":[91,97]}}
