{"PREVALENCE_BY_GENDER_AGE_YEAR":{"TRELLIS_NAME":["20-29","70-79","0-9","30-39","10-19","40-49","50-59","60-69","70-79","60-69","20-29","40-49","0-9","10-19"],"SERIES_NAME":["FEMALE","MALE","FEMALE","FEMALE","FEMALE","FEMALE","FEMALE","FEMALE","FEMALE","MALE","MALE","MALE","MALE","MALE"],"X_CALENDAR_YEAR":[2019,2019,2019,2019,2019,2019,2019,2019,2019,2019,2019,2019,2019,2019],"Y_PREVALENCE_1000PP":[1.502,1.90186,1.89474,2.76378,1.53005,1.42959,0.86931,2.6475,2.0344,1.35344,1.00976,1.89975,1.78174,2.75482]},"PREVALENCE_BY_MONTH":{"X_CALENDAR_MONTH":[201901,201902,201903,201904,201905,201906,201907,201908,201909,201910,201911,201912],"Y_PREVALENCE_1000PP":[0.19,0.1,0.13,0.13,0.1,0.16,0.18,0.1,0.18,0.11,0.07,0.12]},"CONDITIONS_BY_TYPE":{"CONCEPT_NAME":"Claim","COUNT_VALUE":217},"AGE_AT_FIRST_DIAGNOSIS":{"CATEGORY":["FEMALE","MALE"],"MIN_VALUE":[0,0],"P10_VALUE":[9,8],"P25_VALUE":[27,17],"MEDIAN_VALUE":[45,43],"P75_VALUE":[67,62],"P90_VALUE":[79,76],"MAX_VALUE":[98,91]}}
