{"PREVALENCE_BY_GENDER_AGE_YEAR":{"TRELLIS_NAME":["40-49","30-39","50-59","20-29","0-9","60-69","20-29","30-39","0-9","40-49","10-19","70-79","60-69","50-59"],"SERIES_NAME":["MALE","MALE","MALE","MALE","MALE","MALE","FEMALE","FEMALE","FEMALE","FEMALE","FEMALE","MALE","FEMALE","FEMALE"],"X_CALENDAR_YEAR":[2019,2019,2019,2019,2019,2019,2019,2019,2019,2019,2019,2019,2019,2019],"Y_PREVALENCE_1000PP":[1.02294,1.86757,2.6424,1.51464,1.78174,1.93349,2.83712,1.46318,2.52632,1.28663,1.96721,1.14112,3.21483,1.15908]},"PREVALENCE_BY_MONTH":{"X_CALENDAR_MONTH":[201901,201902,201903,201904,201905,201906,201907,201908,201909,201910,201911,201912],"Y_PREVALENCE_1000PP":[0.13,0.14,0.18,0.14,0.12,0.21,0.15,0.13,0.13,0.2,0.14,0.07]},"CONDITIONS_BY_TYPE":{"CONCEPT_NAME":"Claim","COUNT_VALUE":235},"AGE_AT_FIRST_DIAGNOSIS":{"CATEGORY":["MALE","FEMALE"],"MIN_VALUE":[1,2],"P10_VALUE":[9,7],"P25_VALUE":[28,21],"MEDIAN_VALUE":[50,37],"P75_VALUE":[64,64],"P90_VALUE":[77,74],"MAX_VALUE":[97,98]}}
