{"PREVALENCE_BY_GENDER_AGE_YEAR":{"TRELLIS_NAME":["90-99","10-19","80-89","0-9","20-29","30-39","70-79","40-49","60-69","50-59","90-99","70-79","80-89","50-59","20-29","40-49","10-19","0-9","30-39","60-69"],"SERIES_NAME":["MALE","FEMALE","MALE","FEMALE","FEMALE","FEMALE","MALE","FEMALE","FEMALE","FEMALE","FEMALE","FEMALE","FEMALE","MALE","MALE","MALE","MALE","MALE","MALE","MALE"],"X_CALENDAR_YEAR":[2019,2019,2019,2019,2019,2019,2019,2019,2019,2019,2019,2019,2019,2019,2019,2019,2019,2019,2019,2019],"Y_PREVALENCE_1000PP":[9.68661,10.4941,10.49144,11.77955,12.65612,10.9085,9.11335,10.99215,11.60578,11.15457,6.68896,9.0808,12.10375,9.97506,10.95383,11.8473,8.47846,12.48328,13.55702,10.96154]},"PREVALENCE_BY_MONTH":{"X_CALENDAR_MONTH":[201901,201902,201903,201904,201905,201906,201907,201908,201909,201910,201911,201912],"Y_PREVALENCE_1000PP":[1.12,0.76,0.95,1.07,0.82,1.01,0.83,0.86,0.84,1.05,0.92,0.73]},"CONDITIONS_BY_TYPE":{"CONCEPT_NAME":"Claim","COUNT_VALUE":5908},"AGE_AT_FIRST_DIAGNOSIS":{"CATEGORY":["FEMALE","MALE","No matching concept"],"MIN_VALUE":[0,0,11],"P10_VALUE":[9,8,20],"P25_VALUE":[24,25,30],"MEDIAN_VALUE":[44,42,43],"P75_VALUE":[61,61,60],"P90_VALUE":[74,76,78],"MAX_VALUE":[99,99,94]}}
