{"PREVALENCE_BY_GENDER_AGE_YEAR":{"TRELLIS_NAME":["40-49","60-69","80-89","70-79","90-99","50-59","30-39","40-49","60-69","0-9","50-59","10-19","20-29","10-19","0-9","30-39","80-89","90-99","70-79","20-29"],"SERIES_NAME":["FEMALE","FEMALE","FEMALE","FEMALE","FEMALE","FEMALE","MALE","MALE","MALE","MALE","MALE","MALE","MALE","FEMALE","FEMALE","FEMALE","MALE","MALE","MALE","FEMALE"],"X_CALENDAR_YEAR":[2019,2019,2019,2019,2019,2019,2019,2019,2019,2019,2019,2019,2019,2019,2019,2019,2019,2019,2019,2019],"Y_PREVALENCE_1000PP":[8.85082,9.32268,8.06916,7.78354,5.01672,8.83674,6.10066,8.04446,7.69231,7.1333,7.3346,7.10357,6.40377,9.83822,8.62432,7.00098,6.62617,8.54701,9.87279,8.82598]},"PREVALENCE_BY_MONTH":{"X_CALENDAR_MONTH":[201901,201902,201903,201904,201905,201906,201907,201908,201909,201910,201911,201912],"Y_PREVALENCE_1000PP":[0.89,0.54,0.6,0.9,0.54,0.62,0.85,0.59,0.52,0.72,0.64,0.63]},"CONDITIONS_BY_TYPE":{"CONCEPT_NAME":"Claim","COUNT_VALUE":4304},"AGE_AT_FIRST_DIAGNOSIS":{"CATEGORY":["No matching concept","MALE","FEMALE"],"MIN_VALUE":[5,0,0],"P10_VALUE":[10,11,10],"P25_VALUE":[21,27,23],"MEDIAN_VALUE":[40,48,44],"P75_VALUE":[60,66,62],"P90_VALUE":[69,77,74],"MAX_VALUE":[94,99,98]}}
