{"PREVALENCE_BY_GENDER_AGE_YEAR":{"TRELLIS_NAME":["40-49","50-59","70-79","60-69","30-39","70-79","20-29"],"SERIES_NAME":["MALE","FEMALE","FEMALE","FEMALE","FEMALE","MALE","FEMALE"],"X_CALENDAR_YEAR":[2019,2019,2019,2019,2019,2019,2019],"Y_PREVALENCE_1000PP":[1.02384,1.01405,1.29726,1.33181,0.97688,1.13917,1.1657]},"PREVALENCE_BY_MONTH":{"X_CALENDAR_MONTH":[201901,201903,201904,201905,201907,201908,201910,201912],"Y_PREVALENCE_1000PP":[0.1,0.06,0.06,0.07,0.12,0.06,0.1,0.1]},"CONDITIONS_BY_TYPE":{"CONCEPT_NAME":"Claim","COUNT_VALUE":452},"AGE_AT_FIRST_DIAGNOSIS":{"CATEGORY":["MALE","FEMALE"],"MIN_VALUE":[9,1],"P10_VALUE":[12,12],"P25_VALUE":[28,27],"MEDIAN_VALUE":[46,50],"P75_VALUE":[76,67],"P90_VALUE":[85,76],"MAX_VALUE":[99,88]}}
