{"PREVALENCE_BY_GENDER_AGE_YEAR":{"TRELLIS_NAME":["40-49","10-19","30-39","20-29","70-79","50-59","60-69","70-79","20-29","50-59","30-39","40-49","60-69","10-19","0-9"],"SERIES_NAME":["FEMALE","FEMALE","FEMALE","FEMALE","MALE","FEMALE","FEMALE","FEMALE","MALE","MALE","MALE","MALE","MALE","MALE","MALE"],"X_CALENDAR_YEAR":[2019,2019,2019,2019,2019,2019,2019,2019,2019,2019,2019,2019,2019,2019,2019],"Y_PREVALENCE_1000PP":[1.00071,1.96721,1.62575,1.16822,1.71168,1.73863,1.13464,2.58924,2.18782,1.3212,1.18846,2.19202,1.54679,1.60698,1.55902]},"PREVALENCE_BY_MONTH":{"X_CALENDAR_MONTH":[201901,201902,201903,201904,201905,201906,201907,201908,201909,201910,201911,201912],"Y_PREVALENCE_1000PP":[0.13,0.14,0.13,0.17,0.15,0.11,0.11,0.12,0.12,0.18,0.12,0.12]},"CONDITIONS_BY_TYPE":{"CONCEPT_NAME":"Claim","COUNT_VALUE":212},"AGE_AT_FIRST_DIAGNOSIS":{"CATEGORY":["MALE","FEMALE"],"MIN_VALUE":[0,4],"P10_VALUE":[13,14],"P25_VALUE":[23,28],"MEDIAN_VALUE":[43,51],"P75_VALUE":[62,71],"P90_VALUE":[77,79],"MAX_VALUE":[98,97]}}
