{"PREVALENCE_BY_GENDER_AGE_YEAR":{"TRELLIS_NAME":["40-49","20-29","0-9","50-59","60-69","50-59","40-49","20-29","0-9","30-39"],"SERIES_NAME":["MALE","MALE","MALE","MALE","FEMALE","FEMALE","FEMALE","FEMALE","FEMALE","FEMALE"],"X_CALENDAR_YEAR":[2019,2019,2019,2019,2019,2019,2019,2019,2019,2019],"Y_PREVALENCE_1000PP":[0.87681,1.17805,1.78174,1.1744,1.51286,1.73863,1.42959,1.66889,1.68421,1.3006]},"PREVALENCE_BY_MONTH":{"X_CALENDAR_MONTH":[201901,201902,201903,201904,201905,201906,201907,201909,201910,201911,201912],"Y_PREVALENCE_1000PP":[0.08,0.12,0.1,0.1,0.1,0.11,0.12,0.07,0.1,0.11,0.1]},"CONDITIONS_BY_TYPE":{"CONCEPT_NAME":"Claim","COUNT_VALUE":151},"AGE_AT_FIRST_DIAGNOSIS":{"CATEGORY":["MALE","FEMALE"],"MIN_VALUE":[0,1],"P10_VALUE":[2,8],"P25_VALUE":[15,23],"MEDIAN_VALUE":[41,43],"P75_VALUE":[57,58],"P90_VALUE":[78,69],"MAX_VALUE":[88,94]}}
