{"PREVALENCE_BY_GENDER_AGE_YEAR":{"TRELLIS_NAME":["30-39","70-79","20-29","40-49","10-19","60-69","50-59","70-79","10-19","0-9","50-59","20-29","60-69","40-49","30-39"],"SERIES_NAME":["FEMALE","MALE","FEMALE","FEMALE","FEMALE","FEMALE","FEMALE","FEMALE","MALE","MALE","MALE","MALE","MALE","MALE","MALE"],"X_CALENDAR_YEAR":[2019,2019,2019,2019,2019,2019,2019,2019,2019,2019,2019,2019,2019,2019,2019],"Y_PREVALENCE_1000PP":[2.27605,1.90186,2.83712,2.00143,1.74863,1.89107,3.47725,1.29462,2.98439,3.56347,2.4956,1.51464,2.32019,2.77656,2.20713]},"PREVALENCE_BY_MONTH":{"X_CALENDAR_MONTH":[201901,201902,201903,201904,201905,201906,201907,201908,201909,201910,201911,201912],"Y_PREVALENCE_1000PP":[0.22,0.13,0.23,0.2,0.25,0.14,0.19,0.19,0.14,0.14,0.14,0.22]},"CONDITIONS_BY_TYPE":{"CONCEPT_NAME":"Claim","COUNT_VALUE":289},"AGE_AT_FIRST_DIAGNOSIS":{"CATEGORY":["FEMALE","MALE"],"MIN_VALUE":[2,0],"P10_VALUE":[19,7],"P25_VALUE":[26,19],"MEDIAN_VALUE":[46,45],"P75_VALUE":[55,59],"P90_VALUE":[69,78],"MAX_VALUE":[91,95]}}
