{"PREVALENCE_BY_GENDER_AGE_YEAR":{"TRELLIS_NAME":["20-29","80-89","10-19","0-9","70-79","90-99","30-39","0-9","60-69","10-19","30-39","50-59","20-29","40-49","50-59","40-49","70-79","60-69"],"SERIES_NAME":["FEMALE","MALE","FEMALE","FEMALE","MALE","MALE","FEMALE","MALE","MALE","MALE","MALE","MALE","MALE","MALE","FEMALE","FEMALE","FEMALE","FEMALE"],"X_CALENDAR_YEAR":[2019,2019,2019,2019,2019,2019,2019,2019,2019,2019,2019,2019,2019,2019,2019,2019,2019,2019],"Y_PREVALENCE_1000PP":[2.67023,4.96963,4.15301,2.73684,2.28224,5.15759,4.06438,4.00891,4.06032,2.75482,4.41426,2.202,3.36587,3.50723,3.18748,4.00286,3.69891,4.34947]},"PREVALENCE_BY_MONTH":{"X_CALENDAR_MONTH":[201901,201902,201903,201904,201905,201906,201907,201908,201909,201910,201911,201912],"Y_PREVALENCE_1000PP":[0.36,0.2,0.27,0.34,0.19,0.32,0.28,0.24,0.19,0.43,0.29,0.35]},"CONDITIONS_BY_TYPE":{"CONCEPT_NAME":"Claim","COUNT_VALUE":455},"AGE_AT_FIRST_DIAGNOSIS":{"CATEGORY":["FEMALE","No matching concept","MALE"],"MIN_VALUE":[0,5,0],"P10_VALUE":[11,5,9],"P25_VALUE":[25,33,25],"MEDIAN_VALUE":[43,55,44],"P75_VALUE":[63,70,65],"P90_VALUE":[75,93,80],"MAX_VALUE":[96,93,99]}}
