{"PREVALENCE_BY_GENDER_AGE_YEAR":{"TRELLIS_NAME":["70-79","80-89","60-69","50-59","10-19","50-59","40-49","20-29","30-39","60-69","10-19","70-79","80-89","20-29","30-39","0-9","40-49"],"SERIES_NAME":["FEMALE","FEMALE","FEMALE","FEMALE","MALE","MALE","MALE","MALE","MALE","MALE","FEMALE","MALE","MALE","FEMALE","FEMALE","FEMALE","FEMALE"],"X_CALENDAR_YEAR":[2019,2019,2019,2019,2019,2019,2019,2019,2019,2019,2019,2019,2019,2019,2019,2019,2019],"Y_PREVALENCE_1000PP":[1.6679,3.45821,2.85388,3.62161,2.74977,1.61361,2.63273,1.51668,2.88087,1.92308,2.4049,3.41751,3.31309,2.33139,1.79095,3.36559,2.8551]},"PREVALENCE_BY_MONTH":{"X_CALENDAR_MONTH":[201901,201902,201903,201904,201905,201906,201907,201908,201909,201910,201911,201912],"Y_PREVALENCE_1000PP":[0.24,0.23,0.16,0.21,0.16,0.26,0.23,0.17,0.18,0.26,0.14,0.2]},"CONDITIONS_BY_TYPE":{"CONCEPT_NAME":"Claim","COUNT_VALUE":1316},"AGE_AT_FIRST_DIAGNOSIS":{"CATEGORY":["MALE","FEMALE"],"MIN_VALUE":[0,0],"P10_VALUE":[14,7],"P25_VALUE":[31,22],"MEDIAN_VALUE":[47,47],"P75_VALUE":[70,61],"P90_VALUE":[79,75],"MAX_VALUE":[99,99]}}
