{"PREVALENCE_BY_GENDER_AGE_YEAR":{"TRELLIS_NAME":["50-59","60-69","40-49","70-79","80-89","20-29","60-69","30-39","70-79","0-9","10-19","0-9","50-59","30-39","20-29","40-49"],"SERIES_NAME":["FEMALE","FEMALE","FEMALE","FEMALE","MALE","FEMALE","MALE","FEMALE","MALE","FEMALE","MALE","MALE","MALE","MALE","MALE","MALE"],"X_CALENDAR_YEAR":[2019,2019,2019,2019,2019,2019,2019,2019,2019,2019,2019,2019,2019,2019,2019,2019],"Y_PREVALENCE_1000PP":[1.73863,2.4584,2.43031,2.21935,3.86527,1.66889,1.93349,1.9509,1.52149,1.26316,2.29568,1.78174,0.8808,3.05603,1.34635,2.63043]},"PREVALENCE_BY_MONTH":{"X_CALENDAR_MONTH":[201901,201902,201903,201904,201905,201906,201907,201908,201909,201910,201911,201912],"Y_PREVALENCE_1000PP":[0.18,0.19,0.14,0.17,0.11,0.15,0.23,0.16,0.19,0.12,0.17,0.13]},"CONDITIONS_BY_TYPE":{"CONCEPT_NAME":"Claim","COUNT_VALUE":262},"AGE_AT_FIRST_DIAGNOSIS":{"CATEGORY":["MALE","FEMALE"],"MIN_VALUE":[2,1],"P10_VALUE":[10,17],"P25_VALUE":[26,31],"MEDIAN_VALUE":[42,48],"P75_VALUE":[67,66],"P90_VALUE":[80,76],"MAX_VALUE":[96,99]}}
