{"PREVALENCE_BY_GENDER_AGE_YEAR":{"TRELLIS_NAME":["80-89","30-39","0-9","70-79","10-19","20-29","70-79","60-69","50-59","40-49","0-9","60-69","20-29","30-39","10-19","40-49","50-59"],"SERIES_NAME":["MALE","FEMALE","FEMALE","MALE","FEMALE","FEMALE","FEMALE","FEMALE","FEMALE","FEMALE","MALE","MALE","MALE","MALE","MALE","MALE","MALE"],"X_CALENDAR_YEAR":[2019,2019,2019,2019,2019,2019,2019,2019,2019,2019,2019,2019,2019,2019,2019,2019,2019],"Y_PREVALENCE_1000PP":[3.31309,2.4422,1.89314,3.22764,1.31176,2.49792,2.59451,3.04414,2.60756,1.71306,2.8979,3.26923,1.85372,2.03355,3.20807,1.75516,2.20038]},"PREVALENCE_BY_MONTH":{"X_CALENDAR_MONTH":[201901,201902,201903,201904,201905,201906,201907,201908,201909,201910,201911,201912],"Y_PREVALENCE_1000PP":[0.29,0.2,0.22,0.23,0.13,0.11,0.28,0.16,0.12,0.21,0.14,0.27]},"CONDITIONS_BY_TYPE":{"CONCEPT_NAME":"Claim","COUNT_VALUE":1256},"AGE_AT_FIRST_DIAGNOSIS":{"CATEGORY":["MALE","FEMALE"],"MIN_VALUE":[1,1],"P10_VALUE":[8,14],"P25_VALUE":[22,27],"MEDIAN_VALUE":[47,48],"P75_VALUE":[67,66],"P90_VALUE":[79,75],"MAX_VALUE":[98,85]}}
