{"PREVALENCE_BY_GENDER_AGE_YEAR":{"TRELLIS_NAME":["90-99","50-59","60-69","70-79","80-89","20-29","10-19","50-59","0-9","60-69","40-49","30-39","40-49","30-39","20-29","0-9","70-79","90-99","80-89","10-19"],"SERIES_NAME":["FEMALE","FEMALE","FEMALE","FEMALE","FEMALE","MALE","MALE","MALE","MALE","MALE","MALE","MALE","FEMALE","FEMALE","FEMALE","FEMALE","MALE","MALE","MALE","FEMALE"],"X_CALENDAR_YEAR":[2019,2019,2019,2019,2019,2019,2019,2019,2019,2019,2019,2019,2019,2019,2019,2019,2019,2019,2019,2019],"Y_PREVALENCE_1000PP":[32.20433,32.45436,36.87595,36.43425,25.95156,37.36116,36.27181,36.25954,34.52116,38.66976,35.21847,36.50255,39.45675,37.88002,32.20961,33.26316,33.66299,32.66476,38.65268,41.0929]},"PREVALENCE_BY_MONTH":{"X_CALENDAR_MONTH":[201901,201902,201903,201904,201905,201906,201907,201908,201909,201910,201911,201912],"Y_PREVALENCE_1000PP":[3.35,2.69,3,3.44,2.54,2.94,3.86,2.88,2.59,3.56,2.59,2.9]},"CONDITIONS_BY_TYPE":{"CONCEPT_NAME":"Claim","COUNT_VALUE":4914},"AGE_AT_FIRST_DIAGNOSIS":{"CATEGORY":["FEMALE","No matching concept","MALE"],"MIN_VALUE":[0,2,0],"P10_VALUE":[11,16,11],"P25_VALUE":[25,23,25],"MEDIAN_VALUE":[43,41,44],"P75_VALUE":[62,53,62],"P90_VALUE":[76,76,77],"MAX_VALUE":[99,95,99]}}
