{"PREVALENCE_BY_GENDER_AGE_YEAR":{"TRELLIS_NAME":["50-59","40-49","30-39","70-79","40-49"],"SERIES_NAME":["MALE","MALE","MALE","FEMALE","FEMALE"],"X_CALENDAR_YEAR":[2019,2019,2019,2019,2019],"Y_PREVALENCE_1000PP":[0.88015,0.87758,1.69463,1.11193,1.2848]},"PREVALENCE_BY_MONTH":{"X_CALENDAR_MONTH":[201901,201904,201905,201909,201910,201911,201912],"Y_PREVALENCE_1000PP":[0.1,0.1,0.06,0.07,0.08,0.06,0.1]},"CONDITIONS_BY_TYPE":{"CONCEPT_NAME":"Claim","COUNT_VALUE":408},"AGE_AT_FIRST_DIAGNOSIS":{"CATEGORY":["FEMALE","MALE"],"MIN_VALUE":[1,3],"P10_VALUE":[8,10],"P25_VALUE":[24,25],"MEDIAN_VALUE":[44,35],"P75_VALUE":[64,53],"P90_VALUE":[79,74],"MAX_VALUE":[92,89]}}
