{"PREVALENCE_BY_GENDER_AGE_YEAR":{"TRELLIS_NAME":["10-19","30-39","40-49","60-69","0-9","20-29","50-59","50-59","40-49","60-69","70-79","80-89","30-39","0-9","70-79","20-29","10-19"],"SERIES_NAME":["MALE","MALE","MALE","MALE","MALE","MALE","MALE","FEMALE","FEMALE","FEMALE","FEMALE","MALE","FEMALE","FEMALE","MALE","FEMALE","FEMALE"],"X_CALENDAR_YEAR":[2019,2019,2019,2019,2019,2019,2019,2019,2019,2019,2019,2019,2019,2019,2019,2019,2019],"Y_PREVALENCE_1000PP":[3.66636,3.89764,3.51031,2.11538,2.8979,2.19077,3.37392,3.33188,2.42684,2.28311,2.03855,3.86527,4.07034,2.52419,3.98709,2.49792,2.4049]},"PREVALENCE_BY_MONTH":{"X_CALENDAR_MONTH":[201901,201902,201903,201904,201905,201906,201907,201908,201909,201910,201911,201912],"Y_PREVALENCE_1000PP":[0.22,0.15,0.28,0.26,0.18,0.26,0.33,0.17,0.21,0.28,0.22,0.32]},"CONDITIONS_BY_TYPE":{"CONCEPT_NAME":"Claim","COUNT_VALUE":1536},"AGE_AT_FIRST_DIAGNOSIS":{"CATEGORY":["MALE","FEMALE"],"MIN_VALUE":[1,0],"P10_VALUE":[12,10],"P25_VALUE":[27,27],"MEDIAN_VALUE":[45,41],"P75_VALUE":[62,56],"P90_VALUE":[75,71],"MAX_VALUE":[93,99]}}
