{"PREVALENCE_BY_GENDER_AGE_YEAR":{"TRELLIS_NAME":["40-49","50-59","0-9","30-39","20-29","40-49"],"SERIES_NAME":["MALE","MALE","MALE","FEMALE","FEMALE","FEMALE"],"X_CALENDAR_YEAR":[2019,2019,2019,2019,2019,2019],"Y_PREVALENCE_1000PP":[0.87681,0.8808,1.78174,1.3006,2.16956,1.00071]},"PREVALENCE_BY_MONTH":{"X_CALENDAR_MONTH":[201901,201903,201904,201905,201907,201908,201910,201911,201912],"Y_PREVALENCE_1000PP":[0.08,0.1,0.06,0.06,0.1,0.12,0.08,0.12,0.09]},"CONDITIONS_BY_TYPE":{"CONCEPT_NAME":"Claim","COUNT_VALUE":126},"AGE_AT_FIRST_DIAGNOSIS":{"CATEGORY":["MALE","FEMALE"],"MIN_VALUE":[0,0],"P10_VALUE":[4,9],"P25_VALUE":[21,22],"MEDIAN_VALUE":[43,33],"P75_VALUE":[65,44],"P90_VALUE":[88,70],"MAX_VALUE":[97,94]}}
