{"PREVALENCE_BY_GENDER_AGE_YEAR":{"TRELLIS_NAME":["50-59","20-29","30-39","40-49","60-69","60-69","40-49","50-59","70-79","20-29","0-9","30-39"],"SERIES_NAME":["MALE","MALE","MALE","MALE","MALE","FEMALE","FEMALE","FEMALE","FEMALE","FEMALE","FEMALE","FEMALE"],"X_CALENDAR_YEAR":[2019,2019,2019,2019,2019,2019,2019,2019,2019,2019,2019,2019],"Y_PREVALENCE_1000PP":[0.88015,2.19077,1.52517,0.87758,2.11538,1.33181,1.14204,1.73837,1.48258,1.33222,1.47244,0.97688]},"PREVALENCE_BY_MONTH":{"X_CALENDAR_MONTH":[201901,201903,201904,201905,201906,201907,201908,201910,201911,201912],"Y_PREVALENCE_1000PP":[0.14,0.14,0.15,0.13,0.1,0.14,0.08,0.1,0.06,0.17]},"CONDITIONS_BY_TYPE":{"CONCEPT_NAME":"Claim","COUNT_VALUE":680},"AGE_AT_FIRST_DIAGNOSIS":{"CATEGORY":["FEMALE","MALE"],"MIN_VALUE":[0,4],"P10_VALUE":[7,22],"P25_VALUE":[27,29],"MEDIAN_VALUE":[51,49],"P75_VALUE":[66,68],"P90_VALUE":[79,83],"MAX_VALUE":[96,99]}}
