{"PREVALENCE_BY_GENDER_AGE_YEAR":{"TRELLIS_NAME":["20-29","10-19","90-99","30-39","0-9","70-79","80-89","60-69","30-39","40-49","0-9","20-29","50-59","10-19","60-69","70-79","50-59","40-49","90-99","80-89"],"SERIES_NAME":["FEMALE","FEMALE","MALE","FEMALE","FEMALE","MALE","MALE","MALE","MALE","MALE","MALE","MALE","MALE","MALE","FEMALE","FEMALE","FEMALE","FEMALE","FEMALE","FEMALE"],"X_CALENDAR_YEAR":[2019,2019,2019,2019,2019,2019,2019,2019,2019,2019,2019,2019,2019,2019,2019,2019,2019,2019,2019,2019],"Y_PREVALENCE_1000PP":[19.52603,19.45355,18.91117,15.60722,19.15789,19.39901,19.32634,17.20804,17.14771,16.95163,18.26281,16.99764,21.72637,18.59504,16.45234,17.19993,14.63344,16.44031,18.8784,17.30104]},"PREVALENCE_BY_MONTH":{"X_CALENDAR_MONTH":[201901,201902,201903,201904,201905,201906,201907,201908,201909,201910,201911,201912],"Y_PREVALENCE_1000PP":[1.79,1.37,1.4,1.75,1.11,1.46,1.58,1.5,1.39,1.79,1.44,1.35]},"CONDITIONS_BY_TYPE":{"CONCEPT_NAME":"Claim","COUNT_VALUE":2408},"AGE_AT_FIRST_DIAGNOSIS":{"CATEGORY":["MALE","FEMALE","No matching concept"],"MIN_VALUE":[0,0,0],"P10_VALUE":[10,9,18],"P25_VALUE":[25,22,29],"MEDIAN_VALUE":[46,42,43],"P75_VALUE":[64,63,71],"P90_VALUE":[78,77,79],"MAX_VALUE":[99,99,87]}}
