{"PREVALENCE_BY_GENDER_AGE_YEAR":{"TRELLIS_NAME":["50-59","60-69","40-49","80-89","70-79","0-9","60-69","70-79","20-29","30-39","10-19","50-59","30-39","20-29","0-9","40-49","10-19"],"SERIES_NAME":["FEMALE","FEMALE","FEMALE","FEMALE","FEMALE","FEMALE","MALE","MALE","FEMALE","FEMALE","FEMALE","MALE","MALE","MALE","MALE","MALE","MALE"],"X_CALENDAR_YEAR":[2019,2019,2019,2019,2019,2019,2019,2019,2019,2019,2019,2019,2019,2019,2019,2019,2019],"Y_PREVALENCE_1000PP":[3.0426,2.4584,2.14439,3.46021,2.95913,3.15789,3.09358,2.47242,3.17089,2.43863,4.37158,3.81679,2.71647,2.5244,1.3363,2.63043,2.29568]},"PREVALENCE_BY_MONTH":{"X_CALENDAR_MONTH":[201901,201902,201903,201904,201905,201906,201907,201908,201909,201910,201911,201912],"Y_PREVALENCE_1000PP":[0.27,0.33,0.28,0.28,0.17,0.17,0.24,0.15,0.22,0.24,0.21,0.26]},"CONDITIONS_BY_TYPE":{"CONCEPT_NAME":"Claim","COUNT_VALUE":380},"AGE_AT_FIRST_DIAGNOSIS":{"CATEGORY":["No matching concept","MALE","FEMALE"],"MIN_VALUE":[25,0,0],"P10_VALUE":[25,18,8],"P25_VALUE":[45,31,20],"MEDIAN_VALUE":[53,49,40],"P75_VALUE":[76,61,64],"P90_VALUE":[88,76,76],"MAX_VALUE":[88,96,97]}}
