{"PREVALENCE_BY_GENDER_AGE_YEAR":{"TRELLIS_NAME":["50-59","60-69","70-79","60-69","50-59","40-49","10-19","30-39","20-29","10-19","0-9","30-39","40-49"],"SERIES_NAME":["FEMALE","FEMALE","FEMALE","MALE","MALE","MALE","MALE","MALE","FEMALE","FEMALE","FEMALE","FEMALE","FEMALE"],"X_CALENDAR_YEAR":[2019,2019,2019,2019,2019,2019,2019,2019,2019,2019,2019,2019,2019],"Y_PREVALENCE_1000PP":[1.15908,1.13464,1.66451,1.35344,1.1744,2.19202,1.37741,1.69779,1.502,1.31148,1.68421,1.46318,1.71551]},"PREVALENCE_BY_MONTH":{"X_CALENDAR_MONTH":[201901,201902,201903,201904,201905,201906,201907,201908,201909,201910,201911,201912],"Y_PREVALENCE_1000PP":[0.16,0.1,0.1,0.1,0.09,0.1,0.13,0.12,0.08,0.1,0.14,0.08]},"CONDITIONS_BY_TYPE":{"CONCEPT_NAME":"Claim","COUNT_VALUE":172},"AGE_AT_FIRST_DIAGNOSIS":{"CATEGORY":["MALE","FEMALE"],"MIN_VALUE":[4,1],"P10_VALUE":[16,7],"P25_VALUE":[31,22],"MEDIAN_VALUE":[43,42],"P75_VALUE":[57,58],"P90_VALUE":[71,76],"MAX_VALUE":[89,93]}}
