{"PREVALENCE_BY_GENDER_AGE_YEAR":{"TRELLIS_NAME":["60-69","90-99","80-89","70-79","50-59","20-29","80-89","70-79","0-9","90-99","40-49","30-39","10-19","50-59","30-39","60-69","10-19","20-29","40-49","0-9"],"SERIES_NAME":["FEMALE","FEMALE","FEMALE","FEMALE","FEMALE","FEMALE","MALE","MALE","FEMALE","MALE","FEMALE","FEMALE","FEMALE","MALE","MALE","MALE","MALE","MALE","MALE","MALE"],"X_CALENDAR_YEAR":[2019,2019,2019,2019,2019,2019,2019,2019,2019,2019,2019,2019,2019,2019,2019,2019,2019,2019,2019,2019],"Y_PREVALENCE_1000PP":[2.66362,6.13155,3.45821,2.96516,2.60756,3.66361,3.31309,3.41751,3.15524,3.4188,3.14061,3.25627,5.6843,7.04122,2.88087,4.42308,3.89551,3.70745,4.24163,4.2354]},"PREVALENCE_BY_MONTH":{"X_CALENDAR_MONTH":[201901,201902,201903,201904,201905,201906,201907,201908,201909,201910,201911,201912],"Y_PREVALENCE_1000PP":[0.5,0.24,0.34,0.29,0.28,0.33,0.37,0.29,0.31,0.36,0.24,0.26]},"CONDITIONS_BY_TYPE":{"CONCEPT_NAME":"Claim","COUNT_VALUE":2048},"AGE_AT_FIRST_DIAGNOSIS":{"CATEGORY":["FEMALE","No matching concept","MALE"],"MIN_VALUE":[0,0,0],"P10_VALUE":[10,0,10],"P25_VALUE":[20,5,25],"MEDIAN_VALUE":[40,29,49],"P75_VALUE":[63,67,61],"P90_VALUE":[79,80,76],"MAX_VALUE":[99,80,99]}}
