{"PREVALENCE_BY_GENDER_AGE_YEAR":{"TRELLIS_NAME":["50-59","30-39","50-59","40-49","20-29"],"SERIES_NAME":["MALE","MALE","FEMALE","FEMALE","FEMALE"],"X_CALENDAR_YEAR":[2019,2019,2019,2019,2019],"Y_PREVALENCE_1000PP":[1.17354,1.18624,0.86919,1.14204,1.66528]},"PREVALENCE_BY_MONTH":{"X_CALENDAR_MONTH":[201901,201903,201904,201905,201907,201910,201911,201912],"Y_PREVALENCE_1000PP":[0.09,0.09,0.08,0.08,0.12,0.08,0.06,0.1]},"CONDITIONS_BY_TYPE":{"CONCEPT_NAME":"Claim","COUNT_VALUE":436},"AGE_AT_FIRST_DIAGNOSIS":{"CATEGORY":["FEMALE","MALE"],"MIN_VALUE":[1,1],"P10_VALUE":[7,17],"P25_VALUE":[25,30],"MEDIAN_VALUE":[39,49],"P75_VALUE":[53,62],"P90_VALUE":[66,78],"MAX_VALUE":[96,93]}}
