{"PREVALENCE_BY_GENDER_AGE_YEAR":{"TRELLIS_NAME":["80-89","40-49","10-19","30-39","70-79","0-9","20-29","30-39","60-69","20-29","10-19","50-59","40-49","0-9","60-69","70-79","80-89","50-59"],"SERIES_NAME":["MALE","FEMALE","FEMALE","FEMALE","MALE","FEMALE","FEMALE","MALE","MALE","MALE","MALE","MALE","MALE","MALE","FEMALE","FEMALE","FEMALE","FEMALE"],"X_CALENDAR_YEAR":[2019,2019,2019,2019,2019,2019,2019,2019,2019,2019,2019,2019,2019,2019,2019,2019,2019,2019],"Y_PREVALENCE_1000PP":[3.86527,3.14061,3.06078,2.60501,2.84792,3.57594,2.49792,1.86409,3.07692,2.69633,2.97892,3.6673,2.779,2.67499,2.66362,2.77984,5.18732,2.4627]},"PREVALENCE_BY_MONTH":{"X_CALENDAR_MONTH":[201901,201902,201903,201904,201905,201906,201907,201908,201909,201910,201911,201912],"Y_PREVALENCE_1000PP":[0.33,0.23,0.21,0.32,0.23,0.18,0.26,0.21,0.2,0.3,0.21,0.18]},"CONDITIONS_BY_TYPE":{"CONCEPT_NAME":"Claim","COUNT_VALUE":1524},"AGE_AT_FIRST_DIAGNOSIS":{"CATEGORY":["MALE","No matching concept","FEMALE"],"MIN_VALUE":[1,2,0],"P10_VALUE":[11,2,7],"P25_VALUE":[26,3,23],"MEDIAN_VALUE":[47,44,45],"P75_VALUE":[63,58,65],"P90_VALUE":[79,69,77],"MAX_VALUE":[98,69,99]}}
