{"PREVALENCE_BY_GENDER_AGE_YEAR":{"TRELLIS_NAME":["70-79","50-59","60-69","40-49","80-89","30-39","90-99","20-29","0-9","10-19","70-79","60-69","40-49","20-29","30-39","10-19","50-59","0-9"],"SERIES_NAME":["FEMALE","FEMALE","FEMALE","FEMALE","MALE","FEMALE","MALE","FEMALE","FEMALE","FEMALE","MALE","MALE","MALE","MALE","MALE","MALE","MALE","MALE"],"X_CALENDAR_YEAR":[2019,2019,2019,2019,2019,2019,2019,2019,2019,2019,2019,2019,2019,2019,2019,2019,2019,2019],"Y_PREVALENCE_1000PP":[1.11193,1.59351,2.09285,2.71235,3.31309,2.76783,3.9886,2.83097,2.10349,1.96764,2.4682,1.92308,3.36405,3.53893,2.37248,2.29148,3.37392,2.8979]},"PREVALENCE_BY_MONTH":{"X_CALENDAR_MONTH":[201901,201902,201903,201904,201905,201906,201907,201908,201909,201910,201911,201912],"Y_PREVALENCE_1000PP":[0.27,0.13,0.17,0.26,0.17,0.23,0.26,0.27,0.16,0.25,0.15,0.2]},"CONDITIONS_BY_TYPE":{"CONCEPT_NAME":"Claim","COUNT_VALUE":1376},"AGE_AT_FIRST_DIAGNOSIS":{"CATEGORY":["FEMALE","No matching concept","MALE"],"MIN_VALUE":[0,2,0],"P10_VALUE":[10,2,10],"P25_VALUE":[25,3,26],"MEDIAN_VALUE":[39,5,45],"P75_VALUE":[56,52,60],"P90_VALUE":[70,73,79],"MAX_VALUE":[99,73,99]}}
