{"PREVALENCE_BY_GENDER_AGE_YEAR":{"TRELLIS_NAME":["80-89","50-59","60-69","70-79","30-39","70-79","40-49","10-19","20-29","0-9","10-19","0-9","60-69","20-29","50-59","30-39","40-49"],"SERIES_NAME":["FEMALE","FEMALE","FEMALE","FEMALE","FEMALE","MALE","FEMALE","FEMALE","FEMALE","FEMALE","MALE","MALE","MALE","MALE","MALE","MALE","MALE"],"X_CALENDAR_YEAR":[2019,2019,2019,2019,2019,2019,2019,2019,2019,2019,2019,2019,2019,2019,2019,2019,2019],"Y_PREVALENCE_1000PP":[3.46021,2.46305,1.89107,3.14407,2.6012,2.47242,2.85919,1.53005,3.83845,2.94737,1.83655,2.67261,3.67363,1.68294,2.0552,1.35823,2.19202]},"PREVALENCE_BY_MONTH":{"X_CALENDAR_MONTH":[201901,201902,201903,201904,201905,201906,201907,201908,201909,201910,201911,201912],"Y_PREVALENCE_1000PP":[0.22,0.2,0.19,0.26,0.23,0.1,0.28,0.23,0.16,0.22,0.22,0.15]},"CONDITIONS_BY_TYPE":{"CONCEPT_NAME":"Claim","COUNT_VALUE":335},"AGE_AT_FIRST_DIAGNOSIS":{"CATEGORY":["MALE","FEMALE"],"MIN_VALUE":[0,0],"P10_VALUE":[9,9],"P25_VALUE":[28,25],"MEDIAN_VALUE":[50,42],"P75_VALUE":[66,62],"P90_VALUE":[78,78],"MAX_VALUE":[99,99]}}
