{"PREVALENCE_BY_GENDER_AGE_YEAR":{"TRELLIS_NAME":["60-69","70-79","40-49","80-89","90-99","50-59","50-59","0-9","30-39","40-49","10-19","20-29","0-9","10-19","60-69","80-89","20-29","30-39","70-79","90-99"],"SERIES_NAME":["FEMALE","FEMALE","FEMALE","FEMALE","FEMALE","FEMALE","MALE","MALE","MALE","MALE","MALE","MALE","FEMALE","FEMALE","MALE","MALE","FEMALE","FEMALE","MALE","MALE"],"X_CALENDAR_YEAR":[2019,2019,2019,2019,2019,2019,2019,2019,2019,2019,2019,2019,2019,2019,2019,2019,2019,2019,2019,2019],"Y_PREVALENCE_1000PP":[10.08371,10.7487,12.13419,10.95101,15.60758,11.87889,12.46883,10.92287,10.33723,11.40851,7.56187,12.47051,11.14851,12.24311,11.15385,10.49144,10.32473,11.55975,9.11335,7.40741]},"PREVALENCE_BY_MONTH":{"X_CALENDAR_MONTH":[201901,201902,201903,201904,201905,201906,201907,201908,201909,201910,201911,201912],"Y_PREVALENCE_1000PP":[1.17,0.91,0.91,1,0.79,0.95,1.19,0.89,0.67,0.94,0.75,0.9]},"CONDITIONS_BY_TYPE":{"CONCEPT_NAME":"Claim","COUNT_VALUE":5984},"AGE_AT_FIRST_DIAGNOSIS":{"CATEGORY":["No matching concept","MALE","FEMALE"],"MIN_VALUE":[1,0,0],"P10_VALUE":[1,10,10],"P25_VALUE":[21,25,25],"MEDIAN_VALUE":[46,45,44],"P75_VALUE":[70,61,63],"P90_VALUE":[79,75,78],"MAX_VALUE":[97,99,99]}}
