{"PREVALENCE_BY_GENDER_AGE_YEAR":{"TRELLIS_NAME":["50-59","40-49","30-39","0-9","60-69","20-29","10-19","10-19","0-9","30-39","20-29","70-79","40-49","50-59","80-89","70-79","60-69"],"SERIES_NAME":["MALE","MALE","MALE","MALE","MALE","MALE","MALE","FEMALE","FEMALE","FEMALE","FEMALE","MALE","FEMALE","FEMALE","FEMALE","FEMALE","FEMALE"],"X_CALENDAR_YEAR":[2019,2019,2019,2019,2019,2019,2019,2019,2019,2019,2019,2019,2019,2019,2019,2019,2019],"Y_PREVALENCE_1000PP":[2.64046,2.48647,1.69463,2.45207,2.69231,2.86485,3.43721,3.06078,2.73454,2.4422,3.66361,5.31612,2.14133,3.18702,4.61095,2.96516,2.66362]},"PREVALENCE_BY_MONTH":{"X_CALENDAR_MONTH":[201901,201902,201903,201904,201905,201906,201907,201908,201909,201910,201911,201912],"Y_PREVALENCE_1000PP":[0.33,0.19,0.23,0.19,0.2,0.28,0.24,0.27,0.17,0.27,0.31,0.18]},"CONDITIONS_BY_TYPE":{"CONCEPT_NAME":"Claim","COUNT_VALUE":1516},"AGE_AT_FIRST_DIAGNOSIS":{"CATEGORY":["MALE","No matching concept","FEMALE"],"MIN_VALUE":[1,23,1],"P10_VALUE":[10,23,12],"P25_VALUE":[23,26,25],"MEDIAN_VALUE":[47,37,42],"P75_VALUE":[65,44,65],"P90_VALUE":[77,67,79],"MAX_VALUE":[96,73,99]}}
