{"PREVALENCE_BY_GENDER_AGE_YEAR":{"TRELLIS_NAME":["60-69","70-79","50-59","10-19","70-79","80-89","0-9","40-49","30-39","20-29","0-9","50-59","20-29","10-19","40-49","30-39","60-69"],"SERIES_NAME":["FEMALE","FEMALE","FEMALE","FEMALE","MALE","MALE","FEMALE","FEMALE","FEMALE","FEMALE","MALE","MALE","MALE","MALE","MALE","MALE","MALE"],"X_CALENDAR_YEAR":[2019,2019,2019,2019,2019,2019,2019,2019,2019,2019,2019,2019,2019,2019,2019,2019,2019],"Y_PREVALENCE_1000PP":[3.2344,3.15048,2.75243,2.4049,5.31612,3.31309,3.57594,2.71235,3.5819,3.66361,1.78333,2.49377,2.35929,3.43721,2.63273,2.7114,3.26923]},"PREVALENCE_BY_MONTH":{"X_CALENDAR_MONTH":[201901,201902,201903,201904,201905,201906,201907,201908,201909,201910,201911,201912],"Y_PREVALENCE_1000PP":[0.26,0.16,0.2,0.42,0.28,0.16,0.25,0.21,0.26,0.23,0.29,0.32]},"CONDITIONS_BY_TYPE":{"CONCEPT_NAME":"Claim","COUNT_VALUE":1668},"AGE_AT_FIRST_DIAGNOSIS":{"CATEGORY":["MALE","No matching concept","FEMALE"],"MIN_VALUE":[0,6,0],"P10_VALUE":[14,6,8],"P25_VALUE":[28,11,24],"MEDIAN_VALUE":[50,47,40],"P75_VALUE":[71,61,61],"P90_VALUE":[79,67,74],"MAX_VALUE":[99,67,96]}}
