{"PREVALENCE_BY_GENDER_AGE_YEAR":{"TRELLIS_NAME":["50-59","90-99","80-89","60-69","70-79","30-39","10-19","0-9","20-29","60-69","50-59","40-49","80-89","70-79","0-9","30-39","20-29","10-19","90-99","40-49"],"SERIES_NAME":["FEMALE","FEMALE","FEMALE","FEMALE","FEMALE","MALE","MALE","MALE","MALE","MALE","MALE","MALE","MALE","MALE","FEMALE","FEMALE","FEMALE","FEMALE","MALE","FEMALE"],"X_CALENDAR_YEAR":[2019,2019,2019,2019,2019,2019,2019,2019,2019,2019,2019,2019,2019,2019,2019,2019,2019,2019,2019,2019],"Y_PREVALENCE_1000PP":[8.40336,9.99445,9.22722,10.77912,7.21287,8.31919,7.57576,8.01782,9.08785,10.24749,10.42278,10.5217,7.73054,7.79764,8.84211,11.70541,12.01602,6.99454,10.31519,9.72123]},"PREVALENCE_BY_MONTH":{"X_CALENDAR_MONTH":[201901,201902,201903,201904,201905,201906,201907,201908,201909,201910,201911,201912],"Y_PREVALENCE_1000PP":[0.69,0.56,0.97,0.94,0.74,0.72,0.8,0.72,0.83,0.94,0.72,0.71]},"CONDITIONS_BY_TYPE":{"CONCEPT_NAME":"Claim","COUNT_VALUE":1255},"AGE_AT_FIRST_DIAGNOSIS":{"CATEGORY":["FEMALE","No matching concept","MALE"],"MIN_VALUE":[0,3,0],"P10_VALUE":[12,6,12],"P25_VALUE":[26,27,27],"MEDIAN_VALUE":[42,44,46],"P75_VALUE":[62,77,62],"P90_VALUE":[77,93,76],"MAX_VALUE":[99,98,99]}}
