{"PREVALENCE_BY_GENDER_AGE_YEAR":{"TRELLIS_NAME":["30-39","40-49","20-29","10-19","0-9","70-79","50-59","70-79","60-69","30-39","60-69","40-49","50-59","0-9","20-29"],"SERIES_NAME":["FEMALE","FEMALE","FEMALE","FEMALE","FEMALE","MALE","FEMALE","FEMALE","FEMALE","MALE","MALE","MALE","MALE","MALE","MALE"],"X_CALENDAR_YEAR":[2019,2019,2019,2019,2019,2019,2019,2019,2019,2019,2019,2019,2019,2019,2019],"Y_PREVALENCE_1000PP":[1.30251,1.57031,2.16486,2.4049,2.31384,1.32903,1.73837,2.22387,2.47336,2.37248,3.46154,3.21779,1.907,1.56041,2.86485]},"PREVALENCE_BY_MONTH":{"X_CALENDAR_MONTH":[201901,201902,201903,201904,201905,201906,201907,201908,201909,201910,201911,201912],"Y_PREVALENCE_1000PP":[0.23,0.2,0.17,0.12,0.17,0.16,0.19,0.22,0.17,0.2,0.12,0.18]},"CONDITIONS_BY_TYPE":{"CONCEPT_NAME":"Claim","COUNT_VALUE":1144},"AGE_AT_FIRST_DIAGNOSIS":{"CATEGORY":["MALE","FEMALE","No matching concept"],"MIN_VALUE":[2,0,2],"P10_VALUE":[18,7,2],"P25_VALUE":[29,22,11],"MEDIAN_VALUE":[46,47,20],"P75_VALUE":[60,65,66],"P90_VALUE":[72,76,94],"MAX_VALUE":[95,99,94]}}
