{"PREVALENCE_BY_GENDER_AGE_YEAR":{"TRELLIS_NAME":["0-9","30-39","10-19","50-59","20-29","70-79","30-39","60-69","50-59","40-49"],"SERIES_NAME":["MALE","MALE","MALE","MALE","FEMALE","MALE","FEMALE","FEMALE","FEMALE","FEMALE"],"X_CALENDAR_YEAR":[2019,2019,2019,2019,2019,2019,2019,2019,2019,2019],"Y_PREVALENCE_1000PP":[1.33749,1.18624,1.37489,1.17354,0.99917,1.13917,1.95376,1.71233,1.73837,1.14204]},"PREVALENCE_BY_MONTH":{"X_CALENDAR_MONTH":[201901,201902,201903,201904,201905,201907,201908,201909,201910,201912],"Y_PREVALENCE_1000PP":[0.14,0.11,0.12,0.09,0.08,0.06,0.11,0.06,0.13,0.11]},"CONDITIONS_BY_TYPE":{"CONCEPT_NAME":"Claim","COUNT_VALUE":604},"AGE_AT_FIRST_DIAGNOSIS":{"CATEGORY":["MALE","FEMALE"],"MIN_VALUE":[0,2],"P10_VALUE":[9,11],"P25_VALUE":[16,32],"MEDIAN_VALUE":[44,46],"P75_VALUE":[68,59],"P90_VALUE":[91,69],"MAX_VALUE":[95,93]}}
