{"PREVALENCE_BY_GENDER_AGE_YEAR":{"TRELLIS_NAME":["20-29","60-69","20-29","10-19","40-49","10-19","0-9","30-39","70-79","60-69","50-59","0-9","50-59","70-79","30-39","40-49"],"SERIES_NAME":["MALE","FEMALE","FEMALE","MALE","FEMALE","FEMALE","MALE","FEMALE","MALE","MALE","MALE","FEMALE","FEMALE","FEMALE","MALE","MALE"],"X_CALENDAR_YEAR":[2019,2019,2019,2019,2019,2019,2019,2019,2019,2019,2019,2019,2019,2019,2019,2019],"Y_PREVALENCE_1000PP":[2.6927,1.13464,1.502,2.52525,1.85847,3.71585,2.22717,1.62575,2.09205,1.74014,1.7616,3.36842,2.89771,3.14407,1.69779,1.60748]},"PREVALENCE_BY_MONTH":{"X_CALENDAR_MONTH":[201901,201907,201911,201905,201906,201903,201909,201912,201908,201902,201904,201910],"Y_PREVALENCE_1000PP":[0.21,0.18,0.11,0.21,0.18,0.13,0.13,0.2,0.21,0.15,0.14,0.26]},"OBS_FREQUENCY_DISTRIBUTION":{"Y_NUM_PERSONS":[0,0],"X_COUNT":[1,2]},"OBSERVATIONS_BY_TYPE":{"CONCEPT_NAME":"Claim","COUNT_VALUE":287},"AGE_AT_FIRST_OCCURRENCE":{"CATEGORY":["MALE","FEMALE"],"MIN_VALUE":[1,1],"P10_VALUE":[9,6],"P25_VALUE":[21,16],"MEDIAN_VALUE":[39,44],"P75_VALUE":[61,59],"P90_VALUE":[76,77],"MAX_VALUE":[95,97]}}
