{"PREVALENCE_BY_GENDER_AGE_YEAR":{"TRELLIS_NAME":["40-49","70-79","20-29","10-19","20-29","70-79","60-69","40-49","30-39","50-59","10-19","30-39","50-59"],"SERIES_NAME":["MALE","FEMALE","FEMALE","MALE","MALE","MALE","FEMALE","FEMALE","FEMALE","FEMALE","FEMALE","MALE","MALE"],"X_CALENDAR_YEAR":[2019,2019,2019,2019,2019,2019,2019,2019,2019,2019,2019,2019,2019],"Y_PREVALENCE_1000PP":[2.04589,1.29462,2.00267,2.29568,1.00976,1.71168,1.32375,2.28735,1.13803,1.30397,1.74863,1.01868,1.1744]},"PREVALENCE_BY_MONTH":{"X_CALENDAR_MONTH":[201906,201905,201901,201909,201912,201910,201902,201908,201907,201904,201911],"Y_PREVALENCE_1000PP":[0.14,0.11,0.2,0.08,0.11,0.11,0.13,0.13,0.11,0.16,0.1]},"OBS_FREQUENCY_DISTRIBUTION":{"Y_NUM_PERSONS":[0,0],"X_COUNT":[1,2]},"OBSERVATIONS_BY_TYPE":{"CONCEPT_NAME":"Claim","COUNT_VALUE":196},"AGE_AT_FIRST_OCCURRENCE":{"CATEGORY":["MALE","FEMALE"],"MIN_VALUE":[0,0],"P10_VALUE":[17,18],"P25_VALUE":[24,25],"MEDIAN_VALUE":[44,45],"P75_VALUE":[60,61],"P90_VALUE":[78,77],"MAX_VALUE":[98,96]}}
