{"PREVALENCE_BY_GENDER_AGE_YEAR":{"TRELLIS_NAME":["0-9","50-59","20-29","40-49","50-59","30-39","70-79","30-39","70-79","40-49","10-19","10-19"],"SERIES_NAME":["MALE","FEMALE","FEMALE","FEMALE","MALE","MALE","MALE","FEMALE","FEMALE","MALE","FEMALE","MALE"],"X_CALENDAR_YEAR":[2019,2019,2019,2019,2019,2019,2019,2019,2019,2019,2019,2019],"Y_PREVALENCE_1000PP":[1.78333,1.59351,1.99833,1.42755,0.88015,1.01678,2.4682,1.46532,1.85322,1.1701,1.31176,2.06233]},"PREVALENCE_BY_MONTH":{"X_CALENDAR_MONTH":[201901,201908,201902,201904,201910,201909,201911,201912,201906,201903,201907,201905],"Y_PREVALENCE_1000PP":[0.09,0.07,0.13,0.16,0.07,0.15,0.14,0.09,0.08,0.15,0.15,0.09]},"OBS_FREQUENCY_DISTRIBUTION":{"Y_NUM_PERSONS":[0,0],"X_COUNT":[4,8]},"OBSERVATIONS_BY_TYPE":{"CONCEPT_NAME":"Claim","COUNT_VALUE":744},"AGE_AT_FIRST_OCCURRENCE":{"CATEGORY":["FEMALE","MALE"],"MIN_VALUE":[1,3],"P10_VALUE":[15,9],"P25_VALUE":[25,18],"MEDIAN_VALUE":[46,45],"P75_VALUE":[65,75],"P90_VALUE":[78,87],"MAX_VALUE":[96,98]}}
