{"PREVALENCE_BY_GENDER_AGE_YEAR":{"TRELLIS_NAME":["0-9","80-89","10-19","20-29","40-49","60-69","50-59","90-99","90-99","10-19","60-69","50-59","20-29","70-79","30-39","0-9","40-49","70-79","30-39"],"SERIES_NAME":["FEMALE","MALE","FEMALE","MALE","FEMALE","FEMALE","MALE","MALE","FEMALE","MALE","MALE","FEMALE","FEMALE","MALE","MALE","MALE","MALE","FEMALE","FEMALE"],"X_CALENDAR_YEAR":[2019,2019,2019,2019,2019,2019,2019,2019,2019,2019,2019,2019,2019,2019,2019,2019,2019,2019,2019],"Y_PREVALENCE_1000PP":[1.89474,6.62617,3.93443,3.70246,2.00143,3.97126,3.52319,5.15759,4.44198,5.05051,5.22042,4.0568,3.33778,3.23317,2.88625,3.11804,4.96858,3.14407,4.55211]},"PREVALENCE_BY_MONTH":{"X_CALENDAR_MONTH":[201903,201909,201912,201902,201901,201910,201907,201908,201906,201904,201905,201911],"Y_PREVALENCE_1000PP":[0.33,0.29,0.36,0.19,0.29,0.24,0.39,0.31,0.32,0.26,0.39,0.37]},"OBS_FREQUENCY_DISTRIBUTION":{"Y_NUM_PERSONS":0,"X_COUNT":1},"OBSERVATIONS_BY_TYPE":{"CONCEPT_NAME":"Claim","COUNT_VALUE":374},"AGE_AT_FIRST_OCCURRENCE":{"CATEGORY":["No matching concept","MALE","FEMALE"],"MIN_VALUE":[23,0,0],"P10_VALUE":[23,12,13],"P25_VALUE":[27,25,26],"MEDIAN_VALUE":[51,48,48],"P75_VALUE":[60,64,64],"P90_VALUE":[79,81,78],"MAX_VALUE":[79,99,97]}}
