{"PREVALENCE_BY_GENDER_AGE_YEAR":{"TRELLIS_NAME":["80-89","30-39","60-69","0-9","70-79","20-29","70-79","50-59","90-99","50-59","80-89","10-19","40-49","30-39","40-49","0-9","20-29","60-69","10-19","90-99"],"SERIES_NAME":["FEMALE","MALE","FEMALE","MALE","FEMALE","FEMALE","MALE","FEMALE","MALE","MALE","MALE","MALE","MALE","FEMALE","FEMALE","FEMALE","MALE","MALE","FEMALE","FEMALE"],"X_CALENDAR_YEAR":[2019,2019,2019,2019,2019,2019,2019,2019,2019,2019,2019,2019,2019,2019,2019,2019,2019,2019,2019,2019],"Y_PREVALENCE_1000PP":[9.2219,13.38756,10.08371,12.7062,9.0808,10.1582,10.06265,10.71998,7.40741,8.94822,8.8349,12.14482,10.53093,12.04819,10.27837,11.5692,8.42602,10.57692,13.99213,10.03344]},"PREVALENCE_BY_MONTH":{"X_CALENDAR_MONTH":[201902,201903,201910,201907,201906,201901,201904,201912,201905,201908,201909,201911],"Y_PREVALENCE_1000PP":[0.7,0.62,0.76,0.9,0.92,0.91,0.78,1.15,0.89,1.18,0.83,1.02]},"OBS_FREQUENCY_DISTRIBUTION":{"Y_NUM_PERSONS":1,"X_COUNT":4},"OBSERVATIONS_BY_TYPE":{"CONCEPT_NAME":"Claim","COUNT_VALUE":4264},"AGE_AT_FIRST_OCCURRENCE":{"CATEGORY":["MALE","FEMALE","No matching concept"],"MIN_VALUE":[0,0,5],"P10_VALUE":[9,9,6],"P25_VALUE":[24,22,16],"MEDIAN_VALUE":[41,41,42],"P75_VALUE":[61,60,52],"P90_VALUE":[76,75,67],"MAX_VALUE":[97,99,79]}}
