{"PREVALENCE_BY_GENDER_AGE_YEAR":{"TRELLIS_NAME":["20-29","40-49","20-29","50-59","0-9","30-39","60-69","70-79","70-79","40-49","50-59","30-39"],"SERIES_NAME":["MALE","MALE","FEMALE","MALE","MALE","FEMALE","FEMALE","FEMALE","MALE","FEMALE","FEMALE","MALE"],"X_CALENDAR_YEAR":[2019,2019,2019,2019,2019,2019,2019,2019,2019,2019,2019,2019],"Y_PREVALENCE_1000PP":[1.00976,0.87681,1.66889,1.7616,1.3363,1.13803,1.51286,1.47956,1.52149,1.00071,1.0142,1.86757]},"PREVALENCE_BY_MONTH":{"X_CALENDAR_MONTH":[201912,201910,201901,201903,201909,201911,201907,201904,201908,201905],"Y_PREVALENCE_1000PP":[0.1,0.13,0.13,0.07,0.11,0.1,0.12,0.18,0.06,0.06]},"OBS_FREQUENCY_DISTRIBUTION":{"Y_NUM_PERSONS":0,"X_COUNT":1},"OBSERVATIONS_BY_TYPE":{"CONCEPT_NAME":"Claim","COUNT_VALUE":116},"AGE_AT_FIRST_OCCURRENCE":{"CATEGORY":["FEMALE","MALE"],"MIN_VALUE":[7,0],"P10_VALUE":[16,6],"P25_VALUE":[27,29],"MEDIAN_VALUE":[44,46],"P75_VALUE":[64,60],"P90_VALUE":[72,77],"MAX_VALUE":[90,95]}}
