{"PREVALENCE_BY_GENDER_AGE_YEAR":{"TRELLIS_NAME":["20-29","70-79","70-79","40-49","0-9","30-39","50-59","60-69","0-9","30-39","10-19","10-19","50-59","40-49","60-69","20-29"],"SERIES_NAME":["MALE","MALE","FEMALE","MALE","MALE","MALE","MALE","FEMALE","FEMALE","FEMALE","MALE","FEMALE","FEMALE","FEMALE","MALE","FEMALE"],"X_CALENDAR_YEAR":[2019,2019,2019,2019,2019,2019,2019,2019,2019,2019,2019,2019,2019,2019,2019,2019],"Y_PREVALENCE_1000PP":[2.35611,2.28224,2.0344,2.19202,2.00445,2.54669,2.4956,2.26929,1.47368,1.78833,1.83655,1.74863,2.17328,2.43031,3.48028,1.66889]},"PREVALENCE_BY_MONTH":{"X_CALENDAR_MONTH":[201903,201902,201904,201907,201911,201910,201905,201906,201908,201912,201909,201901],"Y_PREVALENCE_1000PP":[0.15,0.19,0.16,0.25,0.13,0.21,0.15,0.1,0.19,0.17,0.17,0.27]},"OBS_FREQUENCY_DISTRIBUTION":{"Y_NUM_PERSONS":[0,0],"X_COUNT":[1,2]},"OBSERVATIONS_BY_TYPE":{"CONCEPT_NAME":"Claim","COUNT_VALUE":279},"AGE_AT_FIRST_OCCURRENCE":{"CATEGORY":["FEMALE","MALE"],"MIN_VALUE":[0,0],"P10_VALUE":[17,13],"P25_VALUE":[29,27],"MEDIAN_VALUE":[47,43],"P75_VALUE":[64,63],"P90_VALUE":[76,73],"MAX_VALUE":[99,97]}}
