{"PREVALENCE_BY_GENDER_AGE_YEAR":{"TRELLIS_NAME":["30-39","40-49","20-29","50-59","30-39","0-9","70-79"],"SERIES_NAME":["FEMALE","FEMALE","MALE","MALE","MALE","MALE","FEMALE"],"X_CALENDAR_YEAR":[2019,2019,2019,2019,2019,2019,2019],"Y_PREVALENCE_1000PP":[0.97545,1.28663,1.17805,1.0276,1.35823,1.3363,1.66451]},"PREVALENCE_BY_MONTH":{"X_CALENDAR_MONTH":[201908,201911,201901,201909,201902,201906,201907,201905,201910,201904],"Y_PREVALENCE_1000PP":[0.11,0.11,0.1,0.09,0.07,0.06,0.12,0.07,0.06,0.06]},"OBS_FREQUENCY_DISTRIBUTION":{"Y_NUM_PERSONS":0,"X_COUNT":1},"OBSERVATIONS_BY_TYPE":{"CONCEPT_NAME":"Claim","COUNT_VALUE":94},"AGE_AT_FIRST_OCCURRENCE":{"CATEGORY":["MALE","FEMALE"],"MIN_VALUE":[1,1],"P10_VALUE":[8,11],"P25_VALUE":[24,29],"MEDIAN_VALUE":[34,45],"P75_VALUE":[55,71],"P90_VALUE":[78,77],"MAX_VALUE":[97,94]}}
