{"PREVALENCE_BY_GENDER_AGE_YEAR":{"TRELLIS_NAME":["30-39","20-29","50-59","60-69","40-49","50-59","0-9","20-29","40-49","70-79","10-19"],"SERIES_NAME":["MALE","FEMALE","MALE","MALE","MALE","FEMALE","FEMALE","MALE","FEMALE","MALE","MALE"],"X_CALENDAR_YEAR":[2019,2019,2019,2019,2019,2019,2019,2019,2019,2019,2019],"Y_PREVALENCE_1000PP":[1.01678,1.49875,1.46692,1.15385,1.1701,1.73837,2.10349,2.02224,0.99929,1.32903,2.06233]},"PREVALENCE_BY_MONTH":{"X_CALENDAR_MONTH":[201901,201902,201903,201904,201905,201906,201907,201909,201910,201911,201912],"Y_PREVALENCE_1000PP":[0.11,0.13,0.12,0.13,0.1,0.1,0.16,0.07,0.16,0.1,0.13]},"PROCEDURE_FREQUENCY_DISTRIBUTION":{"Y_NUM_PERSONS":[0,0,0,0],"X_COUNT":[1,2,3,4]},"PROCEDURES_BY_TYPE":{"CONCEPT_NAME":"Claim","COUNT_VALUE":243},"AGE_AT_FIRST_OCCURRENCE":{"CATEGORY":["MALE","FEMALE"],"MIN_VALUE":[0,1],"P10_VALUE":[11,5],"P25_VALUE":[22,22],"MEDIAN_VALUE":[43,47],"P75_VALUE":[69,64],"P90_VALUE":[79,87],"MAX_VALUE":[99,97]}}
