{"PREVALENCE_BY_GENDER_AGE_YEAR":{"TRELLIS_NAME":["40-49","70-79","0-9","50-59","40-49","30-39","20-29","0-9","50-59","70-79"],"SERIES_NAME":["MALE","MALE","MALE","FEMALE","FEMALE","FEMALE","FEMALE","FEMALE","MALE","FEMALE"],"X_CALENDAR_YEAR":[2019,2019,2019,2019,2019,2019,2019,2019,2019,2019],"Y_PREVALENCE_1000PP":[1.02384,2.08848,1.56041,1.30378,1.99857,0.97688,1.33222,1.68279,1.17354,1.29726]},"PREVALENCE_BY_MONTH":{"X_CALENDAR_MONTH":[201901,201902,201903,201904,201905,201906,201907,201908,201910,201911,201912],"Y_PREVALENCE_1000PP":[0.1,0.08,0.1,0.13,0.13,0.15,0.09,0.11,0.07,0.14,0.08]},"PROCEDURE_FREQUENCY_DISTRIBUTION":{"Y_NUM_PERSONS":0,"X_COUNT":1},"PROCEDURES_BY_TYPE":{"CONCEPT_NAME":"Claim","COUNT_VALUE":127},"AGE_AT_FIRST_OCCURRENCE":{"CATEGORY":["MALE","FEMALE"],"MIN_VALUE":[1,0],"P10_VALUE":[7,4],"P25_VALUE":[25,24],"MEDIAN_VALUE":[46,46],"P75_VALUE":[72,58],"P90_VALUE":[79,74],"MAX_VALUE":[93,97]}}
