{"PREVALENCE_BY_GENDER_AGE_YEAR":{"TRELLIS_NAME":["20-29","70-79","60-69","30-39","0-9","10-19","50-59","50-59","40-49","20-29","40-49","30-39"],"SERIES_NAME":["FEMALE","FEMALE","MALE","MALE","FEMALE","FEMALE","MALE","FEMALE","FEMALE","MALE","MALE","FEMALE"],"X_CALENDAR_YEAR":[2019,2019,2019,2019,2019,2019,2019,2019,2019,2019,2019,2019],"Y_PREVALENCE_1000PP":[2.16486,2.03855,2.5,2.7114,2.10349,2.18627,1.907,1.15892,1.57031,1.6852,2.34021,1.30251]},"PREVALENCE_BY_MONTH":{"X_CALENDAR_MONTH":[201901,201902,201903,201904,201905,201906,201907,201908,201909,201910,201911,201912],"Y_PREVALENCE_1000PP":[0.24,0.07,0.06,0.17,0.09,0.13,0.19,0.16,0.06,0.21,0.13,0.13]},"PROCEDURE_FREQUENCY_DISTRIBUTION":{"Y_NUM_PERSONS":[0,0,0],"X_COUNT":[1,2,3]},"PROCEDURES_BY_TYPE":{"CONCEPT_NAME":"Claim","COUNT_VALUE":280},"AGE_AT_FIRST_OCCURRENCE":{"CATEGORY":["MALE","FEMALE"],"MIN_VALUE":[1,2],"P10_VALUE":[20,6],"P25_VALUE":[30,18],"MEDIAN_VALUE":[42,37],"P75_VALUE":[59,56],"P90_VALUE":[69,79],"MAX_VALUE":[97,94]}}
