{"PREVALENCE_BY_GENDER_AGE_YEAR":{"TRELLIS_NAME":["70-79","10-19","30-39","20-29","40-49","80-89","70-79","50-59","20-29","0-9","40-49","60-69","90-99","90-99","80-89","60-69","0-9","30-39","10-19","50-59"],"SERIES_NAME":["MALE","FEMALE","MALE","MALE","MALE","FEMALE","FEMALE","MALE","FEMALE","MALE","FEMALE","FEMALE","FEMALE","MALE","MALE","MALE","FEMALE","FEMALE","MALE","FEMALE"],"X_CALENDAR_YEAR":[2019,2019,2019,2019,2019,2019,2019,2019,2019,2019,2019,2019,2019,2019,2019,2019,2019,2019,2019,2019],"Y_PREVALENCE_1000PP":[6.64515,6.99606,7.11744,8.42602,5.55799,9.79827,4.81838,6.01438,5.49542,4.68123,5.99572,4.75647,8.3612,6.83761,4.96963,5.76923,7.36222,6.83816,6.41613,7.24323]},"PREVALENCE_BY_MONTH":{"X_CALENDAR_MONTH":[201901,201902,201903,201904,201905,201906,201907,201908,201909,201910,201911,201912],"Y_PREVALENCE_1000PP":[0.61,0.4,0.4,0.65,0.52,0.52,0.79,0.53,0.44,0.69,0.46,0.4]},"PROCEDURE_FREQUENCY_DISTRIBUTION":{"Y_NUM_PERSONS":[1,0,0,0],"X_COUNT":[1,2,3,4]},"PROCEDURES_BY_TYPE":{"CONCEPT_NAME":"Claim","COUNT_VALUE":1065},"AGE_AT_FIRST_OCCURRENCE":{"CATEGORY":["FEMALE","No matching concept","MALE"],"MIN_VALUE":[0,0,0],"P10_VALUE":[9,2,13],"P25_VALUE":[23,13,25],"MEDIAN_VALUE":[45,42,42],"P75_VALUE":[60,71,62],"P90_VALUE":[81,76,77],"MAX_VALUE":[99,91,99]}}
