{"PREVALENCE_BY_GENDER_AGE_YEAR":{"TRELLIS_NAME":["20-29","30-39","50-59","10-19","60-69","60-69","50-59","0-9","90-99","20-29","10-19","30-39","80-89","40-49","70-79","80-89","0-9","70-79","40-49","90-99"],"SERIES_NAME":["FEMALE","MALE","FEMALE","MALE","FEMALE","MALE","MALE","FEMALE","MALE","MALE","FEMALE","FEMALE","FEMALE","FEMALE","MALE","MALE","MALE","FEMALE","MALE","FEMALE"],"X_CALENDAR_YEAR":[2019,2019,2019,2019,2019,2019,2019,2019,2019,2019,2019,2019,2019,2019,2019,2019,2019,2019,2019,2019],"Y_PREVALENCE_1000PP":[11.49042,13.55702,13.32754,12.60312,12.17656,12.30769,10.85521,12.20025,15.95442,12.80755,11.80586,11.55975,10.37464,13.99001,10.8221,10.49144,13.59786,13.34322,11.40851,11.70569]},"PREVALENCE_BY_MONTH":{"X_CALENDAR_MONTH":[201901,201902,201903,201904,201905,201906,201907,201908,201909,201910,201911,201912],"Y_PREVALENCE_1000PP":[1.13,0.72,0.94,1.45,0.97,0.85,1.33,0.92,0.86,1.41,0.89,0.89]},"PROCEDURE_FREQUENCY_DISTRIBUTION":{"Y_NUM_PERSONS":[1,1,0,0],"X_COUNT":[1,2,3,4]},"PROCEDURES_BY_TYPE":{"CONCEPT_NAME":"Claim","COUNT_VALUE":2129},"AGE_AT_FIRST_OCCURRENCE":{"CATEGORY":["MALE","No matching concept","FEMALE"],"MIN_VALUE":[0,3,0],"P10_VALUE":[9,8,10],"P25_VALUE":[24,14,26],"MEDIAN_VALUE":[43,40,45],"P75_VALUE":[63,61,62],"P90_VALUE":[78,74,77],"MAX_VALUE":[99,91,99]}}
