{"PREVALENCE_BY_GENDER_AGE_YEAR":{"TRELLIS_NAME":["80-89","90-99","60-69","40-49","90-99","50-59","20-29","70-79","10-19","20-29","40-49","30-39","0-9","70-79","50-59","0-9","10-19","80-89","60-69","30-39"],"SERIES_NAME":["FEMALE","MALE","MALE","FEMALE","FEMALE","MALE","FEMALE","MALE","MALE","MALE","MALE","MALE","FEMALE","FEMALE","FEMALE","MALE","FEMALE","MALE","FEMALE","FEMALE"],"X_CALENDAR_YEAR":[2019,2019,2019,2019,2019,2019,2019,2019,2019,2019,2019,2019,2019,2019,2019,2019,2019,2019,2019,2019],"Y_PREVALENCE_1000PP":[5.18732,6.26781,5,6.56674,6.68896,5.72099,6.99417,6.07556,5.49954,4.04449,8.33699,6.27012,5.67943,6.85693,6.37404,7.1333,5.90293,6.62617,5.89802,7.65223]},"PREVALENCE_BY_MONTH":{"X_CALENDAR_MONTH":[201901,201902,201903,201904,201905,201906,201907,201908,201909,201910,201911,201912],"Y_PREVALENCE_1000PP":[0.73,0.43,0.38,0.63,0.34,0.45,0.83,0.44,0.4,0.73,0.44,0.43]},"PROCEDURE_FREQUENCY_DISTRIBUTION":{"Y_NUM_PERSONS":[1,0,0,0],"X_COUNT":[1,2,3,4]},"PROCEDURES_BY_TYPE":{"CONCEPT_NAME":"Claim","COUNT_VALUE":1118},"AGE_AT_FIRST_OCCURRENCE":{"CATEGORY":["FEMALE","MALE"],"MIN_VALUE":[0,0],"P10_VALUE":[11,9],"P25_VALUE":[25,28],"MEDIAN_VALUE":[44,45],"P75_VALUE":[62,62],"P90_VALUE":[76,76],"MAX_VALUE":[99,98]}}
