{"PREVALENCE_BY_GENDER_AGE_YEAR":{"TRELLIS_NAME":["50-59","90-99","70-79","10-19","40-49","60-69","30-39","30-39","0-9","80-89","40-49","70-79","10-19","60-69","20-29","20-29","50-59","0-9"],"SERIES_NAME":["MALE","MALE","FEMALE","MALE","FEMALE","MALE","FEMALE","MALE","FEMALE","MALE","MALE","MALE","FEMALE","FEMALE","MALE","FEMALE","FEMALE","MALE"],"X_CALENDAR_YEAR":[2019,2019,2019,2019,2019,2019,2019,2019,2019,2019,2019,2019,2019,2019,2019,2019,2019,2019],"Y_PREVALENCE_1000PP":[2.64046,3.4188,1.6679,2.52062,1.2848,2.69231,2.93064,2.20302,1.68279,3.31309,2.48647,2.08848,2.18627,3.42466,1.6852,3.33056,1.88324,2.8979]},"PREVALENCE_BY_MONTH":{"X_CALENDAR_MONTH":[201901,201902,201903,201904,201905,201906,201907,201908,201909,201910,201911,201912],"Y_PREVALENCE_1000PP":[0.18,0.27,0.13,0.22,0.13,0.24,0.25,0.25,0.16,0.25,0.13,0.15]},"PROCEDURE_FREQUENCY_DISTRIBUTION":{"Y_NUM_PERSONS":[0,0,0],"X_COUNT":[1,2,3]},"PROCEDURES_BY_TYPE":{"CONCEPT_NAME":"Claim","COUNT_VALUE":299},"AGE_AT_FIRST_OCCURRENCE":{"CATEGORY":["No matching concept","MALE","FEMALE"],"MIN_VALUE":[9,0,2],"P10_VALUE":[9,9,14],"P25_VALUE":[37,23,24],"MEDIAN_VALUE":[42,47,39],"P75_VALUE":[62,65,62],"P90_VALUE":[67,80,72],"MAX_VALUE":[67,98,99]}}
