{"PREVALENCE_BY_GENDER_AGE_YEAR":{"TRELLIS_NAME":["20-29","0-9","60-69","50-59","30-39","10-19","40-49","80-89","90-99","30-39","0-9","90-99","50-59","20-29","40-49","70-79","10-19","70-79","80-89","60-69"],"SERIES_NAME":["FEMALE","MALE","FEMALE","FEMALE","FEMALE","MALE","FEMALE","MALE","FEMALE","MALE","FEMALE","MALE","MALE","MALE","MALE","MALE","FEMALE","FEMALE","FEMALE","MALE"],"X_CALENDAR_YEAR":[2019,2019,2019,2019,2019,2019,2019,2019,2019,2019,2019,2019,2019,2019,2019,2019,2019,2019,2019,2019],"Y_PREVALENCE_1000PP":[15.15404,20.06242,18.26484,18.3978,16.44415,18.7901,15.98858,10.49144,20.06689,17.79359,17.24863,13.10541,18.04313,17.69464,18.13661,17.65711,17.05291,17.79096,17.29107,18.26923]},"PREVALENCE_BY_MONTH":{"X_CALENDAR_MONTH":[201901,201902,201903,201904,201905,201906,201907,201908,201909,201910,201911,201912],"Y_PREVALENCE_1000PP":[1.86,1.13,1.36,1.76,1.15,1.37,1.96,1.19,1.35,1.71,1.26,1.49]},"PROCEDURE_FREQUENCY_DISTRIBUTION":{"Y_NUM_PERSONS":[2,1,0,0],"X_COUNT":[1,2,3,4]},"PROCEDURES_BY_TYPE":{"CONCEPT_NAME":"Claim","COUNT_VALUE":2652},"AGE_AT_FIRST_OCCURRENCE":{"CATEGORY":["FEMALE","No matching concept","MALE"],"MIN_VALUE":[0,1,0],"P10_VALUE":[10,3,9],"P25_VALUE":[26,20,24],"MEDIAN_VALUE":[46,39,43],"P75_VALUE":[64,62,62],"P90_VALUE":[78,73,74],"MAX_VALUE":[99,95,99]}}
