{"PREVALENCE_BY_GENDER_AGE_YEAR":{"TRELLIS_NAME":["30-39","20-29","70-79","40-49","0-9","60-69","60-69","0-9","20-29","40-49","30-39","50-59","10-19","70-79","50-59"],"SERIES_NAME":["FEMALE","MALE","MALE","MALE","MALE","MALE","FEMALE","FEMALE","FEMALE","FEMALE","MALE","MALE","FEMALE","FEMALE","FEMALE"],"X_CALENDAR_YEAR":[2019,2019,2019,2019,2019,2019,2019,2019,2019,2019,2019,2019,2019,2019,2019],"Y_PREVALENCE_1000PP":[1.79095,1.85372,1.13917,1.1701,2.00624,1.15385,1.71233,1.2621,2.33139,1.71306,2.37248,1.32023,1.74902,1.11193,1.44865]},"PREVALENCE_BY_MONTH":{"X_CALENDAR_MONTH":[201901,201902,201903,201904,201905,201906,201907,201908,201909,201910,201911,201912],"Y_PREVALENCE_1000PP":[0.16,0.06,0.09,0.12,0.12,0.13,0.21,0.08,0.13,0.17,0.14,0.17]},"PROCEDURE_FREQUENCY_DISTRIBUTION":{"Y_NUM_PERSONS":[0,0,0],"X_COUNT":[1,2,3]},"PROCEDURES_BY_TYPE":{"CONCEPT_NAME":"Claim","COUNT_VALUE":268},"AGE_AT_FIRST_OCCURRENCE":{"CATEGORY":["FEMALE","MALE"],"MIN_VALUE":[0,1],"P10_VALUE":[11,7],"P25_VALUE":[25,21],"MEDIAN_VALUE":[41,38],"P75_VALUE":[61,56],"P90_VALUE":[76,75],"MAX_VALUE":[99,95]}}
