{"PREVALENCE_BY_GENDER_AGE_YEAR":{"TRELLIS_NAME":["30-39","40-49","70-79","50-59","10-19","80-89","0-9","10-19","60-69","70-79","30-39","60-69","40-49","90-99","20-29","20-29","0-9","80-89","50-59","90-99"],"SERIES_NAME":["MALE","MALE","MALE","MALE","MALE","FEMALE","MALE","FEMALE","FEMALE","FEMALE","FEMALE","MALE","FEMALE","FEMALE","MALE","FEMALE","FEMALE","MALE","FEMALE","MALE"],"X_CALENDAR_YEAR":[2019,2019,2019,2019,2019,2019,2019,2019,2019,2019,2019,2019,2019,2019,2019,2019,2019,2019,2019,2019],"Y_PREVALENCE_1000PP":[7.96475,6.43557,3.98709,5.72099,5.49954,6.34006,8.24788,4.59117,5.70776,6.48629,5.04722,6.53846,6.28123,8.91862,6.40377,5.66195,6.73117,8.8349,6.5189,7.97721]},"PREVALENCE_BY_MONTH":{"X_CALENDAR_MONTH":[201901,201902,201903,201904,201905,201906,201907,201908,201909,201910,201911,201912],"Y_PREVALENCE_1000PP":[0.63,0.44,0.44,0.62,0.43,0.39,0.7,0.42,0.46,0.78,0.41,0.54]},"PROCEDURE_FREQUENCY_DISTRIBUTION":{"Y_NUM_PERSONS":[1,0,0,0],"X_COUNT":[1,2,3,4]},"PROCEDURES_BY_TYPE":{"CONCEPT_NAME":"Claim","COUNT_VALUE":1131},"AGE_AT_FIRST_OCCURRENCE":{"CATEGORY":["No matching concept","FEMALE","MALE"],"MIN_VALUE":[6,0,0],"P10_VALUE":[16,8,9],"P25_VALUE":[36,26,23],"MEDIAN_VALUE":[40,46,42],"P75_VALUE":[50,64,62],"P90_VALUE":[70,79,79],"MAX_VALUE":[77,98,99]}}
