{"PREVALENCE_BY_GENDER_AGE_YEAR":{"TRELLIS_NAME":["30-39","70-79","10-19","50-59","0-9","40-49","60-69","70-79","80-89","10-19","40-49","30-39","50-59","20-29","60-69","0-9","20-29"],"SERIES_NAME":["FEMALE","MALE","MALE","FEMALE","MALE","FEMALE","MALE","FEMALE","MALE","FEMALE","MALE","MALE","MALE","FEMALE","FEMALE","FEMALE","MALE"],"X_CALENDAR_YEAR":[2019,2019,2019,2019,2019,2019,2019,2019,2019,2019,2019,2019,2019,2019,2019,2019,2019],"Y_PREVALENCE_1000PP":[2.4422,2.27834,1.83318,1.88324,2.67499,2.28408,1.34615,2.22387,3.31309,1.53039,2.34021,2.20302,2.34707,2.16486,1.52207,1.2621,2.86485]},"PREVALENCE_BY_MONTH":{"X_CALENDAR_MONTH":[201901,201902,201903,201904,201905,201906,201907,201908,201909,201910,201911,201912],"Y_PREVALENCE_1000PP":[0.23,0.16,0.2,0.3,0.1,0.15,0.17,0.15,0.19,0.15,0.18,0.12]},"PROCEDURE_FREQUENCY_DISTRIBUTION":{"Y_NUM_PERSONS":[0,0,0,0],"X_COUNT":[1,2,3,4]},"PROCEDURES_BY_TYPE":{"CONCEPT_NAME":"Claim","COUNT_VALUE":332},"AGE_AT_FIRST_OCCURRENCE":{"CATEGORY":["MALE","FEMALE"],"MIN_VALUE":[0,0],"P10_VALUE":[7,13],"P25_VALUE":[24,26],"MEDIAN_VALUE":[42,44],"P75_VALUE":[59,60],"P90_VALUE":[78,77],"MAX_VALUE":[96,99]}}
