{"PREVALENCE_BY_GENDER_AGE_YEAR":{"TRELLIS_NAME":["20-29","50-59","10-19","50-59","70-79","0-9","40-49"],"SERIES_NAME":["FEMALE","FEMALE","FEMALE","MALE","MALE","MALE","MALE"],"X_CALENDAR_YEAR":[2019,2019,2019,2019,2019,2019,2019],"Y_PREVALENCE_1000PP":[1.1657,1.30378,1.31176,0.88015,1.70875,1.56041,1.46263]},"PREVALENCE_BY_MONTH":{"X_CALENDAR_MONTH":[201901,201902,201903,201904,201905,201907,201908,201909,201910,201911],"Y_PREVALENCE_1000PP":[0.08,0.07,0.1,0.13,0.08,0.15,0.07,0.06,0.1,0.07]},"PROCEDURE_FREQUENCY_DISTRIBUTION":{"Y_NUM_PERSONS":[0,0,0],"X_COUNT":[1,2,3]},"PROCEDURES_BY_TYPE":{"CONCEPT_NAME":"Claim","COUNT_VALUE":161},"AGE_AT_FIRST_OCCURRENCE":{"CATEGORY":["MALE","FEMALE"],"MIN_VALUE":[1,2],"P10_VALUE":[6,9],"P25_VALUE":[25,19],"MEDIAN_VALUE":[46,37],"P75_VALUE":[70,56],"P90_VALUE":[78,63],"MAX_VALUE":[98,82]}}
