{"PREVALENCE_BY_GENDER_AGE_YEAR":{"TRELLIS_NAME":["0-9","40-49","20-29","30-39","50-59","30-39","70-79","70-79","40-49","10-19","60-69","50-59","10-19","60-69","0-9","20-29"],"SERIES_NAME":["FEMALE","MALE","FEMALE","FEMALE","MALE","MALE","FEMALE","MALE","FEMALE","MALE","FEMALE","FEMALE","FEMALE","MALE","MALE","MALE"],"X_CALENDAR_YEAR":[2019,2019,2019,2019,2019,2019,2019,2019,2019,2019,2019,2019,2019,2019,2019,2019],"Y_PREVALENCE_1000PP":[1.68279,1.31637,1.49875,2.11657,1.32023,1.18624,1.29726,1.32903,0.99929,2.06233,1.33181,1.30378,1.31176,1.92308,1.56041,1.17964]},"PREVALENCE_BY_MONTH":{"X_CALENDAR_MONTH":[201901,201903,201904,201905,201906,201907,201908,201909,201910,201911,201912],"Y_PREVALENCE_1000PP":[0.19,0.07,0.17,0.13,0.13,0.18,0.16,0.08,0.19,0.09,0.08]},"PROCEDURE_FREQUENCY_DISTRIBUTION":{"Y_NUM_PERSONS":[0,0,0],"X_COUNT":[1,2,3]},"PROCEDURES_BY_TYPE":{"CONCEPT_NAME":"Claim","COUNT_VALUE":259},"AGE_AT_FIRST_OCCURRENCE":{"CATEGORY":["MALE","FEMALE"],"MIN_VALUE":[3,0],"P10_VALUE":[10,9],"P25_VALUE":[24,23],"MEDIAN_VALUE":[47,41],"P75_VALUE":[66,64],"P90_VALUE":[80,82],"MAX_VALUE":[99,99]}}
