{"PREVALENCE_BY_GENDER_AGE_YEAR":{"TRELLIS_NAME":["60-69","0-9","30-39","80-89","10-19","90-99","70-79","40-49","30-39","50-59","60-69","40-49","20-29","20-29","80-89","70-79","50-59","10-19","0-9","90-99"],"SERIES_NAME":["FEMALE","MALE","FEMALE","MALE","FEMALE","FEMALE","MALE","FEMALE","MALE","MALE","MALE","MALE","FEMALE","MALE","FEMALE","FEMALE","FEMALE","MALE","FEMALE","MALE"],"X_CALENDAR_YEAR":[2019,2019,2019,2019,2019,2019,2019,2019,2019,2019,2019,2019,2019,2019,2019,2019,2019,2019,2019,2019],"Y_PREVALENCE_1000PP":[12.36682,14.04369,9.44318,9.38708,11.58723,5.57414,9.68293,8.13704,11.69293,13.78906,12.11538,11.55478,11.82348,11.29087,10.95101,8.89548,10.57511,12.14482,11.5692,9.68661]},"PREVALENCE_BY_MONTH":{"X_CALENDAR_MONTH":[201901,201902,201903,201904,201905,201906,201907,201908,201909,201910,201911,201912],"Y_PREVALENCE_1000PP":[0.88,0.86,0.77,1.09,1.01,0.8,0.99,0.94,0.92,0.89,0.97,1]},"PROCEDURE_FREQUENCY_DISTRIBUTION":{"Y_NUM_PERSONS":[1,0,0],"X_COUNT":[1,2,3]},"PROCEDURES_BY_TYPE":{"CONCEPT_NAME":"Claim","COUNT_VALUE":1193},"AGE_AT_FIRST_OCCURRENCE":{"CATEGORY":["FEMALE","No matching concept","MALE"],"MIN_VALUE":[0,1,0],"P10_VALUE":[9,7,9],"P25_VALUE":[23,22,25],"MEDIAN_VALUE":[42,38,44],"P75_VALUE":[62,60,60],"P90_VALUE":[74,84,75],"MAX_VALUE":[99,89,99]}}
