{"PREVALENCE_BY_GENDER_AGE_YEAR":{"TRELLIS_NAME":["70-79","30-39","50-59","60-69","20-29","60-69","30-39","20-29","50-59","0-9","40-49","40-49"],"SERIES_NAME":["MALE","MALE","MALE","FEMALE","FEMALE","MALE","FEMALE","MALE","FEMALE","MALE","MALE","FEMALE"],"X_CALENDAR_YEAR":[2019,2019,2019,2019,2019,2019,2019,2019,2019,2019,2019,2019],"Y_PREVALENCE_1000PP":[1.51889,2.20302,1.46692,1.90259,1.49875,1.53846,1.46532,1.34816,2.17297,2.45207,1.46263,1.2848]},"PREVALENCE_BY_MONTH":{"X_CALENDAR_MONTH":[201901,201902,201903,201904,201905,201907,201908,201909,201910,201911,201912],"Y_PREVALENCE_1000PP":[0.13,0.1,0.14,0.12,0.15,0.16,0.14,0.1,0.14,0.13,0.12]},"PROCEDURE_FREQUENCY_DISTRIBUTION":{"Y_NUM_PERSONS":0,"X_COUNT":1},"PROCEDURES_BY_TYPE":{"CONCEPT_NAME":"Claim","COUNT_VALUE":148},"AGE_AT_FIRST_OCCURRENCE":{"CATEGORY":["FEMALE","MALE"],"MIN_VALUE":[0,0],"P10_VALUE":[15,6],"P25_VALUE":[29,27],"MEDIAN_VALUE":[47,42],"P75_VALUE":[59,62],"P90_VALUE":[69,77],"MAX_VALUE":[91,92]}}
