{"PREVALENCE_BY_GENDER_AGE_YEAR":{"TRELLIS_NAME":["40-49","0-9","60-69","30-39","40-49","70-79","50-59","50-59","20-29","70-79","20-29","30-39","10-19"],"SERIES_NAME":["MALE","FEMALE","FEMALE","MALE","FEMALE","MALE","FEMALE","MALE","MALE","FEMALE","FEMALE","FEMALE","MALE"],"X_CALENDAR_YEAR":[2019,2019,2019,2019,2019,2019,2019,2019,2019,2019,2019,2019,2019],"Y_PREVALENCE_1000PP":[1.46263,1.47244,1.71233,2.7114,0.99929,2.08848,1.01405,1.32023,1.85372,1.29726,1.1657,1.79095,2.97892]},"PREVALENCE_BY_MONTH":{"X_CALENDAR_MONTH":[201901,201902,201904,201905,201906,201907,201908,201909,201910,201911,201912],"Y_PREVALENCE_1000PP":[0.19,0.06,0.24,0.11,0.07,0.11,0.09,0.18,0.2,0.13,0.09]},"PROCEDURE_FREQUENCY_DISTRIBUTION":{"Y_NUM_PERSONS":[0,0,0,0],"X_COUNT":[1,2,3,4]},"PROCEDURES_BY_TYPE":{"CONCEPT_NAME":"Claim","COUNT_VALUE":283},"AGE_AT_FIRST_OCCURRENCE":{"CATEGORY":["FEMALE","MALE"],"MIN_VALUE":[2,0],"P10_VALUE":[9,15],"P25_VALUE":[25,22],"MEDIAN_VALUE":[47,37],"P75_VALUE":[69,58],"P90_VALUE":[82,77],"MAX_VALUE":[98,96]}}
