{"PREVALENCE_BY_GENDER_AGE_YEAR":{"TRELLIS_NAME":["40-49","10-19","60-69","30-39","50-59","30-39","0-9","80-89","70-79","40-49","70-79","10-19","80-89","50-59","90-99","20-29","20-29","60-69","90-99","0-9"],"SERIES_NAME":["MALE","FEMALE","MALE","FEMALE","MALE","MALE","FEMALE","MALE","FEMALE","FEMALE","MALE","MALE","FEMALE","FEMALE","MALE","FEMALE","MALE","FEMALE","FEMALE","MALE"],"X_CALENDAR_YEAR":[2019,2019,2019,2019,2019,2019,2019,2019,2019,2019,2019,2019,2019,2019,2019,2019,2019,2019,2019,2019],"Y_PREVALENCE_1000PP":[28.52128,26.6725,25,24.58483,28.01819,31.85901,31.13168,30.36996,27.98369,30.83512,28.28935,26.35197,34.00576,30.42156,26.21083,24.81266,28.98551,28.72907,29.54292,28.08738]},"PREVALENCE_BY_MONTH":{"X_CALENDAR_MONTH":[201901,201902,201903,201904,201905,201906,201907,201908,201909,201910,201911,201912],"Y_PREVALENCE_1000PP":[2.72,2.36,2.26,2.54,2.27,2.22,2.63,2.22,2.41,2.88,2.08,2.15]},"PROCEDURE_FREQUENCY_DISTRIBUTION":{"Y_NUM_PERSONS":[3,0,0,0],"X_COUNT":[1,2,3,4]},"PROCEDURES_BY_TYPE":{"CONCEPT_NAME":"Claim","COUNT_VALUE":3428},"AGE_AT_FIRST_OCCURRENCE":{"CATEGORY":["No matching concept","MALE","FEMALE"],"MIN_VALUE":[0,0,0],"P10_VALUE":[13,10,9],"P25_VALUE":[22,26,25],"MEDIAN_VALUE":[48,44,46],"P75_VALUE":[66,63,63],"P90_VALUE":[76,77,78],"MAX_VALUE":[85,99,99]}}
