{"PREVALENCE_BY_GENDER_AGE_YEAR":{"TRELLIS_NAME":["0-9","30-39","50-59","60-69","50-59"],"SERIES_NAME":["FEMALE","FEMALE","MALE","MALE","FEMALE"],"X_CALENDAR_YEAR":[2019,2019,2019,2019,2019],"Y_PREVALENCE_1000PP":[1.2621,1.30251,1.02684,1.34615,1.01405]},"PREVALENCE_BY_MONTH":{"X_CALENDAR_MONTH":[201901,201902,201903,201904,201906,201907,201908,201909,201911,201912],"Y_PREVALENCE_1000PP":[0.06,0.07,0.11,0.08,0.07,0.1,0.08,0.08,0.06,0.08]},"PROCEDURE_FREQUENCY_DISTRIBUTION":{"Y_NUM_PERSONS":0,"X_COUNT":1},"PROCEDURES_BY_TYPE":{"CONCEPT_NAME":"Claim","COUNT_VALUE":88},"AGE_AT_FIRST_OCCURRENCE":{"CATEGORY":["FEMALE","MALE"],"MIN_VALUE":[1,1],"P10_VALUE":[7,9],"P25_VALUE":[24,24],"MEDIAN_VALUE":[37,50],"P75_VALUE":[57,65],"P90_VALUE":[70,74],"MAX_VALUE":[96,97]}}
