{"PREVALENCE_BY_GENDER_AGE_YEAR":{"TRELLIS_NAME":["50-59","40-49","10-19","40-49","60-69","30-39","20-29","80-89","20-29","60-69","90-99","30-39","50-59","0-9","80-89","0-9","10-19","70-79","90-99","70-79"],"SERIES_NAME":["FEMALE","FEMALE","FEMALE","MALE","FEMALE","MALE","FEMALE","MALE","MALE","MALE","MALE","FEMALE","MALE","MALE","FEMALE","FEMALE","MALE","FEMALE","FEMALE","MALE"],"X_CALENDAR_YEAR":[2019,2019,2019,2019,2019,2019,2019,2019,2019,2019,2019,2019,2019,2019,2019,2019,2019,2019,2019,2019],"Y_PREVALENCE_1000PP":[18.68753,19.12919,17.05291,19.59924,15.60122,16.77682,20.48293,21.53506,20.39097,18.46154,21.08262,19.21198,18.77659,18.50201,14.98559,17.66933,16.04033,17.23499,15.60758,20.69489]},"PREVALENCE_BY_MONTH":{"X_CALENDAR_MONTH":[201901,201902,201903,201904,201905,201906,201907,201908,201909,201910,201911,201912],"Y_PREVALENCE_1000PP":[2.02,1.13,1.56,2.03,1.04,1.35,2.1,1.31,1.24,2.09,1.36,1.39]},"PROCEDURE_FREQUENCY_DISTRIBUTION":{"Y_NUM_PERSONS":[2,1,0,0],"X_COUNT":[1,2,3,4]},"PROCEDURES_BY_TYPE":{"CONCEPT_NAME":"Claim","COUNT_VALUE":3162},"AGE_AT_FIRST_OCCURRENCE":{"CATEGORY":["No matching concept","FEMALE","MALE"],"MIN_VALUE":[3,0,0],"P10_VALUE":[5,10,10],"P25_VALUE":[14,24,25],"MEDIAN_VALUE":[36,43,46],"P75_VALUE":[57,60,64],"P90_VALUE":[89,75,79],"MAX_VALUE":[98,99,99]}}
