{"PREVALENCE_BY_GENDER_AGE_YEAR":{"TRELLIS_NAME":["20-29","50-59","0-9","30-39","70-79","60-69","60-69","20-29","70-79","30-39","0-9","40-49","50-59","40-49"],"SERIES_NAME":["FEMALE","MALE","FEMALE","FEMALE","MALE","FEMALE","MALE","MALE","FEMALE","MALE","MALE","FEMALE","FEMALE","MALE"],"X_CALENDAR_YEAR":[2019,2019,2019,2019,2019,2019,2019,2019,2019,2019,2019,2019,2019,2019],"Y_PREVALENCE_1000PP":[2.16486,1.02684,1.47244,0.97688,1.13917,1.33181,1.34615,1.85372,1.11193,1.69463,1.33749,1.14204,1.01405,0.87758]},"PREVALENCE_BY_MONTH":{"X_CALENDAR_MONTH":[201901,201902,201904,201905,201906,201907,201908,201909,201910,201911],"Y_PREVALENCE_1000PP":[0.18,0.1,0.14,0.07,0.11,0.18,0.09,0.09,0.09,0.11]},"PROCEDURE_FREQUENCY_DISTRIBUTION":{"Y_NUM_PERSONS":[0,0,0,0],"X_COUNT":[1,2,3,4]},"PROCEDURES_BY_TYPE":{"CONCEPT_NAME":"Claim","COUNT_VALUE":224},"AGE_AT_FIRST_OCCURRENCE":{"CATEGORY":["FEMALE","MALE"],"MIN_VALUE":[1,0],"P10_VALUE":[9,6],"P25_VALUE":[24,25],"MEDIAN_VALUE":[42,38],"P75_VALUE":[66,62],"P90_VALUE":[78,73],"MAX_VALUE":[99,93]}}
