{"PREVALENCE_BY_GENDER_AGE_YEAR":{"TRELLIS_NAME":["0-9","30-39","0-9","90-99","20-29","60-69","40-49","50-59","20-29","30-39","70-79","60-69","10-19","80-89","70-79","40-49","10-19","50-59","80-89","90-99"],"SERIES_NAME":["MALE","MALE","FEMALE","FEMALE","MALE","FEMALE","MALE","FEMALE","FEMALE","FEMALE","MALE","MALE","FEMALE","MALE","FEMALE","FEMALE","MALE","MALE","FEMALE","MALE"],"X_CALENDAR_YEAR":[2019,2019,2019,2019,2019,2019,2019,2019,2019,2019,2019,2019,2019,2019,2019,2019,2019,2019,2019,2019],"Y_PREVALENCE_1000PP":[81.81008,91.67938,87.50526,90.85842,90.32693,89.99239,92.73073,88.07765,89.59201,94.10615,95.31042,97.30769,94.6655,112.64495,90.25204,94.07566,85.93034,90.80241,96.2536,88.31909]},"PREVALENCE_BY_MONTH":{"X_CALENDAR_MONTH":[201901,201902,201903,201904,201905,201906,201907,201908,201909,201910,201911,201912],"Y_PREVALENCE_1000PP":[11.11,6.07,6.77,10.46,6.66,6.69,10.29,6.63,6.52,10.42,6.78,7.05]},"PROCEDURE_FREQUENCY_DISTRIBUTION":{"Y_NUM_PERSONS":[9,4,2,1,0,0,0],"X_COUNT":[1,2,3,4,5,6,7]},"PROCEDURES_BY_TYPE":{"CONCEPT_NAME":"Claim","COUNT_VALUE":16059},"AGE_AT_FIRST_OCCURRENCE":{"CATEGORY":["MALE","No matching concept","FEMALE"],"MIN_VALUE":[0,0,0],"P10_VALUE":[11,9,10],"P25_VALUE":[26,25,25],"MEDIAN_VALUE":[46,44,44],"P75_VALUE":[65,60,62],"P90_VALUE":[78,77,77],"MAX_VALUE":[99,98,99]}}
