{"PREVALENCE_BY_GENDER_AGE_YEAR":{"TRELLIS_NAME":["10-19","0-9","60-69","30-39","30-39","80-89","40-49","90-99","90-99","0-9","10-19","20-29","80-89","50-59","70-79","20-29","50-59","60-69","40-49","70-79"],"SERIES_NAME":["FEMALE","FEMALE","FEMALE","MALE","FEMALE","MALE","MALE","MALE","FEMALE","MALE","MALE","MALE","FEMALE","MALE","FEMALE","FEMALE","FEMALE","MALE","FEMALE","MALE"],"X_CALENDAR_YEAR":[2019,2019,2019,2019,2019,2019,2019,2019,2019,2019,2019,2019,2019,2019,2019,2019,2019,2019,2019,2019],"Y_PREVALENCE_1000PP":[18.80192,17.87968,18.4551,18.47145,17.74666,16.56543,15.50388,18.80342,25.64103,17.83326,20.85243,17.69464,12.10375,20.24351,24.83321,18.4846,19.84644,21.73077,19.70021,14.23961]},"PREVALENCE_BY_MONTH":{"X_CALENDAR_MONTH":[201901,201902,201903,201904,201905,201906,201907,201908,201909,201910,201911,201912],"Y_PREVALENCE_1000PP":[2.16,1.31,1.33,2.04,1.3,1.23,1.98,1.32,1.08,2.34,1.47,1.26]},"PROCEDURE_FREQUENCY_DISTRIBUTION":{"Y_NUM_PERSONS":[2,1,0,0],"X_COUNT":[1,2,3,4]},"PROCEDURES_BY_TYPE":{"CONCEPT_NAME":"Claim","COUNT_VALUE":3302},"AGE_AT_FIRST_OCCURRENCE":{"CATEGORY":["MALE","No matching concept","FEMALE"],"MIN_VALUE":[0,8,0],"P10_VALUE":[10,11,11],"P25_VALUE":[24,25,26],"MEDIAN_VALUE":[45,43,46],"P75_VALUE":[63,54,65],"P90_VALUE":[77,79,77],"MAX_VALUE":[99,99,99]}}
