{"PREVALENCE_BY_GENDER_AGE_YEAR":{"TRELLIS_NAME":["50-59","10-19","90-99","90-99","20-29","70-79","40-49","70-79","30-39","80-89","60-69","40-49","0-9","80-89","20-29","30-39","10-19","50-59","60-69","0-9"],"SERIES_NAME":["FEMALE","MALE","MALE","FEMALE","FEMALE","FEMALE","MALE","MALE","MALE","FEMALE","FEMALE","FEMALE","MALE","MALE","MALE","FEMALE","FEMALE","MALE","MALE","FEMALE"],"X_CALENDAR_YEAR":[2019,2019,2019,2019,2019,2019,2019,2019,2019,2019,2019,2019,2019,2019,2019,2019,2019,2019,2019,2019],"Y_PREVALENCE_1000PP":[2.31783,4.58295,4.5584,3.9019,2.9975,2.40919,2.92526,1.70875,3.05033,3.45821,2.28311,2.56959,2.67499,3.86527,2.52781,3.41908,2.18627,2.78715,2.69231,2.10349]},"PREVALENCE_BY_MONTH":{"X_CALENDAR_MONTH":[201901,201902,201903,201904,201905,201906,201907,201908,201909,201910,201911,201912],"Y_PREVALENCE_1000PP":[0.3,0.11,0.2,0.34,0.2,0.19,0.35,0.2,0.17,0.28,0.21,0.22]},"PROCEDURE_FREQUENCY_DISTRIBUTION":{"Y_NUM_PERSONS":[0,0,0,0],"X_COUNT":[1,2,3,4]},"PROCEDURES_BY_TYPE":{"CONCEPT_NAME":"Claim","COUNT_VALUE":485},"AGE_AT_FIRST_OCCURRENCE":{"CATEGORY":["MALE","FEMALE"],"MIN_VALUE":[0,0],"P10_VALUE":[10,13],"P25_VALUE":[21,27],"MEDIAN_VALUE":[42,42],"P75_VALUE":[61,64],"P90_VALUE":[83,79],"MAX_VALUE":[99,99]}}
