{"PREVALENCE_BY_GENDER_AGE_YEAR":{"TRELLIS_NAME":["0-9","20-29","40-49","50-59","60-69","40-49","70-79"],"SERIES_NAME":["FEMALE","FEMALE","FEMALE","FEMALE","FEMALE","MALE","FEMALE"],"X_CALENDAR_YEAR":[2019,2019,2019,2019,2019,2019,2019],"Y_PREVALENCE_1000PP":[1.2621,0.99917,1.42755,1.73837,1.14155,1.1701,1.11193]},"PREVALENCE_BY_MONTH":{"X_CALENDAR_MONTH":[201902,201904,201905,201906,201907,201908,201909,201910,201911],"Y_PREVALENCE_1000PP":[0.1,0.08,0.11,0.11,0.08,0.12,0.09,0.16,0.07]},"PROCEDURE_FREQUENCY_DISTRIBUTION":{"Y_NUM_PERSONS":[0,0,0,0],"X_COUNT":[1,2,3,4]},"PROCEDURES_BY_TYPE":{"CONCEPT_NAME":"Claim","COUNT_VALUE":165},"AGE_AT_FIRST_OCCURRENCE":{"CATEGORY":["FEMALE","MALE"],"MIN_VALUE":[4,2],"P10_VALUE":[8,7],"P25_VALUE":[27,25],"MEDIAN_VALUE":[49,44],"P75_VALUE":[64,66],"P90_VALUE":[79,78],"MAX_VALUE":[99,89]}}
