{"PREVALENCE_BY_GENDER_AGE_YEAR":{"TRELLIS_NAME":["80-89","70-79","90-99","20-29","0-9","60-69","50-59","30-39","60-69","40-49","10-19","20-29","70-79","30-39","80-89","10-19","90-99","50-59","0-9","40-49"],"SERIES_NAME":["MALE","FEMALE","FEMALE","MALE","FEMALE","MALE","FEMALE","FEMALE","FEMALE","MALE","FEMALE","FEMALE","MALE","MALE","FEMALE","MALE","MALE","MALE","MALE","FEMALE"],"X_CALENDAR_YEAR":[2019,2019,2019,2019,2019,2019,2019,2019,2019,2019,2019,2019,2019,2019,2019,2019,2019,2019,2019,2019],"Y_PREVALENCE_1000PP":[13.25235,8.52483,11.70569,10.44826,9.88641,7.11538,10.14052,7.81504,11.9863,9.65336,11.14998,11.3239,7.40459,10.50669,10.37464,10.76994,11.96581,10.70852,10.92287,9.85011]},"PREVALENCE_BY_MONTH":{"X_CALENDAR_MONTH":[201901,201902,201903,201904,201905,201906,201907,201908,201909,201910,201911,201912],"Y_PREVALENCE_1000PP":[1.24,0.67,0.65,1.21,0.73,0.81,1.07,0.65,0.62,0.92,0.67,0.81]},"PROCEDURE_FREQUENCY_DISTRIBUTION":{"Y_NUM_PERSONS":[1,0,0,0],"X_COUNT":[1,2,3,4]},"PROCEDURES_BY_TYPE":{"CONCEPT_NAME":"Claim","COUNT_VALUE":1665},"AGE_AT_FIRST_OCCURRENCE":{"CATEGORY":["FEMALE","MALE","No matching concept"],"MIN_VALUE":[0,0,1],"P10_VALUE":[11,9,17],"P25_VALUE":[24,22,38],"MEDIAN_VALUE":[45,42,60],"P75_VALUE":[64,60,75],"P90_VALUE":[78,79,96],"MAX_VALUE":[98,99,99]}}
