{"PREVALENCE_BY_GENDER_AGE_YEAR":{"TRELLIS_NAME":["20-29","30-39","10-19","40-49","40-49","10-19","0-9","20-29","60-69","50-59","70-79","70-79","30-39","50-59","90-99","60-69"],"SERIES_NAME":["FEMALE","FEMALE","FEMALE","FEMALE","MALE","MALE","FEMALE","MALE","MALE","FEMALE","MALE","FEMALE","MALE","MALE","FEMALE","FEMALE"],"X_CALENDAR_YEAR":[2019,2019,2019,2019,2019,2019,2019,2019,2019,2019,2019,2019,2019,2019,2019,2019],"Y_PREVALENCE_1000PP":[2.16486,3.25627,1.74902,1.71306,3.21779,1.60403,2.73454,1.6852,1.53846,2.31783,1.32903,2.40919,1.3557,2.05369,3.34448,2.09285]},"PREVALENCE_BY_MONTH":{"X_CALENDAR_MONTH":[201901,201902,201903,201904,201905,201906,201907,201908,201909,201910,201911,201912],"Y_PREVALENCE_1000PP":[0.17,0.15,0.15,0.31,0.14,0.18,0.2,0.17,0.15,0.2,0.11,0.15]},"PROCEDURE_FREQUENCY_DISTRIBUTION":{"Y_NUM_PERSONS":[0,0],"X_COUNT":[1,2]},"PROCEDURES_BY_TYPE":{"CONCEPT_NAME":"Claim","COUNT_VALUE":224},"AGE_AT_FIRST_OCCURRENCE":{"CATEGORY":["FEMALE","MALE"],"MIN_VALUE":[0,1],"P10_VALUE":[8,16],"P25_VALUE":[27,32],"MEDIAN_VALUE":[42,46],"P75_VALUE":[65,60],"P90_VALUE":[79,77],"MAX_VALUE":[97,93]}}
