{"PREVALENCE_BY_GENDER_AGE_YEAR":{"TRELLIS_NAME":["70-79","20-29","50-59","90-99","10-19","10-19","60-69","0-9","30-39","20-29","50-59","80-89","60-69","70-79","40-49","40-49","30-39","80-89","0-9","90-99"],"SERIES_NAME":["FEMALE","MALE","FEMALE","FEMALE","FEMALE","MALE","FEMALE","MALE","MALE","FEMALE","MALE","FEMALE","MALE","MALE","MALE","FEMALE","FEMALE","MALE","FEMALE","MALE"],"X_CALENDAR_YEAR":[2019,2019,2019,2019,2019,2019,2019,2019,2019,2019,2019,2019,2019,2019,2019,2019,2019,2019,2019,2019],"Y_PREVALENCE_1000PP":[13.52854,11.79643,11.15457,15.05017,10.93135,12.14482,7.22983,11.59162,12.70971,12.32306,11.88206,11.52738,13.07692,12.34099,12.72488,14.56103,13.83914,13.80453,10.93816,12.53561]},"PREVALENCE_BY_MONTH":{"X_CALENDAR_MONTH":[201901,201902,201903,201904,201905,201906,201907,201908,201909,201910,201911,201912],"Y_PREVALENCE_1000PP":[1.29,0.62,1.08,1.31,0.83,0.84,1.49,0.84,0.97,1.63,0.7,0.76]},"PROCEDURE_FREQUENCY_DISTRIBUTION":{"Y_NUM_PERSONS":[1,1,0,0,0],"X_COUNT":[1,2,3,4,5]},"PROCEDURES_BY_TYPE":{"CONCEPT_NAME":"Claim","COUNT_VALUE":2239},"AGE_AT_FIRST_OCCURRENCE":{"CATEGORY":["FEMALE","MALE","No matching concept"],"MIN_VALUE":[0,0,3],"P10_VALUE":[11,11,13],"P25_VALUE":[26,26,33],"MEDIAN_VALUE":[43,45,46],"P75_VALUE":[62,64,59],"P90_VALUE":[78,76,76],"MAX_VALUE":[99,99,98]}}
