{"PREVALENCE_BY_GENDER_AGE_YEAR":{"TRELLIS_NAME":["10-19","90-99","50-59","0-9","20-29","20-29","80-89","60-69","40-49","30-39","60-69","70-79","10-19","40-49","50-59","30-39","80-89","90-99","70-79","0-9"],"SERIES_NAME":["FEMALE","FEMALE","FEMALE","MALE","MALE","FEMALE","MALE","MALE","FEMALE","MALE","FEMALE","FEMALE","MALE","MALE","MALE","FEMALE","FEMALE","MALE","MALE","FEMALE"],"X_CALENDAR_YEAR":[2019,2019,2019,2019,2019,2019,2019,2019,2019,2019,2019,2019,2019,2019,2019,2019,2019,2019,2019,2019],"Y_PREVALENCE_1000PP":[35.85483,30.10033,31.14588,28.97905,31.51331,30.30808,32.57869,29.03846,31.54889,32.53686,24.9239,33.17272,34.83043,28.96007,32.85903,29.1436,29.39481,29.62963,32.08658,27.76609]},"PREVALENCE_BY_MONTH":{"X_CALENDAR_MONTH":[201901,201902,201903,201904,201905,201906,201907,201908,201909,201910,201911,201912],"Y_PREVALENCE_1000PP":[3.49,2.13,2.19,3.14,2.04,2.14,3.56,2.25,2.2,3.92,2.09,2.05]},"PROCEDURE_FREQUENCY_DISTRIBUTION":{"Y_NUM_PERSONS":[3,2,1,0,0],"X_COUNT":[1,2,3,4,5]},"PROCEDURES_BY_TYPE":{"CONCEPT_NAME":"Claim","COUNT_VALUE":5554},"AGE_AT_FIRST_OCCURRENCE":{"CATEGORY":["No matching concept","FEMALE","MALE"],"MIN_VALUE":[0,0,0],"P10_VALUE":[10,11,10],"P25_VALUE":[27,24,24],"MEDIAN_VALUE":[49,44,44],"P75_VALUE":[68,62,63],"P90_VALUE":[78,77,77],"MAX_VALUE":[99,99,99]}}
