{"PREVALENCE_BY_GENDER_AGE_YEAR":{"TRELLIS_NAME":["10-19","30-39","90-99","30-39","10-19","20-29","40-49","80-89","70-79","60-69","70-79","50-59","50-59","80-89","0-9","20-29","40-49","90-99","60-69","0-9"],"SERIES_NAME":["MALE","MALE","FEMALE","FEMALE","FEMALE","MALE","MALE","FEMALE","FEMALE","MALE","MALE","FEMALE","MALE","MALE","MALE","FEMALE","FEMALE","MALE","FEMALE","FEMALE"],"X_CALENDAR_YEAR":[2019,2019,2019,2019,2019,2019,2019,2019,2019,2019,2019,2019,2019,2019,2019,2019,2019,2019,2019,2019],"Y_PREVALENCE_1000PP":[5.04125,5.42281,3.34448,4.72159,5.6843,7.4149,4.53415,5.76369,4.44774,4.23077,7.21473,6.5189,4.54745,4.96963,6.01872,5.82848,5.13919,3.9886,5.89802,3.78629]},"PREVALENCE_BY_MONTH":{"X_CALENDAR_MONTH":[201901,201902,201903,201904,201905,201906,201907,201908,201909,201910,201911,201912],"Y_PREVALENCE_1000PP":[0.47,0.37,0.47,0.52,0.52,0.29,0.47,0.38,0.43,0.69,0.32,0.45]},"PROCEDURE_FREQUENCY_DISTRIBUTION":{"Y_NUM_PERSONS":[1,0,0,0],"X_COUNT":[1,2,3,4]},"PROCEDURES_BY_TYPE":{"CONCEPT_NAME":"Claim","COUNT_VALUE":862},"AGE_AT_FIRST_OCCURRENCE":{"CATEGORY":["MALE","No matching concept","FEMALE"],"MIN_VALUE":[0,20,0],"P10_VALUE":[9,22,13],"P25_VALUE":[24,29,26],"MEDIAN_VALUE":[41,39,45],"P75_VALUE":[65,56,60],"P90_VALUE":[77,65,75],"MAX_VALUE":[99,86,98]}}
