{"PREVALENCE_BY_GENDER_AGE_YEAR":{"TRELLIS_NAME":["60-69","30-39","70-79","20-29","50-59","10-19","0-9","40-49","70-79","40-49","30-39","50-59"],"SERIES_NAME":["FEMALE","FEMALE","MALE","MALE","FEMALE","FEMALE","MALE","MALE","FEMALE","FEMALE","MALE","MALE"],"X_CALENDAR_YEAR":[2019,2019,2019,2019,2019,2019,2019,2019,2019,2019,2019,2019],"Y_PREVALENCE_1000PP":[1.90259,1.30251,2.08848,1.17964,1.44865,1.96764,2.00624,0.87758,2.40919,0.99929,1.52517,1.61361]},"PREVALENCE_BY_MONTH":{"X_CALENDAR_MONTH":[201901,201902,201903,201904,201905,201906,201907,201908,201909,201910,201911,201912],"Y_PREVALENCE_1000PP":[0.08,0.14,0.1,0.17,0.15,0.1,0.08,0.11,0.09,0.17,0.1,0.1]},"PROCEDURE_FREQUENCY_DISTRIBUTION":{"Y_NUM_PERSONS":0,"X_COUNT":1},"PROCEDURES_BY_TYPE":{"CONCEPT_NAME":"Claim","COUNT_VALUE":147},"AGE_AT_FIRST_OCCURRENCE":{"CATEGORY":["FEMALE","MALE"],"MIN_VALUE":[1,0],"P10_VALUE":[12,7],"P25_VALUE":[27,23],"MEDIAN_VALUE":[51,46],"P75_VALUE":[69,66],"P90_VALUE":[78,77],"MAX_VALUE":[99,99]}}
