{"PREVALENCE_BY_GENDER_AGE_YEAR":{"TRELLIS_NAME":["50-59","50-59","10-19","70-79","30-39","90-99","80-89","80-89","10-19","0-9","60-69","40-49","0-9","20-29","20-29","30-39","60-69","70-79","40-49","90-99"],"SERIES_NAME":["FEMALE","MALE","MALE","FEMALE","FEMALE","FEMALE","MALE","FEMALE","FEMALE","MALE","FEMALE","FEMALE","FEMALE","MALE","FEMALE","MALE","MALE","MALE","MALE","MALE"],"X_CALENDAR_YEAR":[2019,2019,2019,2019,2019,2019,2019,2019,2019,2019,2019,2019,2019,2019,2019,2019,2019,2019,2019,2019],"Y_PREVALENCE_1000PP":[7.09836,7.92137,5.04125,7.22758,8.62911,6.68896,6.62617,9.2219,3.93529,8.4708,5.13699,7.56602,6.73117,7.58342,7.49376,6.77851,6.73077,5.8857,5.26547,4.5584]},"PREVALENCE_BY_MONTH":{"X_CALENDAR_MONTH":[201901,201902,201903,201904,201905,201906,201907,201908,201909,201910,201911,201912],"Y_PREVALENCE_1000PP":[0.53,0.43,0.6,0.55,0.59,0.42,0.58,0.62,0.61,0.62,0.64,0.61]},"PROCEDURE_FREQUENCY_DISTRIBUTION":{"Y_NUM_PERSONS":[1,0,0],"X_COUNT":[1,2,3]},"PROCEDURES_BY_TYPE":{"CONCEPT_NAME":"Claim","COUNT_VALUE":747},"AGE_AT_FIRST_OCCURRENCE":{"CATEGORY":["MALE","No matching concept","FEMALE"],"MIN_VALUE":[0,0,0],"P10_VALUE":[9,11,12],"P25_VALUE":[25,18,28],"MEDIAN_VALUE":[44,32,43],"P75_VALUE":[61,57,62],"P90_VALUE":[76,58,78],"MAX_VALUE":[97,82,99]}}
