{"PREVALENCE_BY_GENDER_AGE_YEAR":{"TRELLIS_NAME":["90-99","70-79","0-9","60-69","40-49","10-19","70-79","80-89","90-99","20-29","30-39","50-59","60-69","10-19","0-9","50-59","30-39","40-49","20-29","80-89"],"SERIES_NAME":["FEMALE","FEMALE","FEMALE","FEMALE","FEMALE","MALE","MALE","MALE","MALE","MALE","MALE","MALE","MALE","FEMALE","MALE","FEMALE","FEMALE","MALE","FEMALE","FEMALE"],"X_CALENDAR_YEAR":[2019,2019,2019,2019,2019,2019,2019,2019,2019,2019,2019,2019,2019,2019,2019,2019,2019,2019,2019,2019],"Y_PREVALENCE_1000PP":[27.31327,28.35434,26.71435,29.29985,28.83655,29.78918,30.75755,26.50469,34.18803,26.12066,26.77512,27.13804,27.69231,28.20289,31.2082,28.53832,23.93357,31.30028,22.98085,31.70029]},"PREVALENCE_BY_MONTH":{"X_CALENDAR_MONTH":[201901,201902,201903,201904,201905,201906,201907,201908,201909,201910,201911,201912],"Y_PREVALENCE_1000PP":[3.43,1.74,2.13,3.07,2.11,2.02,3.13,2.11,1.97,2.9,1.86,1.99]},"PROCEDURE_FREQUENCY_DISTRIBUTION":{"Y_NUM_PERSONS":[3,1,1,0,0],"X_COUNT":[1,2,3,4,5]},"PROCEDURES_BY_TYPE":{"CONCEPT_NAME":"Claim","COUNT_VALUE":5038},"AGE_AT_FIRST_OCCURRENCE":{"CATEGORY":["FEMALE","No matching concept","MALE"],"MIN_VALUE":[0,1,0],"P10_VALUE":[10,9,9],"P25_VALUE":[25,34,24],"MEDIAN_VALUE":[46,48,45],"P75_VALUE":[64,61,64],"P90_VALUE":[78,78,78],"MAX_VALUE":[99,98,99]}}
