{"PREVALENCE_BY_GENDER_AGE_YEAR":{"TRELLIS_NAME":["0-9","30-39","50-59","70-79","20-29","10-19","50-59","20-29","70-79","80-89","60-69","60-69","30-39","0-9","10-19","40-49","40-49"],"SERIES_NAME":["MALE","FEMALE","FEMALE","FEMALE","FEMALE","MALE","MALE","MALE","MALE","MALE","MALE","FEMALE","MALE","FEMALE","FEMALE","FEMALE","MALE"],"X_CALENDAR_YEAR":[2019,2019,2019,2019,2019,2019,2019,2019,2019,2019,2019,2019,2019,2019,2019,2019,2019],"Y_PREVALENCE_1000PP":[2.45207,2.4422,1.73837,2.22387,2.9975,2.52062,2.78715,2.19077,2.4682,3.86527,1.92308,2.09285,2.03355,2.31384,2.4049,1.99857,2.34021]},"PREVALENCE_BY_MONTH":{"X_CALENDAR_MONTH":[201901,201902,201903,201904,201905,201906,201907,201908,201909,201910,201911,201912],"Y_PREVALENCE_1000PP":[0.25,0.11,0.17,0.18,0.25,0.15,0.26,0.18,0.14,0.24,0.2,0.16]},"PROCEDURE_FREQUENCY_DISTRIBUTION":{"Y_NUM_PERSONS":[0,0,0,0],"X_COUNT":[1,2,3,4]},"PROCEDURES_BY_TYPE":{"CONCEPT_NAME":"Claim","COUNT_VALUE":384},"AGE_AT_FIRST_OCCURRENCE":{"CATEGORY":["FEMALE","MALE"],"MIN_VALUE":[0,0],"P10_VALUE":[7,10],"P25_VALUE":[23,25],"MEDIAN_VALUE":[37,44],"P75_VALUE":[61,64],"P90_VALUE":[76,77],"MAX_VALUE":[98,99]}}
