{"PREVALENCE_BY_GENDER_AGE_YEAR":{"TRELLIS_NAME":["20-29","40-49","70-79","80-89","40-49","10-19","0-9","60-69","30-39","30-39","50-59","10-19","20-29","50-59","60-69","0-9","70-79"],"SERIES_NAME":["MALE","MALE","MALE","MALE","FEMALE","FEMALE","FEMALE","FEMALE","MALE","FEMALE","MALE","MALE","FEMALE","FEMALE","MALE","MALE","FEMALE"],"X_CALENDAR_YEAR":[2019,2019,2019,2019,2019,2019,2019,2019,2019,2019,2019,2019,2019,2019,2019,2019,2019],"Y_PREVALENCE_1000PP":[2.52781,2.04768,3.41751,3.31309,1.71306,3.27941,1.2621,1.90259,2.03355,3.09345,2.49377,3.43721,2.33139,2.0281,1.92308,2.45207,2.59451]},"PREVALENCE_BY_MONTH":{"X_CALENDAR_MONTH":[201901,201902,201903,201904,201905,201906,201907,201908,201909,201910,201911,201912],"Y_PREVALENCE_1000PP":[0.19,0.14,0.16,0.2,0.23,0.13,0.3,0.2,0.17,0.24,0.17,0.23]},"PROCEDURE_FREQUENCY_DISTRIBUTION":{"Y_NUM_PERSONS":[0,0,0,0],"X_COUNT":[1,2,3,4]},"PROCEDURES_BY_TYPE":{"CONCEPT_NAME":"Claim","COUNT_VALUE":366},"AGE_AT_FIRST_OCCURRENCE":{"CATEGORY":["MALE","FEMALE"],"MIN_VALUE":[0,3],"P10_VALUE":[11,13],"P25_VALUE":[23,25],"MEDIAN_VALUE":[45,41],"P75_VALUE":[66,62],"P90_VALUE":[79,74],"MAX_VALUE":[95,99]}}
