{"PREVALENCE_BY_GENDER_AGE_YEAR":{"TRELLIS_NAME":["70-79","80-89","60-69","60-69","90-99","20-29","40-49","0-9","50-59","10-19","70-79","50-59","40-49","0-9","20-29","90-99","10-19","80-89","30-39","30-39"],"SERIES_NAME":["MALE","FEMALE","MALE","FEMALE","MALE","FEMALE","FEMALE","FEMALE","FEMALE","FEMALE","FEMALE","MALE","MALE","MALE","MALE","FEMALE","MALE","MALE","MALE","FEMALE"],"X_CALENDAR_YEAR":[2019,2019,2019,2019,2019,2019,2019,2019,2019,2019,2019,2019,2019,2019,2019,2019,2019,2019,2019,2019],"Y_PREVALENCE_1000PP":[6.26543,6.34006,5,7.22983,6.26781,4.1632,5.71021,6.52082,6.22918,8.52645,4.26242,5.72099,6.28931,4.68123,7.92046,3.34448,5.04125,4.96963,5.59227,6.83816]},"PREVALENCE_BY_MONTH":{"X_CALENDAR_MONTH":[201901,201902,201903,201904,201905,201906,201907,201908,201909,201910,201911,201912],"Y_PREVALENCE_1000PP":[0.59,0.39,0.3,0.71,0.46,0.45,0.75,0.28,0.46,0.74,0.39,0.47]},"PROCEDURE_FREQUENCY_DISTRIBUTION":{"Y_NUM_PERSONS":[1,0,0,0],"X_COUNT":[1,2,3,4]},"PROCEDURES_BY_TYPE":{"CONCEPT_NAME":"Claim","COUNT_VALUE":1014},"AGE_AT_FIRST_OCCURRENCE":{"CATEGORY":["FEMALE","MALE","No matching concept"],"MIN_VALUE":[0,0,14],"P10_VALUE":[7,11,15],"P25_VALUE":[21,26,30],"MEDIAN_VALUE":[42,42,44],"P75_VALUE":[60,62,58],"P90_VALUE":[73,77,75],"MAX_VALUE":[99,99,93]}}
