{"PREVALENCE_BY_GENDER_AGE_YEAR":{"TRELLIS_NAME":["40-49","10-19","30-39","20-29","50-59","50-59","10-19","60-69","60-69","20-29","70-79","0-9","30-39","40-49","70-79","0-9"],"SERIES_NAME":["MALE","MALE","FEMALE","FEMALE","MALE","FEMALE","FEMALE","FEMALE","MALE","MALE","FEMALE","MALE","MALE","FEMALE","MALE","FEMALE"],"X_CALENDAR_YEAR":[2019,2019,2019,2019,2019,2019,2019,2019,2019,2019,2019,2019,2019,2019,2019,2019],"Y_PREVALENCE_1000PP":[1.46263,2.06233,1.46532,2.49792,1.61361,2.89729,2.62352,1.71233,2.30769,1.6852,1.6679,1.78333,2.7114,1.99857,1.13917,1.89314]},"PREVALENCE_BY_MONTH":{"X_CALENDAR_MONTH":[201901,201902,201903,201904,201905,201906,201907,201908,201909,201910,201911,201912],"Y_PREVALENCE_1000PP":[0.18,0.14,0.16,0.19,0.21,0.16,0.13,0.18,0.14,0.15,0.11,0.18]},"PROCEDURE_FREQUENCY_DISTRIBUTION":{"Y_NUM_PERSONS":[0,0,0],"X_COUNT":[1,2,3]},"PROCEDURES_BY_TYPE":{"CONCEPT_NAME":"Claim","COUNT_VALUE":228},"AGE_AT_FIRST_OCCURRENCE":{"CATEGORY":["MALE","FEMALE"],"MIN_VALUE":[3,0],"P10_VALUE":[10,11],"P25_VALUE":[22,22],"MEDIAN_VALUE":[40,43],"P75_VALUE":[61,59],"P90_VALUE":[76,72],"MAX_VALUE":[97,97]}}
