{"PREVALENCE_BY_GENDER_AGE_YEAR":{"TRELLIS_NAME":["50-59","40-49","70-79","90-99","30-39","20-29","10-19","40-49","50-59"],"SERIES_NAME":["FEMALE","FEMALE","MALE","FEMALE","MALE","FEMALE","FEMALE","MALE","MALE"],"X_CALENDAR_YEAR":[2019,2019,2019,2019,2019,2019,2019,2019,2019],"Y_PREVALENCE_1000PP":[1.01405,1.57031,1.32903,3.9019,1.01678,2.16486,2.18627,1.46263,1.17354]},"PREVALENCE_BY_MONTH":{"X_CALENDAR_MONTH":[201901,201902,201903,201904,201905,201906,201907,201909,201910,201911,201912],"Y_PREVALENCE_1000PP":[0.17,0.07,0.13,0.15,0.08,0.1,0.08,0.09,0.1,0.07,0.07]},"PROCEDURE_FREQUENCY_DISTRIBUTION":{"Y_NUM_PERSONS":[0,0,0],"X_COUNT":[1,2,3]},"PROCEDURES_BY_TYPE":{"CONCEPT_NAME":"Claim","COUNT_VALUE":205},"AGE_AT_FIRST_OCCURRENCE":{"CATEGORY":["FEMALE","MALE"],"MIN_VALUE":[3,1],"P10_VALUE":[12,10],"P25_VALUE":[24,33],"MEDIAN_VALUE":[40,48],"P75_VALUE":[59,65],"P90_VALUE":[92,74],"MAX_VALUE":[99,95]}}
