{"PREVALENCE_BY_GENDER_AGE_YEAR":{"TRELLIS_NAME":["30-39","50-59","50-59","80-89","0-9","70-79","20-29","60-69","40-49","70-79","20-29","10-19","30-39","60-69","90-99","40-49","10-19","0-9","80-89"],"SERIES_NAME":["FEMALE","FEMALE","MALE","MALE","FEMALE","MALE","MALE","MALE","FEMALE","FEMALE","FEMALE","MALE","MALE","FEMALE","MALE","MALE","FEMALE","MALE","FEMALE"],"X_CALENDAR_YEAR":[2019,2019,2019,2019,2019,2019,2019,2019,2019,2019,2019,2019,2019,2019,2019,2019,2019,2019,2019],"Y_PREVALENCE_1000PP":[3.74471,3.04216,4.25407,3.31309,4.62768,2.65806,3.20189,3.65385,3.28337,2.40919,3.33056,2.74977,3.05033,3.42466,5.69801,4.09536,3.27941,4.68123,5.18732]},"PREVALENCE_BY_MONTH":{"X_CALENDAR_MONTH":[201901,201902,201903,201904,201905,201906,201907,201908,201909,201910,201911,201912],"Y_PREVALENCE_1000PP":[0.48,0.2,0.2,0.52,0.26,0.17,0.33,0.24,0.23,0.47,0.22,0.18]},"PROCEDURE_FREQUENCY_DISTRIBUTION":{"Y_NUM_PERSONS":[0,0,0,0],"X_COUNT":[1,2,3,4]},"PROCEDURES_BY_TYPE":{"CONCEPT_NAME":"Claim","COUNT_VALUE":602},"AGE_AT_FIRST_OCCURRENCE":{"CATEGORY":["FEMALE","MALE"],"MIN_VALUE":[0,0],"P10_VALUE":[8,7],"P25_VALUE":[22,24],"MEDIAN_VALUE":[40,46],"P75_VALUE":[61,64],"P90_VALUE":[78,78],"MAX_VALUE":[95,99]}}
