{"PREVALENCE_BY_GENDER_AGE_YEAR":{"TRELLIS_NAME":["80-89","90-99","40-49","90-99","50-59","20-29","10-19","0-9","60-69","50-59","70-79","40-49","30-39","20-29","10-19","80-89","0-9","60-69","70-79","30-39"],"SERIES_NAME":["FEMALE","FEMALE","FEMALE","MALE","MALE","FEMALE","MALE","FEMALE","MALE","FEMALE","MALE","MALE","FEMALE","MALE","FEMALE","MALE","MALE","FEMALE","FEMALE","MALE"],"X_CALENDAR_YEAR":[2019,2019,2019,2019,2019,2019,2019,2019,2019,2019,2019,2019,2019,2019,2019,2019,2019,2019,2019,2019],"Y_PREVALENCE_1000PP":[38.04035,35.11706,34.404,38.74644,36.96641,37.30225,37.5802,33.02482,31.34615,36.07127,36.64325,38.75969,35.65614,36.90597,38.25973,25.95251,37.00401,35.57839,43.92142,36.94289]},"PREVALENCE_BY_MONTH":{"X_CALENDAR_MONTH":[201901,201902,201903,201904,201905,201906,201907,201908,201909,201910,201911,201912],"Y_PREVALENCE_1000PP":[4.43,2.15,2.5,4.07,2.7,2.22,4.48,2.51,2.48,4.3,2.69,2.62]},"PROCEDURE_FREQUENCY_DISTRIBUTION":{"Y_NUM_PERSONS":[4,2,1,0,0],"X_COUNT":[1,2,3,4,5]},"PROCEDURES_BY_TYPE":{"CONCEPT_NAME":"Claim","COUNT_VALUE":6568},"AGE_AT_FIRST_OCCURRENCE":{"CATEGORY":["No matching concept","FEMALE","MALE"],"MIN_VALUE":[0,0,0],"P10_VALUE":[9,11,10],"P25_VALUE":[25,25,24],"MEDIAN_VALUE":[42,44,44],"P75_VALUE":[58,66,62],"P90_VALUE":[73,77,76],"MAX_VALUE":[98,99,99]}}
