{"PREVALENCE_BY_GENDER_AGE_YEAR":{"TRELLIS_NAME":["70-79","10-19","60-69","20-29","30-39","20-29","90-99","10-19","70-79","80-89","0-9","0-9","40-49","60-69","40-49","50-59","50-59","30-39"],"SERIES_NAME":["FEMALE","MALE","MALE","MALE","FEMALE","FEMALE","FEMALE","FEMALE","MALE","FEMALE","MALE","FEMALE","FEMALE","FEMALE","MALE","MALE","FEMALE","MALE"],"X_CALENDAR_YEAR":[2019,2019,2019,2019,2019,2019,2019,2019,2019,2019,2019,2019,2019,2019,2019,2019,2019,2019],"Y_PREVALENCE_1000PP":[2.03855,2.06233,2.30769,2.52781,2.60501,1.66528,3.34448,3.06078,2.4682,3.45821,1.33749,3.57594,3.56888,2.28311,3.21779,2.49377,3.18702,3.38926]},"PREVALENCE_BY_MONTH":{"X_CALENDAR_MONTH":[201901,201902,201903,201904,201905,201906,201907,201908,201909,201910,201911,201912],"Y_PREVALENCE_1000PP":[0.25,0.2,0.24,0.23,0.16,0.24,0.21,0.24,0.15,0.27,0.2,0.27]},"PROCEDURE_FREQUENCY_DISTRIBUTION":{"Y_NUM_PERSONS":[0,0,0],"X_COUNT":[1,2,3]},"PROCEDURES_BY_TYPE":{"CONCEPT_NAME":"Claim","COUNT_VALUE":332},"AGE_AT_FIRST_OCCURRENCE":{"CATEGORY":["MALE","FEMALE"],"MIN_VALUE":[3,0],"P10_VALUE":[13,6],"P25_VALUE":[30,21],"MEDIAN_VALUE":[44,45],"P75_VALUE":[61,60],"P90_VALUE":[76,78],"MAX_VALUE":[99,95]}}
