{"PREVALENCE_BY_GENDER_AGE_YEAR":{"TRELLIS_NAME":["50-59","10-19","0-9","30-39","20-29","10-19","40-49","40-49","70-79","80-89","30-39","50-59","90-99","20-29","70-79","0-9"],"SERIES_NAME":["FEMALE","FEMALE","FEMALE","MALE","FEMALE","MALE","MALE","FEMALE","FEMALE","FEMALE","FEMALE","MALE","FEMALE","MALE","MALE","MALE"],"X_CALENDAR_YEAR":[2019,2019,2019,2019,2019,2019,2019,2019,2019,2019,2019,2019,2019,2019,2019,2019],"Y_PREVALENCE_1000PP":[1.44865,1.31176,1.2621,1.3557,1.66528,1.60403,1.90142,1.57031,1.29726,3.45821,1.30251,1.46692,3.34448,1.34816,1.51889,2.45207]},"PREVALENCE_BY_MONTH":{"X_CALENDAR_MONTH":[201901,201902,201903,201904,201905,201906,201907,201908,201909,201910,201911,201912],"Y_PREVALENCE_1000PP":[0.11,0.12,0.14,0.14,0.22,0.08,0.1,0.1,0.14,0.1,0.13,0.11]},"PROCEDURE_FREQUENCY_DISTRIBUTION":{"Y_NUM_PERSONS":[0,0],"X_COUNT":[1,2]},"PROCEDURES_BY_TYPE":{"CONCEPT_NAME":"Claim","COUNT_VALUE":166},"AGE_AT_FIRST_OCCURRENCE":{"CATEGORY":["MALE","FEMALE"],"MIN_VALUE":[1,2],"P10_VALUE":[9,15],"P25_VALUE":[21,27],"MEDIAN_VALUE":[43,44],"P75_VALUE":[59,71],"P90_VALUE":[79,86],"MAX_VALUE":[95,99]}}
