{"PREVALENCE_BY_GENDER_AGE_YEAR":{"TRELLIS_NAME":["0-9","90-99","10-19","40-49","40-49","0-9","50-59","20-29","50-59","10-19","30-39","30-39","20-29","70-79","60-69","90-99","80-89","60-69","70-79","80-89"],"SERIES_NAME":["FEMALE","FEMALE","MALE","FEMALE","MALE","MALE","FEMALE","MALE","MALE","FEMALE","MALE","FEMALE","FEMALE","MALE","FEMALE","MALE","FEMALE","MALE","FEMALE","MALE"],"X_CALENDAR_YEAR":[2019,2019,2019,2019,2019,2019,2019,2019,2019,2019,2019,2019,2019,2019,2019,2019,2019,2019,2019,2019],"Y_PREVALENCE_1000PP":[8.41397,11.14827,8.47846,10.70664,10.96972,8.69371,9.56106,8.59454,8.80153,8.96371,9.15099,9.28036,8.82598,9.30321,7.22983,13.10541,10.95101,8.65385,8.33951,5.52181]},"PREVALENCE_BY_MONTH":{"X_CALENDAR_MONTH":[201901,201902,201903,201904,201905,201906,201907,201908,201909,201910,201911,201912],"Y_PREVALENCE_1000PP":[0.81,0.7,0.66,1.08,0.65,0.56,0.94,0.74,0.68,1,0.62,0.78]},"PROCEDURE_FREQUENCY_DISTRIBUTION":{"Y_NUM_PERSONS":[1,0,0,0],"X_COUNT":[1,2,3,4]},"PROCEDURES_BY_TYPE":{"CONCEPT_NAME":"Claim","COUNT_VALUE":1396},"AGE_AT_FIRST_OCCURRENCE":{"CATEGORY":["FEMALE","No matching concept","MALE"],"MIN_VALUE":[0,2,0],"P10_VALUE":[11,12,11],"P25_VALUE":[26,24,26],"MEDIAN_VALUE":[44,45,45],"P75_VALUE":[63,74,62],"P90_VALUE":[78,77,76],"MAX_VALUE":[98,98,99]}}
