{"PREVALENCE_BY_GENDER_AGE_YEAR":{"TRELLIS_NAME":["60-69","30-39","50-59","60-69","10-19","40-49"],"SERIES_NAME":["MALE","MALE","FEMALE","FEMALE","MALE","MALE"],"X_CALENDAR_YEAR":[2019,2019,2019,2019,2019,2019],"Y_PREVALENCE_1000PP":[1.15385,1.18624,1.15892,1.33181,1.37489,0.87758]},"PREVALENCE_BY_MONTH":{"X_CALENDAR_MONTH":[201901,201902,201903,201904,201907,201908,201909,201910,201911],"Y_PREVALENCE_1000PP":[0.11,0.07,0.13,0.07,0.09,0.07,0.08,0.09,0.06]},"PROCEDURE_FREQUENCY_DISTRIBUTION":{"Y_NUM_PERSONS":[0,0,0],"X_COUNT":[1,2,3]},"PROCEDURES_BY_TYPE":{"CONCEPT_NAME":"Claim","COUNT_VALUE":129},"AGE_AT_FIRST_OCCURRENCE":{"CATEGORY":["MALE","FEMALE"],"MIN_VALUE":[0,0],"P10_VALUE":[10,8],"P25_VALUE":[20,27],"MEDIAN_VALUE":[40,52],"P75_VALUE":[62,65],"P90_VALUE":[76,78],"MAX_VALUE":[95,97]}}
