{"PREVALENCE_BY_GENDER_AGE_YEAR":{"TRELLIS_NAME":["60-69","10-19","50-59","0-9","40-49","60-69","70-79","20-29","0-9","80-89","40-49","10-19","20-29","70-79","80-89","30-39","30-39","90-99","50-59"],"SERIES_NAME":["MALE","FEMALE","FEMALE","MALE","FEMALE","FEMALE","MALE","FEMALE","FEMALE","MALE","MALE","MALE","MALE","FEMALE","FEMALE","FEMALE","MALE","FEMALE","MALE"],"X_CALENDAR_YEAR":[2019,2019,2019,2019,2019,2019,2019,2019,2019,2019,2019,2019,2019,2019,2019,2019,2019,2019,2019],"Y_PREVALENCE_1000PP":[3.07692,3.93529,3.04216,3.34374,4.56817,4.37595,3.79723,3.49709,4.83803,3.86527,3.36405,4.58295,4.04449,4.07709,4.61095,3.90752,3.55872,3.9019,4.69415]},"PREVALENCE_BY_MONTH":{"X_CALENDAR_MONTH":[201901,201902,201903,201904,201905,201906,201907,201908,201909,201910,201911,201912],"Y_PREVALENCE_1000PP":[0.39,0.2,0.32,0.48,0.36,0.31,0.42,0.21,0.21,0.39,0.27,0.3]},"PROCEDURE_FREQUENCY_DISTRIBUTION":{"Y_NUM_PERSONS":[0,0,0,0],"X_COUNT":[1,2,3,4]},"PROCEDURES_BY_TYPE":{"CONCEPT_NAME":"Claim","COUNT_VALUE":655},"AGE_AT_FIRST_OCCURRENCE":{"CATEGORY":["MALE","FEMALE"],"MIN_VALUE":[2,0],"P10_VALUE":[12,7],"P25_VALUE":[25,23],"MEDIAN_VALUE":[45,43],"P75_VALUE":[61,65],"P90_VALUE":[76,78],"MAX_VALUE":[99,99]}}
