{"PREVALENCE_BY_GENDER_AGE_YEAR":{"TRELLIS_NAME":["20-29","60-69","0-9","10-19","40-49","50-59","40-49","30-39","0-9","70-79","30-39"],"SERIES_NAME":["MALE","MALE","FEMALE","MALE","FEMALE","MALE","MALE","MALE","MALE","MALE","FEMALE"],"X_CALENDAR_YEAR":[2019,2019,2019,2019,2019,2019,2019,2019,2019,2019,2019],"Y_PREVALENCE_1000PP":[1.6852,1.92308,1.47244,2.74977,2.14133,1.46692,1.46263,1.69463,1.33749,1.89861,1.62813]},"PREVALENCE_BY_MONTH":{"X_CALENDAR_MONTH":[201901,201902,201903,201904,201905,201906,201907,201908,201909,201910,201911,201912],"Y_PREVALENCE_1000PP":[0.14,0.1,0.09,0.12,0.07,0.1,0.21,0.1,0.09,0.24,0.11,0.11]},"PROCEDURE_FREQUENCY_DISTRIBUTION":{"Y_NUM_PERSONS":[0,0,0,0],"X_COUNT":[1,2,3,4]},"PROCEDURES_BY_TYPE":{"CONCEPT_NAME":"Claim","COUNT_VALUE":262},"AGE_AT_FIRST_OCCURRENCE":{"CATEGORY":["MALE","FEMALE"],"MIN_VALUE":[0,0],"P10_VALUE":[12,4],"P25_VALUE":[23,25],"MEDIAN_VALUE":[42,41],"P75_VALUE":[66,55],"P90_VALUE":[76,87],"MAX_VALUE":[95,97]}}
