{"PREVALENCE_BY_GENDER_AGE_YEAR":{"TRELLIS_NAME":["10-19","60-69","10-19","40-49","60-69","80-89","80-89","20-29","70-79","50-59","90-99","0-9","90-99","20-29","0-9","30-39","30-39","50-59","40-49","70-79"],"SERIES_NAME":["FEMALE","FEMALE","MALE","MALE","MALE","MALE","FEMALE","FEMALE","MALE","MALE","FEMALE","MALE","MALE","MALE","FEMALE","FEMALE","MALE","FEMALE","FEMALE","FEMALE"],"X_CALENDAR_YEAR":[2019,2019,2019,2019,2019,2019,2019,2019,2019,2019,2019,2019,2019,2019,2019,2019,2019,2019,2019,2019],"Y_PREVALENCE_1000PP":[4.37254,3.04414,4.8121,3.36405,3.46154,4.96963,3.45821,5.32889,4.36681,2.93384,6.13155,2.67499,6.26781,3.03337,3.36559,4.55878,2.03355,3.91134,4.56817,4.44774]},"PREVALENCE_BY_MONTH":{"X_CALENDAR_MONTH":[201901,201902,201903,201904,201905,201906,201907,201908,201909,201910,201911,201912],"Y_PREVALENCE_1000PP":[0.38,0.23,0.3,0.29,0.28,0.38,0.35,0.32,0.28,0.41,0.33,0.38]},"PROCEDURE_FREQUENCY_DISTRIBUTION":{"Y_NUM_PERSONS":[0,0,0],"X_COUNT":[1,2,3]},"PROCEDURES_BY_TYPE":{"CONCEPT_NAME":"Claim","COUNT_VALUE":423},"AGE_AT_FIRST_OCCURRENCE":{"CATEGORY":["FEMALE","No matching concept","MALE"],"MIN_VALUE":[0,8,1],"P10_VALUE":[11,9,12],"P25_VALUE":[24,12,24],"MEDIAN_VALUE":[42,27,48],"P75_VALUE":[63,55,70],"P90_VALUE":[79,78,84],"MAX_VALUE":[98,81,98]}}
