{"PREVALENCE_BY_GENDER_AGE_YEAR":{"TRELLIS_NAME":["50-59","70-79","60-69","40-49","0-9"],"SERIES_NAME":["FEMALE","FEMALE","MALE","MALE","FEMALE"],"X_CALENDAR_YEAR":[2019,2019,2019,2019,2019],"Y_PREVALENCE_1000PP":[1.30378,1.11193,1.53846,1.31637,1.2621]},"PREVALENCE_BY_MONTH":{"X_CALENDAR_MONTH":[201901,201902,201903,201904,201905,201907,201910,201911,201912],"Y_PREVALENCE_1000PP":[0.06,0.06,0.06,0.09,0.06,0.13,0.11,0.06,0.07]},"PROCEDURE_FREQUENCY_DISTRIBUTION":{"Y_NUM_PERSONS":[0,0,0],"X_COUNT":[1,2,3]},"PROCEDURES_BY_TYPE":{"CONCEPT_NAME":"Claim","COUNT_VALUE":126},"AGE_AT_FIRST_OCCURRENCE":{"CATEGORY":["MALE","FEMALE"],"MIN_VALUE":[0,1],"P10_VALUE":[12,5],"P25_VALUE":[35,28],"MEDIAN_VALUE":[47,50],"P75_VALUE":[66,65],"P90_VALUE":[75,74],"MAX_VALUE":[90,83]}}
