{"PREVALENCE_BY_GENDER_AGE_YEAR":{"TRELLIS_NAME":["0-9","30-39","30-39","60-69","40-49","20-29","50-59","70-79","40-49","20-29"],"SERIES_NAME":["FEMALE","MALE","FEMALE","FEMALE","FEMALE","FEMALE","FEMALE","FEMALE","MALE","MALE"],"X_CALENDAR_YEAR":[2019,2019,2019,2019,2019,2019,2019,2019,2019,2019],"Y_PREVALENCE_1000PP":[1.47244,1.3557,0.97688,1.14155,1.99857,1.1657,1.15892,1.11193,1.46263,1.51668]},"PREVALENCE_BY_MONTH":{"X_CALENDAR_MONTH":[201901,201902,201903,201904,201905,201906,201907,201909,201910,201912],"Y_PREVALENCE_1000PP":[0.15,0.07,0.07,0.08,0.07,0.07,0.13,0.09,0.12,0.08]},"PROCEDURE_FREQUENCY_DISTRIBUTION":{"Y_NUM_PERSONS":[0,0,0],"X_COUNT":[1,2,3]},"PROCEDURES_BY_TYPE":{"CONCEPT_NAME":"Claim","COUNT_VALUE":158},"AGE_AT_FIRST_OCCURRENCE":{"CATEGORY":["FEMALE","MALE"],"MIN_VALUE":[2,1],"P10_VALUE":[8,17],"P25_VALUE":[30,24],"MEDIAN_VALUE":[46,39],"P75_VALUE":[62,47],"P90_VALUE":[77,71],"MAX_VALUE":[92,97]}}
