{"PREVALENCE_BY_GENDER_AGE_YEAR":{"TRELLIS_NAME":["60-69","40-49","0-9","10-19","0-9","20-29","70-79","30-39","30-39","70-79","10-19","50-59","60-69","50-59","20-29","40-49","90-99"],"SERIES_NAME":["FEMALE","MALE","MALE","FEMALE","FEMALE","MALE","FEMALE","FEMALE","MALE","MALE","MALE","FEMALE","MALE","MALE","FEMALE","FEMALE","MALE"],"X_CALENDAR_YEAR":[2019,2019,2019,2019,2019,2019,2019,2019,2019,2019,2019,2019,2019,2019,2019,2019,2019],"Y_PREVALENCE_1000PP":[1.14155,1.31637,1.78333,2.18627,1.68279,2.35929,1.11193,2.93064,1.01678,2.4682,1.83318,2.31783,1.92308,1.61361,1.83181,2.28408,3.4188]},"PREVALENCE_BY_MONTH":{"X_CALENDAR_MONTH":[201901,201903,201904,201905,201906,201907,201908,201909,201910,201911,201912],"Y_PREVALENCE_1000PP":[0.21,0.15,0.22,0.12,0.13,0.23,0.13,0.12,0.27,0.11,0.13]},"PROCEDURE_FREQUENCY_DISTRIBUTION":{"Y_NUM_PERSONS":[0,0,0],"X_COUNT":[1,2,3]},"PROCEDURES_BY_TYPE":{"CONCEPT_NAME":"Claim","COUNT_VALUE":310},"AGE_AT_FIRST_OCCURRENCE":{"CATEGORY":["FEMALE","MALE"],"MIN_VALUE":[1,1],"P10_VALUE":[11,10],"P25_VALUE":[21,24],"MEDIAN_VALUE":[41,44],"P75_VALUE":[57,69],"P90_VALUE":[76,79],"MAX_VALUE":[98,99]}}
