{"PREVALENCE_BY_GENDER_AGE_YEAR":{"TRELLIS_NAME":["40-49","30-39","70-79","10-19","30-39","70-79","50-59","20-29","80-89","20-29","60-69","40-49","0-9","10-19","90-99","80-89","90-99","60-69","50-59","0-9"],"SERIES_NAME":["FEMALE","FEMALE","MALE","MALE","MALE","FEMALE","FEMALE","MALE","FEMALE","FEMALE","MALE","MALE","MALE","FEMALE","MALE","MALE","FEMALE","FEMALE","MALE","FEMALE"],"X_CALENDAR_YEAR":[2019,2019,2019,2019,2019,2019,2019,2019,2019,2019,2019,2019,2019,2019,2019,2019,2019,2019,2019,2019],"Y_PREVALENCE_1000PP":[7.70878,8.62911,7.97418,7.33272,7.2869,7.4129,6.9535,7.92046,6.91643,6.49459,8.26923,8.04446,8.4708,9.61959,9.11681,9.38708,6.13155,8.7519,8.06807,5.88978]},"PREVALENCE_BY_MONTH":{"X_CALENDAR_MONTH":[201901,201902,201903,201904,201905,201906,201907,201908,201909,201910,201911,201912],"Y_PREVALENCE_1000PP":[0.77,0.36,0.56,0.82,0.66,0.67,0.99,0.39,0.66,0.93,0.5,0.45]},"PROCEDURE_FREQUENCY_DISTRIBUTION":{"Y_NUM_PERSONS":[1,0,0,0],"X_COUNT":[1,2,3,4]},"PROCEDURES_BY_TYPE":{"CONCEPT_NAME":"Claim","COUNT_VALUE":1371},"AGE_AT_FIRST_OCCURRENCE":{"CATEGORY":["MALE","No matching concept","FEMALE"],"MIN_VALUE":[0,0,0],"P10_VALUE":[11,7,12],"P25_VALUE":[25,20,24],"MEDIAN_VALUE":[45,31,45],"P75_VALUE":[64,53,62],"P90_VALUE":[77,54,77],"MAX_VALUE":[99,94,98]}}
