{"PREVALENCE_BY_GENDER_AGE_YEAR":{"TRELLIS_NAME":["50-59","20-29","50-59","40-49","10-19","70-79","0-9","40-49","60-69","20-29","30-39","70-79"],"SERIES_NAME":["FEMALE","MALE","MALE","FEMALE","FEMALE","FEMALE","MALE","MALE","MALE","FEMALE","MALE","MALE"],"X_CALENDAR_YEAR":[2019,2019,2019,2019,2019,2019,2019,2019,2019,2019,2019,2019],"Y_PREVALENCE_1000PP":[2.17297,2.02224,1.02684,1.2848,1.74902,1.29726,1.78333,1.60889,2.30769,2.49792,1.52517,2.4682]},"PREVALENCE_BY_MONTH":{"X_CALENDAR_MONTH":[201901,201902,201903,201904,201905,201906,201907,201908,201909,201910,201911,201912],"Y_PREVALENCE_1000PP":[0.14,0.13,0.19,0.16,0.11,0.07,0.18,0.06,0.1,0.18,0.12,0.15]},"PROCEDURE_FREQUENCY_DISTRIBUTION":{"Y_NUM_PERSONS":[0,0,0,0],"X_COUNT":[1,2,3,4]},"PROCEDURES_BY_TYPE":{"CONCEPT_NAME":"Claim","COUNT_VALUE":239},"AGE_AT_FIRST_OCCURRENCE":{"CATEGORY":["MALE","FEMALE"],"MIN_VALUE":[5,0],"P10_VALUE":[11,11],"P25_VALUE":[26,22],"MEDIAN_VALUE":[48,41],"P75_VALUE":[68,58],"P90_VALUE":[78,71],"MAX_VALUE":[99,97]}}
