{"PREVALENCE_BY_GENDER_AGE_YEAR":{"TRELLIS_NAME":["30-39","50-59","80-89","80-89","20-29","70-79","30-39","20-29","40-49","60-69","40-49","0-9","50-59","10-19","90-99","70-79","10-19","0-9","60-69","90-99"],"SERIES_NAME":["FEMALE","MALE","MALE","FEMALE","MALE","FEMALE","MALE","FEMALE","MALE","MALE","FEMALE","FEMALE","FEMALE","FEMALE","FEMALE","MALE","MALE","MALE","FEMALE","MALE"],"X_CALENDAR_YEAR":[2019,2019,2019,2019,2019,2019,2019,2019,2019,2019,2019,2019,2019,2019,2019,2019,2019,2019,2019,2019],"Y_PREVALENCE_1000PP":[47.3787,48.40839,53.00939,46.10951,46.84867,47.44255,47.78851,51.62365,50.02194,46.53846,50.39258,45.43542,46.21179,47.44206,47.38016,48.60452,51.32906,45.02898,49.65753,49.00285]},"PREVALENCE_BY_MONTH":{"X_CALENDAR_MONTH":[201901,201902,201903,201904,201905,201906,201907,201908,201909,201910,201911,201912],"Y_PREVALENCE_1000PP":[6.24,2.95,3.41,5.46,3.53,3.34,5.12,3.35,3.46,5.61,3.45,3.41]},"PROCEDURE_FREQUENCY_DISTRIBUTION":{"Y_NUM_PERSONS":[5,2,1,0,0,0],"X_COUNT":[1,2,3,4,5,6]},"PROCEDURES_BY_TYPE":{"CONCEPT_NAME":"Claim","COUNT_VALUE":8452},"AGE_AT_FIRST_OCCURRENCE":{"CATEGORY":["FEMALE","MALE","No matching concept"],"MIN_VALUE":[0,0,0],"P10_VALUE":[10,11,11],"P25_VALUE":[25,25,26],"MEDIAN_VALUE":[44,45,43],"P75_VALUE":[62,63,58],"P90_VALUE":[77,78,75],"MAX_VALUE":[99,99,96]}}
