{"PREVALENCE_BY_GENDER_AGE_YEAR":{"TRELLIS_NAME":["20-29","50-59","70-79","30-39","30-39","20-29","60-69","0-9","60-69","10-19","50-59"],"SERIES_NAME":["FEMALE","FEMALE","MALE","MALE","FEMALE","MALE","MALE","MALE","FEMALE","FEMALE","MALE"],"X_CALENDAR_YEAR":[2019,2019,2019,2019,2019,2019,2019,2019,2019,2019,2019],"Y_PREVALENCE_1000PP":[1.66528,1.01405,1.51889,1.18624,1.30251,1.17964,1.73077,1.78333,1.14155,1.31176,1.32023]},"PREVALENCE_BY_MONTH":{"X_CALENDAR_MONTH":[201901,201902,201903,201904,201906,201907,201909,201910,201911],"Y_PREVALENCE_1000PP":[0.07,0.09,0.09,0.12,0.1,0.11,0.15,0.13,0.09]},"PROCEDURE_FREQUENCY_DISTRIBUTION":{"Y_NUM_PERSONS":[0,0,0],"X_COUNT":[1,2,3]},"PROCEDURES_BY_TYPE":{"CONCEPT_NAME":"Claim","COUNT_VALUE":174},"AGE_AT_FIRST_OCCURRENCE":{"CATEGORY":["FEMALE","MALE"],"MIN_VALUE":[2,0],"P10_VALUE":[18,6],"P25_VALUE":[25,27],"MEDIAN_VALUE":[39,52],"P75_VALUE":[60,66],"P90_VALUE":[72,78],"MAX_VALUE":[98,97]}}
