{"PREVALENCE_BY_GENDER_AGE_YEAR":{"TRELLIS_NAME":["0-9","20-29","0-9","30-39","50-59","40-49","10-19","30-39","90-99","40-49","60-69","50-59","10-19","70-79","60-69","20-29","70-79"],"SERIES_NAME":["MALE","MALE","FEMALE","FEMALE","MALE","FEMALE","MALE","MALE","FEMALE","MALE","FEMALE","FEMALE","FEMALE","FEMALE","MALE","FEMALE","MALE"],"X_CALENDAR_YEAR":[2019,2019,2019,2019,2019,2019,2019,2019,2019,2019,2019,2019,2019,2019,2019,2019,2019],"Y_PREVALENCE_1000PP":[2.00624,2.69633,2.10349,2.60501,2.64046,2.28408,2.29148,1.69463,3.9019,2.63273,2.28311,1.73837,2.84215,3.3358,1.92308,3.16403,1.70875]},"PREVALENCE_BY_MONTH":{"X_CALENDAR_MONTH":[201901,201902,201903,201904,201905,201906,201907,201908,201909,201910,201911,201912],"Y_PREVALENCE_1000PP":[0.23,0.24,0.21,0.14,0.23,0.18,0.19,0.24,0.11,0.17,0.28,0.2]},"PROCEDURE_FREQUENCY_DISTRIBUTION":{"Y_NUM_PERSONS":[0,0],"X_COUNT":[1,2]},"PROCEDURES_BY_TYPE":{"CONCEPT_NAME":"Claim","COUNT_VALUE":261},"AGE_AT_FIRST_OCCURRENCE":{"CATEGORY":["FEMALE","MALE"],"MIN_VALUE":[0,0],"P10_VALUE":[12,12],"P25_VALUE":[24,24],"MEDIAN_VALUE":[42,43],"P75_VALUE":[65,63],"P90_VALUE":[78,78],"MAX_VALUE":[99,98]}}
