{"PREVALENCE_BY_GENDER_AGE_YEAR":{"TRELLIS_NAME":["0-9","60-69","10-19","50-59","40-49","30-39","50-59","20-29","70-79","60-69","10-19","30-39","70-79","20-29"],"SERIES_NAME":["MALE","MALE","FEMALE","FEMALE","FEMALE","MALE","MALE","MALE","FEMALE","FEMALE","MALE","FEMALE","MALE","FEMALE"],"X_CALENDAR_YEAR":[2019,2019,2019,2019,2019,2019,2019,2019,2019,2019,2019,2019,2019,2019],"Y_PREVALENCE_1000PP":[1.33749,1.73077,2.4049,1.44865,1.2848,1.3557,2.34707,1.85372,1.48258,1.71233,1.37489,2.4422,2.84792,1.83181]},"PREVALENCE_BY_MONTH":{"X_CALENDAR_MONTH":[201901,201902,201903,201904,201905,201906,201907,201908,201909,201910,201911,201912],"Y_PREVALENCE_1000PP":[0.15,0.14,0.12,0.1,0.12,0.11,0.18,0.14,0.17,0.16,0.12,0.16]},"PROCEDURE_FREQUENCY_DISTRIBUTION":{"Y_NUM_PERSONS":0,"X_COUNT":1},"PROCEDURES_BY_TYPE":{"CONCEPT_NAME":"Claim","COUNT_VALUE":167},"AGE_AT_FIRST_OCCURRENCE":{"CATEGORY":["MALE","FEMALE"],"MIN_VALUE":[1,0],"P10_VALUE":[11,10],"P25_VALUE":[26,21],"MEDIAN_VALUE":[52,40],"P75_VALUE":[69,63],"P90_VALUE":[76,79],"MAX_VALUE":[87,96]}}
