{"PREVALENCE_BY_GENDER_AGE_YEAR":{"TRELLIS_NAME":["30-39","0-9","60-69","20-29","10-19","40-49","20-29","70-79","30-39","60-69","10-19","50-59","50-59"],"SERIES_NAME":["MALE","FEMALE","MALE","MALE","MALE","MALE","FEMALE","FEMALE","FEMALE","FEMALE","FEMALE","FEMALE","MALE"],"X_CALENDAR_YEAR":[2019,2019,2019,2019,2019,2019,2019,2019,2019,2019,2019,2019,2019],"Y_PREVALENCE_1000PP":[1.52517,1.2621,1.53846,1.17964,1.83318,1.60889,1.1657,1.11193,0.97688,1.33181,1.96764,1.30378,1.32023]},"PREVALENCE_BY_MONTH":{"X_CALENDAR_MONTH":[201901,201902,201903,201904,201905,201906,201907,201908,201909,201910,201911],"Y_PREVALENCE_1000PP":[0.12,0.07,0.06,0.11,0.1,0.07,0.27,0.08,0.07,0.15,0.07]},"PROCEDURE_FREQUENCY_DISTRIBUTION":{"Y_NUM_PERSONS":[0,0,0,0],"X_COUNT":[1,2,3,4]},"PROCEDURES_BY_TYPE":{"CONCEPT_NAME":"Claim","COUNT_VALUE":203},"AGE_AT_FIRST_OCCURRENCE":{"CATEGORY":["MALE","FEMALE"],"MIN_VALUE":[1,0],"P10_VALUE":[15,9],"P25_VALUE":[23,17],"MEDIAN_VALUE":[42,40],"P75_VALUE":[57,62],"P90_VALUE":[69,73],"MAX_VALUE":[93,98]}}
