{"PREVALENCE_BY_GENDER_AGE_YEAR":{"TRELLIS_NAME":["50-59","50-59","40-49","20-29","60-69","40-49","70-79","0-9","30-39","10-19","30-39","60-69"],"SERIES_NAME":["MALE","FEMALE","MALE","FEMALE","MALE","FEMALE","MALE","FEMALE","FEMALE","FEMALE","MALE","FEMALE"],"X_CALENDAR_YEAR":[2019,2019,2019,2019,2019,2019,2019,2019,2019,2019,2019,2019],"Y_PREVALENCE_1000PP":[1.907,2.17297,2.04768,0.99917,2.30769,0.99929,1.51889,1.47244,2.27939,1.53039,1.01678,1.33181]},"PREVALENCE_BY_MONTH":{"X_CALENDAR_MONTH":[201901,201902,201903,201904,201905,201906,201907,201908,201909,201910,201911,201912],"Y_PREVALENCE_1000PP":[0.17,0.11,0.1,0.13,0.09,0.07,0.21,0.07,0.06,0.17,0.09,0.12]},"PROCEDURE_FREQUENCY_DISTRIBUTION":{"Y_NUM_PERSONS":[0,0,0],"X_COUNT":[1,2,3]},"PROCEDURES_BY_TYPE":{"CONCEPT_NAME":"Claim","COUNT_VALUE":242},"AGE_AT_FIRST_OCCURRENCE":{"CATEGORY":["MALE","FEMALE"],"MIN_VALUE":[1,0],"P10_VALUE":[18,10],"P25_VALUE":[41,26],"MEDIAN_VALUE":[53,42],"P75_VALUE":[65,57],"P90_VALUE":[77,71],"MAX_VALUE":[99,99]}}
