{"PREVALENCE_BY_GENDER_AGE_YEAR":{"TRELLIS_NAME":["60-69","80-89","40-49","20-29","80-89","40-49","10-19","50-59","70-79","0-9","30-39","90-99","50-59","20-29","10-19","90-99","30-39","70-79","0-9","60-69"],"SERIES_NAME":["FEMALE","MALE","FEMALE","MALE","FEMALE","MALE","FEMALE","FEMALE","MALE","FEMALE","MALE","MALE","MALE","FEMALE","MALE","FEMALE","FEMALE","FEMALE","MALE","MALE"],"X_CALENDAR_YEAR":[2019,2019,2019,2019,2019,2019,2019,2019,2019,2019,2019,2019,2019,2019,2019,2019,2019,2019,2019,2019],"Y_PREVALENCE_1000PP":[24.16286,22.63943,25.69593,22.75025,24.78386,25.3035,26.45387,23.17833,19.74559,24.19016,23.89426,27.35043,23.03066,20.3164,21.31072,22.85396,24.09639,22.42402,21.84574,20]},"PREVALENCE_BY_MONTH":{"X_CALENDAR_MONTH":[201901,201902,201903,201904,201905,201906,201907,201908,201909,201910,201911,201912],"Y_PREVALENCE_1000PP":[2.5,1.84,1.68,2.48,1.71,1.54,2.48,1.77,1.82,2.42,1.69,1.61]},"PROCEDURE_FREQUENCY_DISTRIBUTION":{"Y_NUM_PERSONS":[2,1,0,0,0],"X_COUNT":[1,2,3,4,5]},"PROCEDURES_BY_TYPE":{"CONCEPT_NAME":"Claim","COUNT_VALUE":3722},"AGE_AT_FIRST_OCCURRENCE":{"CATEGORY":["MALE","FEMALE","No matching concept"],"MIN_VALUE":[0,0,1],"P10_VALUE":[10,10,8],"P25_VALUE":[26,25,23],"MEDIAN_VALUE":[45,44,40],"P75_VALUE":[62,62,64],"P90_VALUE":[77,77,76],"MAX_VALUE":[99,99,94]}}
