{"PREVALENCE_BY_GENDER_AGE_YEAR":{"TRELLIS_NAME":["60-69","90-99","40-49","60-69","40-49","0-9","50-59","10-19","30-39","10-19","90-99","70-79","20-29","30-39","80-89","0-9","70-79","20-29","80-89","50-59"],"SERIES_NAME":["FEMALE","MALE","MALE","MALE","FEMALE","FEMALE","MALE","FEMALE","FEMALE","MALE","FEMALE","FEMALE","MALE","MALE","MALE","MALE","MALE","FEMALE","FEMALE","FEMALE"],"X_CALENDAR_YEAR":[2019,2019,2019,2019,2019,2019,2019,2019,2019,2019,2019,2019,2019,2019,2019,2019,2019,2019,2019,2019],"Y_PREVALENCE_1000PP":[13.12785,14.81481,12.13983,12.88462,12.70521,13.04165,11.29529,13.33625,12.37382,12.14482,13.37793,13.34322,13.98719,13.89595,10.49144,13.37494,13.67002,14.65445,10.95101,11.4443]},"PREVALENCE_BY_MONTH":{"X_CALENDAR_MONTH":[201901,201902,201903,201904,201905,201906,201907,201908,201909,201910,201911,201912],"Y_PREVALENCE_1000PP":[1.43,0.72,0.91,1.49,0.81,0.9,1.36,1.06,0.87,1.73,0.76,0.9]},"PROCEDURE_FREQUENCY_DISTRIBUTION":{"Y_NUM_PERSONS":[1,1,0,0],"X_COUNT":[1,2,3,4]},"PROCEDURES_BY_TYPE":{"CONCEPT_NAME":"Claim","COUNT_VALUE":2299},"AGE_AT_FIRST_OCCURRENCE":{"CATEGORY":["MALE","FEMALE","No matching concept"],"MIN_VALUE":[0,0,3],"P10_VALUE":[10,10,4],"P25_VALUE":[25,23,10],"MEDIAN_VALUE":[43,43,26],"P75_VALUE":[63,63,54],"P90_VALUE":[77,76,79],"MAX_VALUE":[99,99,96]}}
