{"PREVALENCE_BY_GENDER_AGE_YEAR":{"TRELLIS_NAME":["20-29","60-69","40-49","50-59","60-69","50-59","20-29","0-9"],"SERIES_NAME":["MALE","FEMALE","FEMALE","MALE","MALE","FEMALE","FEMALE","MALE"],"X_CALENDAR_YEAR":[2019,2019,2019,2019,2019,2019,2019,2019],"Y_PREVALENCE_1000PP":[1.01112,1.71233,1.71306,1.02684,1.53846,1.15892,1.33222,1.56041]},"PREVALENCE_BY_MONTH":{"X_CALENDAR_MONTH":[201901,201902,201903,201904,201905,201907,201908,201909,201910,201912],"Y_PREVALENCE_1000PP":[0.1,0.07,0.08,0.13,0.08,0.14,0.06,0.12,0.1,0.09]},"PROCEDURE_FREQUENCY_DISTRIBUTION":{"Y_NUM_PERSONS":[0,0,0],"X_COUNT":[1,2,3]},"PROCEDURES_BY_TYPE":{"CONCEPT_NAME":"Claim","COUNT_VALUE":172},"AGE_AT_FIRST_OCCURRENCE":{"CATEGORY":["MALE","FEMALE"],"MIN_VALUE":[3,0],"P10_VALUE":[5,11],"P25_VALUE":[24,25],"MEDIAN_VALUE":[47,44],"P75_VALUE":[63,67],"P90_VALUE":[69,79],"MAX_VALUE":[89,99]}}
