{"PREVALENCE_BY_GENDER_AGE_YEAR":{"TRELLIS_NAME":["50-59","40-49","60-69","10-19","90-99","60-69","0-9","10-19","20-29","30-39","70-79"],"SERIES_NAME":["FEMALE","FEMALE","MALE","FEMALE","MALE","FEMALE","FEMALE","MALE","MALE","FEMALE","MALE"],"X_CALENDAR_YEAR":[2019,2019,2019,2019,2019,2019,2019,2019,2019,2019,2019],"Y_PREVALENCE_1000PP":[1.30378,0.99929,1.15385,1.74902,3.4188,1.52207,1.68279,1.60403,1.85372,2.11657,1.32903]},"PREVALENCE_BY_MONTH":{"X_CALENDAR_MONTH":[201901,201902,201903,201904,201905,201906,201907,201909,201910,201911,201912],"Y_PREVALENCE_1000PP":[0.14,0.09,0.07,0.1,0.11,0.09,0.16,0.08,0.17,0.07,0.08]},"PROCEDURE_FREQUENCY_DISTRIBUTION":{"Y_NUM_PERSONS":[0,0,0],"X_COUNT":[1,2,3]},"PROCEDURES_BY_TYPE":{"CONCEPT_NAME":"Claim","COUNT_VALUE":204},"AGE_AT_FIRST_OCCURRENCE":{"CATEGORY":["MALE","FEMALE"],"MIN_VALUE":[3,0],"P10_VALUE":[15,5],"P25_VALUE":[24,15],"MEDIAN_VALUE":[41,36],"P75_VALUE":[70,55],"P90_VALUE":[90,65],"MAX_VALUE":[99,99]}}
