{"PREVALENCE_BY_GENDER_AGE_YEAR":{"TRELLIS_NAME":["20-29","20-29","10-19","80-89","10-19","90-99","70-79","60-69","30-39","80-89","30-39","0-9","40-49","40-49","50-59","90-99","0-9","70-79","60-69","50-59"],"SERIES_NAME":["MALE","FEMALE","MALE","MALE","FEMALE","FEMALE","MALE","FEMALE","MALE","FEMALE","FEMALE","MALE","MALE","FEMALE","MALE","MALE","FEMALE","FEMALE","MALE","FEMALE"],"X_CALENDAR_YEAR":[2019,2019,2019,2019,2019,2019,2019,2019,2019,2019,2019,2019,2019,2019,2019,2019,2019,2019,2019,2019],"Y_PREVALENCE_1000PP":[589.14729,594.17152,594.4088,601.87742,589.63708,578.0379,602.0505,577.43531,589.0527,602.30548,588.5705,592.73295,582.12666,590.86367,586.03491,596.0114,598.23307,589.1401,594.61538,585.68738]},"PREVALENCE_BY_MONTH":{"X_CALENDAR_MONTH":[201901,201902,201903,201904,201905,201906,201907,201908,201909,201910,201911,201912],"Y_PREVALENCE_1000PP":[255.21,29.63,33.43,82.07,32.97,32.57,82.33,33.77,32.52,81.61,32.25,33.39]},"PROCEDURE_FREQUENCY_DISTRIBUTION":{"Y_NUM_PERSONS":[59,18,3,0],"X_COUNT":[1,2,3,4]},"PROCEDURES_BY_TYPE":{"CONCEPT_NAME":"Dental claim","COUNT_VALUE":79844},"AGE_AT_FIRST_OCCURRENCE":{"CATEGORY":["No matching concept","MALE","FEMALE"],"MIN_VALUE":[0,0,0],"P10_VALUE":[10,10,10],"P25_VALUE":[25,25,25],"MEDIAN_VALUE":[43,45,44],"P75_VALUE":[62,63,63],"P90_VALUE":[76,77,77],"MAX_VALUE":[99,99,99]}}
