{"PREVALENCE_BY_GENDER_AGE_YEAR":{"TRELLIS_NAME":["20-29","70-79","30-39","80-89","10-19","30-39","20-29","50-59","0-9","40-49","60-69"],"SERIES_NAME":["FEMALE","FEMALE","MALE","MALE","FEMALE","FEMALE","MALE","MALE","FEMALE","FEMALE","MALE"],"X_CALENDAR_YEAR":[2019,2019,2019,2019,2019,2019,2019,2019,2019,2019,2019],"Y_PREVALENCE_1000PP":[0.99917,1.85322,1.01678,3.31309,1.31176,0.97688,1.01112,1.17354,1.68279,1.42755,1.15385]},"PREVALENCE_BY_MONTH":{"X_CALENDAR_MONTH":[201901,201902,201903,201904,201906,201907,201908,201909,201910,201911,201912],"Y_PREVALENCE_1000PP":[0.06,0.11,0.12,0.14,0.08,0.09,0.11,0.14,0.09,0.07,0.07]},"PROCEDURE_FREQUENCY_DISTRIBUTION":{"Y_NUM_PERSONS":0,"X_COUNT":1},"PROCEDURES_BY_TYPE":{"CONCEPT_NAME":"Claim","COUNT_VALUE":117},"AGE_AT_FIRST_OCCURRENCE":{"CATEGORY":["MALE","FEMALE"],"MIN_VALUE":[2,0],"P10_VALUE":[11,6],"P25_VALUE":[24,23],"MEDIAN_VALUE":[47,41],"P75_VALUE":[65,70],"P90_VALUE":[83,79],"MAX_VALUE":[99,96]}}
