{"PREVALENCE_BY_GENDER_AGE_YEAR":{"TRELLIS_NAME":["70-79","60-69","20-29","70-79","40-49","0-9","30-39","60-69","40-49","0-9","30-39","10-19","10-19","20-29","50-59","50-59"],"SERIES_NAME":["MALE","MALE","MALE","FEMALE","MALE","MALE","MALE","FEMALE","FEMALE","FEMALE","FEMALE","MALE","FEMALE","FEMALE","FEMALE","MALE"],"X_CALENDAR_YEAR":[2019,2019,2019,2019,2019,2019,2019,2019,2019,2019,2019,2019,2019,2019,2019,2019],"Y_PREVALENCE_1000PP":[2.4682,1.92308,2.02224,1.6679,1.90142,1.56041,1.52517,2.09285,1.71306,1.47244,1.30251,2.06233,1.31176,2.16486,1.30378,1.907]},"PREVALENCE_BY_MONTH":{"X_CALENDAR_MONTH":[201901,201902,201903,201904,201905,201906,201907,201908,201909,201910,201911,201912],"Y_PREVALENCE_1000PP":[0.18,0.15,0.11,0.2,0.12,0.06,0.16,0.23,0.09,0.23,0.08,0.14]},"PROCEDURE_FREQUENCY_DISTRIBUTION":{"Y_NUM_PERSONS":[0,0,0,0],"X_COUNT":[1,2,3,4]},"PROCEDURES_BY_TYPE":{"CONCEPT_NAME":"Claim","COUNT_VALUE":266},"AGE_AT_FIRST_OCCURRENCE":{"CATEGORY":["FEMALE","MALE"],"MIN_VALUE":[0,0],"P10_VALUE":[10,10],"P25_VALUE":[24,26],"MEDIAN_VALUE":[46,46],"P75_VALUE":[65,66],"P90_VALUE":[76,79],"MAX_VALUE":[90,96]}}
