{"PREVALENCE_BY_GENDER_AGE_YEAR":{"TRELLIS_NAME":["10-19","30-39","0-9","40-49","40-49","70-79","90-99","20-29","0-9","60-69","30-39","20-29","50-59","70-79","60-69","10-19","50-59"],"SERIES_NAME":["FEMALE","FEMALE","FEMALE","MALE","FEMALE","MALE","FEMALE","FEMALE","MALE","FEMALE","MALE","MALE","MALE","FEMALE","MALE","MALE","FEMALE"],"X_CALENDAR_YEAR":[2019,2019,2019,2019,2019,2019,2019,2019,2019,2019,2019,2019,2019,2019,2019,2019,2019],"Y_PREVALENCE_1000PP":[3.49803,2.60501,2.31384,2.34021,3.56888,1.51889,3.34448,1.33222,2.67499,2.47336,1.3557,2.52781,2.20038,2.22387,3.65385,1.60403,2.17297]},"PREVALENCE_BY_MONTH":{"X_CALENDAR_MONTH":[201901,201902,201903,201904,201905,201906,201907,201908,201909,201910,201911,201912],"Y_PREVALENCE_1000PP":[0.24,0.14,0.13,0.24,0.23,0.21,0.25,0.18,0.14,0.3,0.13,0.19]},"PROCEDURE_FREQUENCY_DISTRIBUTION":{"Y_NUM_PERSONS":[0,0,0,0],"X_COUNT":[1,2,3,4]},"PROCEDURES_BY_TYPE":{"CONCEPT_NAME":"Claim","COUNT_VALUE":360},"AGE_AT_FIRST_OCCURRENCE":{"CATEGORY":["FEMALE","MALE","No matching concept"],"MIN_VALUE":[0,1,7],"P10_VALUE":[10,7,7],"P25_VALUE":[24,24,34],"MEDIAN_VALUE":[43,46,60],"P75_VALUE":[62,62,76],"P90_VALUE":[75,73,77],"MAX_VALUE":[97,94,77]}}
