{"PREVALENCE_BY_GENDER_AGE_YEAR":{"TRELLIS_NAME":["20-29","10-19","20-29","80-89","50-59","90-99","30-39","70-79","40-49","50-59","60-69","30-39","60-69","10-19","70-79","40-49","0-9","80-89","90-99","0-9"],"SERIES_NAME":["FEMALE","FEMALE","MALE","FEMALE","MALE","FEMALE","MALE","MALE","FEMALE","FEMALE","FEMALE","FEMALE","MALE","MALE","FEMALE","MALE","FEMALE","MALE","MALE","MALE"],"X_CALENDAR_YEAR":[2019,2019,2019,2019,2019,2019,2019,2019,2019,2019,2019,2019,2019,2019,2019,2019,2019,2019,2019,2019],"Y_PREVALENCE_1000PP":[8.49292,11.36861,9.77418,5.76369,7.3346,10.59086,8.47314,8.54376,8.85082,8.83674,9.32268,7.16379,9.80769,8.70761,9.45145,10.96972,9.04501,11.04362,7.97721,8.24788]},"PREVALENCE_BY_MONTH":{"X_CALENDAR_MONTH":[201901,201902,201903,201904,201905,201906,201907,201908,201909,201910,201911,201912],"Y_PREVALENCE_1000PP":[0.95,0.55,0.66,0.86,0.61,0.59,1.01,0.76,0.78,0.89,0.67,0.75]},"PROCEDURE_FREQUENCY_DISTRIBUTION":{"Y_NUM_PERSONS":[1,0,0,0],"X_COUNT":[1,2,3,4]},"PROCEDURES_BY_TYPE":{"CONCEPT_NAME":"Claim","COUNT_VALUE":1397},"AGE_AT_FIRST_OCCURRENCE":{"CATEGORY":["No matching concept","MALE","FEMALE"],"MIN_VALUE":[0,0,0],"P10_VALUE":[2,11,10],"P25_VALUE":[22,25,22],"MEDIAN_VALUE":[48,44,45],"P75_VALUE":[71,65,62],"P90_VALUE":[86,77,76],"MAX_VALUE":[95,99,98]}}
