{"PREVALENCE_BY_GENDER_AGE_YEAR":{"TRELLIS_NAME":["30-39","80-89","40-49","20-29","60-69","50-59","70-79","50-59","30-39","60-69","0-9","40-49"],"SERIES_NAME":["FEMALE","FEMALE","MALE","FEMALE","MALE","FEMALE","MALE","MALE","MALE","FEMALE","FEMALE","FEMALE"],"X_CALENDAR_YEAR":[2019,2019,2019,2019,2019,2019,2019,2019,2019,2019,2019,2019],"Y_PREVALENCE_1000PP":[1.13969,4.03458,1.60889,1.66528,1.15385,1.88324,1.70875,1.17354,1.3557,1.52207,1.2621,1.71306]},"PREVALENCE_BY_MONTH":{"X_CALENDAR_MONTH":[201901,201902,201903,201904,201905,201906,201907,201908,201909,201910,201911,201912],"Y_PREVALENCE_1000PP":[0.1,0.11,0.12,0.09,0.12,0.06,0.11,0.15,0.15,0.08,0.11,0.08]},"PROCEDURE_FREQUENCY_DISTRIBUTION":{"Y_NUM_PERSONS":0,"X_COUNT":1},"PROCEDURES_BY_TYPE":{"CONCEPT_NAME":"Claim","COUNT_VALUE":128},"AGE_AT_FIRST_OCCURRENCE":{"CATEGORY":["MALE","FEMALE"],"MIN_VALUE":[4,0],"P10_VALUE":[27,14],"P25_VALUE":[33,28],"MEDIAN_VALUE":[48,49],"P75_VALUE":[68,64],"P90_VALUE":[72,85],"MAX_VALUE":[87,98]}}
