{"PREVALENCE_BY_GENDER_AGE_YEAR":{"TRELLIS_NAME":["40-49","30-39","70-79","0-9","90-99","0-9","40-49","10-19","20-29","60-69","70-79","80-89","50-59","60-69","20-29","50-59","10-19","30-39","80-89"],"SERIES_NAME":["MALE","FEMALE","MALE","FEMALE","MALE","MALE","FEMALE","MALE","FEMALE","MALE","FEMALE","FEMALE","FEMALE","FEMALE","MALE","MALE","FEMALE","MALE","MALE"],"X_CALENDAR_YEAR":[2019,2019,2019,2019,2019,2019,2019,2019,2019,2019,2019,2019,2019,2019,2019,2019,2019,2019,2019],"Y_PREVALENCE_1000PP":[5.70426,5.69847,6.45529,6.10013,7.40741,6.68747,5.99572,6.18698,6.66112,5.19231,8.52483,6.34006,6.37404,6.27854,4.88709,5.42761,5.6843,5.08388,4.96963]},"PREVALENCE_BY_MONTH":{"X_CALENDAR_MONTH":[201901,201902,201903,201904,201905,201906,201907,201908,201909,201910,201911,201912],"Y_PREVALENCE_1000PP":[0.65,0.51,0.45,0.73,0.47,0.42,0.55,0.51,0.38,0.65,0.31,0.4]},"PROCEDURE_FREQUENCY_DISTRIBUTION":{"Y_NUM_PERSONS":[1,0,0,0],"X_COUNT":[1,2,3,4]},"PROCEDURES_BY_TYPE":{"CONCEPT_NAME":"Claim","COUNT_VALUE":856},"AGE_AT_FIRST_OCCURRENCE":{"CATEGORY":["FEMALE","No matching concept","MALE"],"MIN_VALUE":[1,13,0],"P10_VALUE":[11,18,9],"P25_VALUE":[25,28,23],"MEDIAN_VALUE":[46,38,44],"P75_VALUE":[64,65,64],"P90_VALUE":[76,93,78],"MAX_VALUE":[99,97,99]}}
