{"PREVALENCE_BY_GENDER_AGE_YEAR":{"TRELLIS_NAME":["10-19","30-39","40-49","40-49","0-9","50-59","70-79","0-9","70-79","20-29","90-99","10-19","60-69","30-39","20-29","50-59","80-89","90-99","80-89","60-69"],"SERIES_NAME":["MALE","MALE","MALE","FEMALE","MALE","MALE","FEMALE","FEMALE","MALE","MALE","MALE","FEMALE","FEMALE","FEMALE","FEMALE","FEMALE","FEMALE","FEMALE","MALE","MALE"],"X_CALENDAR_YEAR":[2019,2019,2019,2019,2019,2019,2019,2019,2019,2019,2019,2019,2019,2019,2019,2019,2019,2019,2019,2019],"Y_PREVALENCE_1000PP":[14.20715,10.16777,15.65014,11.99143,13.15203,11.58868,14.45515,12.62095,11.39168,15.6724,11.96581,11.36861,12.17656,13.83914,11.99001,11.73403,9.2219,10.59086,10.49144,14.23077]},"PREVALENCE_BY_MONTH":{"X_CALENDAR_MONTH":[201901,201902,201903,201904,201905,201906,201907,201908,201909,201910,201911,201912],"Y_PREVALENCE_1000PP":[1.21,0.86,1.01,1.21,0.95,0.95,1.37,0.94,0.88,1.56,0.88,0.91]},"PROCEDURE_FREQUENCY_DISTRIBUTION":{"Y_NUM_PERSONS":[1,0,0,0],"X_COUNT":[1,2,3,4]},"PROCEDURES_BY_TYPE":{"CONCEPT_NAME":"Claim","COUNT_VALUE":1884},"AGE_AT_FIRST_OCCURRENCE":{"CATEGORY":["No matching concept","FEMALE","MALE"],"MIN_VALUE":[2,0,0],"P10_VALUE":[5,10,10],"P25_VALUE":[11,25,24],"MEDIAN_VALUE":[32,44,43],"P75_VALUE":[69,63,62],"P90_VALUE":[74,76,75],"MAX_VALUE":[81,99,99]}}
