{"PREVALENCE_BY_GENDER_AGE_YEAR":{"TRELLIS_NAME":["0-9","30-39","60-69","10-19","20-29","70-79","40-49","0-9","60-69","50-59","20-29","40-49","30-39"],"SERIES_NAME":["MALE","FEMALE","MALE","MALE","MALE","MALE","MALE","FEMALE","FEMALE","FEMALE","FEMALE","FEMALE","MALE"],"X_CALENDAR_YEAR":[2019,2019,2019,2019,2019,2019,2019,2019,2019,2019,2019,2019,2019],"Y_PREVALENCE_1000PP":[1.33749,2.11657,2.5,1.60403,2.02224,1.13917,1.90142,2.52419,1.33181,1.88324,1.1657,1.57031,1.01678]},"PREVALENCE_BY_MONTH":{"X_CALENDAR_MONTH":[201901,201902,201903,201904,201905,201907,201908,201910,201911,201912],"Y_PREVALENCE_1000PP":[0.2,0.06,0.14,0.14,0.1,0.21,0.11,0.13,0.16,0.18]},"PROCEDURE_FREQUENCY_DISTRIBUTION":{"Y_NUM_PERSONS":[0,0,0],"X_COUNT":[1,2,3]},"PROCEDURES_BY_TYPE":{"CONCEPT_NAME":"Claim","COUNT_VALUE":224},"AGE_AT_FIRST_OCCURRENCE":{"CATEGORY":["FEMALE","MALE"],"MIN_VALUE":[0,3],"P10_VALUE":[4,13],"P25_VALUE":[24,25],"MEDIAN_VALUE":[41,42],"P75_VALUE":[58,62],"P90_VALUE":[78,78],"MAX_VALUE":[95,98]}}
