{"PREVALENCE_BY_GENDER_AGE_YEAR":{"TRELLIS_NAME":["70-79","50-59","0-9","70-79","50-59","40-49","80-89","30-39","60-69","0-9","20-29","80-89","30-39","60-69","10-19","20-29","90-99","10-19","90-99","40-49"],"SERIES_NAME":["MALE","MALE","FEMALE","FEMALE","FEMALE","MALE","MALE","MALE","MALE","MALE","MALE","FEMALE","FEMALE","FEMALE","FEMALE","FEMALE","FEMALE","MALE","MALE","FEMALE"],"X_CALENDAR_YEAR":[2019,2019,2019,2019,2019,2019,2019,2019,2019,2019,2019,2019,2019,2019,2019,2019,2019,2019,2019,2019],"Y_PREVALENCE_1000PP":[875.61811,877.8626,875.57895,873.49732,870.61721,870.67076,872.44616,875.21222,861.94896,867.03786,864.86032,863.3218,871.5656,876.32375,869.94536,872.66355,866.18545,874.19651,874.49857,870.33595]},"PREVALENCE_BY_MONTH":{"X_CALENDAR_MONTH":[201903,201912,201905,201911,201901,201906,201908,201902,201904,201909,201910,201907],"Y_PREVALENCE_1000PP":[65.83,67.5,66,65.6,255.92,63.08,66.93,57.92,254.63,64.8,256.91,256.6]},"VISIT_DURATION_BY_TYPE":{"CATEGORY":"Length of stay","MIN_VALUE":0,"P10_VALUE":0,"P25_VALUE":0,"MEDIAN_VALUE":0,"P75_VALUE":5,"P90_VALUE":8,"MAX_VALUE":10},"AGE_AT_FIRST_OCCURRENCE":{"CATEGORY":["FEMALE","MALE","No matching concept"],"MIN_VALUE":[0,0,0],"P10_VALUE":[10,10,10],"P25_VALUE":[25,25,26],"MEDIAN_VALUE":[44,45,45],"P75_VALUE":[63,63,63],"P90_VALUE":[77,77,77],"MAX_VALUE":[99,99,99]}}
