{"PREVALENCE_BY_GENDER_AGE_YEAR":{"TRELLIS_NAME":["0-9","10-19","20-29","30-39","40-49","50-59","60-69","70-79","80-89","90-99","0-9","10-19","20-29","30-39","40-49","50-59","60-69","70-79","80-89","90-99"],"SERIES_NAME":["MALE","MALE","MALE","MALE","MALE","MALE","MALE","MALE","MALE","MALE","FEMALE","FEMALE","FEMALE","FEMALE","FEMALE","FEMALE","FEMALE","FEMALE","FEMALE","FEMALE"],"X_CALENDAR_YEAR":[2019,2019,2019,2019,2019,2019,2019,2019,2019,2019,2019,2019,2019,2019,2019,2019,2019,2019,2019,2019],"Y_PREVALENCE_1000PP":[336.15693,334.7846,347.15201,337.40044,360.68451,337.09843,346.53846,339.66205,329.09994,343.01994,346.23475,338.87188,348.0433,350.7001,347.18059,341.15602,341.51446,347.29429,349.27954,344.48161]},"PREVALENCE_BY_MONTH":{"X_CALENDAR_MONTH":[201912,201909,201910,201901,201908,201905,201911,201903,201907,201902,201906,201904],"Y_PREVALENCE_1000PP":[16.82,16.61,65.18,67.17,16.55,16.79,16.33,17.89,66.13,15.55,16.52,64.94]},"VISIT_DURATION_BY_TYPE":{"CATEGORY":"Length of stay","MIN_VALUE":0,"P10_VALUE":0,"P25_VALUE":0,"MEDIAN_VALUE":0,"P75_VALUE":5,"P90_VALUE":8,"MAX_VALUE":10},"AGE_AT_FIRST_OCCURRENCE":{"CATEGORY":["No matching concept","MALE","FEMALE"],"MIN_VALUE":[0,0,0],"P10_VALUE":[10,10,10],"P25_VALUE":[27,25,25],"MEDIAN_VALUE":[43,45,44],"P75_VALUE":[62,63,63],"P90_VALUE":[76,77,77],"MAX_VALUE":[99,99,99]}}
