{"PREVALENCE_BY_GENDER_AGE_YEAR":{"TRELLIS_NAME":["60-69","90-99","30-39","50-59","70-79","40-49","30-39","70-79","0-9","80-89","20-29","90-99","0-9","20-29","10-19","50-59","10-19","80-89","40-49","60-69"],"SERIES_NAME":["FEMALE","MALE","FEMALE","FEMALE","FEMALE","FEMALE","MALE","MALE","FEMALE","FEMALE","MALE","FEMALE","MALE","FEMALE","FEMALE","MALE","MALE","MALE","MALE","MALE"],"X_CALENDAR_YEAR":[2019,2019,2019,2019,2019,2019,2019,2019,2019,2019,2019,2019,2019,2019,2019,2019,2019,2019,2019,2019],"Y_PREVALENCE_1000PP":[40.65809,39.54155,38.04259,33.17879,36.6192,40.17155,42.10526,45.45455,40.63158,43.2526,39.21239,37.7568,42.31626,43.2243,40.87432,39.63594,40.86318,38.1005,40.77159,42.34339]},"PREVALENCE_BY_MONTH":{"X_CALENDAR_MONTH":[201910,201902,201905,201904,201907,201908,201911,201901,201906,201912,201909,201903],"Y_PREVALENCE_1000PP":[3.35,3.19,3.65,3.41,3.52,3.37,3.29,3.14,3.25,3.41,3.49,3.55]},"VISIT_DURATION_BY_TYPE":{"CATEGORY":"Length of stay","MIN_VALUE":-358,"P10_VALUE":-202,"P25_VALUE":-109,"MEDIAN_VALUE":-1,"P75_VALUE":106,"P90_VALUE":203,"MAX_VALUE":362},"AGE_AT_FIRST_OCCURRENCE":{"CATEGORY":["FEMALE","No matching concept","MALE"],"MIN_VALUE":[0,0,0],"P10_VALUE":[10,12,10],"P25_VALUE":[23,27,25],"MEDIAN_VALUE":[43,45,45],"P75_VALUE":[63,74,65],"P90_VALUE":[77,81,77],"MAX_VALUE":[99,99,99]}}
