{"PREVALENCE_BY_GENDER_AGE_YEAR":{"TRELLIS_NAME":["50-59","40-49","0-9","30-39","50-59","0-9","70-79","30-39","90-99","70-79","20-29","80-89","20-29","60-69","10-19","90-99","80-89","40-49","10-19","60-69"],"SERIES_NAME":["MALE","MALE","FEMALE","FEMALE","FEMALE","MALE","FEMALE","MALE","MALE","MALE","MALE","MALE","FEMALE","MALE","MALE","FEMALE","FEMALE","FEMALE","FEMALE","FEMALE"],"X_CALENDAR_YEAR":[2019,2019,2019,2019,2019,2019,2019,2019,2019,2019,2019,2019,2019,2019,2019,2019,2019,2019,2019,2019],"Y_PREVALENCE_1000PP":[8.80153,8.04446,8.62432,7.97786,6.66377,7.57914,7.22758,6.94797,6.83761,8.73362,7.92046,7.17835,7.32723,8.07692,7.33272,5.57414,6.34006,7.56602,5.46568,8.37139]},"PREVALENCE_BY_MONTH":{"X_CALENDAR_MONTH":[201901,201902,201903,201904,201905,201906,201907,201908,201909,201910,201911,201912],"Y_PREVALENCE_1000PP":[0.74,0.61,0.53,0.87,0.58,0.73,0.67,0.57,0.61,0.77,0.4,0.56]},"CONDITIONS_BY_TYPE":{"CONCEPT_NAME":"Claim","COUNT_VALUE":1310},"AGE_AT_FIRST_DIAGNOSIS":{"CATEGORY":["MALE","No matching concept","FEMALE"],"MIN_VALUE":[0,8,0],"P10_VALUE":[11,11,7],"P25_VALUE":[26,31,25],"MEDIAN_VALUE":[46,44,44],"P75_VALUE":[64,58,63],"P90_VALUE":[76,75,77],"MAX_VALUE":[99,80,99]}}
