{"PREVALENCE_BY_GENDER_AGE_YEAR":{"TRELLIS_NAME":["0-9","20-29","20-29","40-49","50-59","50-59","60-69"],"SERIES_NAME":["FEMALE","MALE","FEMALE","MALE","FEMALE","MALE","MALE"],"X_CALENDAR_YEAR":[2019,2019,2019,2019,2019,2019,2019],"Y_PREVALENCE_1000PP":[2.10349,1.34816,1.49875,0.87758,1.15892,1.46692,1.15385]},"PREVALENCE_BY_MONTH":{"X_CALENDAR_MONTH":[201901,201902,201904,201905,201906,201907,201908,201909,201910,201911,201912],"Y_PREVALENCE_1000PP":[0.06,0.08,0.07,0.12,0.08,0.06,0.06,0.08,0.09,0.1,0.1]},"CONDITIONS_BY_TYPE":{"CONCEPT_NAME":"Claim","COUNT_VALUE":149},"AGE_AT_FIRST_DIAGNOSIS":{"CATEGORY":["MALE","FEMALE"],"MIN_VALUE":[9,0],"P10_VALUE":[24,5],"P25_VALUE":[29,16],"MEDIAN_VALUE":[50,31],"P75_VALUE":[64,55],"P90_VALUE":[75,79],"MAX_VALUE":[97,98]}}
