{"PREVALENCE_BY_GENDER_AGE_YEAR":{"TRELLIS_NAME":["50-59","10-19","90-99","0-9","20-29","0-9","60-69","40-49","50-59","80-89","30-39","10-19","90-99","40-49","70-79","30-39","80-89","60-69","20-29","70-79"],"SERIES_NAME":["MALE","FEMALE","FEMALE","FEMALE","MALE","MALE","MALE","FEMALE","FEMALE","MALE","MALE","MALE","MALE","MALE","MALE","FEMALE","FEMALE","FEMALE","FEMALE","FEMALE"],"X_CALENDAR_YEAR":[2019,2019,2019,2019,2019,2019,2019,2019,2019,2019,2019,2019,2019,2019,2019,2019,2019,2019,2019,2019],"Y_PREVALENCE_1000PP":[8.21476,10.4941,6.13155,11.77955,12.13347,8.69371,10.96154,9.13633,11.00971,10.49144,9.82884,9.39505,9.11681,8.92204,8.92349,10.25725,6.34006,8.7519,9.15903,8.15419]},"PREVALENCE_BY_MONTH":{"X_CALENDAR_MONTH":[201901,201902,201903,201904,201905,201906,201907,201908,201909,201910,201911,201912],"Y_PREVALENCE_1000PP":[0.86,0.69,0.81,0.89,0.67,0.78,1.02,0.7,0.86,0.98,0.78,0.65]},"CONDITIONS_BY_TYPE":{"CONCEPT_NAME":"Claim","COUNT_VALUE":1662},"AGE_AT_FIRST_DIAGNOSIS":{"CATEGORY":["No matching concept","FEMALE","MALE"],"MIN_VALUE":[1,0,0],"P10_VALUE":[20,8,11],"P25_VALUE":[28,22,25],"MEDIAN_VALUE":[51,41,44],"P75_VALUE":[73,58,63],"P90_VALUE":[82,74,77],"MAX_VALUE":[96,99,99]}}
