{"PREVALENCE_BY_GENDER_AGE_YEAR":{"TRELLIS_NAME":["40-49","30-39","0-9","40-49","60-69","50-59","70-79","20-29","30-39","20-29","10-19"],"SERIES_NAME":["MALE","FEMALE","MALE","FEMALE","MALE","MALE","FEMALE","MALE","MALE","FEMALE","MALE"],"X_CALENDAR_YEAR":[2019,2019,2019,2019,2019,2019,2019,2019,2019,2019,2019],"Y_PREVALENCE_1000PP":[1.60889,0.97688,1.78333,1.42755,1.15385,1.32023,1.48258,1.85372,1.18624,1.33222,1.60403]},"PREVALENCE_BY_MONTH":{"X_CALENDAR_MONTH":[201901,201902,201903,201904,201905,201907,201908,201909,201910,201911,201912],"Y_PREVALENCE_1000PP":[0.12,0.11,0.13,0.12,0.08,0.15,0.13,0.06,0.11,0.07,0.1]},"CONDITIONS_BY_TYPE":{"CONCEPT_NAME":"Claim","COUNT_VALUE":192},"AGE_AT_FIRST_DIAGNOSIS":{"CATEGORY":["FEMALE","MALE"],"MIN_VALUE":[0,0],"P10_VALUE":[14,9],"P25_VALUE":[29,22],"MEDIAN_VALUE":[44,39],"P75_VALUE":[70,55],"P90_VALUE":[81,70],"MAX_VALUE":[98,91]}}
