{"PREVALENCE_BY_GENDER_AGE_YEAR":{"TRELLIS_NAME":["40-49","20-29","60-69","50-59","50-59","30-39","20-29","70-79","0-9","80-89","70-79","10-19","40-49","30-39","0-9","90-99","60-69","90-99","10-19"],"SERIES_NAME":["MALE","MALE","FEMALE","MALE","FEMALE","MALE","FEMALE","FEMALE","FEMALE","FEMALE","MALE","MALE","FEMALE","FEMALE","MALE","FEMALE","MALE","MALE","FEMALE"],"X_CALENDAR_YEAR":[2019,2019,2019,2019,2019,2019,2019,2019,2019,2019,2019,2019,2019,2019,2019,2019,2019,2019,2019],"Y_PREVALENCE_1000PP":[3.80284,3.37041,2.66362,2.34707,2.75243,2.88087,4.1632,3.89177,4.20698,4.03458,1.89861,3.20807,3.42612,2.4422,2.00624,6.68896,3.65385,3.9886,2.62352]},"PREVALENCE_BY_MONTH":{"X_CALENDAR_MONTH":[201901,201902,201903,201904,201905,201906,201907,201908,201909,201910,201911,201912],"Y_PREVALENCE_1000PP":[0.29,0.2,0.25,0.36,0.22,0.18,0.32,0.24,0.25,0.26,0.23,0.35]},"CONDITIONS_BY_TYPE":{"CONCEPT_NAME":"Claim","COUNT_VALUE":518},"AGE_AT_FIRST_DIAGNOSIS":{"CATEGORY":["MALE","No matching concept","FEMALE"],"MIN_VALUE":[0,5,0],"P10_VALUE":[13,5,7],"P25_VALUE":[23,20,25],"MEDIAN_VALUE":[41,62,45],"P75_VALUE":[62,76,67],"P90_VALUE":[74,97,86],"MAX_VALUE":[99,97,99]}}
