{"PREVALENCE_BY_GENDER_AGE_YEAR":{"TRELLIS_NAME":["40-49","10-19","60-69","40-49","50-59","70-79","20-29","30-39","20-29"],"SERIES_NAME":["FEMALE","FEMALE","FEMALE","MALE","MALE","FEMALE","MALE","MALE","FEMALE"],"X_CALENDAR_YEAR":[2019,2019,2019,2019,2019,2019,2019,2019,2019],"Y_PREVALENCE_1000PP":[0.85653,1.53039,1.33181,1.02384,1.17354,1.6679,1.17964,1.18624,1.49875]},"PREVALENCE_BY_MONTH":{"X_CALENDAR_MONTH":[201901,201902,201903,201904,201905,201906,201907,201908,201909,201910,201912],"Y_PREVALENCE_1000PP":[0.11,0.12,0.09,0.1,0.08,0.09,0.09,0.09,0.06,0.1,0.08]},"CONDITIONS_BY_TYPE":{"CONCEPT_NAME":"Claim","COUNT_VALUE":178},"AGE_AT_FIRST_DIAGNOSIS":{"CATEGORY":["FEMALE","MALE"],"MIN_VALUE":[1,0],"P10_VALUE":[16,14],"P25_VALUE":[21,29],"MEDIAN_VALUE":[46,41],"P75_VALUE":[72,56],"P90_VALUE":[89,77],"MAX_VALUE":[98,94]}}
