{"PREVALENCE_BY_GENDER_AGE_YEAR":{"TRELLIS_NAME":["60-69","20-29","80-89","90-99","50-59","70-79","10-19","90-99","20-29","40-49","0-9","50-59","10-19","0-9","80-89","40-49","30-39","70-79","60-69","30-39"],"SERIES_NAME":["MALE","FEMALE","FEMALE","MALE","FEMALE","MALE","FEMALE","FEMALE","MALE","MALE","MALE","MALE","MALE","FEMALE","MALE","FEMALE","MALE","FEMALE","FEMALE","FEMALE"],"X_CALENDAR_YEAR":[2019,2019,2019,2019,2019,2019,2019,2019,2019,2019,2019,2019,2019,2019,2019,2019,2019,2019,2019,2019],"Y_PREVALENCE_1000PP":[2.30769,3.83014,6.34006,3.9886,4.92539,3.03778,4.15391,6.13155,4.21301,3.36405,4.68123,3.96069,2.74977,1.2621,3.31309,3.42612,4.5755,4.26242,3.42466,3.74471]},"PREVALENCE_BY_MONTH":{"X_CALENDAR_MONTH":[201901,201902,201903,201904,201905,201906,201907,201908,201909,201910,201911,201912],"Y_PREVALENCE_1000PP":[0.42,0.27,0.29,0.39,0.26,0.25,0.31,0.3,0.32,0.26,0.34,0.33]},"CONDITIONS_BY_TYPE":{"CONCEPT_NAME":"Claim","COUNT_VALUE":627},"AGE_AT_FIRST_DIAGNOSIS":{"CATEGORY":["FEMALE","MALE"],"MIN_VALUE":[1,1],"P10_VALUE":[16,7],"P25_VALUE":[29,23],"MEDIAN_VALUE":[50,41],"P75_VALUE":[69,58],"P90_VALUE":[80,77],"MAX_VALUE":[99,99]}}
