{"PREVALENCE_BY_GENDER_AGE_YEAR":{"TRELLIS_NAME":["40-49","10-19","80-89","10-19","50-59","60-69","60-69","30-39","30-39","40-49","70-79","20-29","20-29","50-59"],"SERIES_NAME":["MALE","MALE","FEMALE","FEMALE","FEMALE","FEMALE","MALE","FEMALE","MALE","FEMALE","MALE","FEMALE","MALE","MALE"],"X_CALENDAR_YEAR":[2019,2019,2019,2019,2019,2019,2019,2019,2019,2019,2019,2019,2019,2019],"Y_PREVALENCE_1000PP":[1.02384,1.60403,3.45821,3.06078,1.59351,1.71233,1.34615,1.30251,1.3557,1.71306,2.08848,1.1657,1.51668,1.61361]},"PREVALENCE_BY_MONTH":{"X_CALENDAR_MONTH":[201901,201902,201903,201904,201905,201906,201907,201908,201909,201910,201911,201912],"Y_PREVALENCE_1000PP":[0.16,0.18,0.18,0.16,0.1,0.08,0.11,0.11,0.14,0.12,0.09,0.12]},"CONDITIONS_BY_TYPE":{"CONCEPT_NAME":"Claim","COUNT_VALUE":247},"AGE_AT_FIRST_DIAGNOSIS":{"CATEGORY":["MALE","No matching concept","FEMALE"],"MIN_VALUE":[1,1,5],"P10_VALUE":[15,1,13],"P25_VALUE":[28,6,23],"MEDIAN_VALUE":[53,29,43],"P75_VALUE":[72,45,60],"P90_VALUE":[80,91,80],"MAX_VALUE":[98,91,94]}}
