{"PREVALENCE_BY_GENDER_AGE_YEAR":{"TRELLIS_NAME":["10-19","60-69","0-9","70-79","10-19","50-59","20-29","30-39","40-49","30-39","0-9","50-59","60-69","70-79","40-49","80-89","20-29"],"SERIES_NAME":["MALE","FEMALE","MALE","MALE","FEMALE","MALE","MALE","FEMALE","MALE","MALE","FEMALE","FEMALE","MALE","FEMALE","FEMALE","FEMALE","FEMALE"],"X_CALENDAR_YEAR":[2019,2019,2019,2019,2019,2019,2019,2019,2019,2019,2019,2019,2019,2019,2019,2019,2019],"Y_PREVALENCE_1000PP":[3.43721,3.2344,2.8979,2.08848,1.74902,2.93384,3.70745,2.4422,2.04768,2.54194,3.36559,2.4627,3.07692,3.3358,1.85582,4.03458,2.33139]},"PREVALENCE_BY_MONTH":{"X_CALENDAR_MONTH":[201901,201902,201903,201904,201905,201906,201907,201908,201909,201910,201911,201912],"Y_PREVALENCE_1000PP":[0.25,0.15,0.23,0.23,0.22,0.16,0.24,0.21,0.18,0.43,0.13,0.21]},"CONDITIONS_BY_TYPE":{"CONCEPT_NAME":"Claim","COUNT_VALUE":432},"AGE_AT_FIRST_DIAGNOSIS":{"CATEGORY":["MALE","FEMALE","No matching concept"],"MIN_VALUE":[0,0,33],"P10_VALUE":[10,9,33],"P25_VALUE":[21,25,37],"MEDIAN_VALUE":[40,47,53],"P75_VALUE":[59,68,71],"P90_VALUE":[73,78,87],"MAX_VALUE":[94,99,87]}}
