{"PREVALENCE_BY_GENDER_AGE_YEAR":{"TRELLIS_NAME":["40-49","60-69","80-89","0-9","70-79","80-89","70-79","30-39","30-39","90-99","40-49","50-59","60-69","90-99","10-19","0-9","20-29","50-59","10-19","20-29"],"SERIES_NAME":["MALE","MALE","MALE","FEMALE","MALE","FEMALE","FEMALE","FEMALE","MALE","MALE","FEMALE","MALE","FEMALE","FEMALE","MALE","MALE","MALE","FEMALE","FEMALE","FEMALE"],"X_CALENDAR_YEAR":[2019,2019,2019,2019,2019,2019,2019,2019,2019,2019,2019,2019,2019,2019,2019,2019,2019,2019,2019,2019],"Y_PREVALENCE_1000PP":[16.38145,15.38462,22.08724,15.98654,16.13822,16.13833,17.60563,17.74666,17.45467,14.81481,19.12919,17.16297,16.36225,17.83724,15.81118,17.61034,18.53724,16.22483,17.70879,17.15237]},"PREVALENCE_BY_MONTH":{"X_CALENDAR_MONTH":[201901,201902,201903,201904,201905,201906,201907,201908,201909,201910,201911,201912],"Y_PREVALENCE_1000PP":[1.74,1.17,1.33,1.77,1.21,1.25,1.75,1.48,1.4,1.6,1.13,1.45]},"CONDITIONS_BY_TYPE":{"CONCEPT_NAME":"Claim","COUNT_VALUE":2885},"AGE_AT_FIRST_DIAGNOSIS":{"CATEGORY":["MALE","FEMALE","No matching concept"],"MIN_VALUE":[0,0,2],"P10_VALUE":[10,11,10],"P25_VALUE":[24,24,26],"MEDIAN_VALUE":[44,44,36],"P75_VALUE":[62,63,52],"P90_VALUE":[77,77,62],"MAX_VALUE":[99,99,90]}}
