{"PREVALENCE_BY_GENDER_AGE_YEAR":{"TRELLIS_NAME":["90-99","70-79","60-69","70-79","20-29","0-9","10-19","50-59","20-29","80-89","40-49","90-99","40-49","0-9","80-89","60-69","10-19","30-39","30-39","50-59"],"SERIES_NAME":["MALE","MALE","MALE","FEMALE","FEMALE","MALE","FEMALE","FEMALE","MALE","MALE","FEMALE","FEMALE","MALE","FEMALE","FEMALE","FEMALE","MALE","FEMALE","MALE","MALE"],"X_CALENDAR_YEAR":[2019,2019,2019,2019,2019,2019,2019,2019,2019,2019,2019,2019,2019,2019,2019,2019,2019,2019,2019,2019],"Y_PREVALENCE_1000PP":[38.74644,42.14923,38.07692,41.88288,37.80183,40.12483,34.32444,43.16964,41.2875,33.13087,41.68451,43.47826,41.83121,44.80438,40.92219,44.33029,43.30889,41.35461,41.01,38.43333]},"PREVALENCE_BY_MONTH":{"X_CALENDAR_MONTH":[201901,201902,201903,201904,201905,201906,201907,201908,201909,201910,201911,201912],"Y_PREVALENCE_1000PP":[3.51,3.14,3.21,3.89,3.46,3.12,4.09,3.31,2.91,4.07,3.36,3.42]},"CONDITIONS_BY_TYPE":{"CONCEPT_NAME":"Claim","COUNT_VALUE":6976},"AGE_AT_FIRST_DIAGNOSIS":{"CATEGORY":["FEMALE","MALE","No matching concept"],"MIN_VALUE":[0,0,0],"P10_VALUE":[9,10,11],"P25_VALUE":[26,24,27],"MEDIAN_VALUE":[45,44,50],"P75_VALUE":[63,62,69],"P90_VALUE":[77,77,87],"MAX_VALUE":[99,99,98]}}
