{"PREVALENCE_BY_GENDER_AGE_YEAR":{"TRELLIS_NAME":["20-29","30-39","40-49","10-19","50-59","0-9","20-29","40-49","50-59","30-39","60-69","0-9","60-69","70-79","90-99","80-89","70-79","10-19"],"SERIES_NAME":["MALE","FEMALE","MALE","MALE","FEMALE","MALE","FEMALE","FEMALE","MALE","MALE","MALE","FEMALE","FEMALE","MALE","MALE","MALE","FEMALE","FEMALE"],"X_CALENDAR_YEAR":[2019,2019,2019,2019,2019,2019,2019,2019,2019,2019,2019,2019,2019,2019,2019,2019,2019,2019],"Y_PREVALENCE_1000PP":[4.21301,3.25627,2.92526,5.27039,3.62161,3.56665,4.49625,5.4247,4.40076,5.42281,4.61538,3.99663,4.94673,4.17695,4.5584,5.52181,5.00371,3.93529]},"PREVALENCE_BY_MONTH":{"X_CALENDAR_MONTH":[201901,201902,201903,201904,201905,201906,201907,201908,201909,201910,201911,201912],"Y_PREVALENCE_1000PP":[0.51,0.31,0.37,0.45,0.3,0.32,0.39,0.29,0.27,0.51,0.3,0.21]},"CONDITIONS_BY_TYPE":{"CONCEPT_NAME":"Claim","COUNT_VALUE":708},"AGE_AT_FIRST_DIAGNOSIS":{"CATEGORY":["FEMALE","MALE"],"MIN_VALUE":[0,0],"P10_VALUE":[11,11],"P25_VALUE":[24,26],"MEDIAN_VALUE":[45,45],"P75_VALUE":[62,63],"P90_VALUE":[75,77],"MAX_VALUE":[95,98]}}
