{"PREVALENCE_BY_GENDER_AGE_YEAR":{"TRELLIS_NAME":["50-59","40-49","60-69","20-29","50-59","70-79","30-39","10-19"],"SERIES_NAME":["MALE","MALE","MALE","MALE","FEMALE","FEMALE","MALE","FEMALE"],"X_CALENDAR_YEAR":[2019,2019,2019,2019,2019,2019,2019,2019],"Y_PREVALENCE_1000PP":[1.02684,0.87758,1.34615,1.01112,1.15892,1.48258,1.52517,1.53039]},"PREVALENCE_BY_MONTH":{"X_CALENDAR_MONTH":[201901,201903,201904,201905,201906,201907,201908,201910,201912],"Y_PREVALENCE_1000PP":[0.1,0.08,0.08,0.07,0.16,0.08,0.07,0.16,0.07]},"CONDITIONS_BY_TYPE":{"CONCEPT_NAME":"Claim","COUNT_VALUE":178},"AGE_AT_FIRST_DIAGNOSIS":{"CATEGORY":["MALE","FEMALE"],"MIN_VALUE":[1,4],"P10_VALUE":[18,14],"P25_VALUE":[30,24],"MEDIAN_VALUE":[49,50],"P75_VALUE":[63,71],"P90_VALUE":[78,76],"MAX_VALUE":[98,99]}}
