{"PREVALENCE_BY_GENDER_AGE_YEAR":{"TRELLIS_NAME":["30-39","20-29","10-19","60-69","70-79","30-39","70-79","40-49","0-9","50-59","20-29","60-69","40-49","50-59","10-19","0-9"],"SERIES_NAME":["FEMALE","MALE","MALE","FEMALE","MALE","MALE","FEMALE","FEMALE","FEMALE","FEMALE","FEMALE","MALE","MALE","MALE","FEMALE","MALE"],"X_CALENDAR_YEAR":[2019,2019,2019,2019,2019,2019,2019,2019,2019,2019,2019,2019,2019,2019,2019,2019],"Y_PREVALENCE_1000PP":[1.95376,2.86485,2.06233,2.85388,2.27834,1.18624,2.59451,2.28408,1.68279,2.4627,1.83181,2.69231,1.31637,1.61361,4.15391,1.56041]},"PREVALENCE_BY_MONTH":{"X_CALENDAR_MONTH":[201901,201902,201903,201904,201905,201906,201907,201908,201909,201910,201911,201912],"Y_PREVALENCE_1000PP":[0.21,0.12,0.17,0.23,0.13,0.18,0.25,0.14,0.15,0.21,0.16,0.19]},"CONDITIONS_BY_TYPE":{"CONCEPT_NAME":"Claim","COUNT_VALUE":347},"AGE_AT_FIRST_DIAGNOSIS":{"CATEGORY":["MALE","FEMALE"],"MIN_VALUE":[0,0],"P10_VALUE":[12,12],"P25_VALUE":[23,23],"MEDIAN_VALUE":[47,44],"P75_VALUE":[65,63],"P90_VALUE":[78,76],"MAX_VALUE":[98,98]}}
