{"PREVALENCE_BY_GENDER_AGE_YEAR":{"TRELLIS_NAME":["40-49","70-79","50-59","10-19","60-69","80-89","20-29","70-79","30-39","50-59","10-19","40-49","0-9","0-9","20-29","30-39","90-99","90-99","60-69"],"SERIES_NAME":["FEMALE","MALE","MALE","MALE","FEMALE","FEMALE","FEMALE","FEMALE","FEMALE","FEMALE","FEMALE","MALE","FEMALE","MALE","MALE","MALE","MALE","FEMALE","MALE"],"X_CALENDAR_YEAR":[2019,2019,2019,2019,2019,2019,2019,2019,2019,2019,2019,2019,2019,2019,2019,2019,2019,2019,2019],"Y_PREVALENCE_1000PP":[4.28266,3.79723,4.54745,2.97892,3.42466,3.45821,3.66361,2.40919,2.76783,4.34594,4.37254,3.36405,3.99663,4.2354,4.04449,5.25335,5.12821,4.45931,4.03846]},"PREVALENCE_BY_MONTH":{"X_CALENDAR_MONTH":[201901,201902,201903,201904,201905,201906,201907,201908,201909,201910,201911,201912],"Y_PREVALENCE_1000PP":[0.36,0.18,0.37,0.35,0.28,0.39,0.34,0.35,0.17,0.42,0.22,0.4]},"CONDITIONS_BY_TYPE":{"CONCEPT_NAME":"Claim","COUNT_VALUE":637},"AGE_AT_FIRST_DIAGNOSIS":{"CATEGORY":["No matching concept","FEMALE","MALE"],"MIN_VALUE":[10,0,0],"P10_VALUE":[10,9,10],"P25_VALUE":[27,22,27],"MEDIAN_VALUE":[39,44,43],"P75_VALUE":[65,59,61],"P90_VALUE":[70,77,75],"MAX_VALUE":[70,99,99]}}
