{"PREVALENCE_BY_GENDER_AGE_YEAR":{"TRELLIS_NAME":["20-29","0-9","80-89","50-59","40-49","30-39","50-59","60-69","40-49","60-69","70-79","30-39","20-29"],"SERIES_NAME":["MALE","FEMALE","MALE","FEMALE","MALE","FEMALE","MALE","MALE","FEMALE","FEMALE","MALE","MALE","FEMALE"],"X_CALENDAR_YEAR":[2019,2019,2019,2019,2019,2019,2019,2019,2019,2019,2019,2019,2019],"Y_PREVALENCE_1000PP":[1.17964,1.68279,3.31309,1.73837,2.04768,1.13969,1.907,1.73077,1.57031,1.14155,2.4682,1.18624,1.66528]},"PREVALENCE_BY_MONTH":{"X_CALENDAR_MONTH":[201901,201902,201903,201904,201905,201906,201907,201908,201909,201910,201911,201912],"Y_PREVALENCE_1000PP":[0.12,0.14,0.12,0.15,0.15,0.07,0.11,0.11,0.1,0.19,0.16,0.12]},"CONDITIONS_BY_TYPE":{"CONCEPT_NAME":"Claim","COUNT_VALUE":256},"AGE_AT_FIRST_DIAGNOSIS":{"CATEGORY":["MALE","No matching concept","FEMALE"],"MIN_VALUE":[1,4,0],"P10_VALUE":[21,4,8],"P25_VALUE":[38,15,25],"MEDIAN_VALUE":[56,45,45],"P75_VALUE":[72,79,59],"P90_VALUE":[82,84,78],"MAX_VALUE":[98,84,99]}}
