{"PREVALENCE_BY_GENDER_AGE_YEAR":{"TRELLIS_NAME":["60-69","10-19","70-79","50-59","10-19","30-39","40-49","90-99","20-29","80-89","30-39","40-49","80-89","0-9","90-99","0-9","50-59","20-29","70-79","60-69"],"SERIES_NAME":["FEMALE","MALE","FEMALE","MALE","FEMALE","FEMALE","FEMALE","MALE","MALE","MALE","MALE","MALE","FEMALE","MALE","FEMALE","FEMALE","FEMALE","FEMALE","MALE","MALE"],"X_CALENDAR_YEAR":[2019,2019,2019,2019,2019,2019,2019,2019,2019,2019,2019,2019,2019,2019,2019,2019,2019,2019,2019,2019],"Y_PREVALENCE_1000PP":[20.16743,19.93584,20.57079,19.06997,19.02055,18.72354,21.12777,23.36182,18.36872,16.01325,20.67446,18.72166,16.7147,17.38743,14.49275,22.92806,21.58482,14.82098,16.89766,21.92308]},"PREVALENCE_BY_MONTH":{"X_CALENDAR_MONTH":[201901,201902,201903,201904,201905,201906,201907,201908,201909,201910,201911,201912],"Y_PREVALENCE_1000PP":[1.77,1.35,1.3,1.92,1.55,1.39,1.9,1.66,1.52,1.95,1.6,1.59]},"CONDITIONS_BY_TYPE":{"CONCEPT_NAME":"Claim","COUNT_VALUE":3310},"AGE_AT_FIRST_DIAGNOSIS":{"CATEGORY":["No matching concept","MALE","FEMALE"],"MIN_VALUE":[2,0,0],"P10_VALUE":[9,11,9],"P25_VALUE":[20,26,25],"MEDIAN_VALUE":[46,45,45],"P75_VALUE":[71,64,62],"P90_VALUE":[89,77,75],"MAX_VALUE":[94,99,99]}}
