{"PREVALENCE_BY_GENDER_AGE_YEAR":{"TRELLIS_NAME":["10-19","30-39","40-49","50-59","40-49","10-19","0-9","20-29","30-39","20-29","70-79","50-59","60-69","70-79","60-69","0-9"],"SERIES_NAME":["MALE","FEMALE","MALE","FEMALE","FEMALE","FEMALE","FEMALE","FEMALE","MALE","MALE","MALE","MALE","FEMALE","FEMALE","MALE","MALE"],"X_CALENDAR_YEAR":[2019,2019,2019,2019,2019,2019,2019,2019,2019,2019,2019,2019,2019,2019,2019,2019],"Y_PREVALENCE_1000PP":[2.52062,1.62813,2.19394,2.75243,2.71235,2.84215,2.10349,1.99833,1.69463,2.35929,2.27834,3.81399,3.42466,2.22387,2.30769,3.12082]},"PREVALENCE_BY_MONTH":{"X_CALENDAR_MONTH":[201901,201902,201903,201904,201905,201906,201907,201908,201909,201910,201911,201912],"Y_PREVALENCE_1000PP":[0.25,0.19,0.2,0.23,0.2,0.23,0.2,0.15,0.17,0.31,0.24,0.1]},"CONDITIONS_BY_TYPE":{"CONCEPT_NAME":"Claim","COUNT_VALUE":411},"AGE_AT_FIRST_DIAGNOSIS":{"CATEGORY":["MALE","FEMALE"],"MIN_VALUE":[0,0],"P10_VALUE":[9,10],"P25_VALUE":[24,25],"MEDIAN_VALUE":[48,46],"P75_VALUE":[61,63],"P90_VALUE":[75,75],"MAX_VALUE":[96,99]}}
