{"PREVALENCE_BY_GENDER_AGE_YEAR":{"TRELLIS_NAME":["60-69","40-49","70-79","30-39","0-9","10-19","50-59","20-29","70-79","30-39","50-59","40-49"],"SERIES_NAME":["MALE","MALE","FEMALE","FEMALE","MALE","MALE","MALE","MALE","MALE","MALE","FEMALE","FEMALE"],"X_CALENDAR_YEAR":[2019,2019,2019,2019,2019,2019,2019,2019,2019,2019,2019,2019],"Y_PREVALENCE_1000PP":[1.73077,0.87758,1.48258,1.79095,1.33749,2.74977,1.46692,1.34816,1.13917,1.3557,2.17297,2.14133]},"PREVALENCE_BY_MONTH":{"X_CALENDAR_MONTH":[201901,201902,201903,201904,201905,201906,201907,201908,201909,201910,201911,201912],"Y_PREVALENCE_1000PP":[0.14,0.06,0.08,0.13,0.13,0.11,0.15,0.12,0.16,0.17,0.11,0.09]},"CONDITIONS_BY_TYPE":{"CONCEPT_NAME":"Claim","COUNT_VALUE":243},"AGE_AT_FIRST_DIAGNOSIS":{"CATEGORY":["FEMALE","MALE"],"MIN_VALUE":[5,1],"P10_VALUE":[11,13],"P25_VALUE":[31,19],"MEDIAN_VALUE":[46,40],"P75_VALUE":[57,64],"P90_VALUE":[72,78],"MAX_VALUE":[93,96]}}
