{"PREVALENCE_BY_GENDER_AGE_YEAR":{"TRELLIS_NAME":["10-19","0-9","70-79","20-29","40-49","70-79","10-19","30-39","60-69","20-29","30-39","0-9","40-49","80-89","50-59","60-69","90-99","50-59","80-89"],"SERIES_NAME":["FEMALE","MALE","MALE","FEMALE","MALE","FEMALE","MALE","MALE","FEMALE","MALE","FEMALE","FEMALE","FEMALE","MALE","MALE","MALE","FEMALE","FEMALE","FEMALE"],"X_CALENDAR_YEAR":[2019,2019,2019,2019,2019,2019,2019,2019,2019,2019,2019,2019,2019,2019,2019,2019,2019,2019,2019],"Y_PREVALENCE_1000PP":[3.27941,3.12082,3.60737,4.1632,4.68042,2.77984,1.83318,3.89764,4.18569,4.38153,2.27939,4.41733,4.42541,7.73054,2.93384,4.23077,3.9019,5.07026,4.03458]},"PREVALENCE_BY_MONTH":{"X_CALENDAR_MONTH":[201901,201902,201903,201904,201905,201906,201907,201908,201909,201910,201911,201912],"Y_PREVALENCE_1000PP":[0.34,0.35,0.33,0.32,0.3,0.3,0.43,0.31,0.32,0.3,0.32,0.16]},"CONDITIONS_BY_TYPE":{"CONCEPT_NAME":"Claim","COUNT_VALUE":651},"AGE_AT_FIRST_DIAGNOSIS":{"CATEGORY":["FEMALE","MALE"],"MIN_VALUE":[0,0],"P10_VALUE":[8,13],"P25_VALUE":[24,29],"MEDIAN_VALUE":[47,46],"P75_VALUE":[60,65],"P90_VALUE":[78,79],"MAX_VALUE":[99,98]}}
