{"PREVALENCE_BY_GENDER_AGE_YEAR":{"TRELLIS_NAME":["0-9","40-49","10-19","60-69","40-49","70-79","50-59","50-59","20-29","30-39","20-29","30-39","10-19","70-79"],"SERIES_NAME":["MALE","MALE","MALE","MALE","FEMALE","MALE","MALE","FEMALE","FEMALE","MALE","MALE","FEMALE","FEMALE","FEMALE"],"X_CALENDAR_YEAR":[2019,2019,2019,2019,2019,2019,2019,2019,2019,2019,2019,2019,2019,2019],"Y_PREVALENCE_1000PP":[1.56041,3.07152,2.52062,2.11538,1.14204,3.22764,0.88015,2.0281,2.49792,2.7114,2.69633,1.79095,1.53039,1.85322]},"PREVALENCE_BY_MONTH":{"X_CALENDAR_MONTH":[201901,201902,201903,201904,201905,201906,201907,201908,201909,201910,201911,201912],"Y_PREVALENCE_1000PP":[0.19,0.1,0.11,0.13,0.15,0.2,0.25,0.18,0.17,0.18,0.17,0.13]},"CONDITIONS_BY_TYPE":{"CONCEPT_NAME":"Claim","COUNT_VALUE":314},"AGE_AT_FIRST_DIAGNOSIS":{"CATEGORY":["FEMALE","MALE"],"MIN_VALUE":[2,1],"P10_VALUE":[12,16],"P25_VALUE":[27,25],"MEDIAN_VALUE":[47,43],"P75_VALUE":[65,67],"P90_VALUE":[82,77],"MAX_VALUE":[98,98]}}
