{"PREVALENCE_BY_GENDER_AGE_YEAR":{"TRELLIS_NAME":["40-49","0-9","50-59","90-99","80-89","70-79","40-49","30-39","50-59","60-69","30-39","0-9","10-19","20-29","70-79","80-89","90-99","10-19","20-29","60-69"],"SERIES_NAME":["MALE","MALE","MALE","MALE","MALE","FEMALE","FEMALE","MALE","FEMALE","FEMALE","FEMALE","FEMALE","MALE","FEMALE","MALE","FEMALE","FEMALE","FEMALE","MALE","MALE"],"X_CALENDAR_YEAR":[2019,2019,2019,2019,2019,2019,2019,2019,2019,2019,2019,2019,2019,2019,2019,2019,2019,2019,2019,2019],"Y_PREVALENCE_1000PP":[4.97294,4.01248,4.84084,6.26781,7.17835,4.26242,5.4247,3.89764,5.93945,5.70776,4.72159,4.83803,5.95784,4.99584,4.36681,6.91643,3.9019,4.15391,3.87597,5.96154]},"PREVALENCE_BY_MONTH":{"X_CALENDAR_MONTH":[201901,201902,201903,201904,201905,201906,201907,201908,201909,201910,201911,201912],"Y_PREVALENCE_1000PP":[0.51,0.39,0.42,0.39,0.27,0.34,0.53,0.42,0.38,0.51,0.42,0.42]},"CONDITIONS_BY_TYPE":{"CONCEPT_NAME":"Claim","COUNT_VALUE":849},"AGE_AT_FIRST_DIAGNOSIS":{"CATEGORY":["MALE","FEMALE","No matching concept"],"MIN_VALUE":[0,0,8],"P10_VALUE":[11,11,24],"P25_VALUE":[26,25,33],"MEDIAN_VALUE":[47,47,45],"P75_VALUE":[66,62,56],"P90_VALUE":[80,73,68],"MAX_VALUE":[99,98,71]}}
