{"PREVALENCE_BY_GENDER_AGE_YEAR":{"TRELLIS_NAME":["0-9","10-19","50-59","30-39","10-19","70-79","60-69","20-29","70-79","30-39","60-69","40-49","50-59","40-49"],"SERIES_NAME":["MALE","FEMALE","MALE","FEMALE","MALE","FEMALE","FEMALE","MALE","MALE","MALE","MALE","MALE","FEMALE","FEMALE"],"X_CALENDAR_YEAR":[2019,2019,2019,2019,2019,2019,2019,2019,2019,2019,2019,2019,2019,2019],"Y_PREVALENCE_1000PP":[2.00624,2.4049,2.20038,2.11657,2.74977,2.59451,1.52207,3.03337,1.89861,2.03355,1.53846,2.04768,1.88324,1.85582]},"PREVALENCE_BY_MONTH":{"X_CALENDAR_MONTH":[201901,201902,201903,201904,201905,201906,201907,201908,201909,201910,201911,201912],"Y_PREVALENCE_1000PP":[0.24,0.12,0.16,0.2,0.14,0.16,0.12,0.16,0.13,0.27,0.1,0.18]},"CONDITIONS_BY_TYPE":{"CONCEPT_NAME":"Claim","COUNT_VALUE":328},"AGE_AT_FIRST_DIAGNOSIS":{"CATEGORY":["MALE","FEMALE"],"MIN_VALUE":[0,1],"P10_VALUE":[13,13],"P25_VALUE":[23,30],"MEDIAN_VALUE":[40,46],"P75_VALUE":[60,68],"P90_VALUE":[79,77],"MAX_VALUE":[98,98]}}
