{"PREVALENCE_BY_GENDER_AGE_YEAR":{"TRELLIS_NAME":["10-19","70-79","50-59","60-69","30-39","20-29","0-9","40-49","50-59","60-69","20-29","40-49","70-79","30-39"],"SERIES_NAME":["FEMALE","MALE","FEMALE","MALE","FEMALE","FEMALE","FEMALE","MALE","MALE","FEMALE","MALE","FEMALE","FEMALE","MALE"],"X_CALENDAR_YEAR":[2019,2019,2019,2019,2019,2019,2019,2019,2019,2019,2019,2019,2019,2019],"Y_PREVALENCE_1000PP":[2.62352,1.70875,1.59351,1.34615,1.13969,1.99833,2.31384,1.60889,1.76031,1.14155,1.34816,1.99857,1.48258,2.03355]},"PREVALENCE_BY_MONTH":{"X_CALENDAR_MONTH":[201901,201902,201903,201904,201905,201906,201907,201908,201909,201910,201911,201912],"Y_PREVALENCE_1000PP":[0.15,0.09,0.1,0.14,0.15,0.12,0.16,0.12,0.16,0.15,0.12,0.14]},"CONDITIONS_BY_TYPE":{"CONCEPT_NAME":"Claim","COUNT_VALUE":285},"AGE_AT_FIRST_DIAGNOSIS":{"CATEGORY":["MALE","FEMALE"],"MIN_VALUE":[0,1],"P10_VALUE":[19,5],"P25_VALUE":[34,19],"MEDIAN_VALUE":[46,40],"P75_VALUE":[64,58],"P90_VALUE":[72,76],"MAX_VALUE":[95,98]}}
