{"PREVALENCE_BY_GENDER_AGE_YEAR":{"TRELLIS_NAME":["20-29","50-59","20-29","10-19","30-39","80-89","30-39","10-19","50-59","60-69","70-79","80-89","70-79","60-69","0-9","40-49","40-49","0-9"],"SERIES_NAME":["FEMALE","MALE","MALE","FEMALE","FEMALE","FEMALE","MALE","MALE","FEMALE","MALE","MALE","MALE","FEMALE","FEMALE","FEMALE","MALE","FEMALE","MALE"],"X_CALENDAR_YEAR":[2019,2019,2019,2019,2019,2019,2019,2019,2019,2019,2019,2019,2019,2019,2019,2019,2019,2019],"Y_PREVALENCE_1000PP":[3.16403,1.32023,1.85372,1.74902,2.11657,3.45821,2.54194,1.60403,1.88324,3.07692,3.41751,3.31309,2.77984,2.66362,1.89314,1.75516,1.85582,2.22916]},"PREVALENCE_BY_MONTH":{"X_CALENDAR_MONTH":[201901,201902,201903,201904,201905,201906,201907,201908,201909,201910,201911,201912],"Y_PREVALENCE_1000PP":[0.18,0.18,0.2,0.33,0.12,0.21,0.27,0.14,0.11,0.22,0.18,0.16]},"CONDITIONS_BY_TYPE":{"CONCEPT_NAME":"Claim","COUNT_VALUE":386},"AGE_AT_FIRST_DIAGNOSIS":{"CATEGORY":["MALE","No matching concept","FEMALE"],"MIN_VALUE":[0,36,0],"P10_VALUE":[11,36,10],"P25_VALUE":[28,38,26],"MEDIAN_VALUE":[49,50,46],"P75_VALUE":[70,66,66],"P90_VALUE":[82,73,76],"MAX_VALUE":[98,73,96]}}
