{"PREVALENCE_BY_GENDER_AGE_YEAR":{"TRELLIS_NAME":["0-9","50-59","60-69","40-49","50-59","10-19","10-19","30-39","40-49"],"SERIES_NAME":["FEMALE","FEMALE","MALE","MALE","MALE","FEMALE","MALE","FEMALE","FEMALE"],"X_CALENDAR_YEAR":[2019,2019,2019,2019,2019,2019,2019,2019,2019],"Y_PREVALENCE_1000PP":[1.47244,1.30378,1.73077,1.46263,1.61361,1.53039,1.37489,1.13969,0.99929]},"PREVALENCE_BY_MONTH":{"X_CALENDAR_MONTH":[201902,201903,201904,201905,201906,201908,201909,201910,201911],"Y_PREVALENCE_1000PP":[0.09,0.09,0.17,0.07,0.09,0.1,0.08,0.16,0.1]},"CONDITIONS_BY_TYPE":{"CONCEPT_NAME":"Claim","COUNT_VALUE":177},"AGE_AT_FIRST_DIAGNOSIS":{"CATEGORY":["FEMALE","MALE"],"MIN_VALUE":[0,1],"P10_VALUE":[8,15],"P25_VALUE":[19,27],"MEDIAN_VALUE":[45,48],"P75_VALUE":[59,61],"P90_VALUE":[81,73],"MAX_VALUE":[94,94]}}
