{"PREVALENCE_BY_GENDER_AGE_YEAR":{"TRELLIS_NAME":["40-49","50-59","30-39","40-49","20-29","20-29","60-69","60-69","10-19","10-19"],"SERIES_NAME":["MALE","MALE","FEMALE","FEMALE","MALE","FEMALE","MALE","FEMALE","FEMALE","MALE"],"X_CALENDAR_YEAR":[2019,2019,2019,2019,2019,2019,2019,2019,2019,2019],"Y_PREVALENCE_1000PP":[1.60889,1.76031,1.46532,1.14204,1.51668,0.99917,1.92308,1.14155,1.96764,1.83318]},"PREVALENCE_BY_MONTH":{"X_CALENDAR_MONTH":[201901,201902,201903,201905,201906,201907,201908,201909,201910,201911,201912],"Y_PREVALENCE_1000PP":[0.15,0.09,0.08,0.13,0.12,0.11,0.09,0.08,0.08,0.1,0.11]},"CONDITIONS_BY_TYPE":{"CONCEPT_NAME":"Claim","COUNT_VALUE":200},"AGE_AT_FIRST_DIAGNOSIS":{"CATEGORY":["MALE","FEMALE"],"MIN_VALUE":[3,6],"P10_VALUE":[13,11],"P25_VALUE":[25,23],"MEDIAN_VALUE":[46,39],"P75_VALUE":[60,61],"P90_VALUE":[88,75],"MAX_VALUE":[99,97]}}
