{"PREVALENCE_BY_GENDER_AGE_YEAR":{"TRELLIS_NAME":["10-19","60-69","50-59","70-79","90-99","70-79","80-89","30-39","0-9","80-89","50-59","20-29","0-9","90-99","40-49","20-29","30-39","60-69","10-19","40-49"],"SERIES_NAME":["FEMALE","MALE","MALE","FEMALE","FEMALE","MALE","MALE","MALE","FEMALE","FEMALE","FEMALE","FEMALE","MALE","MALE","MALE","MALE","FEMALE","FEMALE","MALE","FEMALE"],"X_CALENDAR_YEAR":[2019,2019,2019,2019,2019,2019,2019,2019,2019,2019,2019,2019,2019,2019,2019,2019,2019,2019,2019,2019],"Y_PREVALENCE_1000PP":[19.89506,20.19231,23.17735,26.50111,17.27982,21.83406,16.56543,21.52178,23.34876,20.74928,21.29509,23.81349,21.39991,18.80342,23.25581,24.09842,22.30544,21.49924,23.6022,21.55603]},"PREVALENCE_BY_MONTH":{"X_CALENDAR_MONTH":[201901,201902,201903,201904,201905,201906,201907,201908,201909,201910,201911,201912],"Y_PREVALENCE_1000PP":[2.31,1.64,1.65,2.29,1.71,1.72,2.17,1.75,1.76,2.25,1.53,1.64]},"CONDITIONS_BY_TYPE":{"CONCEPT_NAME":"Claim","COUNT_VALUE":3824},"AGE_AT_FIRST_DIAGNOSIS":{"CATEGORY":["No matching concept","MALE","FEMALE"],"MIN_VALUE":[0,0,0],"P10_VALUE":[6,10,9],"P25_VALUE":[19,24,25],"MEDIAN_VALUE":[37,44,44],"P75_VALUE":[54,61,63],"P90_VALUE":[77,75,76],"MAX_VALUE":[91,99,99]}}
