{"PREVALENCE_BY_GENDER_AGE_YEAR":{"TRELLIS_NAME":["50-59","40-49","50-59","10-19","60-69","0-9","10-19","60-69","30-39","70-79","30-39","20-29","20-29","0-9","40-49"],"SERIES_NAME":["MALE","MALE","FEMALE","MALE","MALE","FEMALE","FEMALE","FEMALE","MALE","FEMALE","FEMALE","FEMALE","MALE","MALE","FEMALE"],"X_CALENDAR_YEAR":[2019,2019,2019,2019,2019,2019,2019,2019,2019,2019,2019,2019,2019,2019,2019],"Y_PREVALENCE_1000PP":[1.61361,1.90142,1.88324,2.06233,2.30769,1.2621,1.96764,2.28311,1.01678,1.48258,1.62813,2.33139,1.51668,1.78333,1.57031]},"PREVALENCE_BY_MONTH":{"X_CALENDAR_MONTH":[201901,201902,201903,201904,201905,201906,201907,201908,201909,201910,201911,201912],"Y_PREVALENCE_1000PP":[0.2,0.19,0.12,0.14,0.14,0.13,0.14,0.09,0.12,0.14,0.17,0.12]},"CONDITIONS_BY_TYPE":{"CONCEPT_NAME":"Claim","COUNT_VALUE":294},"AGE_AT_FIRST_DIAGNOSIS":{"CATEGORY":["FEMALE","No matching concept","MALE"],"MIN_VALUE":[1,11,3],"P10_VALUE":[12,11,9],"P25_VALUE":[25,28,21],"MEDIAN_VALUE":[42,46,44],"P75_VALUE":[62,49,60],"P90_VALUE":[73,76,68],"MAX_VALUE":[94,76,95]}}
