{"PREVALENCE_BY_GENDER_AGE_YEAR":{"TRELLIS_NAME":["60-69","10-19","50-59","0-9","20-29","40-49","50-59","0-9","20-29","10-19","30-39","70-79","70-79","60-69","80-89","40-49","30-39"],"SERIES_NAME":["MALE","FEMALE","MALE","FEMALE","MALE","MALE","FEMALE","MALE","FEMALE","MALE","FEMALE","FEMALE","MALE","FEMALE","FEMALE","FEMALE","MALE"],"X_CALENDAR_YEAR":[2019,2019,2019,2019,2019,2019,2019,2019,2019,2019,2019,2019,2019,2019,2019,2019,2019],"Y_PREVALENCE_1000PP":[2.88462,1.96764,1.907,2.73454,2.52781,2.04768,2.17297,1.78333,1.1657,1.60403,1.62813,1.48258,2.84792,3.61492,3.45821,1.42755,1.52517]},"PREVALENCE_BY_MONTH":{"X_CALENDAR_MONTH":[201901,201902,201903,201904,201905,201906,201907,201908,201909,201910,201911,201912],"Y_PREVALENCE_1000PP":[0.21,0.15,0.07,0.17,0.16,0.18,0.22,0.09,0.21,0.22,0.21,0.15]},"CONDITIONS_BY_TYPE":{"CONCEPT_NAME":"Claim","COUNT_VALUE":345},"AGE_AT_FIRST_DIAGNOSIS":{"CATEGORY":["FEMALE","MALE"],"MIN_VALUE":[1,3],"P10_VALUE":[8,13],"P25_VALUE":[24,25],"MEDIAN_VALUE":[50,48],"P75_VALUE":[66,67],"P90_VALUE":[78,78],"MAX_VALUE":[96,94]}}
