{"PREVALENCE_BY_GENDER_AGE_YEAR":{"TRELLIS_NAME":["40-49","50-59","0-9","80-89","90-99","60-69","70-79","90-99","80-89","0-9","20-29","20-29","50-59","10-19","40-49","60-69","10-19","30-39","30-39","70-79"],"SERIES_NAME":["MALE","MALE","FEMALE","FEMALE","MALE","FEMALE","MALE","FEMALE","MALE","MALE","FEMALE","MALE","FEMALE","MALE","FEMALE","MALE","FEMALE","FEMALE","MALE","FEMALE"],"X_CALENDAR_YEAR":[2019,2019,2019,2019,2019,2019,2019,2019,2019,2019,2019,2019,2019,2019,2019,2019,2019,2019,2019,2019],"Y_PREVALENCE_1000PP":[11.11599,14.37583,11.5692,9.79827,13.10541,10.84475,12.53085,12.2631,16.56543,12.92911,11.3239,11.62791,11.00971,14.4363,11.70592,11.73077,10.93135,11.72257,11.69293,11.86064]},"PREVALENCE_BY_MONTH":{"X_CALENDAR_MONTH":[201901,201902,201903,201904,201905,201906,201907,201908,201909,201910,201911,201912],"Y_PREVALENCE_1000PP":[1.11,0.88,1.2,1.01,1.03,0.96,1.4,0.91,0.98,0.96,0.71,0.98]},"CONDITIONS_BY_TYPE":{"CONCEPT_NAME":"Claim","COUNT_VALUE":2059},"AGE_AT_FIRST_DIAGNOSIS":{"CATEGORY":["FEMALE","MALE","No matching concept"],"MIN_VALUE":[0,0,2],"P10_VALUE":[10,11,10],"P25_VALUE":[25,25,24],"MEDIAN_VALUE":[44,46,59],"P75_VALUE":[63,63,71],"P90_VALUE":[76,78,78],"MAX_VALUE":[99,99,98]}}
