{"PREVALENCE_BY_GENDER_AGE_YEAR":{"TRELLIS_NAME":["50-59","10-19","90-99","70-79","0-9","80-89","40-49","40-49","60-69","60-69","50-59","90-99","0-9","80-89","30-39","20-29","30-39","70-79","10-19","20-29"],"SERIES_NAME":["MALE","FEMALE","FEMALE","FEMALE","MALE","FEMALE","FEMALE","MALE","MALE","FEMALE","FEMALE","MALE","FEMALE","MALE","MALE","MALE","FEMALE","MALE","MALE","FEMALE"],"X_CALENDAR_YEAR":[2019,2019,2019,2019,2019,2019,2019,2019,2019,2019,2019,2019,2019,2019,2019,2019,2019,2019,2019,2019],"Y_PREVALENCE_1000PP":[5.13422,4.15391,4.45931,3.70645,4.45831,5.18732,3.56888,3.9491,4.23077,4.94673,3.18702,3.4188,4.41733,4.41745,4.5755,4.21301,5.69847,4.36681,4.3538,3.33056]},"PREVALENCE_BY_MONTH":{"X_CALENDAR_MONTH":[201901,201902,201903,201904,201905,201906,201907,201908,201909,201910,201911,201912],"Y_PREVALENCE_1000PP":[0.37,0.35,0.35,0.34,0.3,0.36,0.47,0.38,0.34,0.43,0.27,0.29]},"CONDITIONS_BY_TYPE":{"CONCEPT_NAME":"Claim","COUNT_VALUE":706},"AGE_AT_FIRST_DIAGNOSIS":{"CATEGORY":["MALE","FEMALE","No matching concept"],"MIN_VALUE":[0,0,0],"P10_VALUE":[10,8,0],"P25_VALUE":[26,25,4],"MEDIAN_VALUE":[45,43,44],"P75_VALUE":[62,65,54],"P90_VALUE":[76,77,95],"MAX_VALUE":[99,99,95]}}
