{"PREVALENCE_BY_GENDER_AGE_YEAR":{"TRELLIS_NAME":["70-79","40-49","20-29","50-59","80-89","30-39","0-9","30-39","40-49","10-19","90-99","10-19","60-69","60-69","70-79","20-29","50-59","0-9"],"SERIES_NAME":["FEMALE","FEMALE","FEMALE","MALE","MALE","FEMALE","FEMALE","MALE","MALE","MALE","FEMALE","FEMALE","MALE","FEMALE","MALE","MALE","FEMALE","MALE"],"X_CALENDAR_YEAR":[2019,2019,2019,2019,2019,2019,2019,2019,2019,2019,2019,2019,2019,2019,2019,2019,2019,2019],"Y_PREVALENCE_1000PP":[2.77984,2.8551,1.99833,2.49377,4.96963,2.76783,3.36559,2.03355,3.21779,1.60403,3.9019,3.06078,2.11538,1.90259,1.70875,2.35929,3.04216,2.22916]},"PREVALENCE_BY_MONTH":{"X_CALENDAR_MONTH":[201901,201902,201903,201904,201905,201906,201907,201908,201909,201910,201911,201912],"Y_PREVALENCE_1000PP":[0.28,0.11,0.18,0.27,0.22,0.14,0.29,0.27,0.11,0.27,0.24,0.18]},"CONDITIONS_BY_TYPE":{"CONCEPT_NAME":"Claim","COUNT_VALUE":427},"AGE_AT_FIRST_DIAGNOSIS":{"CATEGORY":["MALE","FEMALE"],"MIN_VALUE":[0,0],"P10_VALUE":[14,8],"P25_VALUE":[29,23],"MEDIAN_VALUE":[47,43],"P75_VALUE":[64,61],"P90_VALUE":[80,78],"MAX_VALUE":[99,98]}}
