{"PREVALENCE_BY_GENDER_AGE_YEAR":{"TRELLIS_NAME":["40-49","20-29","40-49","70-79","0-9","70-79","50-59","20-29","80-89","10-19","50-59","90-99","30-39","10-19","0-9","60-69","60-69","30-39"],"SERIES_NAME":["MALE","MALE","FEMALE","FEMALE","MALE","MALE","MALE","FEMALE","MALE","MALE","FEMALE","MALE","MALE","FEMALE","FEMALE","FEMALE","MALE","FEMALE"],"X_CALENDAR_YEAR":[2019,2019,2019,2019,2019,2019,2019,2019,2019,2019,2019,2019,2019,2019,2019,2019,2019,2019],"Y_PREVALENCE_1000PP":[4.68042,4.21301,2.42684,3.52113,4.2354,4.55667,2.93384,4.32973,3.86527,3.20807,5.07026,3.9886,2.37248,2.62352,3.78629,2.09285,2.11538,4.07034]},"PREVALENCE_BY_MONTH":{"X_CALENDAR_MONTH":[201901,201902,201903,201904,201905,201906,201907,201908,201909,201910,201911,201912],"Y_PREVALENCE_1000PP":[0.44,0.16,0.3,0.35,0.25,0.35,0.22,0.28,0.3,0.34,0.25,0.29]},"CONDITIONS_BY_TYPE":{"CONCEPT_NAME":"Claim","COUNT_VALUE":582},"AGE_AT_FIRST_DIAGNOSIS":{"CATEGORY":["No matching concept","FEMALE","MALE"],"MIN_VALUE":[1,0,0],"P10_VALUE":[1,9,9],"P25_VALUE":[4,26,23],"MEDIAN_VALUE":[41,42,44],"P75_VALUE":[52,58,63],"P90_VALUE":[54,73,79],"MAX_VALUE":[54,96,96]}}
