{"PREVALENCE_BY_GENDER_AGE_YEAR":{"TRELLIS_NAME":["10-19","50-59","0-9","80-89","40-49","50-59","40-49","90-99","20-29","20-29","30-39","70-79","60-69","60-69","80-89","10-19","30-39","70-79","0-9"],"SERIES_NAME":["MALE","MALE","FEMALE","MALE","FEMALE","FEMALE","MALE","FEMALE","FEMALE","MALE","FEMALE","MALE","MALE","FEMALE","FEMALE","FEMALE","MALE","FEMALE","MALE"],"X_CALENDAR_YEAR":[2019,2019,2019,2019,2019,2019,2019,2019,2019,2019,2019,2019,2019,2019,2019,2019,2019,2019,2019],"Y_PREVALENCE_1000PP":[3.43721,2.20038,3.36559,4.41745,2.99786,2.60756,2.34021,5.01672,2.9975,2.02224,2.27939,2.27834,4.80769,3.99543,4.61095,1.96764,2.03355,2.96516,2.45207]},"PREVALENCE_BY_MONTH":{"X_CALENDAR_MONTH":[201901,201902,201903,201904,201905,201906,201907,201908,201909,201910,201911,201912],"Y_PREVALENCE_1000PP":[0.3,0.17,0.25,0.21,0.18,0.31,0.26,0.22,0.25,0.29,0.14,0.25]},"CONDITIONS_BY_TYPE":{"CONCEPT_NAME":"Claim","COUNT_VALUE":485},"AGE_AT_FIRST_DIAGNOSIS":{"CATEGORY":["FEMALE","MALE"],"MIN_VALUE":[0,0],"P10_VALUE":[9,10],"P25_VALUE":[25,24],"MEDIAN_VALUE":[48,49],"P75_VALUE":[66,65],"P90_VALUE":[81,78],"MAX_VALUE":[99,93]}}
