{"PREVALENCE_BY_GENDER_AGE_YEAR":{"TRELLIS_NAME":["40-49","30-39","0-9","60-69","60-69","0-9","70-79","20-29","50-59","30-39","10-19","20-29","80-89","50-59","10-19","40-49","70-79"],"SERIES_NAME":["MALE","FEMALE","MALE","MALE","FEMALE","FEMALE","MALE","MALE","FEMALE","MALE","FEMALE","FEMALE","MALE","MALE","MALE","FEMALE","FEMALE"],"X_CALENDAR_YEAR":[2019,2019,2019,2019,2019,2019,2019,2019,2019,2019,2019,2019,2019,2019,2019,2019,2019],"Y_PREVALENCE_1000PP":[2.48647,2.4422,2.67499,1.73077,2.09285,1.89314,3.60737,2.19077,2.31783,3.55872,3.93529,3.33056,3.86527,3.22723,4.12466,3.56888,3.70645]},"PREVALENCE_BY_MONTH":{"X_CALENDAR_MONTH":[201901,201902,201903,201904,201905,201906,201907,201908,201909,201910,201911,201912],"Y_PREVALENCE_1000PP":[0.32,0.18,0.16,0.32,0.23,0.19,0.23,0.14,0.31,0.22,0.27,0.25]},"CONDITIONS_BY_TYPE":{"CONCEPT_NAME":"Claim","COUNT_VALUE":479},"AGE_AT_FIRST_DIAGNOSIS":{"CATEGORY":["FEMALE","MALE"],"MIN_VALUE":[0,0],"P10_VALUE":[12,12],"P25_VALUE":[23,22],"MEDIAN_VALUE":[43,43],"P75_VALUE":[61,62],"P90_VALUE":[75,79],"MAX_VALUE":[98,96]}}
