{"PREVALENCE_BY_GENDER_AGE_YEAR":{"TRELLIS_NAME":["70-79","10-19","0-9","10-19","70-79","40-49","0-9","30-39","50-59","50-59","30-39","20-29","40-49","60-69"],"SERIES_NAME":["MALE","FEMALE","FEMALE","MALE","FEMALE","FEMALE","MALE","FEMALE","FEMALE","MALE","MALE","MALE","MALE","FEMALE"],"X_CALENDAR_YEAR":[2019,2019,2019,2019,2019,2019,2019,2019,2019,2019,2019,2019,2019,2019],"Y_PREVALENCE_1000PP":[1.51889,2.18627,1.2621,2.06233,2.59451,2.42684,1.33749,0.97688,2.0281,1.32023,2.20302,2.02224,1.31637,1.90259]},"PREVALENCE_BY_MONTH":{"X_CALENDAR_MONTH":[201901,201903,201904,201905,201906,201907,201908,201909,201910,201911,201912],"Y_PREVALENCE_1000PP":[0.14,0.18,0.15,0.16,0.14,0.14,0.18,0.1,0.17,0.12,0.1]},"CONDITIONS_BY_TYPE":{"CONCEPT_NAME":"Claim","COUNT_VALUE":274},"AGE_AT_FIRST_DIAGNOSIS":{"CATEGORY":["MALE","FEMALE"],"MIN_VALUE":[3,0],"P10_VALUE":[10,14],"P25_VALUE":[24,31],"MEDIAN_VALUE":[37,49],"P75_VALUE":[59,66],"P90_VALUE":[77,75],"MAX_VALUE":[98,89]}}
