{"PREVALENCE_BY_GENDER_AGE_YEAR":{"TRELLIS_NAME":["20-29","60-69","10-19","10-19","30-39","0-9","40-49","50-59","20-29","70-79","70-79","30-39","40-49","50-59","60-69","0-9"],"SERIES_NAME":["FEMALE","FEMALE","FEMALE","MALE","MALE","FEMALE","MALE","FEMALE","MALE","FEMALE","MALE","FEMALE","FEMALE","MALE","MALE","MALE"],"X_CALENDAR_YEAR":[2019,2019,2019,2019,2019,2019,2019,2019,2019,2019,2019,2019,2019,2019,2019,2019],"Y_PREVALENCE_1000PP":[2.33139,1.71233,1.74902,4.58295,1.69463,2.52419,2.34021,1.88324,2.19077,2.22387,1.70875,1.95376,2.28408,3.22723,2.69231,2.67499]},"PREVALENCE_BY_MONTH":{"X_CALENDAR_MONTH":[201901,201902,201903,201904,201905,201906,201907,201908,201909,201910,201911,201912],"Y_PREVALENCE_1000PP":[0.2,0.2,0.28,0.17,0.17,0.17,0.17,0.21,0.18,0.22,0.17,0.19]},"CONDITIONS_BY_TYPE":{"CONCEPT_NAME":"Claim","COUNT_VALUE":392},"AGE_AT_FIRST_DIAGNOSIS":{"CATEGORY":["FEMALE","No matching concept","MALE"],"MIN_VALUE":[0,0,1],"P10_VALUE":[7,0,10],"P25_VALUE":[25,0,18],"MEDIAN_VALUE":[43,10,42],"P75_VALUE":[61,37,59],"P90_VALUE":[78,60,74],"MAX_VALUE":[97,60,95]}}
