{"PREVALENCE_BY_GENDER_AGE_YEAR":{"TRELLIS_NAME":["60-69","20-29","70-79","70-79","20-29","50-59","30-39","0-9","40-49","40-49","50-59","30-39","60-69","10-19","0-9","10-19"],"SERIES_NAME":["FEMALE","MALE","MALE","FEMALE","FEMALE","FEMALE","MALE","MALE","MALE","FEMALE","MALE","FEMALE","MALE","MALE","FEMALE","FEMALE"],"X_CALENDAR_YEAR":[2019,2019,2019,2019,2019,2019,2019,2019,2019,2019,2019,2019,2019,2019,2019,2019],"Y_PREVALENCE_1000PP":[1.33181,1.34816,2.84792,2.40919,1.66528,1.73837,2.20302,1.78333,1.90142,2.56959,1.61361,1.79095,2.11538,2.29148,2.52419,1.96764]},"PREVALENCE_BY_MONTH":{"X_CALENDAR_MONTH":[201901,201902,201903,201904,201905,201906,201907,201908,201909,201910,201911,201912],"Y_PREVALENCE_1000PP":[0.14,0.2,0.15,0.18,0.2,0.14,0.16,0.11,0.19,0.2,0.12,0.17]},"CONDITIONS_BY_TYPE":{"CONCEPT_NAME":"Claim","COUNT_VALUE":332},"AGE_AT_FIRST_DIAGNOSIS":{"CATEGORY":["FEMALE","MALE"],"MIN_VALUE":[0,0],"P10_VALUE":[6,11],"P25_VALUE":[24,25],"MEDIAN_VALUE":[41,47],"P75_VALUE":[58,66],"P90_VALUE":[75,79],"MAX_VALUE":[87,98]}}
