{"PREVALENCE_BY_GENDER_AGE_YEAR":{"TRELLIS_NAME":["70-79","20-29","70-79","0-9","40-49","50-59","40-49","30-39","50-59","30-39","60-69","10-19"],"SERIES_NAME":["MALE","MALE","FEMALE","FEMALE","MALE","FEMALE","FEMALE","FEMALE","MALE","MALE","MALE","MALE"],"X_CALENDAR_YEAR":[2019,2019,2019,2019,2019,2019,2019,2019,2019,2019,2019,2019],"Y_PREVALENCE_1000PP":[1.32903,1.51668,1.11193,1.47244,1.60889,1.01405,0.85653,1.79095,1.32023,1.01678,1.34615,1.83318]},"PREVALENCE_BY_MONTH":{"X_CALENDAR_MONTH":[201901,201902,201903,201904,201905,201906,201907,201908,201909,201910,201911,201912],"Y_PREVALENCE_1000PP":[0.17,0.11,0.1,0.07,0.09,0.12,0.12,0.16,0.06,0.09,0.06,0.11]},"CONDITIONS_BY_TYPE":{"CONCEPT_NAME":"Claim","COUNT_VALUE":214},"AGE_AT_FIRST_DIAGNOSIS":{"CATEGORY":["No matching concept","MALE","FEMALE"],"MIN_VALUE":[5,3,0],"P10_VALUE":[5,19,5],"P25_VALUE":[11,24,26],"MEDIAN_VALUE":[57,45,42],"P75_VALUE":[66,64,66],"P90_VALUE":[81,75,84],"MAX_VALUE":[81,93,99]}}
