{"PREVALENCE_BY_GENDER_AGE_YEAR":{"TRELLIS_NAME":["50-59","10-19","90-99","60-69","70-79","60-69","80-89","20-29","0-9","50-59","40-49","20-29","90-99","0-9","30-39","40-49","70-79","30-39","80-89","10-19"],"SERIES_NAME":["FEMALE","MALE","MALE","FEMALE","FEMALE","MALE","MALE","MALE","MALE","MALE","MALE","FEMALE","FEMALE","FEMALE","FEMALE","FEMALE","MALE","MALE","FEMALE","FEMALE"],"X_CALENDAR_YEAR":[2019,2019,2019,2019,2019,2019,2019,2019,2019,2019,2019,2019,2019,2019,2019,2019,2019,2019,2019,2019],"Y_PREVALENCE_1000PP":[31.14588,34.60128,32.47863,39.38356,33.35804,35.96154,34.78741,33.03,34.10611,31.39211,33.93301,34.13822,37.90412,37.2318,31.91143,32.54818,33.60547,29.48653,36.31124,34.98032]},"PREVALENCE_BY_MONTH":{"X_CALENDAR_MONTH":[201901,201902,201903,201904,201905,201906,201907,201908,201909,201910,201911,201912],"Y_PREVALENCE_1000PP":[3.26,2.42,2.85,3.17,2.67,2.67,3.29,2.57,2.73,3.35,2.41,2.85]},"CONDITIONS_BY_TYPE":{"CONCEPT_NAME":"Claim","COUNT_VALUE":5808},"AGE_AT_FIRST_DIAGNOSIS":{"CATEGORY":["No matching concept","MALE","FEMALE"],"MIN_VALUE":[0,0,0],"P10_VALUE":[9,10,9],"P25_VALUE":[23,24,24],"MEDIAN_VALUE":[48,45,45],"P75_VALUE":[60,64,64],"P90_VALUE":[71,77,77],"MAX_VALUE":[98,99,99]}}
