{"PREVALENCE_BY_GENDER_AGE_YEAR":{"TRELLIS_NAME":["20-29","50-59","0-9","40-49","10-19","70-79","0-9","70-79","30-39","20-29","40-49","10-19","60-69","50-59","30-39","60-69"],"SERIES_NAME":["FEMALE","FEMALE","FEMALE","MALE","MALE","FEMALE","MALE","MALE","FEMALE","MALE","FEMALE","FEMALE","MALE","MALE","MALE","FEMALE"],"X_CALENDAR_YEAR":[2019,2019,2019,2019,2019,2019,2019,2019,2019,2019,2019,2019,2019,2019,2019,2019],"Y_PREVALENCE_1000PP":[2.16486,2.17297,2.52419,2.34021,1.60403,1.29726,2.00624,3.22764,1.30251,2.69633,2.14133,3.49803,1.34615,2.49377,2.37248,1.90259]},"PREVALENCE_BY_MONTH":{"X_CALENDAR_MONTH":[201901,201902,201903,201904,201905,201906,201907,201908,201909,201910,201911,201912],"Y_PREVALENCE_1000PP":[0.17,0.16,0.14,0.2,0.19,0.2,0.18,0.12,0.16,0.37,0.15,0.11]},"CONDITIONS_BY_TYPE":{"CONCEPT_NAME":"Claim","COUNT_VALUE":369},"AGE_AT_FIRST_DIAGNOSIS":{"CATEGORY":["MALE","FEMALE"],"MIN_VALUE":[0,0],"P10_VALUE":[12,7],"P25_VALUE":[27,16],"MEDIAN_VALUE":[44,41],"P75_VALUE":[66,58],"P90_VALUE":[75,70],"MAX_VALUE":[98,95]}}
