{"PREVALENCE_BY_GENDER_AGE_YEAR":{"TRELLIS_NAME":["40-49","50-59","70-79","0-9","90-99","20-29","40-49","30-39","0-9","30-39","10-19","50-59","20-29","80-89","80-89","60-69","10-19","60-69","90-99","70-79"],"SERIES_NAME":["MALE","MALE","MALE","FEMALE","MALE","MALE","FEMALE","FEMALE","MALE","MALE","MALE","FEMALE","FEMALE","MALE","FEMALE","FEMALE","FEMALE","MALE","FEMALE","FEMALE"],"X_CALENDAR_YEAR":[2019,2019,2019,2019,2019,2019,2019,2019,2019,2019,2019,2019,2019,2019,2019,2019,2019,2019,2019,2019],"Y_PREVALENCE_1000PP":[13.01741,13.34898,12.34099,9.88641,7.97721,12.30199,13.41899,11.72257,11.59162,10.67616,9.39505,11.73403,10.99084,10.49144,15.56196,11.41553,13.33625,12.69231,12.2631,15.75241]},"PREVALENCE_BY_MONTH":{"X_CALENDAR_MONTH":[201901,201902,201903,201904,201905,201906,201907,201908,201909,201910,201911,201912],"Y_PREVALENCE_1000PP":[1.3,0.77,1.14,1.12,1,0.93,1.25,0.81,0.81,1.11,0.94,0.98]},"CONDITIONS_BY_TYPE":{"CONCEPT_NAME":"Claim","COUNT_VALUE":2067},"AGE_AT_FIRST_DIAGNOSIS":{"CATEGORY":["No matching concept","FEMALE","MALE"],"MIN_VALUE":[2,0,0],"P10_VALUE":[14,12,10],"P25_VALUE":[20,27,26],"MEDIAN_VALUE":[31,46,46],"P75_VALUE":[57,65,62],"P90_VALUE":[68,78,75],"MAX_VALUE":[89,99,99]}}
