{"PREVALENCE_BY_GENDER_AGE_YEAR":{"TRELLIS_NAME":["30-39","70-79","80-89","20-29","80-89","60-69","70-79","40-49","30-39","50-59","10-19","60-69","40-49","0-9","20-29","0-9","10-19","50-59"],"SERIES_NAME":["FEMALE","FEMALE","MALE","FEMALE","FEMALE","FEMALE","MALE","MALE","MALE","MALE","MALE","MALE","FEMALE","FEMALE","MALE","MALE","FEMALE","FEMALE"],"X_CALENDAR_YEAR":[2019,2019,2019,2019,2019,2019,2019,2019,2019,2019,2019,2019,2019,2019,2019,2019,2019,2019],"Y_PREVALENCE_1000PP":[2.93064,2.22387,4.41745,2.66445,5.18732,1.33181,1.89861,2.92526,2.88087,3.08053,3.20807,3.65385,2.71235,2.31384,3.70745,2.8979,3.93529,1.88324]},"PREVALENCE_BY_MONTH":{"X_CALENDAR_MONTH":[201901,201902,201903,201904,201905,201906,201907,201908,201909,201910,201911,201912],"Y_PREVALENCE_1000PP":[0.32,0.22,0.21,0.24,0.18,0.22,0.32,0.22,0.13,0.36,0.17,0.19]},"CONDITIONS_BY_TYPE":{"CONCEPT_NAME":"Claim","COUNT_VALUE":471},"AGE_AT_FIRST_DIAGNOSIS":{"CATEGORY":["FEMALE","MALE"],"MIN_VALUE":[0,0],"P10_VALUE":[10,10],"P25_VALUE":[21,23],"MEDIAN_VALUE":[40,44],"P75_VALUE":[60,61],"P90_VALUE":[81,76],"MAX_VALUE":[98,99]}}
