{"PREVALENCE_BY_GENDER_AGE_YEAR":{"TRELLIS_NAME":["40-49","10-19","20-29","30-39","80-89","50-59","40-49","0-9","60-69","20-29","70-79","60-69","30-39","0-9","50-59","10-19","70-79"],"SERIES_NAME":["MALE","MALE","MALE","MALE","MALE","FEMALE","FEMALE","MALE","MALE","FEMALE","FEMALE","FEMALE","FEMALE","FEMALE","MALE","FEMALE","MALE"],"X_CALENDAR_YEAR":[2019,2019,2019,2019,2019,2019,2019,2019,2019,2019,2019,2019,2019,2019,2019,2019,2019],"Y_PREVALENCE_1000PP":[2.92526,2.97892,3.03337,1.52517,3.86527,2.17297,3.99714,4.2354,2.30769,2.9975,1.6679,1.71233,2.60501,3.15524,3.08053,2.84215,3.60737]},"PREVALENCE_BY_MONTH":{"X_CALENDAR_MONTH":[201901,201902,201903,201904,201905,201906,201907,201908,201909,201910,201911,201912],"Y_PREVALENCE_1000PP":[0.3,0.18,0.23,0.24,0.16,0.19,0.2,0.2,0.21,0.29,0.24,0.29]},"CONDITIONS_BY_TYPE":{"CONCEPT_NAME":"Claim","COUNT_VALUE":470},"AGE_AT_FIRST_DIAGNOSIS":{"CATEGORY":["MALE","FEMALE"],"MIN_VALUE":[0,0],"P10_VALUE":[6,8],"P25_VALUE":[20,21],"MEDIAN_VALUE":[47,40],"P75_VALUE":[63,53],"P90_VALUE":[78,71],"MAX_VALUE":[95,86]}}
