{"PREVALENCE_BY_GENDER_AGE_YEAR":{"TRELLIS_NAME":["10-19","30-39","70-79","90-99","30-39","10-19","0-9","40-49","20-29","50-59","60-69","20-29","50-59","40-49","0-9","60-69","70-79"],"SERIES_NAME":["MALE","MALE","MALE","MALE","FEMALE","FEMALE","FEMALE","MALE","MALE","FEMALE","FEMALE","FEMALE","MALE","FEMALE","MALE","MALE","FEMALE"],"X_CALENDAR_YEAR":[2019,2019,2019,2019,2019,2019,2019,2019,2019,2019,2019,2019,2019,2019,2019,2019,2019],"Y_PREVALENCE_1000PP":[1.83318,2.03355,2.84792,4.5584,2.11657,1.96764,2.31384,2.48647,3.03337,3.62161,3.42466,2.83097,2.49377,1.85582,2.45207,3.07692,3.15048]},"PREVALENCE_BY_MONTH":{"X_CALENDAR_MONTH":[201901,201902,201903,201904,201905,201906,201907,201908,201909,201910,201911,201912],"Y_PREVALENCE_1000PP":[0.29,0.17,0.16,0.19,0.23,0.24,0.29,0.21,0.18,0.21,0.24,0.17]},"CONDITIONS_BY_TYPE":{"CONCEPT_NAME":"Claim","COUNT_VALUE":431},"AGE_AT_FIRST_DIAGNOSIS":{"CATEGORY":["FEMALE","MALE"],"MIN_VALUE":[0,0],"P10_VALUE":[10,10],"P25_VALUE":[27,26],"MEDIAN_VALUE":[50,49],"P75_VALUE":[65,67],"P90_VALUE":[74,80],"MAX_VALUE":[91,99]}}
