{"PREVALENCE_BY_GENDER_AGE_YEAR":{"TRELLIS_NAME":["0-9","60-69","20-29","70-79","40-49","50-59","70-79","10-19","30-39","30-39","20-29","0-9"],"SERIES_NAME":["MALE","FEMALE","FEMALE","MALE","MALE","MALE","FEMALE","FEMALE","FEMALE","MALE","MALE","FEMALE"],"X_CALENDAR_YEAR":[2019,2019,2019,2019,2019,2019,2019,2019,2019,2019,2019,2019],"Y_PREVALENCE_1000PP":[1.56041,1.33181,2.33139,1.32903,2.48647,1.32023,1.6679,1.74902,1.46532,2.7114,1.85372,1.47244]},"PREVALENCE_BY_MONTH":{"X_CALENDAR_MONTH":[201901,201902,201903,201904,201905,201906,201907,201908,201909,201910,201911,201912],"Y_PREVALENCE_1000PP":[0.14,0.13,0.12,0.13,0.11,0.14,0.14,0.12,0.09,0.16,0.1,0.11]},"CONDITIONS_BY_TYPE":{"CONCEPT_NAME":"Claim","COUNT_VALUE":238},"AGE_AT_FIRST_DIAGNOSIS":{"CATEGORY":["MALE","FEMALE"],"MIN_VALUE":[0,0],"P10_VALUE":[10,9],"P25_VALUE":[25,21],"MEDIAN_VALUE":[38,36],"P75_VALUE":[53,64],"P90_VALUE":[72,79],"MAX_VALUE":[97,99]}}
