{"PREVALENCE_BY_GENDER_AGE_YEAR":{"TRELLIS_NAME":["70-79","30-39","10-19","10-19","0-9","90-99","0-9","20-29","40-49","60-69","30-39","50-59","40-49","50-59","60-69","20-29","70-79"],"SERIES_NAME":["FEMALE","FEMALE","MALE","FEMALE","FEMALE","FEMALE","MALE","MALE","FEMALE","MALE","MALE","FEMALE","MALE","MALE","FEMALE","FEMALE","MALE"],"X_CALENDAR_YEAR":[2019,2019,2019,2019,2019,2019,2019,2019,2019,2019,2019,2019,2019,2019,2019,2019,2019],"Y_PREVALENCE_1000PP":[2.96516,3.09345,3.43721,3.71666,3.78629,3.9019,2.67499,3.70745,2.28408,3.26923,3.05033,3.76648,3.9491,2.78715,2.47336,1.66528,3.22764]},"PREVALENCE_BY_MONTH":{"X_CALENDAR_MONTH":[201901,201902,201903,201904,201905,201906,201907,201908,201909,201910,201911,201912],"Y_PREVALENCE_1000PP":[0.29,0.26,0.17,0.35,0.19,0.29,0.26,0.3,0.2,0.32,0.25,0.18]},"CONDITIONS_BY_TYPE":{"CONCEPT_NAME":"Claim","COUNT_VALUE":515},"AGE_AT_FIRST_DIAGNOSIS":{"CATEGORY":["MALE","No matching concept","FEMALE"],"MIN_VALUE":[0,2,0],"P10_VALUE":[11,2,7],"P25_VALUE":[25,20,21],"MEDIAN_VALUE":[42,22,43],"P75_VALUE":[60,42,63],"P90_VALUE":[73,54,76],"MAX_VALUE":[96,54,98]}}
