{"PREVALENCE_BY_GENDER_AGE_YEAR":{"TRELLIS_NAME":["10-19","70-79","30-39","0-9","30-39","80-89","20-29","80-89","60-69","20-29","40-49","40-49","0-9","50-59","70-79","60-69","10-19","50-59"],"SERIES_NAME":["FEMALE","FEMALE","MALE","MALE","FEMALE","MALE","MALE","FEMALE","FEMALE","FEMALE","FEMALE","MALE","FEMALE","MALE","MALE","MALE","MALE","FEMALE"],"X_CALENDAR_YEAR":[2019,2019,2019,2019,2019,2019,2019,2019,2019,2019,2019,2019,2019,2019,2019,2019,2019,2019],"Y_PREVALENCE_1000PP":[3.27941,1.6679,2.7114,1.56041,2.11657,3.31309,2.35929,4.03458,2.47336,2.33139,1.85582,1.90142,3.36559,2.20038,2.84792,3.07692,3.20807,2.89729]},"PREVALENCE_BY_MONTH":{"X_CALENDAR_MONTH":[201901,201902,201903,201904,201905,201906,201907,201908,201909,201910,201911,201912],"Y_PREVALENCE_1000PP":[0.26,0.19,0.18,0.27,0.13,0.16,0.28,0.12,0.28,0.24,0.15,0.19]},"CONDITIONS_BY_TYPE":{"CONCEPT_NAME":"Claim","COUNT_VALUE":400},"AGE_AT_FIRST_DIAGNOSIS":{"CATEGORY":["MALE","FEMALE"],"MIN_VALUE":[0,0],"P10_VALUE":[12,7],"P25_VALUE":[26,19],"MEDIAN_VALUE":[47,42],"P75_VALUE":[65,63],"P90_VALUE":[78,77],"MAX_VALUE":[99,99]}}
