{"PREVALENCE_BY_GENDER_AGE_YEAR":{"TRELLIS_NAME":["50-59","10-19","90-99","0-9","50-59","70-79","30-39","20-29","90-99","10-19","60-69","30-39","80-89","80-89","70-79","20-29","40-49","60-69","0-9","40-49"],"SERIES_NAME":["FEMALE","FEMALE","MALE","FEMALE","MALE","FEMALE","FEMALE","FEMALE","FEMALE","MALE","MALE","MALE","FEMALE","MALE","MALE","MALE","FEMALE","FEMALE","MALE","MALE"],"X_CALENDAR_YEAR":[2019,2019,2019,2019,2019,2019,2019,2019,2019,2019,2019,2019,2019,2019,2019,2019,2019,2019,2019,2019],"Y_PREVALENCE_1000PP":[20.13617,16.83428,16.52422,18.93143,23.76412,20.20015,19.21198,19.81682,18.39465,19.01925,14.80769,17.62413,20.17291,15.46107,20.69489,21.06505,18.12991,18.64536,16.9416,18.42914]},"PREVALENCE_BY_MONTH":{"X_CALENDAR_MONTH":[201901,201902,201903,201904,201905,201906,201907,201908,201909,201910,201911,201912],"Y_PREVALENCE_1000PP":[1.78,1.22,1.43,1.86,1.62,1.51,1.86,1.64,1.51,1.92,1.45,1.43]},"CONDITIONS_BY_TYPE":{"CONCEPT_NAME":"Claim","COUNT_VALUE":3192},"AGE_AT_FIRST_DIAGNOSIS":{"CATEGORY":["MALE","FEMALE","No matching concept"],"MIN_VALUE":[0,0,0],"P10_VALUE":[12,10,5],"P25_VALUE":[25,26,26],"MEDIAN_VALUE":[45,45,45],"P75_VALUE":[61,63,57],"P90_VALUE":[76,77,77],"MAX_VALUE":[99,99,84]}}
