{"PREVALENCE_BY_GENDER_AGE_YEAR":{"TRELLIS_NAME":["80-89","0-9","70-79","30-39","20-29","70-79","60-69","50-59","40-49","10-19","0-9","30-39","50-59","10-19","40-49","60-69","20-29","80-89"],"SERIES_NAME":["FEMALE","MALE","FEMALE","FEMALE","MALE","MALE","MALE","FEMALE","FEMALE","FEMALE","FEMALE","MALE","MALE","MALE","MALE","FEMALE","FEMALE","MALE"],"X_CALENDAR_YEAR":[2019,2019,2019,2019,2019,2019,2019,2019,2019,2019,2019,2019,2019,2019,2019,2019,2019,2019],"Y_PREVALENCE_1000PP":[4.03458,2.45207,2.40919,2.11657,1.6852,2.27834,2.5,2.60756,1.85582,3.27941,3.15524,2.20302,3.22723,2.06233,2.48647,2.09285,3.33056,3.86527]},"PREVALENCE_BY_MONTH":{"X_CALENDAR_MONTH":[201901,201902,201903,201904,201905,201906,201907,201908,201909,201910,201911,201912],"Y_PREVALENCE_1000PP":[0.28,0.18,0.16,0.3,0.13,0.19,0.25,0.13,0.33,0.21,0.16,0.18]},"CONDITIONS_BY_TYPE":{"CONCEPT_NAME":"Claim","COUNT_VALUE":423},"AGE_AT_FIRST_DIAGNOSIS":{"CATEGORY":["MALE","FEMALE"],"MIN_VALUE":[0,0],"P10_VALUE":[11,9],"P25_VALUE":[29,21],"MEDIAN_VALUE":[48,41],"P75_VALUE":[62,61],"P90_VALUE":[76,76],"MAX_VALUE":[96,99]}}
