{"PREVALENCE_BY_GENDER_AGE_YEAR":{"TRELLIS_NAME":["40-49","30-39","70-79","40-49","50-59","90-99","20-29","90-99","20-29","0-9","0-9","80-89","70-79","60-69","80-89","50-59","10-19","10-19","60-69","30-39"],"SERIES_NAME":["FEMALE","FEMALE","FEMALE","MALE","MALE","FEMALE","MALE","MALE","FEMALE","MALE","FEMALE","MALE","MALE","MALE","FEMALE","FEMALE","FEMALE","MALE","FEMALE","MALE"],"X_CALENDAR_YEAR":[2019,2019,2019,2019,2019,2019,2019,2019,2019,2019,2019,2019,2019,2019,2019,2019,2019,2019,2019,2019],"Y_PREVALENCE_1000PP":[13.56174,12.86226,11.86064,10.96972,12.9089,7.24638,11.45939,10.25641,13.48876,12.03745,14.30374,11.04362,13.67002,12.5,8.64553,12.60322,15.74115,10.31164,13.88889,13.04864]},"PREVALENCE_BY_MONTH":{"X_CALENDAR_MONTH":[201901,201902,201903,201904,201905,201906,201907,201908,201909,201910,201911,201912],"Y_PREVALENCE_1000PP":[1.33,0.85,1.18,1.21,0.87,1.12,0.93,0.98,1.01,1.22,0.8,1.1]},"CONDITIONS_BY_TYPE":{"CONCEPT_NAME":"Claim","COUNT_VALUE":2088},"AGE_AT_FIRST_DIAGNOSIS":{"CATEGORY":["No matching concept","MALE","FEMALE"],"MIN_VALUE":[0,0,0],"P10_VALUE":[11,10,9],"P25_VALUE":[25,25,23],"MEDIAN_VALUE":[43,46,43],"P75_VALUE":[63,65,60],"P90_VALUE":[79,77,74],"MAX_VALUE":[91,99,99]}}
