{"PREVALENCE_BY_GENDER_AGE_YEAR":{"TRELLIS_NAME":["90-99","30-39","30-39","50-59","40-49","50-59","40-49","20-29","70-79","10-19","10-19","70-79","20-29","0-9","60-69","60-69"],"SERIES_NAME":["MALE","FEMALE","MALE","FEMALE","MALE","MALE","FEMALE","MALE","FEMALE","FEMALE","MALE","MALE","FEMALE","FEMALE","FEMALE","MALE"],"X_CALENDAR_YEAR":[2019,2019,2019,2019,2019,2019,2019,2019,2019,2019,2019,2019,2019,2019,2019,2019],"Y_PREVALENCE_1000PP":[3.4188,1.62813,2.03355,1.73837,1.31637,2.34707,1.85582,1.6852,1.85322,1.31176,2.06233,2.27834,1.99833,1.89314,1.90259,2.11538]},"PREVALENCE_BY_MONTH":{"X_CALENDAR_MONTH":[201901,201902,201903,201904,201905,201906,201907,201908,201909,201910,201911,201912],"Y_PREVALENCE_1000PP":[0.22,0.15,0.06,0.15,0.19,0.12,0.11,0.18,0.16,0.24,0.14,0.14]},"CONDITIONS_BY_TYPE":{"CONCEPT_NAME":"Claim","COUNT_VALUE":310},"AGE_AT_FIRST_DIAGNOSIS":{"CATEGORY":["MALE","FEMALE"],"MIN_VALUE":[2,0],"P10_VALUE":[14,10],"P25_VALUE":[28,25],"MEDIAN_VALUE":[51,44],"P75_VALUE":[65,66],"P90_VALUE":[79,77],"MAX_VALUE":[98,99]}}
