{"PREVALENCE_BY_GENDER_AGE_YEAR":{"TRELLIS_NAME":["50-59","10-19","60-69","60-69","30-39","50-59","0-9","40-49","40-49","30-39","10-19","20-29","0-9","20-29","70-79","70-79"],"SERIES_NAME":["FEMALE","FEMALE","FEMALE","MALE","FEMALE","MALE","FEMALE","FEMALE","MALE","MALE","MALE","MALE","MALE","FEMALE","MALE","FEMALE"],"X_CALENDAR_YEAR":[2019,2019,2019,2019,2019,2019,2019,2019,2019,2019,2019,2019,2019,2019,2019,2019],"Y_PREVALENCE_1000PP":[4.05621,2.18627,3.04414,3.07692,3.41908,2.64046,4.20698,2.14133,2.92526,2.37248,2.52062,2.19077,1.78333,3.33056,2.4682,2.22387]},"PREVALENCE_BY_MONTH":{"X_CALENDAR_MONTH":[201901,201902,201903,201904,201905,201906,201907,201908,201909,201910,201911,201912],"Y_PREVALENCE_1000PP":[0.29,0.16,0.23,0.27,0.25,0.16,0.22,0.31,0.17,0.3,0.15,0.24]},"CONDITIONS_BY_TYPE":{"CONCEPT_NAME":"Claim","COUNT_VALUE":476},"AGE_AT_FIRST_DIAGNOSIS":{"CATEGORY":["No matching concept","FEMALE","MALE"],"MIN_VALUE":[1,0,1],"P10_VALUE":[1,7,15],"P25_VALUE":[17,23,27],"MEDIAN_VALUE":[23,43,48],"P75_VALUE":[75,59,63],"P90_VALUE":[98,72,74],"MAX_VALUE":[98,99,93]}}
