{"PREVALENCE_BY_GENDER_AGE_YEAR":{"TRELLIS_NAME":["60-69","60-69","30-39","10-19","70-79","40-49","20-29","20-29","50-59","10-19","40-49","0-9","50-59","30-39","0-9","70-79"],"SERIES_NAME":["FEMALE","MALE","MALE","FEMALE","MALE","MALE","MALE","FEMALE","MALE","MALE","FEMALE","MALE","FEMALE","FEMALE","FEMALE","FEMALE"],"X_CALENDAR_YEAR":[2019,2019,2019,2019,2019,2019,2019,2019,2019,2019,2019,2019,2019,2019,2019,2019],"Y_PREVALENCE_1000PP":[1.71233,2.88462,1.52517,2.18627,1.70875,2.34021,3.70745,2.9975,3.08053,3.20807,3.14061,2.8979,2.4627,3.5819,1.68279,1.6679]},"PREVALENCE_BY_MONTH":{"X_CALENDAR_MONTH":[201901,201902,201903,201904,201905,201906,201907,201908,201909,201910,201911,201912],"Y_PREVALENCE_1000PP":[0.19,0.23,0.24,0.26,0.18,0.19,0.22,0.21,0.27,0.24,0.16,0.2]},"CONDITIONS_BY_TYPE":{"CONCEPT_NAME":"Claim","COUNT_VALUE":420},"AGE_AT_FIRST_DIAGNOSIS":{"CATEGORY":["FEMALE","No matching concept","MALE"],"MIN_VALUE":[3,2,0],"P10_VALUE":[14,2,9],"P25_VALUE":[27,39,21],"MEDIAN_VALUE":[41,44,41],"P75_VALUE":[58,46,60],"P90_VALUE":[73,57,77],"MAX_VALUE":[97,57,99]}}
