{"PREVALENCE_BY_GENDER_AGE_YEAR":{"TRELLIS_NAME":["40-49","50-59","0-9","10-19","10-19","50-59","30-39","30-39","70-79","40-49","20-29"],"SERIES_NAME":["FEMALE","FEMALE","FEMALE","FEMALE","MALE","MALE","MALE","FEMALE","FEMALE","MALE","FEMALE"],"X_CALENDAR_YEAR":[2019,2019,2019,2019,2019,2019,2019,2019,2019,2019,2019],"Y_PREVALENCE_1000PP":[0.99929,1.59351,2.10349,1.53039,1.37489,1.02684,1.69463,1.46532,1.48258,1.02384,1.66528]},"PREVALENCE_BY_MONTH":{"X_CALENDAR_MONTH":[201901,201902,201903,201904,201905,201906,201907,201908,201909,201910,201911],"Y_PREVALENCE_1000PP":[0.16,0.07,0.1,0.12,0.09,0.1,0.18,0.11,0.09,0.12,0.1]},"CONDITIONS_BY_TYPE":{"CONCEPT_NAME":"Claim","COUNT_VALUE":224},"AGE_AT_FIRST_DIAGNOSIS":{"CATEGORY":["FEMALE","MALE"],"MIN_VALUE":[0,1],"P10_VALUE":[7,10],"P25_VALUE":[22,24],"MEDIAN_VALUE":[36,43],"P75_VALUE":[58,62],"P90_VALUE":[75,82],"MAX_VALUE":[93,98]}}
