{"PREVALENCE_BY_GENDER_AGE_YEAR":{"TRELLIS_NAME":["30-39","10-19","50-59","20-29","10-19","0-9","70-79","40-49","20-29","60-69","50-59","0-9","30-39","40-49","60-69","70-79"],"SERIES_NAME":["MALE","MALE","FEMALE","MALE","FEMALE","MALE","FEMALE","MALE","FEMALE","MALE","MALE","FEMALE","FEMALE","FEMALE","FEMALE","MALE"],"X_CALENDAR_YEAR":[2019,2019,2019,2019,2019,2019,2019,2019,2019,2019,2019,2019,2019,2019,2019,2019],"Y_PREVALENCE_1000PP":[1.69463,1.60403,1.44865,1.17964,1.31176,1.33749,1.6679,2.04768,1.1657,1.34615,2.05369,1.2621,1.95376,1.42755,1.71233,2.84792]},"PREVALENCE_BY_MONTH":{"X_CALENDAR_MONTH":[201901,201902,201903,201904,201905,201906,201907,201908,201909,201910,201911,201912],"Y_PREVALENCE_1000PP":[0.19,0.13,0.09,0.18,0.18,0.09,0.14,0.12,0.14,0.17,0.15,0.08]},"CONDITIONS_BY_TYPE":{"CONCEPT_NAME":"Claim","COUNT_VALUE":278},"AGE_AT_FIRST_DIAGNOSIS":{"CATEGORY":["MALE","FEMALE"],"MIN_VALUE":[1,0],"P10_VALUE":[16,12],"P25_VALUE":[31,31],"MEDIAN_VALUE":[47,46],"P75_VALUE":[69,65],"P90_VALUE":[79,81],"MAX_VALUE":[96,98]}}
