{"PREVALENCE_BY_GENDER_AGE_YEAR":{"TRELLIS_NAME":["90-99","70-79","10-19","0-9","0-9","90-99","60-69","10-19","40-49","20-29","70-79","40-49","50-59","30-39","60-69","50-59","80-89","30-39","20-29","80-89"],"SERIES_NAME":["MALE","MALE","MALE","FEMALE","MALE","FEMALE","MALE","FEMALE","FEMALE","FEMALE","FEMALE","MALE","FEMALE","FEMALE","FEMALE","MALE","MALE","MALE","MALE","FEMALE"],"X_CALENDAR_YEAR":[2019,2019,2019,2019,2019,2019,2019,2019,2019,2019,2019,2019,2019,2019,2019,2019,2019,2019,2019,2019],"Y_PREVALENCE_1000PP":[7.40741,9.87279,7.56187,7.78292,6.91039,5.57414,6.92308,7.43332,5.71021,6.49459,6.11564,6.14305,6.9535,7.97786,8.18113,7.77468,3.86527,7.96475,7.07786,6.91643]},"PREVALENCE_BY_MONTH":{"X_CALENDAR_MONTH":[201901,201902,201903,201904,201905,201906,201907,201908,201909,201910,201911,201912],"Y_PREVALENCE_1000PP":[0.57,0.59,0.53,0.73,0.54,0.53,0.82,0.65,0.48,0.69,0.51,0.55]},"CONDITIONS_BY_TYPE":{"CONCEPT_NAME":"Claim","COUNT_VALUE":1254},"AGE_AT_FIRST_DIAGNOSIS":{"CATEGORY":["MALE","FEMALE","No matching concept"],"MIN_VALUE":[0,0,23],"P10_VALUE":[12,8,24],"P25_VALUE":[26,24,47],"MEDIAN_VALUE":[46,43,62],"P75_VALUE":[65,63,71],"P90_VALUE":[77,75,81],"MAX_VALUE":[99,98,98]}}
