{"PREVALENCE_BY_GENDER_AGE_YEAR":{"TRELLIS_NAME":["60-69","20-29","20-29","70-79","50-59","0-9","60-69","80-89","10-19","10-19","30-39","40-49","30-39","90-99","90-99","50-59","70-79","40-49","0-9","80-89"],"SERIES_NAME":["MALE","FEMALE","MALE","FEMALE","FEMALE","MALE","FEMALE","FEMALE","MALE","FEMALE","MALE","FEMALE","FEMALE","MALE","FEMALE","MALE","MALE","MALE","FEMALE","MALE"],"X_CALENDAR_YEAR":[2019,2019,2019,2019,2019,2019,2019,2019,2019,2019,2019,2019,2019,2019,2019,2019,2019,2019,2019,2019],"Y_PREVALENCE_1000PP":[33.84615,31.14072,34.20964,31.69014,27.81399,29.64779,31.77321,31.12392,33.45555,31.04504,27.7919,31.8344,29.46923,38.74644,25.08361,32.41895,28.85893,28.81381,32.18342,35.89177]},"PREVALENCE_BY_MONTH":{"X_CALENDAR_MONTH":[201901,201902,201903,201904,201905,201906,201907,201908,201909,201910,201911,201912],"Y_PREVALENCE_1000PP":[2.98,2.2,2.48,3.17,2.29,2.59,2.98,2.48,2.5,3.24,2.25,2.33]},"CONDITIONS_BY_TYPE":{"CONCEPT_NAME":"Claim","COUNT_VALUE":5239},"AGE_AT_FIRST_DIAGNOSIS":{"CATEGORY":["No matching concept","MALE","FEMALE"],"MIN_VALUE":[0,0,0],"P10_VALUE":[9,11,9],"P25_VALUE":[21,24,24],"MEDIAN_VALUE":[48,46,44],"P75_VALUE":[64,63,63],"P90_VALUE":[77,78,76],"MAX_VALUE":[98,99,99]}}
