{"PREVALENCE_BY_GENDER_AGE_YEAR":{"TRELLIS_NAME":["40-49","60-69","50-59","40-49","20-29","50-59","10-19","10-19","30-39","70-79","0-9","30-39","70-79","60-69","20-29"],"SERIES_NAME":["MALE","FEMALE","FEMALE","FEMALE","MALE","MALE","FEMALE","MALE","FEMALE","FEMALE","MALE","MALE","MALE","MALE","FEMALE"],"X_CALENDAR_YEAR":[2019,2019,2019,2019,2019,2019,2019,2019,2019,2019,2019,2019,2019,2019,2019],"Y_PREVALENCE_1000PP":[1.1701,2.28311,1.15892,0.99929,1.17964,1.32023,1.31176,1.83318,1.46532,1.29726,1.56041,2.20302,1.51889,1.34615,1.83181]},"PREVALENCE_BY_MONTH":{"X_CALENDAR_MONTH":[201901,201902,201903,201904,201905,201906,201907,201908,201909,201910,201911,201912],"Y_PREVALENCE_1000PP":[0.11,0.12,0.1,0.13,0.06,0.11,0.17,0.1,0.14,0.15,0.07,0.14]},"CONDITIONS_BY_TYPE":{"CONCEPT_NAME":"Claim","COUNT_VALUE":238},"AGE_AT_FIRST_DIAGNOSIS":{"CATEGORY":["MALE","FEMALE"],"MIN_VALUE":[0,0],"P10_VALUE":[10,17],"P25_VALUE":[25,25],"MEDIAN_VALUE":[40,43],"P75_VALUE":[63,65],"P90_VALUE":[79,75],"MAX_VALUE":[98,98]}}
