{"PREVALENCE_BY_GENDER_AGE_YEAR":{"TRELLIS_NAME":["40-49","70-79","20-29","10-19","70-79","80-89","30-39","50-59","50-59","20-29","30-39","60-69","40-49","60-69","10-19","0-9","0-9"],"SERIES_NAME":["MALE","FEMALE","MALE","MALE","MALE","MALE","FEMALE","FEMALE","MALE","FEMALE","MALE","MALE","FEMALE","FEMALE","FEMALE","FEMALE","MALE"],"X_CALENDAR_YEAR":[2019,2019,2019,2019,2019,2019,2019,2019,2019,2019,2019,2019,2019,2019,2019,2019,2019],"Y_PREVALENCE_1000PP":[4.24163,5.18903,4.38153,4.58295,3.03778,3.31309,3.74471,4.78053,2.93384,3.99667,4.23657,4.03846,4.71092,3.99543,3.93529,4.41733,2.22916]},"PREVALENCE_BY_MONTH":{"X_CALENDAR_MONTH":[201901,201902,201903,201904,201905,201906,201907,201908,201909,201910,201911,201912],"Y_PREVALENCE_1000PP":[0.47,0.29,0.28,0.44,0.39,0.23,0.42,0.17,0.36,0.38,0.26,0.28]},"CONDITIONS_BY_TYPE":{"CONCEPT_NAME":"Claim","COUNT_VALUE":657},"AGE_AT_FIRST_DIAGNOSIS":{"CATEGORY":["MALE","No matching concept","FEMALE"],"MIN_VALUE":[3,5,1],"P10_VALUE":[13,5,9],"P25_VALUE":[24,20,25],"MEDIAN_VALUE":[42,45,46],"P75_VALUE":[61,73,63],"P90_VALUE":[76,94,75],"MAX_VALUE":[99,94,97]}}
