{"PREVALENCE_BY_GENDER_AGE_YEAR":{"TRELLIS_NAME":["40-49","30-39","70-79","50-59","60-69"],"SERIES_NAME":["FEMALE","FEMALE","FEMALE","MALE","FEMALE"],"X_CALENDAR_YEAR":[2019,2019,2019,2019,2019],"Y_PREVALENCE_1000PP":[0.85653,1.13969,1.11193,1.17354,1.71233]},"PREVALENCE_BY_MONTH":{"X_CALENDAR_MONTH":[201901,201902,201904,201905,201907,201912],"Y_PREVALENCE_1000PP":[0.09,0.09,0.06,0.12,0.09,0.08]},"CONDITIONS_BY_TYPE":{"CONCEPT_NAME":"Claim","COUNT_VALUE":130},"AGE_AT_FIRST_DIAGNOSIS":{"CATEGORY":["FEMALE","MALE"],"MIN_VALUE":[5,0],"P10_VALUE":[10,11],"P25_VALUE":[30,28],"MEDIAN_VALUE":[47,44],"P75_VALUE":[69,59],"P90_VALUE":[78,71],"MAX_VALUE":[93,91]}}
