{"PREVALENCE_BY_GENDER_AGE_YEAR":{"TRELLIS_NAME":["50-59","70-79","20-29","30-39","20-29","10-19","30-39","80-89","40-49","0-9","10-19","70-79","40-49","60-69","60-69","0-9","50-59","80-89"],"SERIES_NAME":["MALE","FEMALE","FEMALE","FEMALE","MALE","FEMALE","MALE","FEMALE","MALE","MALE","MALE","MALE","FEMALE","MALE","FEMALE","FEMALE","FEMALE","MALE"],"X_CALENDAR_YEAR":[2019,2019,2019,2019,2019,2019,2019,2019,2019,2019,2019,2019,2019,2019,2019,2019,2019,2019],"Y_PREVALENCE_1000PP":[6.16107,5.93032,5.32889,6.0241,4.71857,5.02842,4.74496,4.03458,3.80284,4.68123,5.04125,5.31612,5.4247,3.65385,4.94673,2.94489,3.76648,4.96963]},"PREVALENCE_BY_MONTH":{"X_CALENDAR_MONTH":[201901,201902,201903,201904,201905,201906,201907,201908,201909,201910,201911,201912],"Y_PREVALENCE_1000PP":[0.47,0.3,0.32,0.38,0.36,0.48,0.5,0.45,0.24,0.54,0.28,0.38]},"CONDITIONS_BY_TYPE":{"CONCEPT_NAME":"Claim","COUNT_VALUE":790},"AGE_AT_FIRST_DIAGNOSIS":{"CATEGORY":["No matching concept","MALE","FEMALE"],"MIN_VALUE":[23,0,0],"P10_VALUE":[23,10,13],"P25_VALUE":[37,23,26],"MEDIAN_VALUE":[49,47,44],"P75_VALUE":[69,61,62],"P90_VALUE":[79,77,77],"MAX_VALUE":[79,99,96]}}
