{"PREVALENCE_BY_GENDER_AGE_YEAR":{"TRELLIS_NAME":["70-79","0-9","70-79","10-19","90-99","50-59","90-99","30-39","60-69","20-29","80-89","40-49","20-29","30-39","50-59","60-69","40-49","0-9","80-89","10-19"],"SERIES_NAME":["FEMALE","FEMALE","MALE","FEMALE","FEMALE","FEMALE","MALE","MALE","FEMALE","FEMALE","FEMALE","FEMALE","MALE","FEMALE","MALE","MALE","MALE","MALE","MALE","MALE"],"X_CALENDAR_YEAR":[2019,2019,2019,2019,2019,2019,2019,2019,2019,2019,2019,2019,2019,2019,2019,2019,2019,2019,2019,2019],"Y_PREVALENCE_1000PP":[5.37435,5.46908,5.69584,5.90293,10.59086,6.37404,7.97721,6.27012,6.84932,4.82931,8.64553,6.70949,7.24638,5.86128,6.30776,5.96154,5.1192,7.80205,7.17835,4.8121]},"PREVALENCE_BY_MONTH":{"X_CALENDAR_MONTH":[201901,201902,201903,201904,201905,201906,201907,201908,201909,201910,201911,201912],"Y_PREVALENCE_1000PP":[0.7,0.53,0.55,0.57,0.44,0.52,0.55,0.55,0.41,0.57,0.48,0.38]},"CONDITIONS_BY_TYPE":{"CONCEPT_NAME":"Claim","COUNT_VALUE":1013},"AGE_AT_FIRST_DIAGNOSIS":{"CATEGORY":["MALE","No matching concept","FEMALE"],"MIN_VALUE":[0,2,0],"P10_VALUE":[7,8,11],"P25_VALUE":[23,20,27],"MEDIAN_VALUE":[44,36,48],"P75_VALUE":[63,58,66],"P90_VALUE":[78,83,81],"MAX_VALUE":[99,94,99]}}
