{"PREVALENCE_BY_GENDER_AGE_YEAR":{"TRELLIS_NAME":["20-29","60-69","50-59","50-59","10-19","30-39","30-39","0-9"],"SERIES_NAME":["FEMALE","MALE","FEMALE","MALE","FEMALE","MALE","FEMALE","FEMALE"],"X_CALENDAR_YEAR":[2019,2019,2019,2019,2019,2019,2019,2019],"Y_PREVALENCE_1000PP":[1.49875,1.15385,0.86919,1.02684,1.53039,1.3557,1.30251,1.89314]},"PREVALENCE_BY_MONTH":{"X_CALENDAR_MONTH":[201901,201903,201904,201906,201907,201908,201910,201911,201912],"Y_PREVALENCE_1000PP":[0.23,0.07,0.12,0.07,0.06,0.06,0.07,0.08,0.12]},"CONDITIONS_BY_TYPE":{"CONCEPT_NAME":"Claim","COUNT_VALUE":178},"AGE_AT_FIRST_DIAGNOSIS":{"CATEGORY":["FEMALE","MALE"],"MIN_VALUE":[3,1],"P10_VALUE":[5,22],"P25_VALUE":[14,37],"MEDIAN_VALUE":[32,49],"P75_VALUE":[56,65],"P90_VALUE":[77,78],"MAX_VALUE":[88,93]}}
