{"PREVALENCE_BY_GENDER_AGE_YEAR":{"TRELLIS_NAME":["50-59","90-99","40-49","0-9","70-79","70-79","50-59","80-89","60-69","10-19","10-19","60-69","40-49","30-39","0-9","90-99","20-29","80-89","30-39","20-29"],"SERIES_NAME":["MALE","FEMALE","MALE","FEMALE","MALE","FEMALE","FEMALE","MALE","MALE","MALE","FEMALE","FEMALE","FEMALE","FEMALE","MALE","MALE","MALE","FEMALE","MALE","FEMALE"],"X_CALENDAR_YEAR":[2019,2019,2019,2019,2019,2019,2019,2019,2019,2019,2019,2019,2019,2019,2019,2019,2019,2019,2019,2019],"Y_PREVALENCE_1000PP":[17.45636,16.16499,15.50388,15.35549,16.51794,17.23499,16.65942,13.25235,14.42308,17.41522,18.36467,19.97717,14.84654,18.2351,14.48952,18.23362,17.69464,17.86744,15.59058,17.15237]},"PREVALENCE_BY_MONTH":{"X_CALENDAR_MONTH":[201901,201902,201903,201904,201905,201906,201907,201908,201909,201910,201911,201912],"Y_PREVALENCE_1000PP":[1.76,1.12,1.19,1.65,1.45,1.18,1.62,1.33,1.24,1.68,1.29,1.3]},"CONDITIONS_BY_TYPE":{"CONCEPT_NAME":"Claim","COUNT_VALUE":2831},"AGE_AT_FIRST_DIAGNOSIS":{"CATEGORY":["FEMALE","No matching concept","MALE"],"MIN_VALUE":[0,0,0],"P10_VALUE":[10,17,11],"P25_VALUE":[24,29,26],"MEDIAN_VALUE":[44,47,45],"P75_VALUE":[64,66,62],"P90_VALUE":[77,87,77],"MAX_VALUE":[99,99,99]}}
