{"PREVALENCE_BY_GENDER_AGE_YEAR":{"TRELLIS_NAME":["40-49","40-49","30-39","30-39","20-29","60-69","70-79","50-59","50-59","20-29","0-9","0-9","10-19"],"SERIES_NAME":["FEMALE","MALE","MALE","FEMALE","FEMALE","FEMALE","FEMALE","MALE","FEMALE","MALE","FEMALE","MALE","FEMALE"],"X_CALENDAR_YEAR":[2019,2019,2019,2019,2019,2019,2019,2019,2019,2019,2019,2019,2019],"Y_PREVALENCE_1000PP":[1.42755,0.87758,1.01678,0.97688,0.99917,2.09285,1.11193,1.32023,1.44865,1.17964,1.68279,1.33749,1.31176]},"PREVALENCE_BY_MONTH":{"X_CALENDAR_MONTH":[201901,201902,201903,201904,201905,201906,201907,201908,201909,201910,201911,201912],"Y_PREVALENCE_1000PP":[0.09,0.08,0.1,0.12,0.09,0.09,0.12,0.11,0.06,0.18,0.07,0.11]},"CONDITIONS_BY_TYPE":{"CONCEPT_NAME":"Claim","COUNT_VALUE":209},"AGE_AT_FIRST_DIAGNOSIS":{"CATEGORY":["FEMALE","MALE"],"MIN_VALUE":[0,0],"P10_VALUE":[9,9],"P25_VALUE":[23,26],"MEDIAN_VALUE":[46,48],"P75_VALUE":[66,65],"P90_VALUE":[76,82],"MAX_VALUE":[94,96]}}
