{"PREVALENCE_BY_GENDER_AGE_YEAR":{"TRELLIS_NAME":["40-49","30-39","0-9","0-9","50-59","60-69","40-49","90-99","20-29","10-19","20-29","70-79","30-39","60-69","10-19","70-79","50-59"],"SERIES_NAME":["FEMALE","MALE","FEMALE","MALE","MALE","FEMALE","MALE","FEMALE","FEMALE","MALE","MALE","MALE","FEMALE","MALE","FEMALE","FEMALE","FEMALE"],"X_CALENDAR_YEAR":[2019,2019,2019,2019,2019,2019,2019,2019,2019,2019,2019,2019,2019,2019,2019,2019,2019],"Y_PREVALENCE_1000PP":[1.99857,3.55872,1.89314,2.67499,2.64046,3.04414,3.9491,3.9019,3.49709,2.29148,2.19077,2.65806,2.27939,2.30769,2.84215,2.03855,2.89729]},"PREVALENCE_BY_MONTH":{"X_CALENDAR_MONTH":[201901,201902,201903,201904,201905,201906,201907,201908,201909,201910,201911,201912],"Y_PREVALENCE_1000PP":[0.32,0.19,0.17,0.28,0.23,0.14,0.29,0.14,0.15,0.31,0.29,0.21]},"CONDITIONS_BY_TYPE":{"CONCEPT_NAME":"Claim","COUNT_VALUE":452},"AGE_AT_FIRST_DIAGNOSIS":{"CATEGORY":["MALE","No matching concept","FEMALE"],"MIN_VALUE":[1,4,2],"P10_VALUE":[11,14,13],"P25_VALUE":[27,23,23],"MEDIAN_VALUE":[43,48,45],"P75_VALUE":[57,65,64],"P90_VALUE":[74,71,79],"MAX_VALUE":[96,75,99]}}
