{"PREVALENCE_BY_GENDER_AGE_YEAR":{"TRELLIS_NAME":["10-19","10-19","70-79","0-9","80-89","60-69","30-39","60-69","30-39","40-49","70-79","50-59","20-29","0-9","50-59","40-49","20-29"],"SERIES_NAME":["FEMALE","MALE","FEMALE","MALE","MALE","MALE","MALE","FEMALE","FEMALE","FEMALE","MALE","FEMALE","MALE","FEMALE","MALE","MALE","FEMALE"],"X_CALENDAR_YEAR":[2019,2019,2019,2019,2019,2019,2019,2019,2019,2019,2019,2019,2019,2019,2019,2019,2019],"Y_PREVALENCE_1000PP":[1.31176,1.37489,1.6679,3.12082,6.07399,2.5,3.21979,1.14155,1.95376,1.99857,1.70875,1.15892,1.85372,2.52419,2.05369,1.90142,1.49875]},"PREVALENCE_BY_MONTH":{"X_CALENDAR_MONTH":[201901,201902,201903,201904,201905,201906,201907,201908,201909,201910,201911,201912],"Y_PREVALENCE_1000PP":[0.25,0.17,0.14,0.14,0.08,0.09,0.16,0.22,0.16,0.2,0.19,0.2]},"CONDITIONS_BY_TYPE":{"CONCEPT_NAME":"Claim","COUNT_VALUE":328},"AGE_AT_FIRST_DIAGNOSIS":{"CATEGORY":["FEMALE","No matching concept","MALE"],"MIN_VALUE":[0,12,0],"P10_VALUE":[9,12,8],"P25_VALUE":[21,20,26],"MEDIAN_VALUE":[40,45,43],"P75_VALUE":[63,56,65],"P90_VALUE":[78,60,80],"MAX_VALUE":[97,60,97]}}
