{"PREVALENCE_BY_GENDER_AGE_YEAR":{"TRELLIS_NAME":["40-49","10-19","80-89","50-59","60-69","60-69","0-9","80-89","90-99","50-59","10-19","30-39","70-79","20-29","70-79","30-39","40-49","20-29","90-99","0-9"],"SERIES_NAME":["FEMALE","FEMALE","MALE","MALE","MALE","FEMALE","FEMALE","FEMALE","MALE","FEMALE","MALE","MALE","MALE","MALE","FEMALE","FEMALE","MALE","FEMALE","FEMALE","MALE"],"X_CALENDAR_YEAR":[2019,2019,2019,2019,2019,2019,2019,2019,2019,2019,2019,2019,2019,2019,2019,2019,2019,2019,2019,2019],"Y_PREVALENCE_1000PP":[2.8551,4.37254,4.41745,3.96069,5.19231,4.75647,2.52419,5.18732,3.9886,4.63567,3.66636,4.23657,5.12626,3.03337,2.96516,3.41908,4.24163,5.49542,5.01672,3.56665]},"PREVALENCE_BY_MONTH":{"X_CALENDAR_MONTH":[201901,201902,201903,201904,201905,201906,201907,201908,201909,201910,201911,201912],"Y_PREVALENCE_1000PP":[0.45,0.39,0.34,0.38,0.28,0.27,0.35,0.34,0.39,0.33,0.26,0.26]},"CONDITIONS_BY_TYPE":{"CONCEPT_NAME":"Claim","COUNT_VALUE":675},"AGE_AT_FIRST_DIAGNOSIS":{"CATEGORY":["FEMALE","MALE","No matching concept"],"MIN_VALUE":[0,0,0],"P10_VALUE":[13,10,0],"P25_VALUE":[25,28,27],"MEDIAN_VALUE":[46,48,50],"P75_VALUE":[64,65,68],"P90_VALUE":[78,78,72],"MAX_VALUE":[99,99,72]}}
