{"PREVALENCE_BY_GENDER_AGE_YEAR":{"TRELLIS_NAME":["0-9","70-79","50-59","30-39","30-39","20-29","10-19","10-19","50-59","40-49","60-69","60-69","70-79","40-49","20-29","0-9"],"SERIES_NAME":["MALE","FEMALE","MALE","FEMALE","MALE","MALE","FEMALE","MALE","FEMALE","FEMALE","MALE","FEMALE","MALE","MALE","FEMALE","FEMALE"],"X_CALENDAR_YEAR":[2019,2019,2019,2019,2019,2019,2019,2019,2019,2019,2019,2019,2019,2019,2019,2019],"Y_PREVALENCE_1000PP":[2.00624,1.48258,2.05369,1.30251,1.3557,1.85372,1.53039,2.52062,1.44865,2.14133,2.30769,2.47336,1.89861,1.75516,0.99917,1.2621]},"PREVALENCE_BY_MONTH":{"X_CALENDAR_MONTH":[201901,201902,201903,201904,201905,201906,201907,201908,201909,201910,201911,201912],"Y_PREVALENCE_1000PP":[0.2,0.15,0.16,0.15,0.16,0.12,0.19,0.11,0.11,0.19,0.12,0.11]},"CONDITIONS_BY_TYPE":{"CONCEPT_NAME":"Claim","COUNT_VALUE":283},"AGE_AT_FIRST_DIAGNOSIS":{"CATEGORY":["MALE","FEMALE"],"MIN_VALUE":[2,0],"P10_VALUE":[12,10],"P25_VALUE":[23,30],"MEDIAN_VALUE":[48,46],"P75_VALUE":[62,65],"P90_VALUE":[74,80],"MAX_VALUE":[99,96]}}
