{"PREVALENCE_BY_GENDER_AGE_YEAR":{"TRELLIS_NAME":["30-39","50-59","60-69","40-49","30-39","80-89","40-49","50-59","0-9","0-9","20-29","80-89","90-99","70-79","10-19","20-29","60-69","70-79","10-19"],"SERIES_NAME":["MALE","MALE","MALE","MALE","FEMALE","FEMALE","FEMALE","FEMALE","MALE","FEMALE","FEMALE","MALE","FEMALE","FEMALE","MALE","MALE","FEMALE","MALE","FEMALE"],"X_CALENDAR_YEAR":[2019,2019,2019,2019,2019,2019,2019,2019,2019,2019,2019,2019,2019,2019,2019,2019,2019,2019,2019],"Y_PREVALENCE_1000PP":[3.55872,3.96069,3.46154,2.34021,3.5819,4.03458,3.99714,4.05621,2.8979,3.36559,2.9975,4.41745,5.57414,2.96516,3.89551,4.21301,3.2344,3.03778,2.84215]},"PREVALENCE_BY_MONTH":{"X_CALENDAR_MONTH":[201901,201902,201903,201904,201905,201906,201907,201908,201909,201910,201911,201912],"Y_PREVALENCE_1000PP":[0.41,0.23,0.27,0.29,0.27,0.32,0.27,0.26,0.25,0.34,0.36,0.22]},"CONDITIONS_BY_TYPE":{"CONCEPT_NAME":"Claim","COUNT_VALUE":619},"AGE_AT_FIRST_DIAGNOSIS":{"CATEGORY":["No matching concept","FEMALE","MALE"],"MIN_VALUE":[6,0,1],"P10_VALUE":[6,10,14],"P25_VALUE":[37,28,24],"MEDIAN_VALUE":[53,46,42],"P75_VALUE":[74,66,64],"P90_VALUE":[77,79,79],"MAX_VALUE":[77,99,98]}}
