{"PREVALENCE_BY_GENDER_AGE_YEAR":{"TRELLIS_NAME":["40-49","50-59","60-69","40-49","0-9","30-39","70-79","20-29"],"SERIES_NAME":["FEMALE","MALE","MALE","MALE","FEMALE","MALE","MALE","FEMALE"],"X_CALENDAR_YEAR":[2019,2019,2019,2019,2019,2019,2019,2019],"Y_PREVALENCE_1000PP":[1.2848,1.02684,1.92308,1.75516,1.2621,1.18624,1.13917,1.33222]},"PREVALENCE_BY_MONTH":{"X_CALENDAR_MONTH":[201901,201902,201903,201904,201905,201906,201907,201909,201911],"Y_PREVALENCE_1000PP":[0.14,0.09,0.08,0.11,0.09,0.06,0.14,0.09,0.08]},"CONDITIONS_BY_TYPE":{"CONCEPT_NAME":"Claim","COUNT_VALUE":160},"AGE_AT_FIRST_DIAGNOSIS":{"CATEGORY":["MALE","FEMALE"],"MIN_VALUE":[0,1],"P10_VALUE":[12,5],"P25_VALUE":[30,26],"MEDIAN_VALUE":[46,42],"P75_VALUE":[62,53],"P90_VALUE":[71,73],"MAX_VALUE":[86,95]}}
