{"PREVALENCE_BY_GENDER_AGE_YEAR":{"TRELLIS_NAME":["50-59","70-79","10-19","40-49","80-89","80-89","30-39","90-99","40-49","90-99","10-19","60-69","70-79","50-59","20-29","20-29","30-39","60-69","0-9","0-9"],"SERIES_NAME":["FEMALE","MALE","MALE","MALE","MALE","FEMALE","FEMALE","FEMALE","FEMALE","MALE","FEMALE","MALE","FEMALE","MALE","MALE","FEMALE","MALE","FEMALE","MALE","FEMALE"],"X_CALENDAR_YEAR":[2019,2019,2019,2019,2019,2019,2019,2019,2019,2019,2019,2019,2019,2019,2019,2019,2019,2019,2019,2019],"Y_PREVALENCE_1000PP":[11.87889,10.25252,11.22823,9.36083,16.01325,10.95101,10.74569,15.05017,11.56317,6.83761,8.96371,12.30769,9.82209,11.1486,8.76306,12.82265,12.70971,10.65449,9.80829,12.62095]},"PREVALENCE_BY_MONTH":{"X_CALENDAR_MONTH":[201901,201902,201903,201904,201905,201906,201907,201908,201909,201910,201911,201912],"Y_PREVALENCE_1000PP":[1.04,0.7,0.79,0.98,0.9,0.89,1.24,0.81,0.87,1.19,0.93,0.87]},"CONDITIONS_BY_TYPE":{"CONCEPT_NAME":"Claim","COUNT_VALUE":1907},"AGE_AT_FIRST_DIAGNOSIS":{"CATEGORY":["No matching concept","FEMALE","MALE"],"MIN_VALUE":[2,0,0],"P10_VALUE":[14,9,11],"P25_VALUE":[25,24,26],"MEDIAN_VALUE":[45,45,45],"P75_VALUE":[63,62,64],"P90_VALUE":[75,77,77],"MAX_VALUE":[84,98,99]}}
