{"PREVALENCE_BY_GENDER_AGE_YEAR":{"TRELLIS_NAME":["50-59","10-19","30-39","40-49","40-49","10-19","20-29","60-69","20-29","70-79","70-79","60-69","0-9","50-59","30-39","0-9"],"SERIES_NAME":["MALE","MALE","FEMALE","MALE","FEMALE","FEMALE","MALE","FEMALE","FEMALE","MALE","FEMALE","MALE","MALE","FEMALE","MALE","FEMALE"],"X_CALENDAR_YEAR":[2019,2019,2019,2019,2019,2019,2019,2019,2019,2019,2019,2019,2019,2019,2019,2019],"Y_PREVALENCE_1000PP":[2.05369,1.60403,1.13969,1.46263,1.2848,1.53039,1.51668,1.14155,2.83097,1.32903,2.22387,2.11538,2.45207,1.88324,1.18624,2.94489]},"PREVALENCE_BY_MONTH":{"X_CALENDAR_MONTH":[201901,201902,201903,201904,201905,201906,201907,201908,201909,201910,201911,201912],"Y_PREVALENCE_1000PP":[0.1,0.15,0.13,0.18,0.11,0.17,0.14,0.12,0.15,0.19,0.1,0.21]},"CONDITIONS_BY_TYPE":{"CONCEPT_NAME":"Claim","COUNT_VALUE":292},"AGE_AT_FIRST_DIAGNOSIS":{"CATEGORY":["MALE","FEMALE"],"MIN_VALUE":[0,0],"P10_VALUE":[9,4],"P25_VALUE":[23,21],"MEDIAN_VALUE":[45,40],"P75_VALUE":[65,60],"P90_VALUE":[77,77],"MAX_VALUE":[90,99]}}
