{"PREVALENCE_BY_GENDER_AGE_YEAR":{"TRELLIS_NAME":["10-19","80-89","10-19","70-79","60-69","70-79","50-59","80-89","0-9","50-59","30-39","60-69","90-99","0-9","20-29","30-39","40-49","40-49","20-29"],"SERIES_NAME":["MALE","FEMALE","FEMALE","FEMALE","FEMALE","MALE","FEMALE","MALE","MALE","MALE","MALE","MALE","MALE","FEMALE","FEMALE","FEMALE","FEMALE","MALE","MALE"],"X_CALENDAR_YEAR":[2019,2019,2019,2019,2019,2019,2019,2019,2019,2019,2019,2019,2019,2019,2019,2019,2019,2019,2019],"Y_PREVALENCE_1000PP":[4.8121,4.61095,1.31176,3.3358,2.66362,4.55667,2.4627,3.86527,4.45831,2.93384,2.20302,3.07692,3.4188,3.57594,4.66278,3.41908,2.42684,4.09536,4.38153]},"PREVALENCE_BY_MONTH":{"X_CALENDAR_MONTH":[201901,201902,201903,201904,201905,201906,201907,201908,201909,201910,201911,201912],"Y_PREVALENCE_1000PP":[0.24,0.23,0.32,0.27,0.27,0.2,0.31,0.3,0.27,0.36,0.27,0.31]},"CONDITIONS_BY_TYPE":{"CONCEPT_NAME":"Claim","COUNT_VALUE":567},"AGE_AT_FIRST_DIAGNOSIS":{"CATEGORY":["FEMALE","MALE"],"MIN_VALUE":[0,0],"P10_VALUE":[8,9],"P25_VALUE":[26,23],"MEDIAN_VALUE":[41,43],"P75_VALUE":[65,63],"P90_VALUE":[77,77],"MAX_VALUE":[97,98]}}
