{"PREVALENCE_BY_GENDER_AGE_YEAR":{"TRELLIS_NAME":["80-89","60-69","10-19","50-59","30-39","30-39","70-79","50-59","0-9","10-19","80-89","40-49","40-49","60-69","20-29","0-9","70-79","20-29"],"SERIES_NAME":["MALE","MALE","MALE","MALE","MALE","FEMALE","MALE","FEMALE","MALE","FEMALE","FEMALE","FEMALE","MALE","FEMALE","FEMALE","FEMALE","FEMALE","MALE"],"X_CALENDAR_YEAR":[2019,2019,2019,2019,2019,2019,2019,2019,2019,2019,2019,2019,2019,2019,2019,2019,2019,2019],"Y_PREVALENCE_1000PP":[5.52181,3.46154,1.83318,2.78715,2.54194,3.90752,4.17695,1.88324,3.56665,2.62352,4.61095,3.14061,2.48647,2.66362,2.16486,3.15524,3.15048,3.53893]},"PREVALENCE_BY_MONTH":{"X_CALENDAR_MONTH":[201901,201902,201903,201904,201905,201906,201907,201908,201909,201910,201911,201912],"Y_PREVALENCE_1000PP":[0.32,0.39,0.18,0.3,0.27,0.2,0.24,0.25,0.19,0.26,0.26,0.19]},"CONDITIONS_BY_TYPE":{"CONCEPT_NAME":"Claim","COUNT_VALUE":498},"AGE_AT_FIRST_DIAGNOSIS":{"CATEGORY":["No matching concept","MALE","FEMALE"],"MIN_VALUE":[0,1,0],"P10_VALUE":[2,9,9],"P25_VALUE":[24,25,27],"MEDIAN_VALUE":[56,48,44],"P75_VALUE":[63,69,65],"P90_VALUE":[87,79,79],"MAX_VALUE":[92,98,99]}}
