{"PREVALENCE_BY_GENDER_AGE_YEAR":{"TRELLIS_NAME":["50-59","0-9","10-19","20-29","30-39","60-69","20-29","70-79","70-79","50-59","0-9","40-49","30-39","10-19","40-49","60-69"],"SERIES_NAME":["FEMALE","FEMALE","FEMALE","MALE","FEMALE","MALE","FEMALE","FEMALE","MALE","MALE","MALE","FEMALE","MALE","MALE","MALE","FEMALE"],"X_CALENDAR_YEAR":[2019,2019,2019,2019,2019,2019,2019,2019,2019,2019,2019,2019,2019,2019,2019,2019],"Y_PREVALENCE_1000PP":[2.17297,3.15524,2.62352,1.51668,2.4422,2.30769,1.66528,2.22387,2.08848,1.61361,2.22916,2.99786,2.37248,2.29148,2.34021,1.33181]},"PREVALENCE_BY_MONTH":{"X_CALENDAR_MONTH":[201901,201902,201903,201904,201905,201906,201907,201908,201909,201910,201911,201912],"Y_PREVALENCE_1000PP":[0.12,0.24,0.19,0.18,0.19,0.17,0.25,0.14,0.16,0.27,0.09,0.14]},"CONDITIONS_BY_TYPE":{"CONCEPT_NAME":"Claim","COUNT_VALUE":373},"AGE_AT_FIRST_DIAGNOSIS":{"CATEGORY":["MALE","FEMALE"],"MIN_VALUE":[0,0],"P10_VALUE":[9,5],"P25_VALUE":[24,20],"MEDIAN_VALUE":[44,41],"P75_VALUE":[61,56],"P90_VALUE":[74,72],"MAX_VALUE":[99,93]}}
