{"PREVALENCE_BY_GENDER_AGE_YEAR":{"TRELLIS_NAME":["50-59","0-9","90-99","10-19","20-29","80-89","0-9","60-69","50-59","60-69","70-79","90-99","30-39","80-89","30-39","10-19","70-79","40-49","40-49","20-29"],"SERIES_NAME":["FEMALE","FEMALE","MALE","MALE","MALE","MALE","MALE","MALE","MALE","FEMALE","FEMALE","FEMALE","FEMALE","FEMALE","MALE","FEMALE","MALE","FEMALE","MALE","FEMALE"],"X_CALENDAR_YEAR":[2019,2019,2019,2019,2019,2019,2019,2019,2019,2019,2019,2019,2019,2019,2019,2019,2019,2019,2019,2019],"Y_PREVALENCE_1000PP":[19.41185,19.98317,21.08262,17.64436,18.70576,22.63943,16.9416,19.42308,20.09682,17.69406,16.67902,19.50948,17.90948,17.86744,18.81037,20.11369,17.84697,19.27195,19.89177,19.15071]},"PREVALENCE_BY_MONTH":{"X_CALENDAR_MONTH":[201901,201902,201903,201904,201905,201906,201907,201908,201909,201910,201911,201912],"Y_PREVALENCE_1000PP":[1.81,1.36,1.47,1.79,1.57,1.28,1.89,1.49,1.64,1.99,1.52,1.42]},"CONDITIONS_BY_TYPE":{"CONCEPT_NAME":"Claim","COUNT_VALUE":3193},"AGE_AT_FIRST_DIAGNOSIS":{"CATEGORY":["MALE","FEMALE","No matching concept"],"MIN_VALUE":[0,0,1],"P10_VALUE":[12,9,9],"P25_VALUE":[27,24,21],"MEDIAN_VALUE":[45,43,43],"P75_VALUE":[62,61,66],"P90_VALUE":[78,77,88],"MAX_VALUE":[99,99,95]}}
