{"PREVALENCE_BY_GENDER_AGE_YEAR":{"TRELLIS_NAME":["30-39","70-79","40-49","40-49","30-39","60-69","20-29","70-79","50-59","20-29"],"SERIES_NAME":["MALE","MALE","FEMALE","MALE","FEMALE","FEMALE","MALE","FEMALE","FEMALE","FEMALE"],"X_CALENDAR_YEAR":[2019,2019,2019,2019,2019,2019,2019,2019,2019,2019],"Y_PREVALENCE_1000PP":[1.18624,1.32903,1.71306,0.87758,1.46532,1.52207,1.6852,1.48258,1.01405,0.99917]},"PREVALENCE_BY_MONTH":{"X_CALENDAR_MONTH":[201901,201902,201903,201904,201905,201906,201907,201908,201909,201910,201911],"Y_PREVALENCE_1000PP":[0.06,0.08,0.11,0.11,0.14,0.08,0.08,0.09,0.1,0.18,0.11]},"CONDITIONS_BY_TYPE":{"CONCEPT_NAME":"Claim","COUNT_VALUE":189},"AGE_AT_FIRST_DIAGNOSIS":{"CATEGORY":["MALE","No matching concept","FEMALE"],"MIN_VALUE":[2,21,2],"P10_VALUE":[11,21,13],"P25_VALUE":[23,34,29],"MEDIAN_VALUE":[39,34,45],"P75_VALUE":[60,63,61],"P90_VALUE":[75,63,73],"MAX_VALUE":[80,63,93]}}
