{"PREVALENCE_BY_GENDER_AGE_YEAR":{"TRELLIS_NAME":["70-79","0-9","0-9","60-69","80-89","80-89","10-19","30-39","90-99","20-29","70-79","30-39","20-29","50-59","40-49","10-19","40-49","50-59","90-99","60-69"],"SERIES_NAME":["MALE","FEMALE","MALE","FEMALE","MALE","FEMALE","FEMALE","MALE","MALE","FEMALE","FEMALE","FEMALE","MALE","FEMALE","FEMALE","MALE","MALE","MALE","FEMALE","MALE"],"X_CALENDAR_YEAR":[2019,2019,2019,2019,2019,2019,2019,2019,2019,2019,2019,2019,2019,2019,2019,2019,2019,2019,2019,2019],"Y_PREVALENCE_1000PP":[69.869,64.36685,73.56219,72.29833,66.81391,70.89337,59.68518,60.66768,70.08547,72.43963,66.16012,77.82481,70.77856,76.19875,67.09493,67.59853,65.67208,67.62506,72.46377,69.80769]},"PREVALENCE_BY_MONTH":{"X_CALENDAR_MONTH":[201901,201902,201903,201904,201905,201906,201907,201908,201909,201910,201911,201912],"Y_PREVALENCE_1000PP":[7.2,4.9,5.71,7.16,5.23,5.51,6.94,5.41,5.26,6.96,4.97,5.8]},"CONDITIONS_BY_TYPE":{"CONCEPT_NAME":"Claim","COUNT_VALUE":11951},"AGE_AT_FIRST_DIAGNOSIS":{"CATEGORY":["MALE","No matching concept","FEMALE"],"MIN_VALUE":[0,0,0],"P10_VALUE":[9,9,11],"P25_VALUE":[24,24,26],"MEDIAN_VALUE":[45,42,45],"P75_VALUE":[64,66,62],"P90_VALUE":[78,78,77],"MAX_VALUE":[99,98,99]}}
