{"PREVALENCE_BY_GENDER_AGE_YEAR":{"TRELLIS_NAME":["90-99","20-29","40-49","10-19","90-99","80-89","60-69","50-59","50-59","10-19","0-9","60-69","0-9","20-29","40-49","70-79","30-39","70-79","30-39"],"SERIES_NAME":["MALE","FEMALE","MALE","FEMALE","FEMALE","FEMALE","FEMALE","MALE","FEMALE","MALE","MALE","MALE","FEMALE","MALE","FEMALE","FEMALE","MALE","MALE","FEMALE"],"X_CALENDAR_YEAR":[2019,2019,2019,2019,2019,2019,2019,2019,2019,2019,2019,2019,2019,2019,2019,2019,2019,2019,2019],"Y_PREVALENCE_1000PP":[4.5584,2.16486,3.21779,2.18627,3.9019,3.45821,2.85388,3.08053,3.04216,3.66636,4.2354,1.92308,2.94489,2.02224,2.8551,2.96516,3.89764,4.55667,2.4422]},"PREVALENCE_BY_MONTH":{"X_CALENDAR_MONTH":[201901,201902,201903,201904,201905,201906,201907,201908,201909,201910,201911,201912],"Y_PREVALENCE_1000PP":[0.29,0.25,0.15,0.35,0.24,0.26,0.28,0.19,0.3,0.29,0.2,0.21]},"CONDITIONS_BY_TYPE":{"CONCEPT_NAME":"Claim","COUNT_VALUE":508},"AGE_AT_FIRST_DIAGNOSIS":{"CATEGORY":["MALE","FEMALE"],"MIN_VALUE":[0,2],"P10_VALUE":[5,9],"P25_VALUE":[26,26],"MEDIAN_VALUE":[43,48],"P75_VALUE":[63,66],"P90_VALUE":[78,79],"MAX_VALUE":[99,98]}}
