{"PREVALENCE_BY_GENDER_AGE_YEAR":{"TRELLIS_NAME":["20-29","50-59","70-79","50-59","30-39","40-49","0-9","60-69","20-29"],"SERIES_NAME":["FEMALE","FEMALE","FEMALE","MALE","FEMALE","MALE","FEMALE","MALE","MALE"],"X_CALENDAR_YEAR":[2019,2019,2019,2019,2019,2019,2019,2019,2019],"Y_PREVALENCE_1000PP":[0.99917,1.59351,1.48258,1.32023,1.13969,0.87758,1.47244,1.15385,1.17964]},"PREVALENCE_BY_MONTH":{"X_CALENDAR_MONTH":[201901,201903,201905,201906,201908,201909,201910,201911,201912],"Y_PREVALENCE_1000PP":[0.11,0.1,0.07,0.13,0.1,0.08,0.08,0.08,0.08]},"CONDITIONS_BY_TYPE":{"CONCEPT_NAME":"Claim","COUNT_VALUE":156},"AGE_AT_FIRST_DIAGNOSIS":{"CATEGORY":["FEMALE","MALE"],"MIN_VALUE":[2,1],"P10_VALUE":[9,12],"P25_VALUE":[21,26],"MEDIAN_VALUE":[46,46],"P75_VALUE":[59,60],"P90_VALUE":[75,73],"MAX_VALUE":[84,84]}}
