{"PREVALENCE_BY_GENDER_AGE_YEAR":{"TRELLIS_NAME":["20-29","90-99","40-49","10-19","30-39","50-59","40-49","70-79","20-29","70-79","50-59","0-9","80-89","60-69","80-89","0-9","10-19","30-39","60-69","90-99"],"SERIES_NAME":["MALE","MALE","MALE","MALE","MALE","MALE","FEMALE","MALE","FEMALE","FEMALE","FEMALE","MALE","FEMALE","FEMALE","MALE","FEMALE","FEMALE","FEMALE","MALE","FEMALE"],"X_CALENDAR_YEAR":[2019,2019,2019,2019,2019,2019,2019,2019,2019,2019,2019,2019,2019,2019,2019,2019,2019,2019,2019,2019],"Y_PREVALENCE_1000PP":[14.15571,7.40741,9.0683,10.54079,8.98153,9.09491,7.13776,8.16404,8.82598,9.63677,9.4162,8.4708,6.91643,5.70776,3.86527,10.72781,5.90293,8.4663,9.61538,9.47603]},"PREVALENCE_BY_MONTH":{"X_CALENDAR_MONTH":[201901,201902,201903,201904,201905,201906,201907,201908,201909,201910,201911,201912],"Y_PREVALENCE_1000PP":[0.99,0.74,0.76,0.8,0.62,0.54,0.86,0.88,0.71,0.65,0.77,0.58]},"CONDITIONS_BY_TYPE":{"CONCEPT_NAME":"Claim","COUNT_VALUE":1495},"AGE_AT_FIRST_DIAGNOSIS":{"CATEGORY":["FEMALE","No matching concept","MALE"],"MIN_VALUE":[0,2,0],"P10_VALUE":[7,3,11],"P25_VALUE":[24,14,23],"MEDIAN_VALUE":[43,40,41],"P75_VALUE":[62,61,59],"P90_VALUE":[77,75,72],"MAX_VALUE":[99,76,98]}}
