{"PREVALENCE_BY_GENDER_AGE_YEAR":{"TRELLIS_NAME":["70-79","40-49","50-59","30-39","20-29","0-9","0-9","50-59","40-49","70-79","60-69","60-69","20-29"],"SERIES_NAME":["MALE","MALE","MALE","FEMALE","FEMALE","FEMALE","MALE","FEMALE","FEMALE","FEMALE","FEMALE","MALE","MALE"],"X_CALENDAR_YEAR":[2019,2019,2019,2019,2019,2019,2019,2019,2019,2019,2019,2019,2019],"Y_PREVALENCE_1000PP":[1.51889,1.75516,1.32023,1.62813,1.1657,1.2621,1.33749,1.15892,1.57031,2.22387,1.71233,1.34615,1.01112]},"PREVALENCE_BY_MONTH":{"X_CALENDAR_MONTH":[201901,201902,201903,201904,201905,201906,201907,201909,201910,201911,201912],"Y_PREVALENCE_1000PP":[0.1,0.07,0.11,0.14,0.1,0.1,0.15,0.15,0.09,0.12,0.15]},"CONDITIONS_BY_TYPE":{"CONCEPT_NAME":"Claim","COUNT_VALUE":220},"AGE_AT_FIRST_DIAGNOSIS":{"CATEGORY":["FEMALE","MALE"],"MIN_VALUE":[1,0],"P10_VALUE":[12,9],"P25_VALUE":[30,26],"MEDIAN_VALUE":[47,48],"P75_VALUE":[69,63],"P90_VALUE":[79,75],"MAX_VALUE":[98,96]}}
