{"PREVALENCE_BY_GENDER_AGE_YEAR":{"TRELLIS_NAME":["30-39","80-89","70-79","20-29","0-9","10-19","70-79","50-59","20-29","90-99","60-69","30-39","50-59","10-19","40-49","80-89","0-9","40-49","60-69"],"SERIES_NAME":["MALE","MALE","FEMALE","FEMALE","MALE","MALE","MALE","FEMALE","MALE","MALE","MALE","FEMALE","MALE","FEMALE","FEMALE","FEMALE","FEMALE","MALE","FEMALE"],"X_CALENDAR_YEAR":[2019,2019,2019,2019,2019,2019,2019,2019,2019,2019,2019,2019,2019,2019,2019,2019,2019,2019,2019],"Y_PREVALENCE_1000PP":[5.42281,3.86527,3.3358,6.49459,5.34998,4.8121,3.79723,3.18702,4.38153,6.26781,4.23077,4.55878,4.40076,5.6843,4.71092,4.03458,5.88978,5.1192,4.18569]},"PREVALENCE_BY_MONTH":{"X_CALENDAR_MONTH":[201901,201902,201903,201904,201905,201906,201907,201908,201909,201910,201911,201912],"Y_PREVALENCE_1000PP":[0.41,0.21,0.46,0.54,0.38,0.38,0.4,0.44,0.35,0.49,0.36,0.31]},"CONDITIONS_BY_TYPE":{"CONCEPT_NAME":"Claim","COUNT_VALUE":818},"AGE_AT_FIRST_DIAGNOSIS":{"CATEGORY":["MALE","FEMALE","No matching concept"],"MIN_VALUE":[0,0,0],"P10_VALUE":[8,7,10],"P25_VALUE":[24,20,35],"MEDIAN_VALUE":[42,38,45],"P75_VALUE":[61,57,64],"P90_VALUE":[76,74,95],"MAX_VALUE":[99,99,97]}}
