{"PREVALENCE_BY_GENDER_AGE_YEAR":{"TRELLIS_NAME":["50-59","70-79","0-9","60-69","30-39","0-9","60-69","70-79","30-39","40-49","20-29","50-59"],"SERIES_NAME":["MALE","MALE","MALE","FEMALE","MALE","FEMALE","MALE","FEMALE","FEMALE","FEMALE","FEMALE","FEMALE"],"X_CALENDAR_YEAR":[2019,2019,2019,2019,2019,2019,2019,2019,2019,2019,2019,2019],"Y_PREVALENCE_1000PP":[1.32023,1.13917,1.56041,1.71233,1.18624,1.47244,1.53846,1.6679,1.30251,1.99857,1.83181,2.17297]},"PREVALENCE_BY_MONTH":{"X_CALENDAR_MONTH":[201901,201902,201903,201904,201906,201907,201908,201909,201910,201911,201912],"Y_PREVALENCE_1000PP":[0.13,0.09,0.16,0.12,0.11,0.16,0.14,0.11,0.15,0.12,0.07]},"CONDITIONS_BY_TYPE":{"CONCEPT_NAME":"Claim","COUNT_VALUE":229},"AGE_AT_FIRST_DIAGNOSIS":{"CATEGORY":["MALE","FEMALE"],"MIN_VALUE":[1,0],"P10_VALUE":[6,16],"P25_VALUE":[25,29],"MEDIAN_VALUE":[51,49],"P75_VALUE":[69,62],"P90_VALUE":[87,77],"MAX_VALUE":[93,99]}}
