{"PREVALENCE_BY_GENDER_AGE_YEAR":{"TRELLIS_NAME":["70-79","0-9","20-29","30-39","30-39","60-69","0-9","40-49","40-49","60-69","70-79","10-19","20-29","10-19","50-59","50-59"],"SERIES_NAME":["FEMALE","MALE","FEMALE","FEMALE","MALE","MALE","FEMALE","FEMALE","MALE","FEMALE","MALE","MALE","MALE","FEMALE","FEMALE","MALE"],"X_CALENDAR_YEAR":[2019,2019,2019,2019,2019,2019,2019,2019,2019,2019,2019,2019,2019,2019,2019,2019],"Y_PREVALENCE_1000PP":[2.59451,2.67499,3.49709,3.09345,4.06711,3.07692,1.89314,3.14061,2.19394,3.2344,3.03778,2.29148,3.20189,2.4049,3.62161,2.05369]},"PREVALENCE_BY_MONTH":{"X_CALENDAR_MONTH":[201901,201902,201903,201904,201905,201906,201907,201908,201909,201910,201911,201912],"Y_PREVALENCE_1000PP":[0.16,0.19,0.2,0.31,0.25,0.26,0.24,0.26,0.23,0.31,0.21,0.18]},"CONDITIONS_BY_TYPE":{"CONCEPT_NAME":"Claim","COUNT_VALUE":471},"AGE_AT_FIRST_DIAGNOSIS":{"CATEGORY":["FEMALE","MALE"],"MIN_VALUE":[0,0],"P10_VALUE":[14,10],"P25_VALUE":[28,26],"MEDIAN_VALUE":[46,40],"P75_VALUE":[60,64],"P90_VALUE":[77,74],"MAX_VALUE":[95,92]}}
