{"PREVALENCE_BY_GENDER_AGE_YEAR":{"TRELLIS_NAME":["70-79","80-89","0-9","40-49","50-59","10-19","10-19","0-9","80-89","50-59","20-29","60-69","70-79","60-69","30-39","90-99","20-29","40-49","30-39"],"SERIES_NAME":["FEMALE","FEMALE","FEMALE","FEMALE","MALE","MALE","FEMALE","MALE","MALE","FEMALE","FEMALE","FEMALE","MALE","MALE","MALE","FEMALE","MALE","MALE","FEMALE"],"X_CALENDAR_YEAR":[2019,2019,2019,2019,2019,2019,2019,2019,2019,2019,2019,2019,2019,2019,2019,2019,2019,2019,2019],"Y_PREVALENCE_1000PP":[1.85322,3.45821,1.89314,2.42684,2.49377,2.29148,1.53039,2.67499,3.31309,1.44865,1.83181,2.85388,2.4682,3.65385,2.88087,3.34448,2.35929,2.779,3.09345]},"PREVALENCE_BY_MONTH":{"X_CALENDAR_MONTH":[201901,201902,201903,201904,201905,201906,201907,201908,201909,201910,201911,201912],"Y_PREVALENCE_1000PP":[0.15,0.21,0.19,0.21,0.19,0.23,0.29,0.19,0.19,0.25,0.18,0.16]},"CONDITIONS_BY_TYPE":{"CONCEPT_NAME":"Claim","COUNT_VALUE":411},"AGE_AT_FIRST_DIAGNOSIS":{"CATEGORY":["MALE","FEMALE"],"MIN_VALUE":[0,1],"P10_VALUE":[10,12],"P25_VALUE":[27,30],"MEDIAN_VALUE":[46,48],"P75_VALUE":[65,65],"P90_VALUE":[74,83],"MAX_VALUE":[99,97]}}
