{"PREVALENCE_BY_GENDER_AGE_YEAR":{"TRELLIS_NAME":["50-59","20-29","80-89","0-9","70-79","10-19","20-29","0-9","60-69","40-49","90-99","10-19","30-39","60-69","70-79","30-39","50-59","40-49"],"SERIES_NAME":["MALE","FEMALE","MALE","FEMALE","MALE","MALE","MALE","MALE","MALE","MALE","MALE","FEMALE","MALE","FEMALE","FEMALE","FEMALE","FEMALE","FEMALE"],"X_CALENDAR_YEAR":[2019,2019,2019,2019,2019,2019,2019,2019,2019,2019,2019,2019,2019,2019,2019,2019,2019,2019],"Y_PREVALENCE_1000PP":[5.72099,5.16236,4.41745,6.10013,4.17695,6.18698,4.55005,4.45831,3.46154,4.38789,5.12821,7.21469,4.23657,3.80518,6.30096,5.21003,5.35999,2.8551]},"PREVALENCE_BY_MONTH":{"X_CALENDAR_MONTH":[201901,201902,201903,201904,201905,201906,201907,201908,201909,201910,201911,201912],"Y_PREVALENCE_1000PP":[0.42,0.37,0.37,0.48,0.36,0.34,0.58,0.35,0.27,0.4,0.4,0.42]},"CONDITIONS_BY_TYPE":{"CONCEPT_NAME":"Claim","COUNT_VALUE":799},"AGE_AT_FIRST_DIAGNOSIS":{"CATEGORY":["MALE","FEMALE"],"MIN_VALUE":[0,1],"P10_VALUE":[12,8],"P25_VALUE":[23,19],"MEDIAN_VALUE":[43,38],"P75_VALUE":[60,61],"P90_VALUE":[75,75],"MAX_VALUE":[98,98]}}
