{"PREVALENCE_BY_GENDER_AGE_YEAR":{"TRELLIS_NAME":["30-39","0-9","70-79","90-99","60-69","50-59","50-59","30-39","0-9","20-29","10-19","70-79","80-89","40-49","40-49","10-19","20-29","80-89","60-69"],"SERIES_NAME":["FEMALE","FEMALE","FEMALE","MALE","MALE","FEMALE","MALE","MALE","MALE","FEMALE","MALE","MALE","FEMALE","MALE","FEMALE","FEMALE","MALE","MALE","FEMALE"],"X_CALENDAR_YEAR":[2019,2019,2019,2019,2019,2019,2019,2019,2019,2019,2019,2019,2019,2019,2019,2019,2019,2019,2019],"Y_PREVALENCE_1000PP":[4.8844,3.78629,3.89177,3.9886,3.26923,4.05621,4.40076,4.40603,4.01248,5.16236,2.97892,3.22764,3.45821,3.07152,4.99643,5.02842,4.21301,3.86527,3.61492]},"PREVALENCE_BY_MONTH":{"X_CALENDAR_MONTH":[201901,201902,201903,201904,201905,201906,201907,201908,201909,201910,201911,201912],"Y_PREVALENCE_1000PP":[0.33,0.21,0.35,0.38,0.36,0.32,0.43,0.45,0.24,0.32,0.28,0.4]},"CONDITIONS_BY_TYPE":{"CONCEPT_NAME":"Claim","COUNT_VALUE":690},"AGE_AT_FIRST_DIAGNOSIS":{"CATEGORY":["MALE","FEMALE","No matching concept"],"MIN_VALUE":[0,0,19],"P10_VALUE":[11,11,19],"P25_VALUE":[25,24,38],"MEDIAN_VALUE":[44,41,66],"P75_VALUE":[61,58,75],"P90_VALUE":[77,74,81],"MAX_VALUE":[98,99,93]}}
