{"PREVALENCE_BY_GENDER_AGE_YEAR":{"TRELLIS_NAME":["50-59","20-29","40-49","30-39","40-49","70-79"],"SERIES_NAME":["FEMALE","MALE","MALE","MALE","FEMALE","FEMALE"],"X_CALENDAR_YEAR":[2019,2019,2019,2019,2019,2019],"Y_PREVALENCE_1000PP":[1.01405,1.51668,1.02384,1.01678,0.85653,1.85322]},"PREVALENCE_BY_MONTH":{"X_CALENDAR_MONTH":[201902,201903,201904,201907,201908,201909,201910],"Y_PREVALENCE_1000PP":[0.07,0.07,0.11,0.16,0.09,0.08,0.09]},"CONDITIONS_BY_TYPE":{"CONCEPT_NAME":"Claim","COUNT_VALUE":146},"AGE_AT_FIRST_DIAGNOSIS":{"CATEGORY":["FEMALE","MALE"],"MIN_VALUE":[0,2],"P10_VALUE":[15,9],"P25_VALUE":[29,25],"MEDIAN_VALUE":[51,37],"P75_VALUE":[71,57],"P90_VALUE":[79,79],"MAX_VALUE":[90,93]}}
