{"PREVALENCE_BY_GENDER_AGE_YEAR":{"TRELLIS_NAME":["40-49","60-69","80-89","0-9","70-79","90-99","70-79","0-9","50-59","20-29","40-49","30-39","10-19","50-59","60-69","20-29","30-39","10-19"],"SERIES_NAME":["MALE","FEMALE","FEMALE","MALE","MALE","MALE","FEMALE","FEMALE","FEMALE","FEMALE","FEMALE","FEMALE","MALE","MALE","MALE","MALE","MALE","FEMALE"],"X_CALENDAR_YEAR":[2019,2019,2019,2019,2019,2019,2019,2019,2019,2019,2019,2019,2019,2019,2019,2019,2019,2019],"Y_PREVALENCE_1000PP":[2.34021,3.04414,4.61095,1.78333,2.65806,4.5584,2.77984,2.73454,2.89729,3.49709,4.28266,3.74471,1.83318,3.81399,5,4.21301,2.20302,3.27941]},"PREVALENCE_BY_MONTH":{"X_CALENDAR_MONTH":[201901,201902,201903,201904,201905,201906,201907,201908,201909,201910,201911,201912],"Y_PREVALENCE_1000PP":[0.31,0.32,0.26,0.23,0.26,0.25,0.31,0.24,0.2,0.31,0.27,0.27]},"CONDITIONS_BY_TYPE":{"CONCEPT_NAME":"Claim","COUNT_VALUE":536},"AGE_AT_FIRST_DIAGNOSIS":{"CATEGORY":["MALE","FEMALE","No matching concept"],"MIN_VALUE":[1,0,14],"P10_VALUE":[18,12,14],"P25_VALUE":[28,27,20],"MEDIAN_VALUE":[51,43,51],"P75_VALUE":[65,60,62],"P90_VALUE":[79,77,92],"MAX_VALUE":[99,98,92]}}
