{"PREVALENCE_BY_GENDER_AGE_YEAR":{"TRELLIS_NAME":["30-39","50-59","0-9","20-29","70-79","40-49","70-79","20-29","60-69","50-59"],"SERIES_NAME":["FEMALE","FEMALE","FEMALE","FEMALE","FEMALE","MALE","MALE","MALE","FEMALE","MALE"],"X_CALENDAR_YEAR":[2019,2019,2019,2019,2019,2019,2019,2019,2019,2019],"Y_PREVALENCE_1000PP":[1.62813,1.01405,1.2621,1.83181,1.48258,1.60889,1.13917,1.6852,1.71233,1.32023]},"PREVALENCE_BY_MONTH":{"X_CALENDAR_MONTH":[201901,201902,201903,201904,201905,201906,201907,201908,201909,201910,201911,201912],"Y_PREVALENCE_1000PP":[0.08,0.08,0.11,0.14,0.14,0.14,0.11,0.06,0.13,0.12,0.09,0.08]},"CONDITIONS_BY_TYPE":{"CONCEPT_NAME":"Claim","COUNT_VALUE":200},"AGE_AT_FIRST_DIAGNOSIS":{"CATEGORY":["MALE","No matching concept","FEMALE"],"MIN_VALUE":[1,22,1],"P10_VALUE":[19,22,14],"P25_VALUE":[25,49,26],"MEDIAN_VALUE":[47,50,45],"P75_VALUE":[66,69,67],"P90_VALUE":[81,75,77],"MAX_VALUE":[99,75,99]}}
