{"PREVALENCE_BY_GENDER_AGE_YEAR":{"TRELLIS_NAME":["30-39","70-79","60-69","20-29","10-19","30-39","10-19","0-9","20-29","50-59","40-49","0-9","60-69","40-49","70-79","80-89","90-99","50-59"],"SERIES_NAME":["MALE","MALE","MALE","MALE","FEMALE","FEMALE","MALE","FEMALE","FEMALE","FEMALE","MALE","MALE","FEMALE","FEMALE","FEMALE","FEMALE","FEMALE","MALE"],"X_CALENDAR_YEAR":[2019,2019,2019,2019,2019,2019,2019,2019,2019,2019,2019,2019,2019,2019,2019,2019,2019,2019],"Y_PREVALENCE_1000PP":[2.7114,3.03778,4.42308,3.87597,2.4049,4.39596,3.43721,1.89314,5.16236,3.04216,2.92526,3.56665,3.2344,4.99643,4.81838,4.61095,5.57414,4.40076]},"PREVALENCE_BY_MONTH":{"X_CALENDAR_MONTH":[201901,201902,201903,201904,201905,201906,201907,201908,201909,201910,201911,201912],"Y_PREVALENCE_1000PP":[0.35,0.23,0.35,0.36,0.32,0.31,0.35,0.32,0.25,0.29,0.24,0.33]},"CONDITIONS_BY_TYPE":{"CONCEPT_NAME":"Claim","COUNT_VALUE":635},"AGE_AT_FIRST_DIAGNOSIS":{"CATEGORY":["MALE","FEMALE","No matching concept"],"MIN_VALUE":[0,2,24],"P10_VALUE":[10,19,24],"P25_VALUE":[24,29,26],"MEDIAN_VALUE":[47,46,34],"P75_VALUE":[61,65,70],"P90_VALUE":[73,78,71],"MAX_VALUE":[99,99,71]}}
