{"PREVALENCE_BY_GENDER_AGE_YEAR":{"TRELLIS_NAME":["70-79","20-29","60-69","90-99","0-9","10-19","0-9","70-79","10-19","50-59","30-39","40-49","50-59","20-29","60-69","40-49","90-99","80-89","30-39"],"SERIES_NAME":["FEMALE","MALE","FEMALE","FEMALE","MALE","MALE","FEMALE","MALE","FEMALE","FEMALE","FEMALE","FEMALE","MALE","FEMALE","MALE","MALE","MALE","MALE","MALE"],"X_CALENDAR_YEAR":[2019,2019,2019,2019,2019,2019,2019,2019,2019,2019,2019,2019,2019,2019,2019,2019,2019,2019,2019],"Y_PREVALENCE_1000PP":[5.00371,3.03337,4.56621,5.57414,4.45831,3.20807,4.20698,2.08848,4.80979,6.37404,2.60501,3.14061,3.81399,5.66195,2.11538,4.97294,3.4188,3.86527,4.5755]},"PREVALENCE_BY_MONTH":{"X_CALENDAR_MONTH":[201901,201902,201903,201904,201905,201906,201907,201908,201909,201910,201911,201912],"Y_PREVALENCE_1000PP":[0.37,0.27,0.19,0.44,0.36,0.27,0.51,0.27,0.29,0.47,0.42,0.24]},"CONDITIONS_BY_TYPE":{"CONCEPT_NAME":"Claim","COUNT_VALUE":686},"AGE_AT_FIRST_DIAGNOSIS":{"CATEGORY":["FEMALE","No matching concept","MALE"],"MIN_VALUE":[0,17,0],"P10_VALUE":[12,17,8],"P25_VALUE":[24,26,24],"MEDIAN_VALUE":[47,37,41],"P75_VALUE":[63,56,57],"P90_VALUE":[76,66,76],"MAX_VALUE":[99,84,97]}}
