{"PREVALENCE_BY_GENDER_AGE_YEAR":{"TRELLIS_NAME":["0-9","90-99","60-69","30-39","70-79","10-19","50-59","60-69","70-79","80-89","40-49","20-29","90-99","80-89","20-29","30-39","10-19","40-49","50-59","0-9"],"SERIES_NAME":["FEMALE","FEMALE","FEMALE","FEMALE","FEMALE","MALE","FEMALE","MALE","MALE","MALE","FEMALE","MALE","MALE","FEMALE","FEMALE","MALE","FEMALE","MALE","MALE","MALE"],"X_CALENDAR_YEAR":[2019,2019,2019,2019,2019,2019,2019,2019,2019,2019,2019,2019,2019,2019,2019,2019,2019,2019,2019,2019],"Y_PREVALENCE_1000PP":[7.36222,5.57414,10.46423,9.44318,10.7487,9.39505,7.82269,10.76923,7.97418,8.28272,6.70949,9.60566,10.25641,6.91643,8.15987,7.62583,7.43332,6.43557,9.38829,9.36246]},"PREVALENCE_BY_MONTH":{"X_CALENDAR_MONTH":[201901,201902,201903,201904,201905,201906,201907,201908,201909,201910,201911,201912],"Y_PREVALENCE_1000PP":[0.6,0.8,0.68,0.88,0.59,0.76,0.82,0.62,0.6,0.86,0.63,0.69]},"CONDITIONS_BY_TYPE":{"CONCEPT_NAME":"Claim","COUNT_VALUE":1390},"AGE_AT_FIRST_DIAGNOSIS":{"CATEGORY":["No matching concept","MALE","FEMALE"],"MIN_VALUE":[2,0,0],"P10_VALUE":[23,10,12],"P25_VALUE":[33,24,26],"MEDIAN_VALUE":[45,46,47],"P75_VALUE":[60,64,65],"P90_VALUE":[87,77,75],"MAX_VALUE":[92,99,99]}}
