{"PREVALENCE_BY_GENDER_AGE_YEAR":{"TRELLIS_NAME":["60-69","60-69","20-29","80-89","50-59","10-19","50-59","30-39","40-49","70-79","0-9","10-19","40-49","70-79","30-39","20-29","0-9"],"SERIES_NAME":["MALE","FEMALE","FEMALE","MALE","FEMALE","MALE","MALE","FEMALE","MALE","MALE","FEMALE","FEMALE","FEMALE","FEMALE","MALE","MALE","MALE"],"X_CALENDAR_YEAR":[2019,2019,2019,2019,2019,2019,2019,2019,2019,2019,2019,2019,2019,2019,2019,2019,2019],"Y_PREVALENCE_1000PP":[1.92308,1.71233,1.49875,3.31309,2.31783,2.06233,1.907,1.30251,2.63273,1.70875,3.36559,1.74902,1.42755,3.3358,1.01678,1.34816,1.78333]},"PREVALENCE_BY_MONTH":{"X_CALENDAR_MONTH":[201901,201902,201903,201904,201905,201906,201907,201908,201909,201910,201911,201912],"Y_PREVALENCE_1000PP":[0.27,0.11,0.1,0.2,0.15,0.16,0.19,0.09,0.21,0.19,0.14,0.12]},"CONDITIONS_BY_TYPE":{"CONCEPT_NAME":"Claim","COUNT_VALUE":329},"AGE_AT_FIRST_DIAGNOSIS":{"CATEGORY":["MALE","FEMALE"],"MIN_VALUE":[0,0],"P10_VALUE":[13,3],"P25_VALUE":[24,22],"MEDIAN_VALUE":[46,46],"P75_VALUE":[67,65],"P90_VALUE":[82,73],"MAX_VALUE":[99,93]}}
