{"PREVALENCE_BY_GENDER_AGE_YEAR":{"TRELLIS_NAME":["40-49","70-79","60-69","70-79","40-49","20-29","50-59","20-29","0-9","30-39"],"SERIES_NAME":["FEMALE","MALE","FEMALE","FEMALE","MALE","MALE","FEMALE","FEMALE","MALE","FEMALE"],"X_CALENDAR_YEAR":[2019,2019,2019,2019,2019,2019,2019,2019,2019,2019],"Y_PREVALENCE_1000PP":[1.57031,1.51889,2.28311,1.6679,1.60889,1.17964,0.86919,1.33222,2.00624,1.46532]},"PREVALENCE_BY_MONTH":{"X_CALENDAR_MONTH":[201901,201902,201903,201904,201905,201906,201907,201908,201909,201910,201911,201912],"Y_PREVALENCE_1000PP":[0.11,0.1,0.14,0.13,0.1,0.1,0.15,0.13,0.09,0.06,0.09,0.09]},"CONDITIONS_BY_TYPE":{"CONCEPT_NAME":"Claim","COUNT_VALUE":212},"AGE_AT_FIRST_DIAGNOSIS":{"CATEGORY":["FEMALE","MALE"],"MIN_VALUE":[6,1],"P10_VALUE":[17,7],"P25_VALUE":[30,24],"MEDIAN_VALUE":[44,41],"P75_VALUE":[65,65],"P90_VALUE":[76,76],"MAX_VALUE":[97,98]}}
