{"PREVALENCE_BY_GENDER_AGE_YEAR":{"TRELLIS_NAME":["60-69","60-69","40-49","20-29","30-39","0-9","0-9","40-49","10-19","50-59","50-59","30-39","20-29"],"SERIES_NAME":["MALE","FEMALE","FEMALE","MALE","FEMALE","FEMALE","MALE","MALE","MALE","FEMALE","MALE","MALE","FEMALE"],"X_CALENDAR_YEAR":[2019,2019,2019,2019,2019,2019,2019,2019,2019,2019,2019,2019,2019],"Y_PREVALENCE_1000PP":[2.30769,2.09285,1.14204,2.19077,1.79095,1.89314,2.00624,1.1701,1.60403,2.31783,2.20038,1.52517,1.99833]},"PREVALENCE_BY_MONTH":{"X_CALENDAR_MONTH":[201901,201903,201904,201905,201906,201907,201908,201909,201910,201911,201912],"Y_PREVALENCE_1000PP":[0.09,0.16,0.21,0.15,0.11,0.12,0.14,0.21,0.15,0.1,0.15]},"CONDITIONS_BY_TYPE":{"CONCEPT_NAME":"Claim","COUNT_VALUE":276},"AGE_AT_FIRST_DIAGNOSIS":{"CATEGORY":["FEMALE","MALE"],"MIN_VALUE":[1,0],"P10_VALUE":[8,9],"P25_VALUE":[25,22],"MEDIAN_VALUE":[45,43],"P75_VALUE":[59,60],"P90_VALUE":[68,70],"MAX_VALUE":[99,97]}}
