{"PREVALENCE_BY_GENDER_AGE_YEAR":{"TRELLIS_NAME":["20-29","40-49","0-9","10-19","0-9","30-39","80-89","10-19","20-29","50-59","60-69","30-39","70-79","90-99","60-69","70-79","40-49","50-59"],"SERIES_NAME":["FEMALE","FEMALE","MALE","MALE","FEMALE","MALE","MALE","FEMALE","MALE","FEMALE","FEMALE","FEMALE","MALE","MALE","MALE","FEMALE","MALE","MALE"],"X_CALENDAR_YEAR":[2019,2019,2019,2019,2019,2019,2019,2019,2019,2019,2019,2019,2019,2019,2019,2019,2019,2019],"Y_PREVALENCE_1000PP":[2.33139,3.99714,4.01248,2.52062,2.73454,4.40603,4.96963,4.15391,3.70745,3.18702,4.37595,4.07034,2.4682,5.12821,4.03846,3.52113,3.51031,2.20038]},"PREVALENCE_BY_MONTH":{"X_CALENDAR_MONTH":[201901,201902,201903,201904,201905,201906,201907,201908,201909,201910,201911,201912],"Y_PREVALENCE_1000PP":[0.36,0.2,0.27,0.34,0.19,0.32,0.28,0.24,0.19,0.43,0.29,0.35]},"CONDITIONS_BY_TYPE":{"CONCEPT_NAME":"Claim","COUNT_VALUE":579},"AGE_AT_FIRST_DIAGNOSIS":{"CATEGORY":["FEMALE","No matching concept","MALE"],"MIN_VALUE":[0,5,0],"P10_VALUE":[11,5,9],"P25_VALUE":[25,16,25],"MEDIAN_VALUE":[43,41,44],"P75_VALUE":[62,70,65],"P90_VALUE":[75,89,80],"MAX_VALUE":[96,93,99]}}
