{"PREVALENCE_BY_GENDER_AGE_YEAR":{"TRELLIS_NAME":["40-49","40-49","50-59","0-9","50-59","30-39","70-79","20-29","10-19"],"SERIES_NAME":["FEMALE","MALE","FEMALE","FEMALE","MALE","MALE","MALE","FEMALE","MALE"],"X_CALENDAR_YEAR":[2019,2019,2019,2019,2019,2019,2019,2019,2019],"Y_PREVALENCE_1000PP":[1.14204,1.02384,1.15892,1.89314,1.46692,1.52517,1.13917,0.99917,1.60403]},"PREVALENCE_BY_MONTH":{"X_CALENDAR_MONTH":[201901,201902,201903,201904,201905,201906,201908,201909,201910,201912],"Y_PREVALENCE_1000PP":[0.11,0.09,0.1,0.11,0.1,0.09,0.09,0.07,0.07,0.13]},"CONDITIONS_BY_TYPE":{"CONCEPT_NAME":"Claim","COUNT_VALUE":171},"AGE_AT_FIRST_DIAGNOSIS":{"CATEGORY":["FEMALE","MALE"],"MIN_VALUE":[0,1],"P10_VALUE":[3,11],"P25_VALUE":[20,27],"MEDIAN_VALUE":[42,48],"P75_VALUE":[55,61],"P90_VALUE":[71,78],"MAX_VALUE":[90,99]}}
