{"PREVALENCE_BY_GENDER_AGE_YEAR":{"TRELLIS_NAME":["50-59","50-59","70-79","40-49","20-29","30-39","30-39","0-9"],"SERIES_NAME":["MALE","FEMALE","MALE","FEMALE","MALE","MALE","FEMALE","MALE"],"X_CALENDAR_YEAR":[2019,2019,2019,2019,2019,2019,2019,2019],"Y_PREVALENCE_1000PP":[0.88015,1.30378,1.32903,1.2848,1.85372,1.69463,0.97688,1.56041]},"PREVALENCE_BY_MONTH":{"X_CALENDAR_MONTH":[201902,201903,201904,201905,201906,201907,201908,201909,201910,201912],"Y_PREVALENCE_1000PP":[0.06,0.1,0.11,0.1,0.1,0.1,0.1,0.08,0.13,0.11]},"CONDITIONS_BY_TYPE":{"CONCEPT_NAME":"Claim","COUNT_VALUE":174},"AGE_AT_FIRST_DIAGNOSIS":{"CATEGORY":["FEMALE","MALE"],"MIN_VALUE":[2,1],"P10_VALUE":[13,9],"P25_VALUE":[36,25],"MEDIAN_VALUE":[47,36],"P75_VALUE":[65,63],"P90_VALUE":[87,80],"MAX_VALUE":[96,99]}}
