{"PREVALENCE_BY_GENDER_AGE_YEAR":{"TRELLIS_NAME":["20-29","30-39","70-79","30-39","40-49","50-59","60-69","40-49","20-29"],"SERIES_NAME":["FEMALE","MALE","MALE","FEMALE","MALE","MALE","FEMALE","FEMALE","MALE"],"X_CALENDAR_YEAR":[2019,2019,2019,2019,2019,2019,2019,2019,2019],"Y_PREVALENCE_1000PP":[0.99917,1.3557,2.08848,0.97688,1.1701,1.61361,2.47336,1.42755,1.17964]},"PREVALENCE_BY_MONTH":{"X_CALENDAR_MONTH":[201902,201903,201904,201905,201906,201907,201908,201909,201910,201911,201912],"Y_PREVALENCE_1000PP":[0.09,0.11,0.13,0.06,0.09,0.09,0.07,0.12,0.15,0.11,0.09]},"CONDITIONS_BY_TYPE":{"CONCEPT_NAME":"Claim","COUNT_VALUE":183},"AGE_AT_FIRST_DIAGNOSIS":{"CATEGORY":["MALE","FEMALE"],"MIN_VALUE":[1,2],"P10_VALUE":[22,23],"P25_VALUE":[33,34],"MEDIAN_VALUE":[52,52],"P75_VALUE":[72,68],"P90_VALUE":[79,82],"MAX_VALUE":[99,99]}}
