{"PREVALENCE_BY_GENDER_AGE_YEAR":{"TRELLIS_NAME":["40-49","20-29","30-39","90-99","90-99","10-19","50-59","40-49","10-19","60-69","80-89","70-79","20-29","30-39","0-9","50-59","60-69","70-79","80-89","0-9"],"SERIES_NAME":["MALE","MALE","FEMALE","FEMALE","MALE","MALE","MALE","FEMALE","FEMALE","MALE","MALE","FEMALE","FEMALE","MALE","MALE","FEMALE","FEMALE","MALE","FEMALE","FEMALE"],"X_CALENDAR_YEAR":[2019,2019,2019,2019,2019,2019,2019,2019,2019,2019,2019,2019,2019,2019,2019,2019,2019,2019,2019,2019],"Y_PREVALENCE_1000PP":[5.1192,5.72969,6.34972,5.57414,7.97721,7.33272,7.92137,5.13919,6.12156,6.73077,7.73054,6.48629,6.32806,6.60905,7.1333,6.08431,8.18113,6.83501,4.03458,3.99663]},"PREVALENCE_BY_MONTH":{"X_CALENDAR_MONTH":[201901,201902,201903,201904,201905,201906,201907,201908,201909,201910,201911,201912],"Y_PREVALENCE_1000PP":[0.76,0.43,0.5,0.61,0.48,0.48,0.72,0.45,0.47,0.54,0.45,0.46]},"CONDITIONS_BY_TYPE":{"CONCEPT_NAME":"Claim","COUNT_VALUE":1058},"AGE_AT_FIRST_DIAGNOSIS":{"CATEGORY":["MALE","FEMALE","No matching concept"],"MIN_VALUE":[0,0,10],"P10_VALUE":[10,13,10],"P25_VALUE":[25,27,19],"MEDIAN_VALUE":[46,47,22],"P75_VALUE":[64,64,66],"P90_VALUE":[78,75,73],"MAX_VALUE":[99,98,77]}}
