{"PREVALENCE_BY_GENDER_AGE_YEAR":{"TRELLIS_NAME":["20-29","30-39","40-49","70-79","90-99","70-79","50-59","60-69","60-69","30-39","20-29","0-9","80-89","90-99","40-49","10-19","50-59","10-19","0-9"],"SERIES_NAME":["FEMALE","MALE","FEMALE","MALE","FEMALE","FEMALE","FEMALE","MALE","FEMALE","FEMALE","MALE","FEMALE","MALE","MALE","MALE","FEMALE","MALE","MALE","MALE"],"X_CALENDAR_YEAR":[2019,2019,2019,2019,2019,2019,2019,2019,2019,2019,2019,2019,2019,2019,2019,2019,2019,2019,2019],"Y_PREVALENCE_1000PP":[2.9975,3.05033,3.28337,2.27834,5.01672,4.07709,4.63567,3.07692,3.99543,3.74471,4.71857,3.36559,4.41745,3.4188,3.36405,2.18627,3.6673,1.83318,3.12082]},"PREVALENCE_BY_MONTH":{"X_CALENDAR_MONTH":[201901,201902,201903,201904,201905,201906,201907,201908,201909,201910,201911,201912],"Y_PREVALENCE_1000PP":[0.35,0.21,0.25,0.33,0.17,0.31,0.29,0.32,0.22,0.32,0.37,0.23]},"CONDITIONS_BY_TYPE":{"CONCEPT_NAME":"Claim","COUNT_VALUE":562},"AGE_AT_FIRST_DIAGNOSIS":{"CATEGORY":["FEMALE","MALE"],"MIN_VALUE":[0,0],"P10_VALUE":[10,13],"P25_VALUE":[29,25],"MEDIAN_VALUE":[49,44],"P75_VALUE":[64,62],"P90_VALUE":[76,79],"MAX_VALUE":[99,99]}}
