{"PREVALENCE_BY_GENDER_AGE_YEAR":{"TRELLIS_NAME":["30-39","20-29","40-49","50-59","10-19","60-69","0-9","70-79","40-49","50-59","20-29","60-69","10-19","70-79","0-9","30-39"],"SERIES_NAME":["FEMALE","MALE","FEMALE","FEMALE","FEMALE","FEMALE","FEMALE","MALE","MALE","MALE","FEMALE","MALE","MALE","FEMALE","MALE","MALE"],"X_CALENDAR_YEAR":[2019,2019,2019,2019,2019,2019,2019,2019,2019,2019,2019,2019,2019,2019,2019,2019],"Y_PREVALENCE_1000PP":[2.76783,4.04449,2.56959,2.89729,1.74902,2.09285,2.73454,2.27834,2.04768,2.78715,3.33056,2.30769,2.52062,2.03855,2.8979,1.3557]},"PREVALENCE_BY_MONTH":{"X_CALENDAR_MONTH":[201901,201902,201903,201904,201905,201906,201907,201908,201909,201910,201911,201912],"Y_PREVALENCE_1000PP":[0.26,0.25,0.16,0.19,0.25,0.16,0.2,0.22,0.22,0.18,0.16,0.26]},"CONDITIONS_BY_TYPE":{"CONCEPT_NAME":"Claim","COUNT_VALUE":416},"AGE_AT_FIRST_DIAGNOSIS":{"CATEGORY":["FEMALE","MALE","No matching concept"],"MIN_VALUE":[1,1,2],"P10_VALUE":[9,9,2],"P25_VALUE":[24,22,3],"MEDIAN_VALUE":[41,43,29],"P75_VALUE":[56,61,53],"P90_VALUE":[73,74,67],"MAX_VALUE":[98,94,67]}}
