{"PREVALENCE_BY_GENDER_AGE_YEAR":{"TRELLIS_NAME":["70-79","20-29","50-59","20-29"],"SERIES_NAME":["MALE","MALE","FEMALE","FEMALE"],"X_CALENDAR_YEAR":[2019,2019,2019,2019],"Y_PREVALENCE_1000PP":[1.13917,1.51668,1.01405,0.99917]},"PREVALENCE_BY_MONTH":{"X_CALENDAR_MONTH":[201901,201902,201904,201905,201907,201909,201910,201911],"Y_PREVALENCE_1000PP":[0.06,0.08,0.08,0.06,0.1,0.08,0.07,0.1]},"CONDITIONS_BY_TYPE":{"CONCEPT_NAME":"Claim","COUNT_VALUE":132},"AGE_AT_FIRST_DIAGNOSIS":{"CATEGORY":["FEMALE","MALE"],"MIN_VALUE":[1,3],"P10_VALUE":[7,8],"P25_VALUE":[18,21],"MEDIAN_VALUE":[38,36],"P75_VALUE":[54,55],"P90_VALUE":[74,76],"MAX_VALUE":[94,79]}}
