{"PREVALENCE_BY_GENDER_AGE_YEAR":{"TRELLIS_NAME":["50-59","30-39","40-49","30-39","40-49","10-19","70-79","20-29","80-89","60-69","80-89","60-69","0-9","20-29","10-19","0-9","70-79","50-59"],"SERIES_NAME":["FEMALE","MALE","MALE","FEMALE","FEMALE","MALE","FEMALE","MALE","MALE","MALE","FEMALE","FEMALE","MALE","FEMALE","FEMALE","FEMALE","MALE","MALE"],"X_CALENDAR_YEAR":[2019,2019,2019,2019,2019,2019,2019,2019,2019,2019,2019,2019,2019,2019,2019,2019,2019,2019],"Y_PREVALENCE_1000PP":[2.75243,3.21979,2.92526,2.93064,2.99786,3.43721,2.96516,3.53893,3.31309,3.07692,3.45821,2.28311,2.8979,2.83097,3.71666,2.52419,3.41751,2.64046]},"PREVALENCE_BY_MONTH":{"X_CALENDAR_MONTH":[201901,201902,201903,201904,201905,201906,201907,201908,201909,201910,201911,201912],"Y_PREVALENCE_1000PP":[0.27,0.27,0.22,0.31,0.28,0.24,0.32,0.16,0.23,0.3,0.24,0.15]},"CONDITIONS_BY_TYPE":{"CONCEPT_NAME":"Claim","COUNT_VALUE":492},"AGE_AT_FIRST_DIAGNOSIS":{"CATEGORY":["No matching concept","FEMALE","MALE"],"MIN_VALUE":[11,0,0],"P10_VALUE":[11,11,12],"P25_VALUE":[25,25,24],"MEDIAN_VALUE":[46,43,43],"P75_VALUE":[51,61,64],"P90_VALUE":[59,77,79],"MAX_VALUE":[59,99,99]}}
