{"PREVALENCE_BY_GENDER_AGE_YEAR":{"TRELLIS_NAME":["90-99","80-89","40-49","70-79","30-39","60-69","60-69","0-9","80-89","0-9","50-59","70-79","40-49","20-29","20-29","30-39","10-19","10-19","50-59"],"SERIES_NAME":["MALE","FEMALE","MALE","MALE","MALE","FEMALE","MALE","FEMALE","MALE","MALE","MALE","FEMALE","FEMALE","FEMALE","MALE","FEMALE","FEMALE","MALE","FEMALE"],"X_CALENDAR_YEAR":[2019,2019,2019,2019,2019,2019,2019,2019,2019,2019,2019,2019,2019,2019,2019,2019,2019,2019,2019],"Y_PREVALENCE_1000PP":[3.9886,4.03458,5.1192,3.41751,4.91442,5.13699,4.42308,4.20698,4.96963,2.67499,3.6673,3.70645,4.1399,4.32973,4.21301,4.07034,4.59117,5.04125,4.92539]},"PREVALENCE_BY_MONTH":{"X_CALENDAR_MONTH":[201901,201902,201903,201904,201905,201906,201907,201908,201909,201910,201911,201912],"Y_PREVALENCE_1000PP":[0.51,0.32,0.26,0.49,0.37,0.23,0.48,0.42,0.28,0.36,0.3,0.35]},"CONDITIONS_BY_TYPE":{"CONCEPT_NAME":"Claim","COUNT_VALUE":743},"AGE_AT_FIRST_DIAGNOSIS":{"CATEGORY":["MALE","No matching concept","FEMALE"],"MIN_VALUE":[0,0,0],"P10_VALUE":[13,14,11],"P25_VALUE":[25,21,25],"MEDIAN_VALUE":[43,41,45],"P75_VALUE":[61,50,61],"P90_VALUE":[75,69,75],"MAX_VALUE":[99,87,97]}}
