{"PREVALENCE_BY_GENDER_AGE_YEAR":{"TRELLIS_NAME":["0-9","60-69","70-79","50-59","60-69","40-49","30-39"],"SERIES_NAME":["MALE","MALE","MALE","MALE","FEMALE","FEMALE","MALE"],"X_CALENDAR_YEAR":[2019,2019,2019,2019,2019,2019,2019],"Y_PREVALENCE_1000PP":[1.33749,1.92308,1.51889,1.32023,2.09285,1.14204,1.3557]},"PREVALENCE_BY_MONTH":{"X_CALENDAR_MONTH":[201901,201903,201904,201905,201906,201907,201909,201910,201911,201912],"Y_PREVALENCE_1000PP":[0.12,0.08,0.11,0.1,0.09,0.07,0.09,0.11,0.08,0.1]},"CONDITIONS_BY_TYPE":{"CONCEPT_NAME":"Claim","COUNT_VALUE":171},"AGE_AT_FIRST_DIAGNOSIS":{"CATEGORY":["MALE","FEMALE"],"MIN_VALUE":[2,4],"P10_VALUE":[9,11],"P25_VALUE":[32,24],"MEDIAN_VALUE":[53,46],"P75_VALUE":[68,67],"P90_VALUE":[75,77],"MAX_VALUE":[99,93]}}
