{"PREVALENCE_BY_GENDER_AGE_YEAR":{"TRELLIS_NAME":["20-29","40-49","40-49","30-39","0-9","60-69","70-79"],"SERIES_NAME":["MALE","MALE","FEMALE","MALE","MALE","MALE","MALE"],"X_CALENDAR_YEAR":[2019,2019,2019,2019,2019,2019,2019],"Y_PREVALENCE_1000PP":[2.02224,0.87758,0.99929,1.69463,1.33749,1.92308,1.32903]},"PREVALENCE_BY_MONTH":{"X_CALENDAR_MONTH":[201901,201903,201904,201906,201907,201908,201909,201910,201912],"Y_PREVALENCE_1000PP":[0.09,0.1,0.07,0.12,0.17,0.07,0.08,0.07,0.06]},"CONDITIONS_BY_TYPE":{"CONCEPT_NAME":"Claim","COUNT_VALUE":160},"AGE_AT_FIRST_DIAGNOSIS":{"CATEGORY":["MALE","FEMALE"],"MIN_VALUE":[0,0],"P10_VALUE":[11,3],"P25_VALUE":[25,27],"MEDIAN_VALUE":[39,44],"P75_VALUE":[63,63],"P90_VALUE":[73,78],"MAX_VALUE":[99,82]}}
