{"PREVALENCE_BY_GENDER_AGE_YEAR":{"TRELLIS_NAME":["70-79","60-69","60-69","30-39","10-19","30-39","20-29","20-29","0-9","40-49","10-19","50-59","0-9","70-79","50-59","40-49"],"SERIES_NAME":["MALE","FEMALE","MALE","FEMALE","FEMALE","MALE","FEMALE","MALE","MALE","FEMALE","MALE","MALE","FEMALE","FEMALE","FEMALE","MALE"],"X_CALENDAR_YEAR":[2019,2019,2019,2019,2019,2019,2019,2019,2019,2019,2019,2019,2019,2019,2019,2019],"Y_PREVALENCE_1000PP":[2.4682,3.04414,3.07692,3.41908,2.18627,2.37248,3.33056,2.19077,1.78333,2.14133,2.52062,2.64046,4.20698,2.22387,4.05621,2.92526]},"PREVALENCE_BY_MONTH":{"X_CALENDAR_MONTH":[201901,201902,201903,201904,201905,201906,201907,201908,201909,201910,201911,201912],"Y_PREVALENCE_1000PP":[0.29,0.16,0.23,0.27,0.25,0.16,0.22,0.31,0.17,0.3,0.15,0.24]},"CONDITIONS_BY_TYPE":{"CONCEPT_NAME":"Claim","COUNT_VALUE":476},"AGE_AT_FIRST_DIAGNOSIS":{"CATEGORY":["FEMALE","MALE","No matching concept"],"MIN_VALUE":[0,1,1],"P10_VALUE":[7,15,1],"P25_VALUE":[23,27,17],"MEDIAN_VALUE":[43,48,23],"P75_VALUE":[59,63,75],"P90_VALUE":[72,74,98],"MAX_VALUE":[99,93,98]}}
