{"PREVALENCE_BY_GENDER_AGE_YEAR":{"TRELLIS_NAME":["80-89","60-69","70-79","90-99","10-19","50-59","60-69","90-99","0-9","10-19","80-89","50-59","20-29","20-29","0-9","70-79","30-39","40-49","40-49","30-39"],"SERIES_NAME":["MALE","MALE","MALE","MALE","MALE","FEMALE","FEMALE","FEMALE","FEMALE","FEMALE","FEMALE","MALE","MALE","FEMALE","MALE","FEMALE","FEMALE","FEMALE","MALE","MALE"],"X_CALENDAR_YEAR":[2019,2019,2019,2019,2019,2019,2019,2019,2019,2019,2019,2019,2019,2019,2019,2019,2019,2019,2019,2019],"Y_PREVALENCE_1000PP":[3.31309,3.26923,3.98709,5.69801,4.58295,3.04216,3.42466,3.9019,3.78629,3.49803,3.45821,2.78715,3.87597,3.16403,5.57289,2.96516,3.25627,3.71163,2.92526,3.72818]},"PREVALENCE_BY_MONTH":{"X_CALENDAR_MONTH":[201901,201902,201903,201904,201905,201906,201907,201908,201909,201910,201911,201912],"Y_PREVALENCE_1000PP":[0.4,0.21,0.32,0.41,0.34,0.27,0.3,0.33,0.18,0.37,0.22,0.23]},"CONDITIONS_BY_TYPE":{"CONCEPT_NAME":"Claim","COUNT_VALUE":590},"AGE_AT_FIRST_DIAGNOSIS":{"CATEGORY":["MALE","No matching concept","FEMALE"],"MIN_VALUE":[0,20,0],"P10_VALUE":[8,20,8],"P25_VALUE":[20,26,23],"MEDIAN_VALUE":[41,36,44],"P75_VALUE":[65,58,63],"P90_VALUE":[78,79,78],"MAX_VALUE":[99,79,99]}}
