{"PREVALENCE_BY_GENDER_AGE_YEAR":{"TRELLIS_NAME":["20-29","40-49","50-59","60-69","0-9","20-29","60-69","30-39","50-59"],"SERIES_NAME":["FEMALE","FEMALE","FEMALE","MALE","FEMALE","MALE","FEMALE","MALE","MALE"],"X_CALENDAR_YEAR":[2019,2019,2019,2019,2019,2019,2019,2019,2019],"Y_PREVALENCE_1000PP":[1.33222,0.85653,1.15892,1.53846,1.47244,1.01112,2.85388,1.01678,0.88015]},"PREVALENCE_BY_MONTH":{"X_CALENDAR_MONTH":[201901,201902,201903,201904,201905,201906,201907,201908,201909,201910,201911],"Y_PREVALENCE_1000PP":[0.09,0.11,0.06,0.08,0.08,0.07,0.09,0.09,0.13,0.1,0.1]},"CONDITIONS_BY_TYPE":{"CONCEPT_NAME":"Claim","COUNT_VALUE":159},"AGE_AT_FIRST_DIAGNOSIS":{"CATEGORY":["MALE","FEMALE"],"MIN_VALUE":[1,0],"P10_VALUE":[17,6],"P25_VALUE":[22,25],"MEDIAN_VALUE":[41,49],"P75_VALUE":[61,67],"P90_VALUE":[70,70],"MAX_VALUE":[78,96]}}
