{"PREVALENCE_BY_GENDER_AGE_YEAR":{"TRELLIS_NAME":["10-19","20-29","40-49","60-69","50-59","20-29","70-79","60-69","0-9","50-59","10-19","30-39","30-39"],"SERIES_NAME":["MALE","FEMALE","MALE","MALE","MALE","MALE","MALE","FEMALE","MALE","FEMALE","FEMALE","FEMALE","MALE"],"X_CALENDAR_YEAR":[2019,2019,2019,2019,2019,2019,2019,2019,2019,2019,2019,2019,2019],"Y_PREVALENCE_1000PP":[1.37489,1.49875,1.31637,1.15385,1.61361,1.34816,1.13917,1.14155,1.33749,1.30378,1.53039,1.30251,1.18624]},"PREVALENCE_BY_MONTH":{"X_CALENDAR_MONTH":[201901,201902,201903,201904,201905,201906,201907,201908,201909,201910,201911,201912],"Y_PREVALENCE_1000PP":[0.13,0.07,0.09,0.07,0.09,0.11,0.14,0.12,0.15,0.08,0.08,0.08]},"CONDITIONS_BY_TYPE":{"CONCEPT_NAME":"Claim","COUNT_VALUE":192},"AGE_AT_FIRST_DIAGNOSIS":{"CATEGORY":["MALE","FEMALE"],"MIN_VALUE":[0,1],"P10_VALUE":[10,10],"P25_VALUE":[25,24],"MEDIAN_VALUE":[44,43],"P75_VALUE":[58,64],"P90_VALUE":[75,81],"MAX_VALUE":[99,99]}}
