{"PREVALENCE_BY_GENDER_AGE_YEAR":{"TRELLIS_NAME":["40-49","20-29","60-69","10-19","90-99","70-79","60-69","30-39","0-9","20-29","10-19","80-89","90-99","50-59","0-9","70-79","80-89","30-39","40-49","50-59"],"SERIES_NAME":["MALE","MALE","MALE","FEMALE","FEMALE","FEMALE","FEMALE","MALE","FEMALE","FEMALE","MALE","FEMALE","MALE","FEMALE","MALE","MALE","MALE","FEMALE","FEMALE","MALE"],"X_CALENDAR_YEAR":[2019,2019,2019,2019,2019,2019,2019,2019,2019,2019,2019,2019,2019,2019,2019,2019,2019,2019,2019,2019],"Y_PREVALENCE_1000PP":[29.54512,25.78362,25,28.20289,25.08361,27.79837,26.06545,28.63921,27.13504,29.30891,28.18515,32.27666,29.62963,28.10372,28.08738,30.56769,23.19161,25.23608,26.83797,30.07188]},"PREVALENCE_BY_MONTH":{"X_CALENDAR_MONTH":[201901,201902,201903,201904,201905,201906,201907,201908,201909,201910,201911,201912],"Y_PREVALENCE_1000PP":[2.65,2.07,2.12,2.44,2.35,1.94,3.01,2.16,2,3.04,1.96,2.37]},"CONDITIONS_BY_TYPE":{"CONCEPT_NAME":"Claim","COUNT_VALUE":4698},"AGE_AT_FIRST_DIAGNOSIS":{"CATEGORY":["FEMALE","No matching concept","MALE"],"MIN_VALUE":[0,0,0],"P10_VALUE":[10,10,10],"P25_VALUE":[24,28,26],"MEDIAN_VALUE":[45,42,45],"P75_VALUE":[63,61,63],"P90_VALUE":[77,75,77],"MAX_VALUE":[99,98,99]}}
