{"PREVALENCE_BY_GENDER_AGE_YEAR":{"TRELLIS_NAME":["30-39","40-49","60-69","0-9","50-59","20-29","90-99","70-79","20-29","10-19","40-49","30-39","60-69","70-79"],"SERIES_NAME":["MALE","FEMALE","MALE","MALE","MALE","FEMALE","FEMALE","FEMALE","MALE","MALE","MALE","FEMALE","FEMALE","MALE"],"X_CALENDAR_YEAR":[2019,2019,2019,2019,2019,2019,2019,2019,2019,2019,2019,2019,2019,2019],"Y_PREVALENCE_1000PP":[2.88087,0.85653,2.30769,1.56041,1.32023,1.33222,3.34448,1.29726,2.19077,1.60403,1.60889,1.46532,1.33181,1.32903]},"PREVALENCE_BY_MONTH":{"X_CALENDAR_MONTH":[201901,201902,201903,201904,201905,201906,201907,201908,201909,201910,201911,201912],"Y_PREVALENCE_1000PP":[0.17,0.14,0.12,0.13,0.11,0.12,0.07,0.13,0.17,0.12,0.12,0.12]},"CONDITIONS_BY_TYPE":{"CONCEPT_NAME":"Claim","COUNT_VALUE":260},"AGE_AT_FIRST_DIAGNOSIS":{"CATEGORY":["MALE","FEMALE"],"MIN_VALUE":[3,0],"P10_VALUE":[12,11],"P25_VALUE":[25,28],"MEDIAN_VALUE":[40,42],"P75_VALUE":[61,69],"P90_VALUE":[78,93],"MAX_VALUE":[98,97]}}
