{"PREVALENCE_BY_GENDER_AGE_YEAR":{"TRELLIS_NAME":["30-39","50-59","60-69","60-69","40-49","40-49","50-59","90-99","20-29","70-79","0-9","70-79","10-19","30-39","0-9","20-29"],"SERIES_NAME":["MALE","FEMALE","MALE","FEMALE","MALE","FEMALE","MALE","FEMALE","FEMALE","FEMALE","MALE","MALE","FEMALE","FEMALE","FEMALE","MALE"],"X_CALENDAR_YEAR":[2019,2019,2019,2019,2019,2019,2019,2019,2019,2019,2019,2019,2019,2019,2019,2019],"Y_PREVALENCE_1000PP":[3.55872,2.60756,1.92308,3.04414,2.19394,3.85439,3.22723,5.01672,2.83097,2.03855,1.78333,3.41751,2.18627,3.90752,3.57594,1.85372]},"PREVALENCE_BY_MONTH":{"X_CALENDAR_MONTH":[201901,201902,201903,201904,201905,201906,201907,201908,201909,201910,201911,201912],"Y_PREVALENCE_1000PP":[0.25,0.2,0.26,0.24,0.18,0.17,0.29,0.26,0.25,0.28,0.18,0.17]},"CONDITIONS_BY_TYPE":{"CONCEPT_NAME":"Claim","COUNT_VALUE":464},"AGE_AT_FIRST_DIAGNOSIS":{"CATEGORY":["MALE","FEMALE"],"MIN_VALUE":[3,0],"P10_VALUE":[18,9],"P25_VALUE":[32,27],"MEDIAN_VALUE":[48,43],"P75_VALUE":[64,60],"P90_VALUE":[77,78],"MAX_VALUE":[99,96]}}
