{"PREVALENCE_BY_GENDER_AGE_YEAR":{"TRELLIS_NAME":["20-29","20-29","40-49","70-79","50-59","10-19","10-19","0-9","0-9","60-69","50-59","40-49","30-39","30-39","70-79"],"SERIES_NAME":["MALE","FEMALE","MALE","FEMALE","MALE","FEMALE","MALE","MALE","FEMALE","MALE","FEMALE","FEMALE","FEMALE","MALE","MALE"],"X_CALENDAR_YEAR":[2019,2019,2019,2019,2019,2019,2019,2019,2019,2019,2019,2019,2019,2019,2019],"Y_PREVALENCE_1000PP":[1.34816,1.33222,2.19394,3.52113,2.64046,2.4049,1.37489,1.56041,2.10349,2.30769,1.01405,2.14133,2.27939,1.69463,2.27834]},"PREVALENCE_BY_MONTH":{"X_CALENDAR_MONTH":[201901,201902,201903,201904,201905,201906,201907,201908,201909,201910,201911,201912],"Y_PREVALENCE_1000PP":[0.13,0.15,0.18,0.2,0.15,0.13,0.22,0.17,0.08,0.26,0.13,0.14]},"CONDITIONS_BY_TYPE":{"CONCEPT_NAME":"Claim","COUNT_VALUE":328},"AGE_AT_FIRST_DIAGNOSIS":{"CATEGORY":["No matching concept","FEMALE","MALE"],"MIN_VALUE":[5,1,1],"P10_VALUE":[5,9,16],"P25_VALUE":[24,26,31],"MEDIAN_VALUE":[29,42,51],"P75_VALUE":[66,64,68],"P90_VALUE":[77,77,78],"MAX_VALUE":[77,99,98]}}
