{"PREVALENCE_BY_GENDER_AGE_YEAR":{"TRELLIS_NAME":["20-29","60-69","0-9","60-69","40-49","50-59","40-49","10-19","70-79","0-9","30-39","10-19","80-89","20-29","30-39","70-79","50-59"],"SERIES_NAME":["MALE","MALE","MALE","FEMALE","FEMALE","FEMALE","MALE","MALE","MALE","FEMALE","FEMALE","FEMALE","MALE","FEMALE","MALE","FEMALE","MALE"],"X_CALENDAR_YEAR":[2019,2019,2019,2019,2019,2019,2019,2019,2019,2019,2019,2019,2019,2019,2019,2019,2019],"Y_PREVALENCE_1000PP":[1.34816,1.73077,1.78333,1.33181,1.99857,1.59351,2.19394,1.37489,2.08848,2.31384,1.46532,1.74902,3.31309,1.33222,1.18624,1.29726,2.34707]},"PREVALENCE_BY_MONTH":{"X_CALENDAR_MONTH":[201901,201902,201903,201904,201905,201906,201907,201908,201909,201910,201911,201912],"Y_PREVALENCE_1000PP":[0.15,0.13,0.15,0.19,0.17,0.08,0.21,0.14,0.15,0.17,0.12,0.09]},"CONDITIONS_BY_TYPE":{"CONCEPT_NAME":"Claim","COUNT_VALUE":284},"AGE_AT_FIRST_DIAGNOSIS":{"CATEGORY":["FEMALE","MALE"],"MIN_VALUE":[1,0],"P10_VALUE":[8,11],"P25_VALUE":[20,28],"MEDIAN_VALUE":[43,48],"P75_VALUE":[58,65],"P90_VALUE":[72,79],"MAX_VALUE":[97,99]}}
