{"PREVALENCE_BY_GENDER_AGE_YEAR":{"TRELLIS_NAME":["0-9","40-49","60-69","80-89","40-49","50-59","70-79","60-69","0-9","10-19","20-29","90-99","50-59","70-79","30-39","30-39","20-29","10-19"],"SERIES_NAME":["FEMALE","FEMALE","MALE","MALE","MALE","MALE","MALE","FEMALE","MALE","MALE","MALE","MALE","FEMALE","FEMALE","FEMALE","MALE","FEMALE","FEMALE"],"X_CALENDAR_YEAR":[2019,2019,2019,2019,2019,2019,2019,2019,2019,2019,2019,2019,2019,2019,2019,2019,2019,2019],"Y_PREVALENCE_1000PP":[2.52419,1.99857,2.88462,4.41745,1.75516,3.52061,2.65806,2.66362,3.12082,3.43721,3.37041,4.5584,2.4627,4.07709,3.74471,2.7114,2.9975,2.62352]},"PREVALENCE_BY_MONTH":{"X_CALENDAR_MONTH":[201901,201902,201903,201904,201905,201906,201907,201908,201909,201910,201911,201912],"Y_PREVALENCE_1000PP":[0.33,0.18,0.2,0.23,0.28,0.21,0.29,0.18,0.29,0.28,0.17,0.29]},"CONDITIONS_BY_TYPE":{"CONCEPT_NAME":"Claim","COUNT_VALUE":498},"AGE_AT_FIRST_DIAGNOSIS":{"CATEGORY":["No matching concept","FEMALE","MALE"],"MIN_VALUE":[7,0,0],"P10_VALUE":[7,10,10],"P25_VALUE":[23,25,24],"MEDIAN_VALUE":[29,41,46],"P75_VALUE":[53,66,63],"P90_VALUE":[64,75,82],"MAX_VALUE":[64,98,99]}}
