{"PREVALENCE_BY_GENDER_AGE_YEAR":{"TRELLIS_NAME":["40-49","60-69","20-29","70-79","0-9","30-39","50-59","0-9","80-89","10-19","10-19","20-29","30-39","70-79","50-59","60-69","40-49"],"SERIES_NAME":["FEMALE","MALE","FEMALE","MALE","MALE","MALE","FEMALE","FEMALE","FEMALE","FEMALE","MALE","MALE","FEMALE","FEMALE","MALE","FEMALE","MALE"],"X_CALENDAR_YEAR":[2019,2019,2019,2019,2019,2019,2019,2019,2019,2019,2019,2019,2019,2019,2019,2019,2019],"Y_PREVALENCE_1000PP":[2.56959,3.26923,1.83181,2.08848,2.22916,2.88087,2.0281,1.47244,4.03458,3.49803,2.74977,2.86485,1.95376,2.77984,2.20038,2.66362,2.04768]},"PREVALENCE_BY_MONTH":{"X_CALENDAR_MONTH":[201901,201902,201903,201904,201905,201906,201907,201908,201909,201910,201911,201912],"Y_PREVALENCE_1000PP":[0.22,0.13,0.13,0.33,0.26,0.13,0.28,0.21,0.18,0.19,0.14,0.2]},"CONDITIONS_BY_TYPE":{"CONCEPT_NAME":"Claim","COUNT_VALUE":426},"AGE_AT_FIRST_DIAGNOSIS":{"CATEGORY":["FEMALE","MALE"],"MIN_VALUE":[0,1],"P10_VALUE":[13,11],"P25_VALUE":[26,24],"MEDIAN_VALUE":[46,42],"P75_VALUE":[68,64],"P90_VALUE":[79,74],"MAX_VALUE":[95,94]}}
