{"PREVALENCE_BY_GENDER_AGE_YEAR":{"TRELLIS_NAME":["10-19","50-59","30-39","70-79","60-69","0-9","30-39","70-79","40-49","0-9","20-29","60-69","20-29","10-19","80-89","50-59","40-49"],"SERIES_NAME":["FEMALE","FEMALE","MALE","MALE","FEMALE","FEMALE","FEMALE","FEMALE","MALE","MALE","FEMALE","MALE","MALE","MALE","MALE","MALE","FEMALE"],"X_CALENDAR_YEAR":[2019,2019,2019,2019,2019,2019,2019,2019,2019,2019,2019,2019,2019,2019,2019,2019,2019],"Y_PREVALENCE_1000PP":[2.62352,1.88324,1.86409,2.84792,2.66362,1.47244,3.09345,3.3358,2.779,2.45207,2.66445,2.30769,2.19077,2.06233,3.31309,2.49377,2.71235]},"PREVALENCE_BY_MONTH":{"X_CALENDAR_MONTH":[201901,201902,201903,201904,201905,201906,201907,201908,201909,201910,201911,201912],"Y_PREVALENCE_1000PP":[0.23,0.21,0.24,0.23,0.21,0.14,0.15,0.16,0.22,0.27,0.2,0.2]},"CONDITIONS_BY_TYPE":{"CONCEPT_NAME":"Claim","COUNT_VALUE":405},"AGE_AT_FIRST_DIAGNOSIS":{"CATEGORY":["FEMALE","MALE"],"MIN_VALUE":[1,0],"P10_VALUE":[14,10],"P25_VALUE":[27,27],"MEDIAN_VALUE":[43,48],"P75_VALUE":[64,67],"P90_VALUE":[75,79],"MAX_VALUE":[98,99]}}
