{"PREVALENCE_BY_GENDER_AGE_YEAR":{"TRELLIS_NAME":["50-59","50-59","40-49","30-39"],"SERIES_NAME":["FEMALE","MALE","FEMALE","FEMALE"],"X_CALENDAR_YEAR":[2019,2019,2019,2019],"Y_PREVALENCE_1000PP":[1.01405,1.02684,0.85653,1.30251]},"PREVALENCE_BY_MONTH":{"X_CALENDAR_MONTH":[201901,201905,201906,201907,201908,201909,201912],"Y_PREVALENCE_1000PP":[0.06,0.08,0.09,0.06,0.06,0.06,0.06]},"CONDITIONS_BY_TYPE":{"CONCEPT_NAME":"Claim","COUNT_VALUE":105},"AGE_AT_FIRST_DIAGNOSIS":{"CATEGORY":["MALE","FEMALE"],"MIN_VALUE":[0,6],"P10_VALUE":[14,23],"P25_VALUE":[29,32],"MEDIAN_VALUE":[47,44],"P75_VALUE":[60,62],"P90_VALUE":[77,84],"MAX_VALUE":[95,99]}}
