{"PREVALENCE_BY_GENDER_AGE_YEAR":{"TRELLIS_NAME":["50-59","70-79","0-9","40-49","60-69","90-99","40-49","80-89","50-59","90-99","10-19","30-39","0-9","30-39","10-19","20-29","70-79","20-29","60-69"],"SERIES_NAME":["MALE","MALE","FEMALE","FEMALE","MALE","MALE","MALE","FEMALE","FEMALE","FEMALE","FEMALE","FEMALE","MALE","MALE","MALE","FEMALE","FEMALE","MALE","FEMALE"],"X_CALENDAR_YEAR":[2019,2019,2019,2019,2019,2019,2019,2019,2019,2019,2019,2019,2019,2019,2019,2019,2019,2019,2019],"Y_PREVALENCE_1000PP":[3.81399,4.74654,3.78629,4.28266,3.84615,5.12821,3.9491,4.03458,3.91134,3.34448,4.37254,4.23315,2.8979,2.88087,4.12466,1.83181,4.63306,4.04449,3.61492]},"PREVALENCE_BY_MONTH":{"X_CALENDAR_MONTH":[201901,201902,201903,201904,201905,201906,201907,201908,201909,201910,201911,201912],"Y_PREVALENCE_1000PP":[0.36,0.2,0.33,0.41,0.34,0.39,0.46,0.21,0.18,0.39,0.3,0.26]},"CONDITIONS_BY_TYPE":{"CONCEPT_NAME":"Claim","COUNT_VALUE":600},"AGE_AT_FIRST_DIAGNOSIS":{"CATEGORY":["MALE","No matching concept","FEMALE"],"MIN_VALUE":[0,7,0],"P10_VALUE":[11,7,10],"P25_VALUE":[27,41,29],"MEDIAN_VALUE":[47,47,46],"P75_VALUE":[64,61,66],"P90_VALUE":[77,92,78],"MAX_VALUE":[99,92,99]}}
