{"PREVALENCE_BY_GENDER_AGE_YEAR":{"TRELLIS_NAME":["60-69","40-49","20-29","30-39","30-39"],"SERIES_NAME":["MALE","FEMALE","FEMALE","FEMALE","MALE"],"X_CALENDAR_YEAR":[2019,2019,2019,2019,2019],"Y_PREVALENCE_1000PP":[1.15385,0.85653,0.99917,1.13969,1.18624]},"PREVALENCE_BY_MONTH":{"X_CALENDAR_MONTH":[201901,201904,201905,201906,201909,201910,201911,201912],"Y_PREVALENCE_1000PP":[0.06,0.06,0.08,0.06,0.08,0.08,0.09,0.06]},"CONDITIONS_BY_TYPE":{"CONCEPT_NAME":"Claim","COUNT_VALUE":122},"AGE_AT_FIRST_DIAGNOSIS":{"CATEGORY":["FEMALE","MALE"],"MIN_VALUE":[2,0],"P10_VALUE":[14,9],"P25_VALUE":[24,29],"MEDIAN_VALUE":[34,46],"P75_VALUE":[53,69],"P90_VALUE":[73,76],"MAX_VALUE":[92,92]}}
