{"PREVALENCE_BY_GENDER_AGE_YEAR":{"TRELLIS_NAME":["70-79","20-29","0-9","60-69","70-79","50-59","10-19","50-59","60-69","40-49","30-39","30-39","10-19","80-89","40-49","20-29"],"SERIES_NAME":["FEMALE","MALE","MALE","MALE","MALE","MALE","MALE","FEMALE","FEMALE","FEMALE","MALE","FEMALE","FEMALE","FEMALE","MALE","FEMALE"],"X_CALENDAR_YEAR":[2019,2019,2019,2019,2019,2019,2019,2019,2019,2019,2019,2019,2019,2019,2019,2019],"Y_PREVALENCE_1000PP":[2.40919,1.6852,1.78333,4.23077,2.08848,2.34707,2.97892,2.4627,1.90259,2.14133,2.20302,1.62813,3.71666,3.45821,3.21779,2.83097]},"PREVALENCE_BY_MONTH":{"X_CALENDAR_MONTH":[201901,201902,201903,201904,201905,201906,201907,201908,201909,201910,201911,201912],"Y_PREVALENCE_1000PP":[0.18,0.18,0.18,0.21,0.28,0.12,0.25,0.16,0.15,0.24,0.17,0.25]},"CONDITIONS_BY_TYPE":{"CONCEPT_NAME":"Claim","COUNT_VALUE":398},"AGE_AT_FIRST_DIAGNOSIS":{"CATEGORY":["MALE","FEMALE"],"MIN_VALUE":[0,0],"P10_VALUE":[13,13],"P25_VALUE":[27,24],"MEDIAN_VALUE":[47,46],"P75_VALUE":[63,63],"P90_VALUE":[74,76],"MAX_VALUE":[97,99]}}
