{"PREVALENCE_BY_GENDER_AGE_YEAR":{"TRELLIS_NAME":["30-39","50-59","0-9","20-29","10-19","50-59","60-69","60-69","40-49","70-79","70-79","40-49","20-29","30-39","0-9"],"SERIES_NAME":["FEMALE","MALE","FEMALE","MALE","FEMALE","FEMALE","FEMALE","MALE","MALE","MALE","FEMALE","FEMALE","FEMALE","MALE","MALE"],"X_CALENDAR_YEAR":[2019,2019,2019,2019,2019,2019,2019,2019,2019,2019,2019,2019,2019,2019,2019],"Y_PREVALENCE_1000PP":[2.4422,3.52061,4.62768,4.04449,4.59117,2.0281,3.04414,2.5,2.779,1.89861,2.96516,2.42684,2.16486,3.05033,2.8979]},"PREVALENCE_BY_MONTH":{"X_CALENDAR_MONTH":[201901,201902,201903,201904,201905,201906,201907,201908,201909,201910,201911,201912],"Y_PREVALENCE_1000PP":[0.27,0.17,0.24,0.26,0.21,0.19,0.3,0.29,0.27,0.22,0.22,0.16]},"CONDITIONS_BY_TYPE":{"CONCEPT_NAME":"Claim","COUNT_VALUE":465},"AGE_AT_FIRST_DIAGNOSIS":{"CATEGORY":["No matching concept","MALE","FEMALE"],"MIN_VALUE":[9,1,0],"P10_VALUE":[9,10,4],"P25_VALUE":[17,26,17],"MEDIAN_VALUE":[23,41,38],"P75_VALUE":[52,59,62],"P90_VALUE":[73,71,75],"MAX_VALUE":[73,97,97]}}
