{"PREVALENCE_BY_GENDER_AGE_YEAR":{"TRELLIS_NAME":["70-79","40-49","80-89","0-9","30-39","90-99","40-49","60-69","70-79","20-29","60-69","20-29","10-19","30-39","90-99","50-59","80-89","0-9","10-19","50-59"],"SERIES_NAME":["FEMALE","MALE","FEMALE","FEMALE","FEMALE","MALE","FEMALE","MALE","MALE","FEMALE","FEMALE","MALE","MALE","MALE","FEMALE","MALE","MALE","MALE","FEMALE","FEMALE"],"X_CALENDAR_YEAR":[2019,2019,2019,2019,2019,2019,2019,2019,2019,2019,2019,2019,2019,2019,2019,2019,2019,2019,2019,2019],"Y_PREVALENCE_1000PP":[6.67161,5.70426,4.03458,3.99663,4.39596,4.5584,4.85368,7.11538,5.12626,6.16153,5.89802,5.05561,3.66636,5.59227,7.80379,4.54745,8.28272,4.2354,2.84215,6.66377]},"PREVALENCE_BY_MONTH":{"X_CALENDAR_MONTH":[201901,201902,201903,201904,201905,201906,201907,201908,201909,201910,201911,201912],"Y_PREVALENCE_1000PP":[0.44,0.37,0.43,0.55,0.49,0.49,0.41,0.47,0.38,0.56,0.33,0.4]},"CONDITIONS_BY_TYPE":{"CONCEPT_NAME":"Claim","COUNT_VALUE":902},"AGE_AT_FIRST_DIAGNOSIS":{"CATEGORY":["FEMALE","MALE","No matching concept"],"MIN_VALUE":[0,1,7],"P10_VALUE":[16,16,30],"P25_VALUE":[28,29,46],"MEDIAN_VALUE":[50,47,54],"P75_VALUE":[67,67,63],"P90_VALUE":[77,78,74],"MAX_VALUE":[99,98,79]}}
