{"PREVALENCE_BY_GENDER_AGE_YEAR":{"TRELLIS_NAME":["70-79","30-39","50-59","60-69","60-69","30-39","10-19","90-99","20-29","80-89","0-9","40-49","10-19","50-59","80-89","70-79","40-49","90-99","20-29","0-9"],"SERIES_NAME":["MALE","MALE","MALE","FEMALE","MALE","FEMALE","MALE","MALE","MALE","MALE","MALE","MALE","FEMALE","FEMALE","FEMALE","FEMALE","FEMALE","FEMALE","FEMALE","FEMALE"],"X_CALENDAR_YEAR":[2019,2019,2019,2019,2019,2019,2019,2019,2019,2019,2019,2019,2019,2019,2019,2019,2019,2019,2019,2019],"Y_PREVALENCE_1000PP":[5.8857,7.2869,4.40076,7.22983,5.19231,6.18691,6.41613,6.83761,8.08898,7.17835,4.68123,5.70426,5.46568,5.21512,5.18732,5.18903,4.85368,4.45931,5.49542,7.15187]},"PREVALENCE_BY_MONTH":{"X_CALENDAR_MONTH":[201901,201902,201903,201904,201905,201906,201907,201908,201909,201910,201911,201912],"Y_PREVALENCE_1000PP":[0.58,0.41,0.43,0.51,0.39,0.48,0.59,0.54,0.52,0.5,0.48,0.4]},"CONDITIONS_BY_TYPE":{"CONCEPT_NAME":"Claim","COUNT_VALUE":993},"AGE_AT_FIRST_DIAGNOSIS":{"CATEGORY":["MALE","No matching concept","FEMALE"],"MIN_VALUE":[0,3,0],"P10_VALUE":[12,3,8],"P25_VALUE":[25,10,23],"MEDIAN_VALUE":[41,37,42],"P75_VALUE":[64,73,62],"P90_VALUE":[77,73,75],"MAX_VALUE":[99,73,99]}}
