{"PREVALENCE_BY_GENDER_AGE_YEAR":{"TRELLIS_NAME":["20-29","50-59","60-69","70-79","40-49","90-99","40-49","60-69","0-9","30-39","70-79","10-19","0-9","20-29","30-39","10-19","50-59"],"SERIES_NAME":["FEMALE","FEMALE","FEMALE","MALE","MALE","MALE","FEMALE","MALE","MALE","MALE","FEMALE","FEMALE","FEMALE","MALE","FEMALE","MALE","MALE"],"X_CALENDAR_YEAR":[2019,2019,2019,2019,2019,2019,2019,2019,2019,2019,2019,2019,2019,2019,2019,2019,2019],"Y_PREVALENCE_1000PP":[2.16486,1.73837,2.28311,3.22764,2.779,3.4188,2.71235,1.53846,2.22916,1.86409,1.85322,2.62352,3.15524,1.51668,2.27939,1.83318,3.22723]},"PREVALENCE_BY_MONTH":{"X_CALENDAR_MONTH":[201901,201902,201903,201904,201905,201906,201907,201908,201909,201910,201911,201912],"Y_PREVALENCE_1000PP":[0.26,0.14,0.16,0.21,0.21,0.19,0.16,0.21,0.07,0.27,0.21,0.27]},"CONDITIONS_BY_TYPE":{"CONCEPT_NAME":"Claim","COUNT_VALUE":411},"AGE_AT_FIRST_DIAGNOSIS":{"CATEGORY":["FEMALE","No matching concept","MALE"],"MIN_VALUE":[1,16,0],"P10_VALUE":[8,16,10],"P25_VALUE":[22,26,33],"MEDIAN_VALUE":[43,38,50],"P75_VALUE":[60,51,69],"P90_VALUE":[77,57,79],"MAX_VALUE":[99,57,99]}}
