{"PREVALENCE_BY_GENDER_AGE_YEAR":{"TRELLIS_NAME":["20-29","50-59","70-79","60-69","40-49","10-19","30-39","20-29","40-49","0-9","70-79","50-59"],"SERIES_NAME":["FEMALE","FEMALE","FEMALE","FEMALE","FEMALE","MALE","FEMALE","MALE","MALE","FEMALE","MALE","MALE"],"X_CALENDAR_YEAR":[2019,2019,2019,2019,2019,2019,2019,2019,2019,2019,2019,2019],"Y_PREVALENCE_1000PP":[1.49875,1.88324,1.29726,1.33181,1.99857,2.06233,1.79095,1.34816,2.34021,1.68279,2.08848,2.05369]},"PREVALENCE_BY_MONTH":{"X_CALENDAR_MONTH":[201901,201902,201903,201904,201905,201906,201907,201908,201909,201910,201911,201912],"Y_PREVALENCE_1000PP":[0.12,0.14,0.09,0.2,0.2,0.14,0.17,0.09,0.09,0.19,0.07,0.07]},"CONDITIONS_BY_TYPE":{"CONCEPT_NAME":"Claim","COUNT_VALUE":251},"AGE_AT_FIRST_DIAGNOSIS":{"CATEGORY":["MALE","FEMALE"],"MIN_VALUE":[0,0],"P10_VALUE":[15,6],"P25_VALUE":[28,27],"MEDIAN_VALUE":[48,44],"P75_VALUE":[65,58],"P90_VALUE":[79,76],"MAX_VALUE":[99,94]}}
