{"PREVALENCE_BY_GENDER_AGE_YEAR":{"TRELLIS_NAME":["40-49","50-59","70-79","20-29","60-69","90-99","20-29","70-79","10-19","50-59","60-69","40-49","30-39","90-99","0-9","30-39","10-19","80-89","0-9"],"SERIES_NAME":["MALE","FEMALE","MALE","FEMALE","FEMALE","MALE","MALE","FEMALE","MALE","MALE","MALE","FEMALE","MALE","FEMALE","MALE","FEMALE","FEMALE","FEMALE","FEMALE"],"X_CALENDAR_YEAR":[2019,2019,2019,2019,2019,2019,2019,2019,2019,2019,2019,2019,2019,2019,2019,2019,2019,2019,2019],"Y_PREVALENCE_1000PP":[3.21779,2.75243,3.03778,3.49709,3.42466,5.69801,3.20189,3.52113,2.97892,3.81399,3.46154,3.42612,4.40603,3.34448,3.56665,3.09345,5.24705,4.61095,3.57594]},"PREVALENCE_BY_MONTH":{"X_CALENDAR_MONTH":[201901,201902,201903,201904,201905,201906,201907,201908,201909,201910,201911,201912],"Y_PREVALENCE_1000PP":[0.31,0.22,0.25,0.35,0.28,0.29,0.45,0.3,0.23,0.3,0.24,0.3]},"CONDITIONS_BY_TYPE":{"CONCEPT_NAME":"Claim","COUNT_VALUE":596},"AGE_AT_FIRST_DIAGNOSIS":{"CATEGORY":["MALE","FEMALE","No matching concept"],"MIN_VALUE":[0,0,52],"P10_VALUE":[10,10,52],"P25_VALUE":[28,21,62],"MEDIAN_VALUE":[46,43,77],"P75_VALUE":[63,64,84],"P90_VALUE":[79,78,95],"MAX_VALUE":[99,99,95]}}
