{"PREVALENCE_BY_GENDER_AGE_YEAR":{"TRELLIS_NAME":["70-79","10-19","50-59","60-69","40-49","30-39","40-49","10-19","30-39","90-99","0-9","20-29","0-9","70-79","20-29","60-69","50-59"],"SERIES_NAME":["FEMALE","FEMALE","FEMALE","FEMALE","MALE","MALE","FEMALE","MALE","FEMALE","MALE","MALE","MALE","FEMALE","MALE","FEMALE","MALE","MALE"],"X_CALENDAR_YEAR":[2019,2019,2019,2019,2019,2019,2019,2019,2019,2019,2019,2019,2019,2019,2019,2019,2019],"Y_PREVALENCE_1000PP":[2.59451,2.18627,2.17297,3.04414,2.04768,1.69463,2.71235,2.06233,1.95376,3.4188,2.00624,2.52781,3.15524,2.65806,2.33139,2.69231,2.78715]},"PREVALENCE_BY_MONTH":{"X_CALENDAR_MONTH":[201901,201902,201903,201904,201905,201906,201907,201908,201909,201910,201911,201912],"Y_PREVALENCE_1000PP":[0.26,0.17,0.17,0.23,0.2,0.12,0.22,0.23,0.14,0.25,0.16,0.23]},"CONDITIONS_BY_TYPE":{"CONCEPT_NAME":"Claim","COUNT_VALUE":414},"AGE_AT_FIRST_DIAGNOSIS":{"CATEGORY":["MALE","FEMALE"],"MIN_VALUE":[0,0],"P10_VALUE":[11,7],"P25_VALUE":[26,25],"MEDIAN_VALUE":[50,44],"P75_VALUE":[67,65],"P90_VALUE":[79,74],"MAX_VALUE":[97,98]}}
