{"PREVALENCE_BY_GENDER_AGE_YEAR":{"TRELLIS_NAME":["10-19","50-59","90-99","10-19","30-39","0-9","20-29","40-49","30-39","0-9","60-69","60-69","90-99","70-79","40-49","20-29","80-89","70-79","50-59"],"SERIES_NAME":["FEMALE","FEMALE","MALE","MALE","MALE","FEMALE","MALE","MALE","FEMALE","MALE","FEMALE","MALE","FEMALE","MALE","FEMALE","FEMALE","MALE","FEMALE","MALE"],"X_CALENDAR_YEAR":[2019,2019,2019,2019,2019,2019,2019,2019,2019,2019,2019,2019,2019,2019,2019,2019,2019,2019,2019],"Y_PREVALENCE_1000PP":[2.84215,3.33188,3.9886,2.74977,3.38926,2.94489,2.86485,2.92526,3.5819,3.12082,3.2344,2.69231,3.9019,3.60737,2.42684,2.9975,3.31309,2.40919,2.78715]},"PREVALENCE_BY_MONTH":{"X_CALENDAR_MONTH":[201901,201902,201903,201904,201905,201906,201907,201908,201909,201910,201911,201912],"Y_PREVALENCE_1000PP":[0.31,0.21,0.25,0.31,0.19,0.14,0.35,0.27,0.17,0.32,0.21,0.28]},"CONDITIONS_BY_TYPE":{"CONCEPT_NAME":"Claim","COUNT_VALUE":493},"AGE_AT_FIRST_DIAGNOSIS":{"CATEGORY":["MALE","FEMALE"],"MIN_VALUE":[0,0],"P10_VALUE":[10,10],"P25_VALUE":[25,24],"MEDIAN_VALUE":[46,44],"P75_VALUE":[66,61],"P90_VALUE":[79,77],"MAX_VALUE":[98,97]}}
