{"PREVALENCE_BY_GENDER_AGE_YEAR":{"TRELLIS_NAME":["30-39","50-59","10-19","40-49","0-9","20-29","30-39"],"SERIES_NAME":["FEMALE","FEMALE","MALE","FEMALE","FEMALE","FEMALE","MALE"],"X_CALENDAR_YEAR":[2019,2019,2019,2019,2019,2019,2019],"Y_PREVALENCE_1000PP":[0.97688,1.01405,1.83318,0.99929,1.47244,1.1657,1.18624]},"PREVALENCE_BY_MONTH":{"X_CALENDAR_MONTH":[201901,201902,201904,201905,201906,201908,201909,201910,201912],"Y_PREVALENCE_1000PP":[0.07,0.06,0.12,0.08,0.08,0.09,0.12,0.06,0.09]},"CONDITIONS_BY_TYPE":{"CONCEPT_NAME":"Claim","COUNT_VALUE":138},"AGE_AT_FIRST_DIAGNOSIS":{"CATEGORY":["FEMALE","MALE"],"MIN_VALUE":[0,0],"P10_VALUE":[7,11],"P25_VALUE":[23,19],"MEDIAN_VALUE":[41,36],"P75_VALUE":[58,67],"P90_VALUE":[74,79],"MAX_VALUE":[96,96]}}
