{"PREVALENCE_BY_GENDER_AGE_YEAR":{"TRELLIS_NAME":["30-39","20-29","50-59","60-69","0-9","10-19","20-29","70-79","0-9","60-69","10-19","30-39","40-49","90-99","50-59","90-99","70-79","40-49"],"SERIES_NAME":["MALE","FEMALE","MALE","MALE","MALE","MALE","MALE","MALE","FEMALE","FEMALE","FEMALE","FEMALE","FEMALE","MALE","FEMALE","FEMALE","FEMALE","MALE"],"X_CALENDAR_YEAR":[2019,2019,2019,2019,2019,2019,2019,2019,2019,2019,2019,2019,2019,2019,2019,2019,2019,2019],"Y_PREVALENCE_1000PP":[2.88087,2.83097,4.40076,4.23077,3.34374,4.3538,3.37041,3.41751,3.15524,4.75647,3.27941,2.60501,3.28337,4.5584,3.76648,3.9019,2.77984,2.779]},"PREVALENCE_BY_MONTH":{"X_CALENDAR_MONTH":[201901,201902,201903,201904,201905,201906,201907,201908,201909,201910,201911,201912],"Y_PREVALENCE_1000PP":[0.31,0.23,0.32,0.19,0.41,0.23,0.29,0.14,0.33,0.3,0.38,0.32]},"CONDITIONS_BY_TYPE":{"CONCEPT_NAME":"Claim","COUNT_VALUE":575},"AGE_AT_FIRST_DIAGNOSIS":{"CATEGORY":["No matching concept","FEMALE","MALE"],"MIN_VALUE":[0,0,0],"P10_VALUE":[0,12,10],"P25_VALUE":[5,25,26],"MEDIAN_VALUE":[40,47,46],"P75_VALUE":[54,64,65],"P90_VALUE":[79,75,76],"MAX_VALUE":[79,99,99]}}
