{"PREVALENCE_BY_GENDER_AGE_YEAR":{"TRELLIS_NAME":["0-9","80-89","30-39","40-49","30-39","20-29","40-49","70-79","50-59","20-29"],"SERIES_NAME":["MALE","FEMALE","FEMALE","FEMALE","MALE","MALE","MALE","MALE","MALE","FEMALE"],"X_CALENDAR_YEAR":[2019,2019,2019,2019,2019,2019,2019,2019,2019,2019],"Y_PREVALENCE_1000PP":[1.78333,3.45821,1.46532,0.99929,1.18624,1.51668,1.1701,1.70875,1.76031,0.99917]},"PREVALENCE_BY_MONTH":{"X_CALENDAR_MONTH":[201901,201902,201903,201904,201905,201906,201907,201908,201909,201910,201911,201912],"Y_PREVALENCE_1000PP":[0.08,0.06,0.15,0.09,0.09,0.09,0.11,0.08,0.1,0.14,0.12,0.08]},"CONDITIONS_BY_TYPE":{"CONCEPT_NAME":"Claim","COUNT_VALUE":174},"AGE_AT_FIRST_DIAGNOSIS":{"CATEGORY":["FEMALE","MALE"],"MIN_VALUE":[2,4],"P10_VALUE":[12,6],"P25_VALUE":[25,23],"MEDIAN_VALUE":[40,42],"P75_VALUE":[63,59],"P90_VALUE":[80,79],"MAX_VALUE":[89,95]}}
