{"PREVALENCE_BY_GENDER_AGE_YEAR":{"TRELLIS_NAME":["90-99","80-89","70-79","30-39","70-79","0-9","50-59","20-29","10-19","40-49","10-19","50-59","80-89","30-39","40-49","60-69","90-99","60-69","20-29","0-9"],"SERIES_NAME":["FEMALE","MALE","FEMALE","MALE","MALE","MALE","MALE","MALE","MALE","MALE","FEMALE","FEMALE","FEMALE","FEMALE","FEMALE","MALE","MALE","FEMALE","FEMALE","FEMALE"],"X_CALENDAR_YEAR":[2019,2019,2019,2019,2019,2019,2019,2019,2019,2019,2019,2019,2019,2019,2019,2019,2019,2019,2019,2019],"Y_PREVALENCE_1000PP":[77.48049,65.15737,77.65011,80.83376,78.79248,75.34552,75.69312,70.44152,80.65995,76.34928,76.73808,74.46038,82.99712,74.24292,82.65525,77.30769,79.77208,78.38661,78.76769,76.5671]},"PREVALENCE_BY_MONTH":{"X_CALENDAR_MONTH":[201901,201902,201903,201904,201905,201906,201907,201908,201909,201910,201911,201912],"Y_PREVALENCE_1000PP":[7.72,5.5,6.23,7.69,6.58,6.21,8.01,5.87,6.3,7.67,5.81,6.18]},"CONDITIONS_BY_TYPE":{"CONCEPT_NAME":"Claim","COUNT_VALUE":13383},"AGE_AT_FIRST_DIAGNOSIS":{"CATEGORY":["No matching concept","MALE","FEMALE"],"MIN_VALUE":[0,0,0],"P10_VALUE":[13,10,10],"P25_VALUE":[28,25,25],"MEDIAN_VALUE":[43,45,44],"P75_VALUE":[60,63,63],"P90_VALUE":[77,77,77],"MAX_VALUE":[98,99,99]}}
