{"PREVALENCE_BY_GENDER_AGE_YEAR":{"TRELLIS_NAME":["40-49","30-39","0-9","60-69","0-9","50-59","90-99","30-39","20-29","40-49","70-79","80-89","10-19","20-29","60-69","90-99","80-89","10-19","70-79","50-59"],"SERIES_NAME":["MALE","MALE","FEMALE","FEMALE","MALE","MALE","FEMALE","FEMALE","FEMALE","FEMALE","FEMALE","FEMALE","MALE","MALE","MALE","MALE","MALE","FEMALE","MALE","FEMALE"],"X_CALENDAR_YEAR":[2019,2019,2019,2019,2019,2019,2019,2019,2019,2019,2019,2019,2019,2019,2019,2019,2019,2019,2019,2019],"Y_PREVALENCE_1000PP":[10.82346,8.13421,10.30711,9.89346,10.03121,9.2416,12.2631,8.4663,10.32473,9.13633,10.7487,11.52738,9.39505,9.60566,9.42308,11.39601,11.04362,8.74508,7.59446,10.43025]},"PREVALENCE_BY_MONTH":{"X_CALENDAR_MONTH":[201901,201902,201903,201904,201905,201906,201907,201908,201909,201910,201911,201912],"Y_PREVALENCE_1000PP":[1.03,0.68,0.78,1.01,0.76,0.79,0.93,0.82,0.46,1.02,0.74,0.71]},"CONDITIONS_BY_TYPE":{"CONCEPT_NAME":"Claim","COUNT_VALUE":1681},"AGE_AT_FIRST_DIAGNOSIS":{"CATEGORY":["No matching concept","MALE","FEMALE"],"MIN_VALUE":[20,0,0],"P10_VALUE":[23,10,10],"P25_VALUE":[23,24,24],"MEDIAN_VALUE":[43,45,46],"P75_VALUE":[67,63,63],"P90_VALUE":[80,78,78],"MAX_VALUE":[97,99,99]}}
