{"PREVALENCE_BY_GENDER_AGE_YEAR":{"TRELLIS_NAME":["40-49","20-29","50-59","40-49","30-39","60-69","50-59","70-79"],"SERIES_NAME":["MALE","FEMALE","MALE","FEMALE","MALE","FEMALE","FEMALE","FEMALE"],"X_CALENDAR_YEAR":[2019,2019,2019,2019,2019,2019,2019,2019],"Y_PREVALENCE_1000PP":[1.1701,0.99917,1.17354,0.85653,1.3557,1.71233,1.15892,1.29726]},"PREVALENCE_BY_MONTH":{"X_CALENDAR_MONTH":[201901,201903,201904,201905,201906,201907,201908,201909,201910,201912],"Y_PREVALENCE_1000PP":[0.08,0.1,0.16,0.11,0.09,0.1,0.06,0.08,0.09,0.07]},"CONDITIONS_BY_TYPE":{"CONCEPT_NAME":"Claim","COUNT_VALUE":179},"AGE_AT_FIRST_DIAGNOSIS":{"CATEGORY":["FEMALE","MALE"],"MIN_VALUE":[1,4],"P10_VALUE":[18,9],"P25_VALUE":[28,33],"MEDIAN_VALUE":[50,45],"P75_VALUE":[68,69],"P90_VALUE":[74,86],"MAX_VALUE":[88,98]}}
