{"PREVALENCE_BY_GENDER_AGE_YEAR":{"TRELLIS_NAME":["50-59","40-49","70-79","50-59","60-69","20-29"],"SERIES_NAME":["MALE","MALE","FEMALE","FEMALE","FEMALE","FEMALE"],"X_CALENDAR_YEAR":[2019,2019,2019,2019,2019,2019],"Y_PREVALENCE_1000PP":[0.88015,1.31637,1.11193,1.30378,1.52207,1.66528]},"PREVALENCE_BY_MONTH":{"X_CALENDAR_MONTH":[201901,201903,201904,201905,201906,201907,201908,201910],"Y_PREVALENCE_1000PP":[0.07,0.07,0.14,0.09,0.09,0.06,0.06,0.16]},"CONDITIONS_BY_TYPE":{"CONCEPT_NAME":"Claim","COUNT_VALUE":149},"AGE_AT_FIRST_DIAGNOSIS":{"CATEGORY":["FEMALE","MALE"],"MIN_VALUE":[2,3],"P10_VALUE":[10,5],"P25_VALUE":[22,26],"MEDIAN_VALUE":[49,44],"P75_VALUE":[63,53],"P90_VALUE":[78,75],"MAX_VALUE":[93,85]}}
