{"PREVALENCE_BY_GENDER_AGE_YEAR":{"TRELLIS_NAME":["30-39","30-39","0-9","40-49","40-49","60-69","70-79","50-59","50-59","20-29","60-69","10-19","20-29","70-79","90-99","0-9","10-19","90-99"],"SERIES_NAME":["FEMALE","MALE","FEMALE","FEMALE","MALE","FEMALE","MALE","FEMALE","MALE","FEMALE","MALE","FEMALE","MALE","FEMALE","FEMALE","MALE","MALE","MALE"],"X_CALENDAR_YEAR":[2019,2019,2019,2019,2019,2019,2019,2019,2019,2019,2019,2019,2019,2019,2019,2019,2019,2019],"Y_PREVALENCE_1000PP":[2.11657,2.20302,2.31384,1.57031,2.48647,1.33181,2.27834,2.31783,2.34707,2.33139,2.11538,2.62352,1.85372,1.6679,3.34448,1.56041,2.29148,3.9886]},"PREVALENCE_BY_MONTH":{"X_CALENDAR_MONTH":[201901,201902,201903,201904,201905,201906,201907,201908,201909,201910,201911,201912],"Y_PREVALENCE_1000PP":[0.24,0.19,0.11,0.21,0.11,0.14,0.16,0.2,0.17,0.19,0.2,0.21]},"CONDITIONS_BY_TYPE":{"CONCEPT_NAME":"Claim","COUNT_VALUE":378},"AGE_AT_FIRST_DIAGNOSIS":{"CATEGORY":["FEMALE","MALE"],"MIN_VALUE":[0,0],"P10_VALUE":[9,13],"P25_VALUE":[21,29],"MEDIAN_VALUE":[42,47],"P75_VALUE":[61,65],"P90_VALUE":[79,79],"MAX_VALUE":[96,99]}}
