{"PREVALENCE_BY_GENDER_AGE_YEAR":{"TRELLIS_NAME":["50-59","40-49","40-49","60-69","80-89","10-19","30-39","80-89","0-9","30-39","10-19","70-79","0-9","90-99","60-69","90-99","20-29","70-79","50-59","20-29"],"SERIES_NAME":["FEMALE","MALE","FEMALE","FEMALE","MALE","MALE","MALE","FEMALE","FEMALE","FEMALE","FEMALE","MALE","MALE","MALE","MALE","FEMALE","MALE","FEMALE","MALE","FEMALE"],"X_CALENDAR_YEAR":[2019,2019,2019,2019,2019,2019,2019,2019,2019,2019,2019,2019,2019,2019,2019,2019,2019,2019,2019,2019],"Y_PREVALENCE_1000PP":[26.65508,25.59602,29.12206,27.39726,21.53506,29.78918,31.68954,32.27666,25.45225,23.28232,26.89112,24.68198,24.96656,23.93162,27.30769,21.73913,24.7725,24.83321,28.89834,27.64363]},"PREVALENCE_BY_MONTH":{"X_CALENDAR_MONTH":[201901,201902,201903,201904,201905,201906,201907,201908,201909,201910,201911,201912],"Y_PREVALENCE_1000PP":[2.64,2.04,2.3,2.43,2.21,2.11,2.57,2.07,1.97,2.77,1.82,2.14]},"CONDITIONS_BY_TYPE":{"CONCEPT_NAME":"Claim","COUNT_VALUE":4512},"AGE_AT_FIRST_DIAGNOSIS":{"CATEGORY":["No matching concept","MALE","FEMALE"],"MIN_VALUE":[0,0,0],"P10_VALUE":[9,11,11],"P25_VALUE":[31,25,25],"MEDIAN_VALUE":[47,44,44],"P75_VALUE":[66,62,63],"P90_VALUE":[84,75,76],"MAX_VALUE":[92,99,99]}}
