{"PREVALENCE_BY_GENDER_AGE_YEAR":{"TRELLIS_NAME":["20-29","10-19","60-69","50-59","50-59","20-29","70-79","0-9","60-69","30-39","40-49","10-19","30-39","40-49","90-99"],"SERIES_NAME":["MALE","MALE","FEMALE","MALE","FEMALE","FEMALE","FEMALE","FEMALE","MALE","FEMALE","MALE","FEMALE","MALE","FEMALE","MALE"],"X_CALENDAR_YEAR":[2019,2019,2019,2019,2019,2019,2019,2019,2019,2019,2019,2019,2019,2019,2019],"Y_PREVALENCE_1000PP":[2.19077,2.97892,2.09285,1.76031,0.86919,0.99917,1.29726,2.52419,1.34615,1.30251,1.90142,1.31176,1.18624,1.14204,3.4188]},"PREVALENCE_BY_MONTH":{"X_CALENDAR_MONTH":[201901,201902,201903,201904,201905,201906,201907,201908,201909,201910,201911,201912],"Y_PREVALENCE_1000PP":[0.16,0.07,0.09,0.13,0.17,0.13,0.11,0.15,0.13,0.19,0.15,0.09]},"CONDITIONS_BY_TYPE":{"CONCEPT_NAME":"Claim","COUNT_VALUE":281},"AGE_AT_FIRST_DIAGNOSIS":{"CATEGORY":["FEMALE","MALE"],"MIN_VALUE":[1,0],"P10_VALUE":[5,13],"P25_VALUE":[17,21],"MEDIAN_VALUE":[44,44],"P75_VALUE":[68,58],"P90_VALUE":[78,78],"MAX_VALUE":[98,99]}}
