{"PREVALENCE_BY_GENDER_AGE_YEAR":{"TRELLIS_NAME":["70-79","30-39","40-49","60-69","80-89","70-79","20-29","0-9","30-39","50-59","10-19","90-99","90-99","10-19","40-49","60-69","50-59","0-9","80-89","20-29"],"SERIES_NAME":["MALE","FEMALE","FEMALE","MALE","FEMALE","FEMALE","FEMALE","MALE","MALE","MALE","FEMALE","MALE","FEMALE","MALE","MALE","FEMALE","FEMALE","FEMALE","MALE","MALE"],"X_CALENDAR_YEAR":[2019,2019,2019,2019,2019,2019,2019,2019,2019,2019,2019,2019,2019,2019,2019,2019,2019,2019,2019,2019],"Y_PREVALENCE_1000PP":[7.59446,6.0241,7.42327,6.53846,3.45821,6.85693,8.15987,6.91039,7.96475,7.04122,9.61959,6.26781,4.45931,7.10357,6.43557,6.65906,5.64972,7.99327,6.07399,8.93158]},"PREVALENCE_BY_MONTH":{"X_CALENDAR_MONTH":[201901,201902,201903,201904,201905,201906,201907,201908,201909,201910,201911,201912],"Y_PREVALENCE_1000PP":[0.75,0.48,0.51,0.8,0.62,0.56,0.68,0.51,0.46,0.62,0.55,0.6]},"CONDITIONS_BY_TYPE":{"CONCEPT_NAME":"Claim","COUNT_VALUE":1192},"AGE_AT_FIRST_DIAGNOSIS":{"CATEGORY":["FEMALE","No matching concept","MALE"],"MIN_VALUE":[0,17,0],"P10_VALUE":[8,23,11],"P25_VALUE":[21,33,25],"MEDIAN_VALUE":[41,55,42],"P75_VALUE":[59,77,62],"P90_VALUE":[72,87,77],"MAX_VALUE":[97,97,99]}}
