{"PREVALENCE_BY_GENDER_AGE_YEAR":{"TRELLIS_NAME":["50-59","70-79","40-49","30-39","80-89","10-19","50-59","10-19","80-89","30-39","0-9","40-49","90-99","60-69","90-99","70-79","20-29","60-69","0-9","20-29"],"SERIES_NAME":["FEMALE","FEMALE","MALE","MALE","MALE","MALE","MALE","FEMALE","FEMALE","FEMALE","FEMALE","FEMALE","FEMALE","MALE","MALE","MALE","MALE","FEMALE","MALE","FEMALE"],"X_CALENDAR_YEAR":[2019,2019,2019,2019,2019,2019,2019,2019,2019,2019,2019,2019,2019,2019,2019,2019,2019,2019,2019,2019],"Y_PREVALENCE_1000PP":[4.34594,3.70645,4.24163,5.76174,4.41745,5.49954,4.54745,4.37254,5.18732,4.39596,4.62768,2.8551,6.68896,3.46154,4.5584,3.60737,4.38153,3.42466,2.8979,4.32973]},"PREVALENCE_BY_MONTH":{"X_CALENDAR_MONTH":[201901,201902,201903,201904,201905,201906,201907,201908,201909,201910,201911,201912],"Y_PREVALENCE_1000PP":[0.36,0.28,0.34,0.49,0.32,0.33,0.4,0.35,0.23,0.45,0.37,0.36]},"CONDITIONS_BY_TYPE":{"CONCEPT_NAME":"Claim","COUNT_VALUE":724},"AGE_AT_FIRST_DIAGNOSIS":{"CATEGORY":["MALE","No matching concept","FEMALE"],"MIN_VALUE":[0,3,0],"P10_VALUE":[14,13,8],"P25_VALUE":[26,14,22],"MEDIAN_VALUE":[42,36,43],"P75_VALUE":[62,44,66],"P90_VALUE":[74,58,81],"MAX_VALUE":[99,84,99]}}
