{"PREVALENCE_BY_GENDER_AGE_YEAR":{"TRELLIS_NAME":["80-89","40-49","30-39","20-29","20-29","50-59","70-79","60-69","70-79","10-19","10-19","40-49","30-39","0-9","0-9","60-69","50-59","90-99"],"SERIES_NAME":["MALE","MALE","MALE","MALE","FEMALE","FEMALE","MALE","FEMALE","FEMALE","FEMALE","MALE","FEMALE","FEMALE","MALE","FEMALE","MALE","MALE","FEMALE"],"X_CALENDAR_YEAR":[2019,2019,2019,2019,2019,2019,2019,2019,2019,2019,2019,2019,2019,2019,2019,2019,2019,2019],"Y_PREVALENCE_1000PP":[3.86527,1.75516,2.03355,2.86485,1.66528,2.60756,2.65806,2.66362,1.11193,2.4049,2.29148,2.56959,1.95376,3.34374,1.89314,3.07692,1.61361,3.34448]},"PREVALENCE_BY_MONTH":{"X_CALENDAR_MONTH":[201901,201902,201903,201904,201905,201906,201907,201908,201909,201910,201911,201912],"Y_PREVALENCE_1000PP":[0.27,0.19,0.23,0.14,0.17,0.15,0.11,0.26,0.2,0.26,0.16,0.13]},"CONDITIONS_BY_TYPE":{"CONCEPT_NAME":"Claim","COUNT_VALUE":385},"AGE_AT_FIRST_DIAGNOSIS":{"CATEGORY":["MALE","FEMALE"],"MIN_VALUE":[0,0],"P10_VALUE":[7,12],"P25_VALUE":[22,24],"MEDIAN_VALUE":[46,45],"P75_VALUE":[67,62],"P90_VALUE":[79,79],"MAX_VALUE":[98,98]}}
