{"PREVALENCE_BY_GENDER_AGE_YEAR":{"TRELLIS_NAME":["10-19","30-39","40-49","20-29","30-39","20-29","40-49","10-19","60-69","80-89","90-99","50-59","90-99","60-69","0-9","70-79","0-9","70-79","50-59"],"SERIES_NAME":["FEMALE","MALE","FEMALE","FEMALE","FEMALE","MALE","MALE","MALE","MALE","MALE","FEMALE","FEMALE","MALE","FEMALE","MALE","FEMALE","FEMALE","MALE","MALE"],"X_CALENDAR_YEAR":[2019,2019,2019,2019,2019,2019,2019,2019,2019,2019,2019,2019,2019,2019,2019,2019,2019,2019,2019],"Y_PREVALENCE_1000PP":[5.6843,4.74496,5.85296,4.99584,5.37284,6.5723,3.9491,6.87443,5.57692,7.17835,3.34448,7.24323,6.26781,3.80518,6.01872,5.18903,4.41733,4.17695,6.01438]},"PREVALENCE_BY_MONTH":{"X_CALENDAR_MONTH":[201901,201902,201903,201904,201905,201906,201907,201908,201909,201910,201911,201912],"Y_PREVALENCE_1000PP":[0.47,0.31,0.31,0.56,0.47,0.37,0.51,0.45,0.43,0.52,0.45,0.5]},"CONDITIONS_BY_TYPE":{"CONCEPT_NAME":"Claim","COUNT_VALUE":895},"AGE_AT_FIRST_DIAGNOSIS":{"CATEGORY":["MALE","FEMALE","No matching concept"],"MIN_VALUE":[0,0,2],"P10_VALUE":[9,12,2],"P25_VALUE":[21,26,8],"MEDIAN_VALUE":[43,44,48],"P75_VALUE":[62,58,53],"P90_VALUE":[78,72,82],"MAX_VALUE":[99,98,82]}}
