{"PREVALENCE_BY_GENDER_AGE_YEAR":{"TRELLIS_NAME":["30-39","70-79","70-79","10-19","40-49","0-9","10-19","30-39","20-29","50-59","60-69","60-69","50-59","80-89","20-29","0-9","40-49"],"SERIES_NAME":["MALE","FEMALE","MALE","MALE","FEMALE","MALE","FEMALE","FEMALE","FEMALE","FEMALE","MALE","FEMALE","MALE","FEMALE","MALE","FEMALE","MALE"],"X_CALENDAR_YEAR":[2019,2019,2019,2019,2019,2019,2019,2019,2019,2019,2019,2019,2019,2019,2019,2019,2019],"Y_PREVALENCE_1000PP":[2.7114,2.59451,4.55667,4.58295,3.14061,3.12082,3.27941,3.41908,2.66445,2.4627,1.53846,4.37595,3.08053,3.45821,3.03337,2.73454,2.92526]},"PREVALENCE_BY_MONTH":{"X_CALENDAR_MONTH":[201901,201902,201903,201904,201905,201906,201907,201908,201909,201910,201911,201912],"Y_PREVALENCE_1000PP":[0.35,0.28,0.13,0.36,0.24,0.16,0.3,0.27,0.24,0.24,0.19,0.27]},"CONDITIONS_BY_TYPE":{"CONCEPT_NAME":"Claim","COUNT_VALUE":513},"AGE_AT_FIRST_DIAGNOSIS":{"CATEGORY":["FEMALE","MALE"],"MIN_VALUE":[0,0],"P10_VALUE":[10,10],"P25_VALUE":[27,21],"MEDIAN_VALUE":[44,43],"P75_VALUE":[62,65],"P90_VALUE":[78,77],"MAX_VALUE":[99,94]}}
