{"PREVALENCE_BY_GENDER_AGE_YEAR":{"TRELLIS_NAME":["50-59","0-9","40-49","10-19","70-79","20-29","50-59","60-69","30-39","60-69","40-49","70-79"],"SERIES_NAME":["FEMALE","MALE","MALE","MALE","FEMALE","FEMALE","MALE","FEMALE","FEMALE","MALE","FEMALE","MALE"],"X_CALENDAR_YEAR":[2019,2019,2019,2019,2019,2019,2019,2019,2019,2019,2019,2019],"Y_PREVALENCE_1000PP":[1.30378,1.78333,1.1701,1.37489,1.29726,1.66528,1.02684,1.71233,0.97688,1.53846,1.57031,2.08848]},"PREVALENCE_BY_MONTH":{"X_CALENDAR_MONTH":[201901,201902,201903,201904,201905,201906,201907,201908,201909,201910,201911,201912],"Y_PREVALENCE_1000PP":[0.12,0.07,0.09,0.13,0.12,0.11,0.16,0.09,0.09,0.11,0.07,0.1]},"CONDITIONS_BY_TYPE":{"CONCEPT_NAME":"Claim","COUNT_VALUE":218},"AGE_AT_FIRST_DIAGNOSIS":{"CATEGORY":["MALE","FEMALE"],"MIN_VALUE":[2,2],"P10_VALUE":[8,19],"P25_VALUE":[25,29],"MEDIAN_VALUE":[53,46],"P75_VALUE":[72,62],"P90_VALUE":[86,75],"MAX_VALUE":[98,97]}}
