{"PREVALENCE_BY_GENDER_AGE_YEAR":{"TRELLIS_NAME":["40-49","60-69","0-9","40-49","70-79","70-79","20-29","50-59","60-69","30-39","30-39"],"SERIES_NAME":["MALE","MALE","FEMALE","FEMALE","FEMALE","MALE","MALE","FEMALE","FEMALE","MALE","FEMALE"],"X_CALENDAR_YEAR":[2019,2019,2019,2019,2019,2019,2019,2019,2019,2019,2019],"Y_PREVALENCE_1000PP":[2.04768,1.73077,1.89314,0.85653,1.48258,1.32903,1.85372,0.86919,1.52207,1.52517,1.13969]},"PREVALENCE_BY_MONTH":{"X_CALENDAR_MONTH":[201901,201902,201904,201905,201906,201907,201908,201909,201910,201911,201912],"Y_PREVALENCE_1000PP":[0.15,0.07,0.11,0.1,0.09,0.12,0.11,0.1,0.12,0.12,0.1]},"CONDITIONS_BY_TYPE":{"CONCEPT_NAME":"Claim","COUNT_VALUE":197},"AGE_AT_FIRST_DIAGNOSIS":{"CATEGORY":["MALE","FEMALE"],"MIN_VALUE":[2,0],"P10_VALUE":[15,7],"P25_VALUE":[25,23],"MEDIAN_VALUE":[40,49],"P75_VALUE":[60,69],"P90_VALUE":[76,80],"MAX_VALUE":[86,94]}}
