{"PREVALENCE_BY_GENDER_AGE_YEAR":{"TRELLIS_NAME":["30-39","10-19","60-69","40-49","50-59","40-49","70-79"],"SERIES_NAME":["FEMALE","FEMALE","FEMALE","FEMALE","MALE","MALE","FEMALE"],"X_CALENDAR_YEAR":[2019,2019,2019,2019,2019,2019,2019],"Y_PREVALENCE_1000PP":[1.62813,1.31176,1.71233,0.99929,1.17354,0.87758,1.29726]},"PREVALENCE_BY_MONTH":{"X_CALENDAR_MONTH":[201903,201904,201905,201909,201910,201912],"Y_PREVALENCE_1000PP":[0.08,0.08,0.07,0.06,0.15,0.12]},"CONDITIONS_BY_TYPE":{"CONCEPT_NAME":"Claim","COUNT_VALUE":116},"AGE_AT_FIRST_DIAGNOSIS":{"CATEGORY":["FEMALE","MALE"],"MIN_VALUE":[1,1],"P10_VALUE":[17,28],"P25_VALUE":[31,36],"MEDIAN_VALUE":[45,49],"P75_VALUE":[67,58],"P90_VALUE":[75,76],"MAX_VALUE":[95,97]}}
