{"PREVALENCE_BY_GENDER_AGE_YEAR":{"TRELLIS_NAME":["70-79","10-19","30-39","40-49","50-59","80-89","0-9","60-69","60-69","50-59","20-29","0-9","20-29","40-49","30-39","70-79"],"SERIES_NAME":["MALE","FEMALE","FEMALE","MALE","MALE","MALE","FEMALE","FEMALE","MALE","FEMALE","MALE","MALE","FEMALE","FEMALE","MALE","FEMALE"],"X_CALENDAR_YEAR":[2019,2019,2019,2019,2019,2019,2019,2019,2019,2019,2019,2019,2019,2019,2019,2019],"Y_PREVALENCE_1000PP":[1.51889,1.96764,1.79095,1.02384,1.17354,4.96963,1.89314,2.66362,1.15385,1.59351,2.19077,1.56041,1.66528,1.14204,1.3557,2.59451]},"PREVALENCE_BY_MONTH":{"X_CALENDAR_MONTH":[201901,201902,201903,201904,201905,201906,201907,201908,201909,201910,201911,201912],"Y_PREVALENCE_1000PP":[0.22,0.11,0.12,0.14,0.16,0.13,0.09,0.13,0.11,0.18,0.13,0.11]},"CONDITIONS_BY_TYPE":{"CONCEPT_NAME":"Claim","COUNT_VALUE":268},"AGE_AT_FIRST_DIAGNOSIS":{"CATEGORY":["MALE","FEMALE"],"MIN_VALUE":[0,0],"P10_VALUE":[13,6],"P25_VALUE":[26,23],"MEDIAN_VALUE":[49,47],"P75_VALUE":[73,64],"P90_VALUE":[83,76],"MAX_VALUE":[93,99]}}
