{"PREVALENCE_BY_GENDER_AGE_YEAR":{"TRELLIS_NAME":["40-49","20-29","30-39","70-79","50-59"],"SERIES_NAME":["FEMALE","MALE","MALE","FEMALE","MALE"],"X_CALENDAR_YEAR":[2019,2019,2019,2019,2019],"Y_PREVALENCE_1000PP":[1.42755,1.17964,1.52517,1.11193,1.61361]},"PREVALENCE_BY_MONTH":{"X_CALENDAR_MONTH":[201901,201904,201905,201906,201907,201908,201909,201910,201912],"Y_PREVALENCE_1000PP":[0.09,0.07,0.07,0.09,0.12,0.07,0.06,0.1,0.07]},"CONDITIONS_BY_TYPE":{"CONCEPT_NAME":"Claim","COUNT_VALUE":128},"AGE_AT_FIRST_DIAGNOSIS":{"CATEGORY":["FEMALE","MALE"],"MIN_VALUE":[4,10],"P10_VALUE":[13,22],"P25_VALUE":[22,30],"MEDIAN_VALUE":[43,42],"P75_VALUE":[60,58],"P90_VALUE":[75,65],"MAX_VALUE":[96,84]}}
