{"PREVALENCE_BY_GENDER_AGE_YEAR":{"TRELLIS_NAME":["20-29","70-79","0-9","30-39","60-69","80-89","40-49","70-79","90-99","30-39","0-9","50-59","90-99","80-89","10-19","10-19","40-49","60-69","20-29","50-59"],"SERIES_NAME":["FEMALE","FEMALE","MALE","FEMALE","MALE","MALE","MALE","MALE","FEMALE","MALE","FEMALE","MALE","MALE","FEMALE","FEMALE","MALE","FEMALE","FEMALE","MALE","FEMALE"],"X_CALENDAR_YEAR":[2019,2019,2019,2019,2019,2019,2019,2019,2019,2019,2019,2019,2019,2019,2019,2019,2019,2019,2019,2019],"Y_PREVALENCE_1000PP":[5.995,5.745,4.45831,3.74471,4.61538,3.86527,3.51031,4.9364,5.57414,4.91442,4.20698,4.84084,3.9886,4.03458,4.15391,3.66636,3.99714,5.32725,5.72969,4.4908]},"PREVALENCE_BY_MONTH":{"X_CALENDAR_MONTH":[201901,201902,201903,201904,201905,201906,201907,201908,201909,201910,201911,201912],"Y_PREVALENCE_1000PP":[0.58,0.29,0.39,0.48,0.31,0.28,0.41,0.32,0.36,0.42,0.37,0.42]},"CONDITIONS_BY_TYPE":{"CONCEPT_NAME":"Claim","COUNT_VALUE":782},"AGE_AT_FIRST_DIAGNOSIS":{"CATEGORY":["No matching concept","FEMALE","MALE"],"MIN_VALUE":[0,0,0],"P10_VALUE":[0,13,10],"P25_VALUE":[22,24,26],"MEDIAN_VALUE":[25,46,43],"P75_VALUE":[55,64,64],"P90_VALUE":[62,78,75],"MAX_VALUE":[64,98,98]}}
