{"PREVALENCE_BY_GENDER_AGE_YEAR":{"TRELLIS_NAME":["10-19","20-29","50-59","0-9","10-19","40-49","20-29","0-9","40-49","30-39","60-69","70-79","60-69","50-59"],"SERIES_NAME":["MALE","MALE","FEMALE","MALE","FEMALE","FEMALE","FEMALE","FEMALE","MALE","FEMALE","FEMALE","FEMALE","MALE","MALE"],"X_CALENDAR_YEAR":[2019,2019,2019,2019,2019,2019,2019,2019,2019,2019,2019,2019,2019,2019],"Y_PREVALENCE_1000PP":[1.37489,1.01112,1.30378,1.78333,1.31176,0.85653,1.33222,2.31384,1.46263,1.30251,1.71233,2.03855,1.73077,2.05369]},"PREVALENCE_BY_MONTH":{"X_CALENDAR_MONTH":[201901,201902,201903,201904,201905,201906,201907,201908,201909,201910,201911,201912],"Y_PREVALENCE_1000PP":[0.15,0.14,0.08,0.06,0.15,0.1,0.08,0.11,0.1,0.15,0.15,0.15]},"CONDITIONS_BY_TYPE":{"CONCEPT_NAME":"Claim","COUNT_VALUE":232},"AGE_AT_FIRST_DIAGNOSIS":{"CATEGORY":["MALE","FEMALE"],"MIN_VALUE":[2,0],"P10_VALUE":[7,7],"P25_VALUE":[23,22],"MEDIAN_VALUE":[47,46],"P75_VALUE":[59,68],"P90_VALUE":[73,78],"MAX_VALUE":[91,99]}}
