{"PREVALENCE_BY_GENDER_AGE_YEAR":{"TRELLIS_NAME":["0-9","40-49","90-99","60-69","40-49","90-99","60-69","0-9","70-79","70-79","80-89","50-59","30-39","20-29","10-19","30-39","50-59","80-89","20-29","10-19"],"SERIES_NAME":["MALE","MALE","MALE","FEMALE","FEMALE","FEMALE","MALE","FEMALE","MALE","FEMALE","FEMALE","MALE","FEMALE","FEMALE","FEMALE","MALE","FEMALE","MALE","MALE","MALE"],"X_CALENDAR_YEAR":[2019,2019,2019,2019,2019,2019,2019,2019,2019,2019,2019,2019,2019,2019,2019,2019,2019,2019,2019,2019],"Y_PREVALENCE_1000PP":[49.26438,47.68173,50.71225,46.80365,53.10493,52.95429,51.34615,51.3252,45.18701,44.84804,41.49856,52.51577,53.72843,50.45795,46.34893,47.28012,51.28205,43.62231,44.6579,49.95417]},"PREVALENCE_BY_MONTH":{"X_CALENDAR_MONTH":[201901,201902,201903,201904,201905,201906,201907,201908,201909,201910,201911,201912],"Y_PREVALENCE_1000PP":[4.92,3.52,3.9,4.63,3.76,3.86,4.67,3.95,3.63,5.25,3.86,3.94]},"CONDITIONS_BY_TYPE":{"CONCEPT_NAME":"Claim","COUNT_VALUE":8394},"AGE_AT_FIRST_DIAGNOSIS":{"CATEGORY":["FEMALE","MALE","No matching concept"],"MIN_VALUE":[0,0,0],"P10_VALUE":[10,10,7],"P25_VALUE":[25,25,23],"MEDIAN_VALUE":[44,46,48],"P75_VALUE":[61,63,65],"P90_VALUE":[77,77,73],"MAX_VALUE":[99,99,91]}}
