{"PREVALENCE_BY_GENDER_AGE_YEAR":{"TRELLIS_NAME":["40-49","40-49","70-79","60-69","30-39","30-39"],"SERIES_NAME":["MALE","FEMALE","MALE","FEMALE","MALE","FEMALE"],"X_CALENDAR_YEAR":[2019,2019,2019,2019,2019,2019],"Y_PREVALENCE_1000PP":[0.87758,0.85653,1.13917,1.52207,1.01678,1.46532]},"PREVALENCE_BY_MONTH":{"X_CALENDAR_MONTH":[201901,201902,201903,201904,201907,201908],"Y_PREVALENCE_1000PP":[0.08,0.07,0.07,0.07,0.15,0.09]},"CONDITIONS_BY_TYPE":{"CONCEPT_NAME":"Claim","COUNT_VALUE":141},"AGE_AT_FIRST_DIAGNOSIS":{"CATEGORY":["MALE","FEMALE"],"MIN_VALUE":[1,8],"P10_VALUE":[10,20],"P25_VALUE":[21,34],"MEDIAN_VALUE":[41,45],"P75_VALUE":[66,64],"P90_VALUE":[76,74],"MAX_VALUE":[99,95]}}
