{"PREVALENCE_BY_GENDER_AGE_YEAR":{"TRELLIS_NAME":["30-39","50-59","50-59","10-19","90-99","40-49","30-39","0-9","90-99","40-49","80-89","0-9","60-69","60-69","20-29","70-79","20-29","70-79","80-89","10-19"],"SERIES_NAME":["MALE","MALE","FEMALE","MALE","FEMALE","FEMALE","FEMALE","FEMALE","MALE","MALE","MALE","MALE","MALE","FEMALE","FEMALE","FEMALE","MALE","MALE","FEMALE","FEMALE"],"X_CALENDAR_YEAR":[2019,2019,2019,2019,2019,2019,2019,2019,2019,2019,2019,2019,2019,2019,2019,2019,2019,2019,2019,2019],"Y_PREVALENCE_1000PP":[15.42112,15.54936,16.07997,14.20715,15.05017,14.84654,16.44415,12.62095,16.52422,16.82024,16.56543,20.06242,14.03846,16.55251,15.98668,13.89918,18.03168,16.51794,12.10375,13.7735]},"PREVALENCE_BY_MONTH":{"X_CALENDAR_MONTH":[201901,201902,201903,201904,201905,201906,201907,201908,201909,201910,201911,201912],"Y_PREVALENCE_1000PP":[1.51,1.11,1.29,1.63,1.17,1.16,1.48,1.11,1.21,1.61,1.15,1.28]},"CONDITIONS_BY_TYPE":{"CONCEPT_NAME":"Claim","COUNT_VALUE":2633},"AGE_AT_FIRST_DIAGNOSIS":{"CATEGORY":["No matching concept","FEMALE","MALE"],"MIN_VALUE":[0,0,0],"P10_VALUE":[4,12,9],"P25_VALUE":[42,26,24],"MEDIAN_VALUE":[53,44,43],"P75_VALUE":[70,62,62],"P90_VALUE":[88,75,77],"MAX_VALUE":[99,99,99]}}
