{"PREVALENCE_BY_GENDER_AGE_YEAR":{"TRELLIS_NAME":["20-29","40-49","10-19","30-39","40-49","0-9","30-39","60-69","70-79","20-29","60-69","80-89","10-19","80-89","70-79","50-59","0-9","50-59"],"SERIES_NAME":["FEMALE","FEMALE","MALE","MALE","MALE","FEMALE","FEMALE","FEMALE","MALE","MALE","MALE","MALE","FEMALE","FEMALE","FEMALE","MALE","MALE","FEMALE"],"X_CALENDAR_YEAR":[2019,2019,2019,2019,2019,2019,2019,2019,2019,2019,2019,2019,2019,2019,2019,2019,2019,2019],"Y_PREVALENCE_1000PP":[3.16403,3.56888,2.06233,4.06711,2.34021,2.94489,2.93064,1.90259,1.70875,3.03337,2.69231,4.41745,3.27941,3.45821,3.15048,2.49377,2.00624,2.4627]},"PREVALENCE_BY_MONTH":{"X_CALENDAR_MONTH":[201901,201902,201903,201904,201905,201906,201907,201908,201909,201910,201911,201912],"Y_PREVALENCE_1000PP":[0.28,0.14,0.21,0.19,0.31,0.23,0.22,0.2,0.21,0.4,0.16,0.2]},"CONDITIONS_BY_TYPE":{"CONCEPT_NAME":"Claim","COUNT_VALUE":448},"AGE_AT_FIRST_DIAGNOSIS":{"CATEGORY":["MALE","No matching concept","FEMALE"],"MIN_VALUE":[0,26,0],"P10_VALUE":[12,26,10],"P25_VALUE":[28,42,22],"MEDIAN_VALUE":[42,53,41],"P75_VALUE":[61,74,58],"P90_VALUE":[76,99,75],"MAX_VALUE":[96,99,96]}}
