{"PREVALENCE_BY_GENDER_AGE_YEAR":{"TRELLIS_NAME":["30-39","40-49","40-49","20-29","60-69"],"SERIES_NAME":["MALE","FEMALE","MALE","FEMALE","FEMALE"],"X_CALENDAR_YEAR":[2019,2019,2019,2019,2019],"Y_PREVALENCE_1000PP":[1.18624,0.85653,1.1701,0.99917,1.14155]},"PREVALENCE_BY_MONTH":{"X_CALENDAR_MONTH":[201901,201902,201905,201906,201910,201912],"Y_PREVALENCE_1000PP":[0.09,0.08,0.11,0.06,0.1,0.11]},"CONDITIONS_BY_TYPE":{"CONCEPT_NAME":"Claim","COUNT_VALUE":127},"AGE_AT_FIRST_DIAGNOSIS":{"CATEGORY":["FEMALE","MALE"],"MIN_VALUE":[8,7],"P10_VALUE":[17,14],"P25_VALUE":[26,22],"MEDIAN_VALUE":[48,43],"P75_VALUE":[63,77],"P90_VALUE":[85,88],"MAX_VALUE":[89,99]}}
