{"PREVALENCE_BY_GENDER_AGE_YEAR":{"TRELLIS_NAME":["30-39","0-9","50-59","20-29","40-49","50-59","60-69","10-19","60-69","10-19","70-79","30-39","40-49","0-9"],"SERIES_NAME":["FEMALE","MALE","MALE","FEMALE","FEMALE","FEMALE","FEMALE","FEMALE","MALE","MALE","MALE","MALE","MALE","FEMALE"],"X_CALENDAR_YEAR":[2019,2019,2019,2019,2019,2019,2019,2019,2019,2019,2019,2019,2019,2019],"Y_PREVALENCE_1000PP":[2.4422,1.78333,1.61361,1.49875,2.14133,1.30378,2.09285,2.62352,1.15385,1.83318,1.13917,2.37248,1.02384,1.68279]},"PREVALENCE_BY_MONTH":{"X_CALENDAR_MONTH":[201901,201902,201903,201904,201905,201906,201907,201908,201909,201910,201911,201912],"Y_PREVALENCE_1000PP":[0.21,0.2,0.16,0.13,0.13,0.11,0.16,0.08,0.07,0.15,0.09,0.12]},"CONDITIONS_BY_TYPE":{"CONCEPT_NAME":"Claim","COUNT_VALUE":274},"AGE_AT_FIRST_DIAGNOSIS":{"CATEGORY":["FEMALE","MALE"],"MIN_VALUE":[2,0],"P10_VALUE":[10,4],"P25_VALUE":[22,20],"MEDIAN_VALUE":[41,39],"P75_VALUE":[59,57],"P90_VALUE":[71,73],"MAX_VALUE":[99,95]}}
