{"PREVALENCE_BY_GENDER_AGE_YEAR":{"TRELLIS_NAME":["60-69","90-99","20-29","70-79","40-49","0-9","10-19","70-79","50-59","50-59","30-39","10-19","80-89","60-69","0-9","40-49","20-29","30-39"],"SERIES_NAME":["FEMALE","FEMALE","MALE","MALE","MALE","FEMALE","MALE","FEMALE","MALE","FEMALE","MALE","FEMALE","FEMALE","MALE","MALE","FEMALE","FEMALE","FEMALE"],"X_CALENDAR_YEAR":[2019,2019,2019,2019,2019,2019,2019,2019,2019,2019,2019,2019,2019,2019,2019,2019,2019,2019],"Y_PREVALENCE_1000PP":[4.94673,5.57414,3.03337,3.22764,3.51031,2.94489,3.66636,3.3358,2.20038,3.62161,3.05033,2.84215,4.61095,2.88462,3.12082,5.13919,4.49625,1.95376]},"PREVALENCE_BY_MONTH":{"X_CALENDAR_MONTH":[201901,201902,201903,201904,201905,201906,201907,201908,201909,201910,201911,201912],"Y_PREVALENCE_1000PP":[0.34,0.26,0.26,0.3,0.2,0.25,0.5,0.19,0.24,0.31,0.25,0.29]},"CONDITIONS_BY_TYPE":{"CONCEPT_NAME":"Claim","COUNT_VALUE":575},"AGE_AT_FIRST_DIAGNOSIS":{"CATEGORY":["MALE","FEMALE","No matching concept"],"MIN_VALUE":[0,0,2],"P10_VALUE":[10,11,2],"P25_VALUE":[23,27,6],"MEDIAN_VALUE":[40,49,45],"P75_VALUE":[62,66,66],"P90_VALUE":[76,79,68],"MAX_VALUE":[99,99,68]}}
