{"PREVALENCE_BY_GENDER_AGE_YEAR":{"TRELLIS_NAME":["70-79","60-69","20-29","40-49","20-29","0-9","50-59","30-39","60-69","40-49","80-89","30-39","10-19","0-9","50-59","70-79","10-19"],"SERIES_NAME":["FEMALE","FEMALE","FEMALE","FEMALE","MALE","MALE","MALE","MALE","MALE","MALE","FEMALE","FEMALE","MALE","FEMALE","FEMALE","MALE","FEMALE"],"X_CALENDAR_YEAR":[2019,2019,2019,2019,2019,2019,2019,2019,2019,2019,2019,2019,2019,2019,2019,2019,2019],"Y_PREVALENCE_1000PP":[1.6679,3.80518,1.1657,1.2848,1.51668,2.45207,2.64046,1.69463,1.92308,2.19394,3.45821,1.62813,2.29148,1.89314,1.59351,2.4682,2.18627]},"PREVALENCE_BY_MONTH":{"X_CALENDAR_MONTH":[201901,201902,201903,201904,201905,201906,201907,201908,201909,201910,201911,201912],"Y_PREVALENCE_1000PP":[0.17,0.1,0.21,0.19,0.19,0.23,0.22,0.14,0.12,0.18,0.13,0.12]},"CONDITIONS_BY_TYPE":{"CONCEPT_NAME":"Claim","COUNT_VALUE":340},"AGE_AT_FIRST_DIAGNOSIS":{"CATEGORY":["MALE","FEMALE"],"MIN_VALUE":[1,1],"P10_VALUE":[9,10],"P25_VALUE":[25,28],"MEDIAN_VALUE":[48,56],"P75_VALUE":[65,68],"P90_VALUE":[77,81],"MAX_VALUE":[99,96]}}
