{"PREVALENCE_BY_GENDER_AGE_YEAR":{"TRELLIS_NAME":["80-89","50-59","90-99","30-39","60-69","0-9","80-89","40-49","10-19","90-99","40-49","0-9","60-69","70-79","20-29","20-29","70-79","30-39","50-59","10-19"],"SERIES_NAME":["FEMALE","MALE","FEMALE","MALE","MALE","MALE","MALE","FEMALE","FEMALE","MALE","MALE","FEMALE","FEMALE","MALE","MALE","FEMALE","FEMALE","FEMALE","FEMALE","MALE"],"X_CALENDAR_YEAR":[2019,2019,2019,2019,2019,2019,2019,2019,2019,2019,2019,2019,2019,2019,2019,2019,2019,2019,2019,2019],"Y_PREVALENCE_1000PP":[5.18732,8.80153,8.3612,9.65938,5.19231,8.69371,6.62617,7.42327,7.87057,5.12821,8.92204,9.04501,9.32268,9.49307,10.11122,9.49209,8.71016,9.44318,9.99565,10.08249]},"PREVALENCE_BY_MONTH":{"X_CALENDAR_MONTH":[201901,201902,201903,201904,201905,201906,201907,201908,201909,201910,201911,201912],"Y_PREVALENCE_1000PP":[0.86,0.58,0.81,0.9,0.71,0.6,0.85,0.68,0.63,0.82,0.64,0.65]},"CONDITIONS_BY_TYPE":{"CONCEPT_NAME":"Claim","COUNT_VALUE":1462},"AGE_AT_FIRST_DIAGNOSIS":{"CATEGORY":["No matching concept","MALE","FEMALE"],"MIN_VALUE":[9,0,0],"P10_VALUE":[10,10,10],"P25_VALUE":[20,22,25],"MEDIAN_VALUE":[42,42,44],"P75_VALUE":[63,59,63],"P90_VALUE":[70,74,75],"MAX_VALUE":[77,99,99]}}
