{"PREVALENCE_BY_GENDER_AGE_YEAR":{"TRELLIS_NAME":["90-99","50-59","80-89","30-39","10-19","20-29","40-49","80-89","50-59","40-49","10-19","70-79","90-99","20-29","60-69","30-39","0-9","60-69","0-9","70-79"],"SERIES_NAME":["MALE","FEMALE","MALE","FEMALE","MALE","MALE","MALE","FEMALE","MALE","FEMALE","FEMALE","MALE","FEMALE","FEMALE","FEMALE","MALE","MALE","MALE","FEMALE","FEMALE"],"X_CALENDAR_YEAR":[2019,2019,2019,2019,2019,2019,2019,2019,2019,2019,2019,2019,2019,2019,2019,2019,2019,2019,2019,2019],"Y_PREVALENCE_1000PP":[14.81481,12.45835,8.8349,10.09443,11.45738,10.61678,8.04446,7.4928,8.21476,9.99286,12.02449,10.06265,13.37793,11.3239,10.27397,11.8624,10.25412,10.76923,11.14851,10.56338]},"PREVALENCE_BY_MONTH":{"X_CALENDAR_MONTH":[201901,201902,201903,201904,201905,201906,201907,201908,201909,201910,201911,201912],"Y_PREVALENCE_1000PP":[1.06,0.73,0.91,0.89,0.87,0.79,0.96,0.84,0.86,1.09,0.76,0.76]},"CONDITIONS_BY_TYPE":{"CONCEPT_NAME":"Claim","COUNT_VALUE":1737},"AGE_AT_FIRST_DIAGNOSIS":{"CATEGORY":["No matching concept","FEMALE","MALE"],"MIN_VALUE":[2,0,0],"P10_VALUE":[7,10,10],"P25_VALUE":[24,23,24],"MEDIAN_VALUE":[42,44,43],"P75_VALUE":[51,62,65],"P90_VALUE":[69,75,78],"MAX_VALUE":[74,99,99]}}
