{"PREVALENCE_BY_GENDER_AGE_YEAR":{"TRELLIS_NAME":["60-69","80-89","70-79","10-19","80-89","20-29","10-19","30-39","20-29","70-79","30-39","60-69","90-99","50-59","50-59","40-49","0-9","0-9","40-49"],"SERIES_NAME":["FEMALE","MALE","MALE","FEMALE","FEMALE","MALE","MALE","MALE","FEMALE","FEMALE","FEMALE","MALE","FEMALE","FEMALE","MALE","FEMALE","MALE","FEMALE","MALE"],"X_CALENDAR_YEAR":[2019,2019,2019,2019,2019,2019,2019,2019,2019,2019,2019,2019,2019,2019,2019,2019,2019,2019,2019],"Y_PREVALENCE_1000PP":[3.80518,4.41745,3.22764,4.37254,4.61095,4.38153,2.74977,2.88087,2.33139,2.03855,2.60501,4.03846,4.45931,4.34594,2.05369,3.42612,3.34374,4.41733,3.65657]},"PREVALENCE_BY_MONTH":{"X_CALENDAR_MONTH":[201901,201902,201903,201904,201905,201906,201907,201908,201909,201910,201911,201912],"Y_PREVALENCE_1000PP":[0.36,0.25,0.21,0.32,0.27,0.26,0.25,0.31,0.2,0.33,0.35,0.22]},"CONDITIONS_BY_TYPE":{"CONCEPT_NAME":"Claim","COUNT_VALUE":536},"AGE_AT_FIRST_DIAGNOSIS":{"CATEGORY":["FEMALE","MALE"],"MIN_VALUE":[0,0],"P10_VALUE":[8,10],"P25_VALUE":[20,23],"MEDIAN_VALUE":[46,43],"P75_VALUE":[61,63],"P90_VALUE":[79,75],"MAX_VALUE":[98,95]}}
