{"PREVALENCE_BY_GENDER_AGE_YEAR":{"TRELLIS_NAME":["10-19","50-59","10-19","60-69","20-29","40-49","40-49","0-9","20-29","50-59","0-9","30-39","70-79","60-69","30-39","70-79"],"SERIES_NAME":["MALE","FEMALE","FEMALE","MALE","FEMALE","FEMALE","MALE","MALE","MALE","MALE","FEMALE","MALE","FEMALE","FEMALE","FEMALE","MALE"],"X_CALENDAR_YEAR":[2019,2019,2019,2019,2019,2019,2019,2019,2019,2019,2019,2019,2019,2019,2019,2019],"Y_PREVALENCE_1000PP":[1.37489,1.88324,2.18627,2.30769,1.99833,1.42755,1.46263,2.22916,3.37041,2.78715,1.2621,2.03355,1.29726,2.47336,2.27939,1.13917]},"PREVALENCE_BY_MONTH":{"X_CALENDAR_MONTH":[201901,201902,201903,201904,201905,201906,201907,201908,201909,201910,201911,201912],"Y_PREVALENCE_1000PP":[0.18,0.12,0.2,0.17,0.16,0.22,0.22,0.16,0.14,0.15,0.13,0.09]},"CONDITIONS_BY_TYPE":{"CONCEPT_NAME":"Claim","COUNT_VALUE":331},"AGE_AT_FIRST_DIAGNOSIS":{"CATEGORY":["MALE","FEMALE"],"MIN_VALUE":[0,0],"P10_VALUE":[9,11],"P25_VALUE":[24,27],"MEDIAN_VALUE":[40,41],"P75_VALUE":[59,63],"P90_VALUE":[70,72],"MAX_VALUE":[97,99]}}
