{"PREVALENCE_BY_GENDER_AGE_YEAR":{"TRELLIS_NAME":["70-79","20-29","0-9","20-29","80-89","60-69","70-79","90-99","10-19","0-9","10-19","50-59","30-39","30-39","50-59","40-49","60-69","40-49"],"SERIES_NAME":["FEMALE","MALE","MALE","FEMALE","FEMALE","MALE","MALE","FEMALE","FEMALE","FEMALE","MALE","MALE","FEMALE","MALE","FEMALE","MALE","FEMALE","FEMALE"],"X_CALENDAR_YEAR":[2019,2019,2019,2019,2019,2019,2019,2019,2019,2019,2019,2019,2019,2019,2019,2019,2019,2019],"Y_PREVALENCE_1000PP":[3.52113,4.21301,4.68123,2.9975,5.18732,3.84615,4.17695,5.01672,2.84215,3.36559,3.89551,4.40076,4.07034,3.05033,3.62161,2.63273,3.2344,2.71235]},"PREVALENCE_BY_MONTH":{"X_CALENDAR_MONTH":[201901,201902,201903,201904,201905,201906,201907,201908,201909,201910,201911,201912],"Y_PREVALENCE_1000PP":[0.37,0.28,0.25,0.27,0.31,0.24,0.37,0.35,0.24,0.3,0.33,0.26]},"CONDITIONS_BY_TYPE":{"CONCEPT_NAME":"Claim","COUNT_VALUE":592},"AGE_AT_FIRST_DIAGNOSIS":{"CATEGORY":["MALE","No matching concept","FEMALE"],"MIN_VALUE":[0,10,0],"P10_VALUE":[8,10,10],"P25_VALUE":[22,14,27],"MEDIAN_VALUE":[46,16,46],"P75_VALUE":[62,41,66],"P90_VALUE":[76,76,81],"MAX_VALUE":[94,76,98]}}
