{"PREVALENCE_BY_GENDER_AGE_YEAR":{"TRELLIS_NAME":["0-9","90-99","20-29","30-39","0-9","30-39","20-29","50-59","90-99","40-49","60-69","10-19","70-79","50-59","10-19","60-69","80-89","40-49","80-89","70-79"],"SERIES_NAME":["FEMALE","MALE","FEMALE","MALE","MALE","FEMALE","MALE","MALE","FEMALE","FEMALE","FEMALE","MALE","MALE","FEMALE","FEMALE","MALE","FEMALE","MALE","MALE","FEMALE"],"X_CALENDAR_YEAR":[2019,2019,2019,2019,2019,2019,2019,2019,2019,2019,2019,2019,2019,2019,2019,2019,2019,2019,2019,2019],"Y_PREVALENCE_1000PP":[14.51409,15.38462,14.82098,15.42112,12.92911,16.76978,17.3576,16.7229,18.39465,14.84654,15.2207,12.60312,19.74559,15.06591,14.21076,13.84615,17.29107,14.91882,12.14798,18.90289]},"PREVALENCE_BY_MONTH":{"X_CALENDAR_MONTH":[201901,201902,201903,201904,201905,201906,201907,201908,201909,201910,201911,201912],"Y_PREVALENCE_1000PP":[1.38,1.17,1.18,1.61,1.21,1.18,1.57,1.2,1.03,1.62,1.3,1.31]},"CONDITIONS_BY_TYPE":{"CONCEPT_NAME":"Claim","COUNT_VALUE":2619},"AGE_AT_FIRST_DIAGNOSIS":{"CATEGORY":["No matching concept","FEMALE","MALE"],"MIN_VALUE":[1,0,0],"P10_VALUE":[6,11,11],"P25_VALUE":[20,26,26],"MEDIAN_VALUE":[37,46,46],"P75_VALUE":[55,66,65],"P90_VALUE":[76,78,77],"MAX_VALUE":[87,99,99]}}
