{"PREVALENCE_BY_GENDER_AGE_YEAR":{"TRELLIS_NAME":["50-59","0-9","0-9","40-49","40-49","80-89","60-69","20-29","10-19","30-39","60-69","70-79","90-99","20-29","10-19","80-89","90-99","50-59","30-39","70-79"],"SERIES_NAME":["MALE","MALE","FEMALE","MALE","FEMALE","MALE","FEMALE","FEMALE","MALE","MALE","MALE","FEMALE","FEMALE","MALE","FEMALE","FEMALE","MALE","FEMALE","FEMALE","MALE"],"X_CALENDAR_YEAR":[2019,2019,2019,2019,2019,2019,2019,2019,2019,2019,2019,2019,2019,2019,2019,2019,2019,2019,2019,2019],"Y_PREVALENCE_1000PP":[44.00763,41.23941,45.64577,36.85827,39.11492,36.44395,44.33029,47.12739,46.97525,42.19624,48.07692,42.99481,44.03567,46.84867,42.41364,47.83862,45.01425,40.27235,37.93553,40.8202]},"PREVALENCE_BY_MONTH":{"X_CALENDAR_MONTH":[201901,201902,201903,201904,201905,201906,201907,201908,201909,201910,201911,201912],"Y_PREVALENCE_1000PP":[4.5,2.89,3.72,4.27,3.53,3.03,4.37,3.09,3.11,4.37,3.06,3.63]},"CONDITIONS_BY_TYPE":{"CONCEPT_NAME":"Claim","COUNT_VALUE":7263},"AGE_AT_FIRST_DIAGNOSIS":{"CATEGORY":["No matching concept","MALE","FEMALE"],"MIN_VALUE":[2,0,0],"P10_VALUE":[10,11,9],"P25_VALUE":[25,24,23],"MEDIAN_VALUE":[45,44,44],"P75_VALUE":[60,63,64],"P90_VALUE":[78,76,78],"MAX_VALUE":[99,99,99]}}
