{"PREVALENCE_BY_GENDER_AGE_YEAR":{"TRELLIS_NAME":["10-19","40-49","70-79","60-69","10-19","20-29","60-69","30-39","0-9","80-89","20-29","40-49","90-99","0-9","50-59","30-39","50-59","80-89","70-79"],"SERIES_NAME":["FEMALE","MALE","MALE","MALE","MALE","MALE","FEMALE","FEMALE","FEMALE","MALE","FEMALE","FEMALE","MALE","MALE","MALE","MALE","FEMALE","FEMALE","FEMALE"],"X_CALENDAR_YEAR":[2019,2019,2019,2019,2019,2019,2019,2019,2019,2019,2019,2019,2019,2019,2019,2019,2019,2019,2019],"Y_PREVALENCE_1000PP":[4.59117,5.1192,1.51889,4.03846,3.89551,3.20189,4.56621,3.41908,3.15524,4.96963,2.83097,4.85368,4.5584,4.68123,2.34707,3.55872,4.05621,4.03458,2.96516]},"PREVALENCE_BY_MONTH":{"X_CALENDAR_MONTH":[201901,201902,201903,201904,201905,201906,201907,201908,201909,201910,201911,201912],"Y_PREVALENCE_1000PP":[0.23,0.3,0.36,0.41,0.3,0.25,0.23,0.36,0.3,0.41,0.25,0.29]},"CONDITIONS_BY_TYPE":{"CONCEPT_NAME":"Claim","COUNT_VALUE":618},"AGE_AT_FIRST_DIAGNOSIS":{"CATEGORY":["FEMALE","No matching concept","MALE"],"MIN_VALUE":[0,2,0],"P10_VALUE":[11,2,7],"P25_VALUE":[26,27,24],"MEDIAN_VALUE":[46,29,42],"P75_VALUE":[62,47,62],"P90_VALUE":[76,61,79],"MAX_VALUE":[99,61,97]}}
