{"PREVALENCE_BY_GENDER_AGE_YEAR":{"TRELLIS_NAME":["40-49","40-49","30-39","30-39","60-69","50-59","70-79","50-59"],"SERIES_NAME":["FEMALE","MALE","FEMALE","MALE","FEMALE","FEMALE","FEMALE","MALE"],"X_CALENDAR_YEAR":[2019,2019,2019,2019,2019,2019,2019,2019],"Y_PREVALENCE_1000PP":[1.14204,2.19394,0.97688,1.18624,1.33181,1.44865,2.59451,1.907]},"PREVALENCE_BY_MONTH":{"X_CALENDAR_MONTH":[201901,201902,201903,201904,201905,201906,201907,201908,201909,201910,201911,201912],"Y_PREVALENCE_1000PP":[0.13,0.15,0.1,0.07,0.13,0.09,0.16,0.14,0.06,0.12,0.06,0.08]},"CONDITIONS_BY_TYPE":{"CONCEPT_NAME":"Claim","COUNT_VALUE":205},"AGE_AT_FIRST_DIAGNOSIS":{"CATEGORY":["MALE","FEMALE"],"MIN_VALUE":[0,4],"P10_VALUE":[12,16],"P25_VALUE":[30,32],"MEDIAN_VALUE":[45,55],"P75_VALUE":[57,71],"P90_VALUE":[74,82],"MAX_VALUE":[95,96]}}
