{"PREVALENCE_BY_GENDER_AGE_YEAR":{"TRELLIS_NAME":["10-19","40-49","70-79","0-9","60-69","20-29","40-49","60-69","10-19","50-59","70-79","20-29","50-59","30-39","30-39"],"SERIES_NAME":["FEMALE","FEMALE","FEMALE","MALE","MALE","FEMALE","MALE","FEMALE","MALE","MALE","MALE","MALE","FEMALE","FEMALE","MALE"],"X_CALENDAR_YEAR":[2019,2019,2019,2019,2019,2019,2019,2019,2019,2019,2019,2019,2019,2019,2019],"Y_PREVALENCE_1000PP":[1.74902,1.99857,1.29726,2.00624,1.53846,2.49792,2.48647,1.33181,1.37489,0.88015,1.89861,1.6852,1.88324,1.62813,1.01678]},"PREVALENCE_BY_MONTH":{"X_CALENDAR_MONTH":[201901,201902,201903,201904,201905,201906,201907,201908,201909,201910,201911,201912],"Y_PREVALENCE_1000PP":[0.16,0.17,0.07,0.15,0.2,0.09,0.15,0.1,0.13,0.2,0.09,0.11]},"CONDITIONS_BY_TYPE":{"CONCEPT_NAME":"Claim","COUNT_VALUE":261},"AGE_AT_FIRST_DIAGNOSIS":{"CATEGORY":["MALE","FEMALE"],"MIN_VALUE":[0,1],"P10_VALUE":[5,18],"P25_VALUE":[21,24],"MEDIAN_VALUE":[44,42],"P75_VALUE":[64,59],"P90_VALUE":[70,76],"MAX_VALUE":[97,99]}}
