{"PREVALENCE_BY_GENDER_AGE_YEAR":{"TRELLIS_NAME":["30-39","50-59","40-49","70-79","70-79","40-49","80-89","90-99","10-19","0-9","20-29","20-29","30-39","60-69"],"SERIES_NAME":["FEMALE","FEMALE","FEMALE","FEMALE","MALE","MALE","MALE","FEMALE","FEMALE","MALE","MALE","FEMALE","MALE","MALE"],"X_CALENDAR_YEAR":[2019,2019,2019,2019,2019,2019,2019,2019,2019,2019,2019,2019,2019,2019],"Y_PREVALENCE_1000PP":[1.46532,0.86919,1.42755,1.48258,1.13917,0.87758,3.86527,3.34448,1.96764,1.56041,1.01112,2.16486,1.01678,1.34615]},"PREVALENCE_BY_MONTH":{"X_CALENDAR_MONTH":[201901,201902,201903,201904,201905,201906,201907,201908,201909,201910,201911,201912],"Y_PREVALENCE_1000PP":[0.14,0.1,0.09,0.12,0.11,0.08,0.1,0.1,0.1,0.1,0.12,0.1]},"CONDITIONS_BY_TYPE":{"CONCEPT_NAME":"Claim","COUNT_VALUE":200},"AGE_AT_FIRST_DIAGNOSIS":{"CATEGORY":["MALE","FEMALE"],"MIN_VALUE":[0,0],"P10_VALUE":[7,15],"P25_VALUE":[27,26],"MEDIAN_VALUE":[48,41],"P75_VALUE":[70,64],"P90_VALUE":[82,82],"MAX_VALUE":[98,97]}}
