{"PREVALENCE_BY_GENDER_AGE_YEAR":{"TRELLIS_NAME":["60-69","0-9","10-19","20-29","30-39","40-49","80-89","20-29","90-99","10-19","60-69","50-59","0-9","70-79","30-39","90-99","70-79","40-49","80-89","50-59"],"SERIES_NAME":["MALE","FEMALE","MALE","MALE","FEMALE","MALE","FEMALE","FEMALE","MALE","FEMALE","FEMALE","MALE","MALE","FEMALE","MALE","FEMALE","MALE","FEMALE","MALE","FEMALE"],"X_CALENDAR_YEAR":[2019,2019,2019,2019,2019,2019,2019,2019,2019,2019,2019,2019,2019,2019,2019,2019,2019,2019,2019,2019],"Y_PREVALENCE_1000PP":[10,6.52082,7.79102,9.60566,7.16379,7.75194,10.37464,7.66028,7.97721,9.40096,8.7519,9.2416,9.36246,10.37806,8.81207,10.03344,11.58155,7.28051,7.73054,8.83674]},"PREVALENCE_BY_MONTH":{"X_CALENDAR_MONTH":[201901,201902,201903,201904,201905,201906,201907,201908,201909,201910,201911,201912],"Y_PREVALENCE_1000PP":[1.07,0.58,0.7,0.86,0.69,0.63,0.87,0.64,0.66,0.97,0.59,0.45]},"CONDITIONS_BY_TYPE":{"CONCEPT_NAME":"Claim","COUNT_VALUE":1477},"AGE_AT_FIRST_DIAGNOSIS":{"CATEGORY":["MALE","FEMALE","No matching concept"],"MIN_VALUE":[0,0,10],"P10_VALUE":[11,12,12],"P25_VALUE":[25,26,13],"MEDIAN_VALUE":[46,47,29],"P75_VALUE":[66,66,54],"P90_VALUE":[76,79,71],"MAX_VALUE":[99,99,87]}}
