{"PREVALENCE_BY_GENDER_AGE_YEAR":{"TRELLIS_NAME":["30-39","50-59","20-29","60-69","40-49","60-69","10-19","10-19","90-99","50-59","40-49","0-9","0-9","20-29","30-39","70-79","70-79"],"SERIES_NAME":["FEMALE","MALE","MALE","MALE","FEMALE","FEMALE","FEMALE","MALE","MALE","FEMALE","MALE","MALE","FEMALE","FEMALE","MALE","MALE","FEMALE"],"X_CALENDAR_YEAR":[2019,2019,2019,2019,2019,2019,2019,2019,2019,2019,2019,2019,2019,2019,2019,2019,2019],"Y_PREVALENCE_1000PP":[2.11657,2.93384,1.6852,1.73077,1.85582,1.71233,3.27941,2.29148,3.4188,2.4627,2.04768,3.34374,2.31384,2.16486,3.38926,2.65806,2.22387]},"PREVALENCE_BY_MONTH":{"X_CALENDAR_MONTH":[201901,201902,201903,201904,201905,201906,201907,201908,201909,201910,201911,201912],"Y_PREVALENCE_1000PP":[0.36,0.21,0.15,0.19,0.15,0.18,0.18,0.21,0.13,0.22,0.17,0.24]},"CONDITIONS_BY_TYPE":{"CONCEPT_NAME":"Claim","COUNT_VALUE":412},"AGE_AT_FIRST_DIAGNOSIS":{"CATEGORY":["No matching concept","FEMALE","MALE"],"MIN_VALUE":[9,0,0],"P10_VALUE":[9,9,7],"P25_VALUE":[23,20,24],"MEDIAN_VALUE":[31,42,46],"P75_VALUE":[42,58,63],"P90_VALUE":[53,75,78],"MAX_VALUE":[71,95,99]}}
