{"PREVALENCE_BY_GENDER_AGE_YEAR":{"TRELLIS_NAME":["40-49","40-49","30-39","20-29","10-19","60-69","10-19","50-59","70-79"],"SERIES_NAME":["MALE","FEMALE","MALE","FEMALE","MALE","FEMALE","FEMALE","FEMALE","MALE"],"X_CALENDAR_YEAR":[2019,2019,2019,2019,2019,2019,2019,2019,2019],"Y_PREVALENCE_1000PP":[1.02384,1.14204,1.18624,1.33222,1.60403,1.71233,1.31176,1.73837,1.32903]},"PREVALENCE_BY_MONTH":{"X_CALENDAR_MONTH":[201901,201902,201903,201904,201905,201906,201907,201909,201910,201911,201912],"Y_PREVALENCE_1000PP":[0.12,0.15,0.06,0.1,0.07,0.08,0.06,0.07,0.1,0.1,0.08]},"CONDITIONS_BY_TYPE":{"CONCEPT_NAME":"Claim","COUNT_VALUE":169},"AGE_AT_FIRST_DIAGNOSIS":{"CATEGORY":["FEMALE","MALE"],"MIN_VALUE":[7,0],"P10_VALUE":[14,10],"P25_VALUE":[25,26],"MEDIAN_VALUE":[48,44],"P75_VALUE":[62,67],"P90_VALUE":[71,78],"MAX_VALUE":[84,99]}}
