{"PREVALENCE_BY_GENDER_AGE_YEAR":{"TRELLIS_NAME":["50-59","30-39","0-9","60-69","10-19","20-29","60-69","20-29","30-39","0-9","40-49","70-79","90-99","50-59","40-49","10-19","70-79"],"SERIES_NAME":["FEMALE","MALE","MALE","MALE","MALE","FEMALE","FEMALE","MALE","FEMALE","FEMALE","MALE","FEMALE","MALE","MALE","FEMALE","FEMALE","MALE"],"X_CALENDAR_YEAR":[2019,2019,2019,2019,2019,2019,2019,2019,2019,2019,2019,2019,2019,2019,2019,2019,2019],"Y_PREVALENCE_1000PP":[2.31783,2.7114,3.56665,2.5,3.20807,2.33139,2.09285,2.69633,2.4422,2.10349,2.779,2.59451,3.9886,3.22723,3.14061,3.93529,2.08848]},"PREVALENCE_BY_MONTH":{"X_CALENDAR_MONTH":[201901,201902,201903,201904,201905,201906,201907,201908,201909,201910,201911,201912],"Y_PREVALENCE_1000PP":[0.23,0.23,0.13,0.23,0.27,0.2,0.24,0.19,0.24,0.33,0.19,0.23]},"CONDITIONS_BY_TYPE":{"CONCEPT_NAME":"Claim","COUNT_VALUE":462},"AGE_AT_FIRST_DIAGNOSIS":{"CATEGORY":["No matching concept","MALE","FEMALE"],"MIN_VALUE":[2,2,0],"P10_VALUE":[2,7,10],"P25_VALUE":[30,21,22],"MEDIAN_VALUE":[40,42,44],"P75_VALUE":[48,58,60],"P90_VALUE":[85,77,76],"MAX_VALUE":[85,98,99]}}
