{"PREVALENCE_BY_GENDER_AGE_YEAR":{"TRELLIS_NAME":["50-59","40-49","60-69","70-79","90-99","0-9","10-19","50-59","0-9","20-29","40-49","80-89","80-89","30-39","70-79","90-99","10-19","20-29","60-69","30-39"],"SERIES_NAME":["MALE","MALE","MALE","MALE","MALE","FEMALE","MALE","FEMALE","MALE","FEMALE","FEMALE","FEMALE","MALE","MALE","FEMALE","FEMALE","FEMALE","MALE","FEMALE","FEMALE"],"X_CALENDAR_YEAR":[2019,2019,2019,2019,2019,2019,2019,2019,2019,2019,2019,2019,2019,2019,2019,2019,2019,2019,2019,2019],"Y_PREVALENCE_1000PP":[47.96831,45.63405,49.80769,49.1741,42.16524,51.7459,46.51696,46.35666,45.69773,47.79351,45.82441,42.07493,46.93539,45.58549,47.99852,49.60981,42.41364,51.06168,47.37443,48.19277]},"PREVALENCE_BY_MONTH":{"X_CALENDAR_MONTH":[201901,201902,201903,201904,201905,201906,201907,201908,201909,201910,201911,201912],"Y_PREVALENCE_1000PP":[4.84,3.29,3.6,4.52,4,3.64,4.69,3.77,3.65,4.85,3.72,3.69]},"CONDITIONS_BY_TYPE":{"CONCEPT_NAME":"Claim","COUNT_VALUE":8045},"AGE_AT_FIRST_DIAGNOSIS":{"CATEGORY":["MALE","FEMALE","No matching concept"],"MIN_VALUE":[0,0,0],"P10_VALUE":[10,9,9],"P25_VALUE":[25,24,21],"MEDIAN_VALUE":[45,44,50],"P75_VALUE":[63,63,65],"P90_VALUE":[77,77,75],"MAX_VALUE":[99,99,99]}}
