{"PREVALENCE_BY_GENDER_AGE_YEAR":{"TRELLIS_NAME":["30-39","40-49","70-79","70-79","50-59","50-59","30-39","60-69","40-49","90-99","60-69","20-29","80-89","10-19","20-29","0-9","0-9","10-19","90-99"],"SERIES_NAME":["FEMALE","MALE","FEMALE","MALE","MALE","FEMALE","MALE","MALE","FEMALE","FEMALE","FEMALE","MALE","FEMALE","FEMALE","FEMALE","FEMALE","MALE","MALE","MALE"],"X_CALENDAR_YEAR":[2019,2019,2019,2019,2019,2019,2019,2019,2019,2019,2019,2019,2019,2019,2019,2019,2019,2019,2019],"Y_PREVALENCE_1000PP":[2.93064,3.07152,2.77984,2.4682,2.78715,1.59351,2.03355,3.84615,3.99714,5.01672,4.18569,2.86485,4.61095,2.84215,3.83014,3.57594,3.34374,3.89551,3.9886]},"PREVALENCE_BY_MONTH":{"X_CALENDAR_MONTH":[201901,201902,201903,201904,201905,201906,201907,201908,201909,201910,201911,201912],"Y_PREVALENCE_1000PP":[0.26,0.29,0.33,0.26,0.23,0.23,0.33,0.1,0.23,0.27,0.31,0.29]},"CONDITIONS_BY_TYPE":{"CONCEPT_NAME":"Claim","COUNT_VALUE":498},"AGE_AT_FIRST_DIAGNOSIS":{"CATEGORY":["MALE","FEMALE"],"MIN_VALUE":[0,0],"P10_VALUE":[9,9],"P25_VALUE":[23,23],"MEDIAN_VALUE":[45,43],"P75_VALUE":[65,66],"P90_VALUE":[77,80],"MAX_VALUE":[97,97]}}
