{"PREVALENCE_BY_GENDER_AGE_YEAR":{"TRELLIS_NAME":["0-9","20-29","0-9","30-39","60-69","80-89","60-69","40-49","80-89","90-99","70-79","50-59","10-19","90-99","20-29","10-19","30-39","70-79","50-59","40-49"],"SERIES_NAME":["FEMALE","FEMALE","MALE","FEMALE","FEMALE","MALE","MALE","MALE","FEMALE","MALE","FEMALE","FEMALE","MALE","FEMALE","MALE","FEMALE","MALE","MALE","MALE","FEMALE"],"X_CALENDAR_YEAR":[2019,2019,2019,2019,2019,2019,2019,2019,2019,2019,2019,2019,2019,2019,2019,2019,2019,2019,2019,2019],"Y_PREVALENCE_1000PP":[5.88978,6.66112,6.46456,6.34972,4.37595,7.73054,6.15385,6.28931,8.64553,4.5584,5.00371,5.35999,9.1659,6.68896,7.58342,4.80979,5.9312,4.9364,6.45445,6.995]},"PREVALENCE_BY_MONTH":{"X_CALENDAR_MONTH":[201901,201902,201903,201904,201905,201906,201907,201908,201909,201910,201911,201912],"Y_PREVALENCE_1000PP":[0.5,0.45,0.5,0.51,0.5,0.5,0.65,0.41,0.45,0.73,0.51,0.47]},"CONDITIONS_BY_TYPE":{"CONCEPT_NAME":"Claim","COUNT_VALUE":1042},"AGE_AT_FIRST_DIAGNOSIS":{"CATEGORY":["MALE","FEMALE","No matching concept"],"MIN_VALUE":[0,0,23],"P10_VALUE":[10,10,23],"P25_VALUE":[22,24,35],"MEDIAN_VALUE":[42,43,56],"P75_VALUE":[60,61,58],"P90_VALUE":[76,79,85],"MAX_VALUE":[99,99,85]}}
