{"PREVALENCE_BY_GENDER_AGE_YEAR":{"TRELLIS_NAME":["40-49","10-19","0-9","30-39","70-79","40-49","10-19","50-59","50-59","20-29","70-79","0-9","20-29","30-39","60-69","80-89","60-69"],"SERIES_NAME":["FEMALE","FEMALE","MALE","FEMALE","FEMALE","MALE","MALE","MALE","FEMALE","FEMALE","MALE","FEMALE","MALE","MALE","FEMALE","MALE","MALE"],"X_CALENDAR_YEAR":[2019,2019,2019,2019,2019,2019,2019,2019,2019,2019,2019,2019,2019,2019,2019,2019,2019],"Y_PREVALENCE_1000PP":[2.28408,3.93529,3.12082,2.27939,1.29726,1.60889,1.60403,1.76031,2.17297,2.49792,1.89861,2.31384,2.86485,1.52517,2.28311,3.31309,3.46154]},"PREVALENCE_BY_MONTH":{"X_CALENDAR_MONTH":[201901,201902,201903,201904,201905,201906,201907,201908,201909,201910,201911,201912],"Y_PREVALENCE_1000PP":[0.22,0.14,0.23,0.22,0.2,0.19,0.25,0.12,0.16,0.17,0.19,0.13]},"CONDITIONS_BY_TYPE":{"CONCEPT_NAME":"Claim","COUNT_VALUE":356},"AGE_AT_FIRST_DIAGNOSIS":{"CATEGORY":["FEMALE","MALE"],"MIN_VALUE":[0,0],"P10_VALUE":[7,7],"P25_VALUE":[18,25],"MEDIAN_VALUE":[38,48],"P75_VALUE":[53,65],"P90_VALUE":[65,85],"MAX_VALUE":[99,97]}}
