{"PREVALENCE_BY_GENDER_AGE_YEAR":{"TRELLIS_NAME":["60-69","70-79","20-29","30-39","50-59","50-59","60-69","10-19","0-9","70-79","0-9","20-29","40-49","30-39","40-49","10-19"],"SERIES_NAME":["FEMALE","FEMALE","FEMALE","MALE","MALE","FEMALE","MALE","MALE","FEMALE","MALE","MALE","MALE","FEMALE","FEMALE","MALE","FEMALE"],"X_CALENDAR_YEAR":[2019,2019,2019,2019,2019,2019,2019,2019,2019,2019,2019,2019,2019,2019,2019,2019],"Y_PREVALENCE_1000PP":[1.52207,1.11193,1.33222,1.86409,2.20038,2.0281,1.53846,1.83318,2.73454,1.51889,1.33749,2.52781,1.14204,1.46532,1.02384,1.31176]},"PREVALENCE_BY_MONTH":{"X_CALENDAR_MONTH":[201901,201902,201903,201904,201905,201906,201907,201908,201909,201910,201911,201912],"Y_PREVALENCE_1000PP":[0.14,0.11,0.12,0.18,0.1,0.13,0.16,0.06,0.1,0.15,0.18,0.17]},"CONDITIONS_BY_TYPE":{"CONCEPT_NAME":"Claim","COUNT_VALUE":276},"AGE_AT_FIRST_DIAGNOSIS":{"CATEGORY":["FEMALE","MALE"],"MIN_VALUE":[0,1],"P10_VALUE":[6,15],"P25_VALUE":[19,23],"MEDIAN_VALUE":[40,44],"P75_VALUE":[57,61],"P90_VALUE":[69,74],"MAX_VALUE":[95,95]}}
