{"PREVALENCE_BY_GENDER_AGE_YEAR":{"TRELLIS_NAME":["30-39","80-89","70-79","40-49","30-39","10-19","60-69","40-49","50-59","20-29"],"SERIES_NAME":["MALE","FEMALE","FEMALE","MALE","FEMALE","FEMALE","FEMALE","FEMALE","MALE","MALE"],"X_CALENDAR_YEAR":[2019,2019,2019,2019,2019,2019,2019,2019,2019,2019],"Y_PREVALENCE_1000PP":[2.20302,3.45821,1.11193,1.1701,1.62813,1.31176,1.14155,0.85653,1.46692,1.01112]},"PREVALENCE_BY_MONTH":{"X_CALENDAR_MONTH":[201901,201902,201903,201904,201905,201906,201907,201908,201910,201911,201912],"Y_PREVALENCE_1000PP":[0.16,0.07,0.09,0.1,0.09,0.09,0.12,0.1,0.1,0.12,0.08]},"CONDITIONS_BY_TYPE":{"CONCEPT_NAME":"Claim","COUNT_VALUE":184},"AGE_AT_FIRST_DIAGNOSIS":{"CATEGORY":["FEMALE","MALE"],"MIN_VALUE":[2,4],"P10_VALUE":[10,18],"P25_VALUE":[25,30],"MEDIAN_VALUE":[44,44],"P75_VALUE":[68,60],"P90_VALUE":[80,80],"MAX_VALUE":[88,90]}}
