{"PREVALENCE_BY_GENDER_AGE_YEAR":{"TRELLIS_NAME":["10-19","30-39","40-49","50-59","0-9","50-59"],"SERIES_NAME":["MALE","MALE","MALE","MALE","MALE","FEMALE"],"X_CALENDAR_YEAR":[2019,2019,2019,2019,2019,2019],"Y_PREVALENCE_1000PP":[2.06233,1.52517,1.1701,1.02684,1.33749,1.30378]},"PREVALENCE_BY_MONTH":{"X_CALENDAR_MONTH":[201901,201902,201906,201907,201908,201910,201911,201912],"Y_PREVALENCE_1000PP":[0.1,0.08,0.1,0.1,0.09,0.12,0.06,0.12]},"CONDITIONS_BY_TYPE":{"CONCEPT_NAME":"Claim","COUNT_VALUE":146},"AGE_AT_FIRST_DIAGNOSIS":{"CATEGORY":["MALE","FEMALE"],"MIN_VALUE":[0,0],"P10_VALUE":[9,9],"P25_VALUE":[15,20],"MEDIAN_VALUE":[39,49],"P75_VALUE":[56,63],"P90_VALUE":[69,77],"MAX_VALUE":[90,99]}}
