{"PREVALENCE_BY_GENDER_AGE_YEAR":{"TRELLIS_NAME":["10-19","0-9","40-49","80-89","90-99","60-69","0-9","70-79","50-59","40-49","20-29","30-39","10-19","30-39","50-59","80-89","70-79","20-29","60-69"],"SERIES_NAME":["MALE","MALE","MALE","FEMALE","MALE","FEMALE","FEMALE","MALE","FEMALE","FEMALE","MALE","MALE","FEMALE","FEMALE","MALE","MALE","FEMALE","FEMALE","MALE"],"X_CALENDAR_YEAR":[2019,2019,2019,2019,2019,2019,2019,2019,2019,2019,2019,2019,2019,2019,2019,2019,2019,2019,2019],"Y_PREVALENCE_1000PP":[2.97892,1.33749,1.75516,4.03458,3.4188,3.61492,3.57594,4.36681,2.89729,2.14133,3.70745,3.21979,3.49803,1.79095,3.08053,3.31309,3.70645,3.16403,3.26923]},"PREVALENCE_BY_MONTH":{"X_CALENDAR_MONTH":[201901,201902,201903,201904,201905,201906,201907,201908,201909,201910,201911,201912],"Y_PREVALENCE_1000PP":[0.22,0.23,0.19,0.41,0.23,0.21,0.34,0.23,0.18,0.35,0.2,0.19]},"CONDITIONS_BY_TYPE":{"CONCEPT_NAME":"Claim","COUNT_VALUE":503},"AGE_AT_FIRST_DIAGNOSIS":{"CATEGORY":["No matching concept","MALE","FEMALE"],"MIN_VALUE":[4,0,0],"P10_VALUE":[4,14,9],"P25_VALUE":[20,26,20],"MEDIAN_VALUE":[41,50,45],"P75_VALUE":[60,68,66],"P90_VALUE":[72,78,76],"MAX_VALUE":[72,99,99]}}
