{"PREVALENCE_BY_GENDER_AGE_YEAR":{"TRELLIS_NAME":["30-39","70-79","70-79","30-39","60-69","60-69","50-59","40-49","50-59","40-49","10-19","20-29","10-19","20-29"],"SERIES_NAME":["FEMALE","FEMALE","MALE","MALE","MALE","FEMALE","MALE","FEMALE","FEMALE","MALE","FEMALE","MALE","MALE","FEMALE"],"X_CALENDAR_YEAR":[2019,2019,2019,2019,2019,2019,2019,2019,2019,2019,2019,2019,2019,2019],"Y_PREVALENCE_1000PP":[1.46532,1.6679,1.89861,1.52517,1.73077,1.52207,0.88015,2.28408,1.01405,0.87758,2.18627,1.85372,1.83318,0.99917]},"PREVALENCE_BY_MONTH":{"X_CALENDAR_MONTH":[201901,201902,201903,201904,201905,201907,201908,201909,201910,201911,201912],"Y_PREVALENCE_1000PP":[0.18,0.06,0.07,0.14,0.09,0.11,0.07,0.13,0.23,0.14,0.07]},"CONDITIONS_BY_TYPE":{"CONCEPT_NAME":"Claim","COUNT_VALUE":232},"AGE_AT_FIRST_DIAGNOSIS":{"CATEGORY":["MALE","FEMALE"],"MIN_VALUE":[1,5],"P10_VALUE":[13,13],"P25_VALUE":[23,27],"MEDIAN_VALUE":[40,44],"P75_VALUE":[67,60],"P90_VALUE":[75,74],"MAX_VALUE":[88,96]}}
