{"PREVALENCE_BY_GENDER_AGE_YEAR":{"TRELLIS_NAME":["10-19","40-49","70-79","20-29"],"SERIES_NAME":["FEMALE","FEMALE","FEMALE","MALE"],"X_CALENDAR_YEAR":[2019,2019,2019,2019],"Y_PREVALENCE_1000PP":[1.31176,1.85582,1.11193,1.01112]},"PREVALENCE_BY_MONTH":{"X_CALENDAR_MONTH":[201902,201903,201904,201905,201906,201908,201909,201911],"Y_PREVALENCE_1000PP":[0.1,0.08,0.1,0.06,0.06,0.07,0.07,0.08]},"CONDITIONS_BY_TYPE":{"CONCEPT_NAME":"Claim","COUNT_VALUE":130},"AGE_AT_FIRST_DIAGNOSIS":{"CATEGORY":["MALE","FEMALE"],"MIN_VALUE":[1,1],"P10_VALUE":[5,10],"P25_VALUE":[23,24],"MEDIAN_VALUE":[34,41],"P75_VALUE":[61,57],"P90_VALUE":[71,74],"MAX_VALUE":[86,79]}}
