{"PREVALENCE_BY_GENDER_AGE_YEAR":{"TRELLIS_NAME":["40-49","30-39","20-29","30-39","10-19","0-9","40-49","20-29","60-69","70-79","50-59","10-19","70-79","90-99","50-59","60-69"],"SERIES_NAME":["MALE","MALE","FEMALE","FEMALE","FEMALE","FEMALE","FEMALE","MALE","FEMALE","MALE","MALE","MALE","FEMALE","FEMALE","FEMALE","MALE"],"X_CALENDAR_YEAR":[2019,2019,2019,2019,2019,2019,2019,2019,2019,2019,2019,2019,2019,2019,2019,2019],"Y_PREVALENCE_1000PP":[1.90142,3.05033,2.33139,1.46532,1.96764,1.47244,2.28408,1.51668,2.47336,2.08848,1.17354,1.83318,2.03855,3.34448,2.75243,1.53846]},"PREVALENCE_BY_MONTH":{"X_CALENDAR_MONTH":[201901,201902,201903,201904,201905,201906,201907,201908,201909,201910,201911,201912],"Y_PREVALENCE_1000PP":[0.17,0.19,0.17,0.19,0.11,0.14,0.18,0.14,0.24,0.17,0.1,0.14]},"CONDITIONS_BY_TYPE":{"CONCEPT_NAME":"Claim","COUNT_VALUE":305},"AGE_AT_FIRST_DIAGNOSIS":{"CATEGORY":["FEMALE","MALE"],"MIN_VALUE":[2,0],"P10_VALUE":[16,16],"P25_VALUE":[25,30],"MEDIAN_VALUE":[49,43],"P75_VALUE":[64,63],"P90_VALUE":[78,76],"MAX_VALUE":[98,93]}}
