{"PREVALENCE_BY_GENDER_AGE_YEAR":{"TRELLIS_NAME":["50-59","50-59","10-19","90-99","0-9","30-39","80-89","40-49","60-69","70-79","90-99","20-29","40-49","80-89","0-9","60-69","20-29","10-19","30-39","70-79"],"SERIES_NAME":["FEMALE","MALE","MALE","MALE","FEMALE","FEMALE","FEMALE","FEMALE","MALE","FEMALE","FEMALE","FEMALE","MALE","MALE","MALE","FEMALE","MALE","FEMALE","MALE","MALE"],"X_CALENDAR_YEAR":[2019,2019,2019,2019,2019,2019,2019,2019,2019,2019,2019,2019,2019,2019,2019,2019,2019,2019,2019,2019],"Y_PREVALENCE_1000PP":[8.54701,9.68168,6.87443,8.54701,8.20362,9.44318,8.64553,8.85082,8.26923,6.30096,6.68896,7.82681,6.14305,11.04362,7.80205,5.32725,6.74082,8.0892,7.2869,5.8857]},"PREVALENCE_BY_MONTH":{"X_CALENDAR_MONTH":[201901,201902,201903,201904,201905,201906,201907,201908,201909,201910,201911,201912],"Y_PREVALENCE_1000PP":[0.71,0.41,0.61,0.65,0.64,0.62,0.92,0.64,0.62,0.83,0.6,0.55]},"CONDITIONS_BY_TYPE":{"CONCEPT_NAME":"Claim","COUNT_VALUE":1300},"AGE_AT_FIRST_DIAGNOSIS":{"CATEGORY":["FEMALE","MALE","No matching concept"],"MIN_VALUE":[0,0,2],"P10_VALUE":[10,10,20],"P25_VALUE":[24,28,26],"MEDIAN_VALUE":[43,48,45],"P75_VALUE":[58,63,54],"P90_VALUE":[75,79,74],"MAX_VALUE":[99,99,75]}}
