{"PREVALENCE_BY_GENDER_AGE_YEAR":{"TRELLIS_NAME":["40-49","0-9","50-59","70-79","60-69","30-39","20-29","60-69"],"SERIES_NAME":["FEMALE","MALE","FEMALE","FEMALE","FEMALE","FEMALE","FEMALE","MALE"],"X_CALENDAR_YEAR":[2019,2019,2019,2019,2019,2019,2019,2019],"Y_PREVALENCE_1000PP":[0.85653,1.78333,1.01405,1.11193,1.14155,1.13969,0.99917,1.34615]},"PREVALENCE_BY_MONTH":{"X_CALENDAR_MONTH":[201901,201902,201904,201905,201907,201910,201912],"Y_PREVALENCE_1000PP":[0.09,0.07,0.14,0.06,0.08,0.06,0.1]},"CONDITIONS_BY_TYPE":{"CONCEPT_NAME":"Claim","COUNT_VALUE":128},"AGE_AT_FIRST_DIAGNOSIS":{"CATEGORY":["MALE","FEMALE"],"MIN_VALUE":[3,2],"P10_VALUE":[6,8],"P25_VALUE":[16,27],"MEDIAN_VALUE":[48,46],"P75_VALUE":[72,61],"P90_VALUE":[88,72],"MAX_VALUE":[93,79]}}
