{"PREVALENCE_BY_GENDER_AGE_YEAR":{"TRELLIS_NAME":["40-49","30-39","30-39","60-69","50-59","40-49","20-29","70-79","50-59"],"SERIES_NAME":["MALE","FEMALE","MALE","MALE","FEMALE","FEMALE","MALE","FEMALE","MALE"],"X_CALENDAR_YEAR":[2019,2019,2019,2019,2019,2019,2019,2019,2019],"Y_PREVALENCE_1000PP":[2.19394,1.46532,1.01678,1.34615,0.86919,1.42755,1.01112,1.29726,1.32023]},"PREVALENCE_BY_MONTH":{"X_CALENDAR_MONTH":[201901,201902,201903,201904,201905,201906,201907,201908,201910,201911],"Y_PREVALENCE_1000PP":[0.12,0.09,0.07,0.11,0.08,0.09,0.12,0.06,0.12,0.1]},"CONDITIONS_BY_TYPE":{"CONCEPT_NAME":"Claim","COUNT_VALUE":168},"AGE_AT_FIRST_DIAGNOSIS":{"CATEGORY":["FEMALE","MALE"],"MIN_VALUE":[0,2],"P10_VALUE":[13,22],"P25_VALUE":[31,33],"MEDIAN_VALUE":[41,47],"P75_VALUE":[57,60],"P90_VALUE":[75,78],"MAX_VALUE":[97,93]}}
