{"PREVALENCE_BY_GENDER_AGE_YEAR":{"TRELLIS_NAME":["10-19","40-49","40-49","50-59","60-69","10-19","30-39","20-29","50-59","70-79","20-29","60-69","30-39","0-9","70-79","0-9"],"SERIES_NAME":["MALE","MALE","FEMALE","FEMALE","MALE","FEMALE","FEMALE","FEMALE","MALE","MALE","MALE","FEMALE","MALE","MALE","FEMALE","FEMALE"],"X_CALENDAR_YEAR":[2019,2019,2019,2019,2019,2019,2019,2019,2019,2019,2019,2019,2019,2019,2019,2019],"Y_PREVALENCE_1000PP":[2.29148,2.63273,1.99857,2.17297,1.73077,1.96764,2.60501,1.83181,1.02684,2.84792,2.69633,3.2344,2.37248,2.67499,1.6679,2.94489]},"PREVALENCE_BY_MONTH":{"X_CALENDAR_MONTH":[201901,201902,201903,201904,201905,201906,201907,201908,201909,201910,201911,201912],"Y_PREVALENCE_1000PP":[0.2,0.06,0.21,0.21,0.17,0.19,0.21,0.22,0.13,0.33,0.16,0.21]},"CONDITIONS_BY_TYPE":{"CONCEPT_NAME":"Claim","COUNT_VALUE":373},"AGE_AT_FIRST_DIAGNOSIS":{"CATEGORY":["No matching concept","MALE","FEMALE"],"MIN_VALUE":[6,0,0],"P10_VALUE":[6,9,8],"P25_VALUE":[40,24,27],"MEDIAN_VALUE":[47,40,41],"P75_VALUE":[67,67,63],"P90_VALUE":[98,76,75],"MAX_VALUE":[98,96,99]}}
