{"PREVALENCE_BY_GENDER_AGE_YEAR":{"TRELLIS_NAME":["0-9","30-39","50-59","70-79","40-49","50-59","20-29","10-19","10-19","60-69","70-79","20-29","60-69","0-9","30-39","40-49"],"SERIES_NAME":["FEMALE","FEMALE","MALE","MALE","MALE","FEMALE","MALE","MALE","FEMALE","FEMALE","FEMALE","FEMALE","MALE","MALE","MALE","FEMALE"],"X_CALENDAR_YEAR":[2019,2019,2019,2019,2019,2019,2019,2019,2019,2019,2019,2019,2019,2019,2019,2019],"Y_PREVALENCE_1000PP":[2.10349,2.27939,2.93384,3.60737,3.21779,2.75243,3.20189,1.60403,1.74902,2.66362,1.85322,1.99833,4.23077,2.00624,2.37248,3.71163]},"PREVALENCE_BY_MONTH":{"X_CALENDAR_MONTH":[201901,201902,201903,201904,201905,201906,201907,201908,201909,201910,201911,201912],"Y_PREVALENCE_1000PP":[0.31,0.28,0.21,0.27,0.19,0.14,0.29,0.17,0.17,0.21,0.21,0.22]},"CONDITIONS_BY_TYPE":{"CONCEPT_NAME":"Claim","COUNT_VALUE":446},"AGE_AT_FIRST_DIAGNOSIS":{"CATEGORY":["MALE","FEMALE","No matching concept"],"MIN_VALUE":[1,2,18],"P10_VALUE":[17,11,18],"P25_VALUE":[31,29,24],"MEDIAN_VALUE":[49,44,26],"P75_VALUE":[66,59,42],"P90_VALUE":[77,74,60],"MAX_VALUE":[98,98,60]}}
