{"PREVALENCE_BY_GENDER_AGE_YEAR":{"TRELLIS_NAME":["70-79","0-9","50-59","40-49","20-29","60-69","60-69","10-19","30-39","10-19","20-29","50-59","0-9","40-49","70-79","30-39"],"SERIES_NAME":["FEMALE","MALE","MALE","MALE","MALE","MALE","FEMALE","MALE","FEMALE","FEMALE","FEMALE","FEMALE","FEMALE","FEMALE","MALE","MALE"],"X_CALENDAR_YEAR":[2019,2019,2019,2019,2019,2019,2019,2019,2019,2019,2019,2019,2019,2019,2019,2019],"Y_PREVALENCE_1000PP":[2.22387,2.22916,2.34707,2.04768,2.19077,2.88462,1.90259,1.60403,1.79095,2.84215,1.99833,1.30378,2.52419,2.56959,1.32903,1.86409]},"PREVALENCE_BY_MONTH":{"X_CALENDAR_MONTH":[201901,201902,201903,201904,201905,201906,201907,201908,201909,201910,201911,201912],"Y_PREVALENCE_1000PP":[0.22,0.13,0.16,0.09,0.21,0.17,0.18,0.19,0.14,0.26,0.18,0.16]},"CONDITIONS_BY_TYPE":{"CONCEPT_NAME":"Claim","COUNT_VALUE":350},"AGE_AT_FIRST_DIAGNOSIS":{"CATEGORY":["MALE","No matching concept","FEMALE"],"MIN_VALUE":[0,24,0],"P10_VALUE":[7,24,8],"P25_VALUE":[24,29,20],"MEDIAN_VALUE":[46,40,41],"P75_VALUE":[64,74,65],"P90_VALUE":[77,76,74],"MAX_VALUE":[95,76,96]}}
