{"PREVALENCE_BY_GENDER_AGE_YEAR":{"TRELLIS_NAME":["40-49","30-39","50-59","90-99","20-29","80-89","40-49","90-99","60-69","50-59","10-19","20-29","30-39","0-9","80-89","60-69","70-79","10-19","70-79","0-9"],"SERIES_NAME":["MALE","MALE","FEMALE","MALE","MALE","FEMALE","FEMALE","FEMALE","FEMALE","MALE","FEMALE","FEMALE","FEMALE","MALE","MALE","MALE","FEMALE","MALE","MALE","FEMALE"],"X_CALENDAR_YEAR":[2019,2019,2019,2019,2019,2019,2019,2019,2019,2019,2019,2019,2019,2019,2019,2019,2019,2019,2019,2019],"Y_PREVALENCE_1000PP":[6.87436,6.77851,7.53296,6.83761,7.07786,10.37464,7.70878,4.45931,8.18113,6.89453,5.6843,7.99334,7.3266,4.90415,7.73054,9.61538,6.48629,8.24931,7.78432,5.88978]},"PREVALENCE_BY_MONTH":{"X_CALENDAR_MONTH":[201901,201902,201903,201904,201905,201906,201907,201908,201909,201910,201911,201912],"Y_PREVALENCE_1000PP":[0.77,0.6,0.6,0.46,0.61,0.47,0.56,0.64,0.71,0.64,0.53,0.6]},"CONDITIONS_BY_TYPE":{"CONCEPT_NAME":"Claim","COUNT_VALUE":1220},"AGE_AT_FIRST_DIAGNOSIS":{"CATEGORY":["No matching concept","FEMALE","MALE"],"MIN_VALUE":[5,0,0],"P10_VALUE":[5,12,14],"P25_VALUE":[10,27,26],"MEDIAN_VALUE":[25,45,47],"P75_VALUE":[40,63,65],"P90_VALUE":[71,78,76],"MAX_VALUE":[99,98,98]}}
