{"PREVALENCE_BY_GENDER_AGE_YEAR":{"TRELLIS_NAME":["10-19","60-69","30-39","30-39","50-59","80-89","90-99","40-49","60-69","0-9","0-9","20-29","80-89","70-79","90-99","20-29","10-19","50-59","70-79","40-49"],"SERIES_NAME":["MALE","FEMALE","FEMALE","MALE","FEMALE","MALE","FEMALE","MALE","MALE","MALE","FEMALE","FEMALE","FEMALE","MALE","MALE","MALE","FEMALE","MALE","FEMALE","FEMALE"],"X_CALENDAR_YEAR":[2019,2019,2019,2019,2019,2019,2019,2019,2019,2019,2019,2019,2019,2019,2019,2019,2019,2019,2019,2019],"Y_PREVALENCE_1000PP":[40.10082,40.33486,42.00586,39.14591,40.12748,39.75704,47.93757,36.27322,35.57692,37.00401,39.96634,37.13572,38.61671,34.36491,35.32764,41.79306,36.94797,38.13994,33.54337,39.54318]},"PREVALENCE_BY_MONTH":{"X_CALENDAR_MONTH":[201901,201902,201903,201904,201905,201906,201907,201908,201909,201910,201911,201912],"Y_PREVALENCE_1000PP":[4.04,2.95,2.91,3.84,3.21,2.71,3.99,2.62,2.94,3.59,3.08,3.32]},"CONDITIONS_BY_TYPE":{"CONCEPT_NAME":"Claim","COUNT_VALUE":6643},"AGE_AT_FIRST_DIAGNOSIS":{"CATEGORY":["No matching concept","FEMALE","MALE"],"MIN_VALUE":[0,0,0],"P10_VALUE":[10,10,11],"P25_VALUE":[27,25,24],"MEDIAN_VALUE":[40,43,43],"P75_VALUE":[60,62,62],"P90_VALUE":[73,77,77],"MAX_VALUE":[94,99,99]}}
