{"PREVALENCE_BY_GENDER_AGE_YEAR":{"TRELLIS_NAME":["40-49","20-29","50-59","20-29","70-79","50-59","40-49","70-79"],"SERIES_NAME":["FEMALE","MALE","MALE","FEMALE","MALE","FEMALE","MALE","FEMALE"],"X_CALENDAR_YEAR":[2019,2019,2019,2019,2019,2019,2019,2019],"Y_PREVALENCE_1000PP":[0.99929,1.01112,0.88015,1.83181,1.32903,1.15892,0.87758,1.6679]},"PREVALENCE_BY_MONTH":{"X_CALENDAR_MONTH":[201901,201903,201904,201906,201907,201908,201909,201910,201911,201912],"Y_PREVALENCE_1000PP":[0.08,0.08,0.06,0.11,0.11,0.14,0.07,0.07,0.07,0.09]},"CONDITIONS_BY_TYPE":{"CONCEPT_NAME":"Claim","COUNT_VALUE":170},"AGE_AT_FIRST_DIAGNOSIS":{"CATEGORY":["MALE","FEMALE"],"MIN_VALUE":[0,1],"P10_VALUE":[9,16],"P25_VALUE":[25,25],"MEDIAN_VALUE":[42,44],"P75_VALUE":[59,63],"P90_VALUE":[74,77],"MAX_VALUE":[78,90]}}
