{"PREVALENCE_BY_GENDER_AGE_YEAR":{"TRELLIS_NAME":["10-19","30-39","0-9","10-19","20-29","70-79","20-29","40-49","40-49","50-59","50-59","30-39","60-69","0-9","70-79","60-69"],"SERIES_NAME":["MALE","MALE","FEMALE","FEMALE","MALE","FEMALE","FEMALE","MALE","FEMALE","MALE","FEMALE","FEMALE","FEMALE","MALE","MALE","MALE"],"X_CALENDAR_YEAR":[2019,2019,2019,2019,2019,2019,2019,2019,2019,2019,2019,2019,2019,2019,2019,2019],"Y_PREVALENCE_1000PP":[1.83318,2.7114,1.89314,1.53039,1.6852,3.70645,3.16403,2.04768,1.57031,2.78715,1.73837,1.79095,2.09285,2.22916,2.65806,2.69231]},"PREVALENCE_BY_MONTH":{"X_CALENDAR_MONTH":[201901,201902,201903,201904,201905,201906,201907,201908,201909,201910,201911,201912],"Y_PREVALENCE_1000PP":[0.14,0.12,0.16,0.26,0.12,0.16,0.22,0.2,0.22,0.22,0.23,0.17]},"CONDITIONS_BY_TYPE":{"CONCEPT_NAME":"Claim","COUNT_VALUE":374},"AGE_AT_FIRST_DIAGNOSIS":{"CATEGORY":["FEMALE","MALE"],"MIN_VALUE":[0,0],"P10_VALUE":[10,10],"P25_VALUE":[24,29],"MEDIAN_VALUE":[47,47],"P75_VALUE":[70,64],"P90_VALUE":[79,75],"MAX_VALUE":[99,97]}}
