{"PREVALENCE_BY_GENDER_AGE_YEAR":{"TRELLIS_NAME":["60-69","40-49","0-9","30-39","20-29","50-59","10-19","20-29","10-19","40-49","60-69","30-39","80-89","70-79","70-79","0-9","50-59"],"SERIES_NAME":["FEMALE","MALE","MALE","MALE","MALE","MALE","MALE","FEMALE","FEMALE","FEMALE","MALE","FEMALE","FEMALE","FEMALE","MALE","FEMALE","FEMALE"],"X_CALENDAR_YEAR":[2019,2019,2019,2019,2019,2019,2019,2019,2019,2019,2019,2019,2019,2019,2019,2019,2019],"Y_PREVALENCE_1000PP":[2.47336,1.60889,2.67499,3.55872,2.19077,3.22723,2.06233,1.66528,1.96764,2.99786,3.26923,2.76783,4.03458,2.77984,2.65806,2.52419,3.76648]},"PREVALENCE_BY_MONTH":{"X_CALENDAR_MONTH":[201901,201902,201903,201904,201905,201906,201907,201908,201909,201910,201911,201912],"Y_PREVALENCE_1000PP":[0.27,0.18,0.17,0.29,0.24,0.19,0.26,0.16,0.24,0.3,0.2,0.17]},"CONDITIONS_BY_TYPE":{"CONCEPT_NAME":"Claim","COUNT_VALUE":430},"AGE_AT_FIRST_DIAGNOSIS":{"CATEGORY":["FEMALE","No matching concept","MALE"],"MIN_VALUE":[0,0,1],"P10_VALUE":[10,0,10],"P25_VALUE":[31,10,26],"MEDIAN_VALUE":[46,22,45],"P75_VALUE":[63,33,62],"P90_VALUE":[76,94,75],"MAX_VALUE":[97,94,98]}}
