{"PREVALENCE_BY_GENDER_AGE_YEAR":{"TRELLIS_NAME":["40-49","50-59","70-79","0-9","30-39","20-29","70-79","10-19","60-69"],"SERIES_NAME":["MALE","MALE","FEMALE","MALE","MALE","MALE","MALE","FEMALE","MALE"],"X_CALENDAR_YEAR":[2019,2019,2019,2019,2019,2019,2019,2019,2019],"Y_PREVALENCE_1000PP":[1.02384,1.76031,1.11193,1.56041,1.86409,1.6852,1.51889,1.31176,1.15385]},"PREVALENCE_BY_MONTH":{"X_CALENDAR_MONTH":[201901,201902,201903,201904,201905,201906,201907,201908,201909,201910,201912],"Y_PREVALENCE_1000PP":[0.12,0.06,0.1,0.1,0.07,0.11,0.07,0.1,0.07,0.16,0.07]},"CONDITIONS_BY_TYPE":{"CONCEPT_NAME":"Claim","COUNT_VALUE":176},"AGE_AT_FIRST_DIAGNOSIS":{"CATEGORY":["FEMALE","MALE"],"MIN_VALUE":[2,0],"P10_VALUE":[7,9],"P25_VALUE":[15,28],"MEDIAN_VALUE":[40,43],"P75_VALUE":[74,65],"P90_VALUE":[82,77],"MAX_VALUE":[95,97]}}
