{"PREVALENCE_BY_GENDER_AGE_YEAR":{"TRELLIS_NAME":["70-79","50-59","20-29","40-49","30-39","30-39","0-9","20-29","50-59","70-79","10-19","10-19"],"SERIES_NAME":["MALE","MALE","FEMALE","MALE","FEMALE","MALE","MALE","MALE","FEMALE","FEMALE","FEMALE","MALE"],"X_CALENDAR_YEAR":[2019,2019,2019,2019,2019,2019,2019,2019,2019,2019,2019,2019],"Y_PREVALENCE_1000PP":[1.32903,1.17354,0.99917,1.31637,1.13969,1.01678,1.56041,2.02224,1.88324,2.59451,1.74902,1.37489]},"PREVALENCE_BY_MONTH":{"X_CALENDAR_MONTH":[201901,201902,201903,201904,201905,201906,201907,201908,201909,201910,201911,201912],"Y_PREVALENCE_1000PP":[0.1,0.1,0.08,0.15,0.08,0.09,0.07,0.14,0.07,0.21,0.09,0.08]},"CONDITIONS_BY_TYPE":{"CONCEPT_NAME":"Claim","COUNT_VALUE":207},"AGE_AT_FIRST_DIAGNOSIS":{"CATEGORY":["MALE","FEMALE"],"MIN_VALUE":[1,0],"P10_VALUE":[9,18],"P25_VALUE":[20,29],"MEDIAN_VALUE":[39,50],"P75_VALUE":[57,71],"P90_VALUE":[78,75],"MAX_VALUE":[96,92]}}
