{"PREVALENCE_BY_GENDER_AGE_YEAR":{"TRELLIS_NAME":["60-69","70-79","70-79","50-59","30-39","90-99","50-59","20-29","30-39","90-99","10-19","60-69","10-19","80-89","40-49","0-9","20-29","40-49","0-9"],"SERIES_NAME":["FEMALE","MALE","FEMALE","MALE","FEMALE","FEMALE","FEMALE","MALE","MALE","MALE","FEMALE","MALE","MALE","FEMALE","FEMALE","FEMALE","FEMALE","MALE","MALE"],"X_CALENDAR_YEAR":[2019,2019,2019,2019,2019,2019,2019,2019,2019,2019,2019,2019,2019,2019,2019,2019,2019,2019,2019],"Y_PREVALENCE_1000PP":[4.37595,3.79723,3.89177,4.69415,3.5819,3.9019,3.47675,4.38153,3.72818,3.9886,3.49803,4.42308,2.74977,4.03458,2.42684,4.41733,4.82931,4.68042,4.01248]},"PREVALENCE_BY_MONTH":{"X_CALENDAR_MONTH":[201901,201902,201903,201904,201905,201906,201907,201908,201909,201910,201911,201912],"Y_PREVALENCE_1000PP":[0.42,0.35,0.24,0.34,0.22,0.32,0.38,0.3,0.23,0.46,0.27,0.4]},"CONDITIONS_BY_TYPE":{"CONCEPT_NAME":"Claim","COUNT_VALUE":666},"AGE_AT_FIRST_DIAGNOSIS":{"CATEGORY":["FEMALE","MALE","No matching concept"],"MIN_VALUE":[0,0,9],"P10_VALUE":[9,10,11],"P25_VALUE":[22,27,24],"MEDIAN_VALUE":[41,46,68],"P75_VALUE":[64,61,70],"P90_VALUE":[78,75,78],"MAX_VALUE":[97,94,83]}}
