{"PREVALENCE_BY_GENDER_AGE_YEAR":{"TRELLIS_NAME":["0-9","60-69","40-49","20-29","20-29","10-19","10-19","70-79","50-59","30-39","60-69","70-79","30-39","0-9","50-59","40-49"],"SERIES_NAME":["MALE","FEMALE","FEMALE","MALE","FEMALE","FEMALE","MALE","FEMALE","MALE","MALE","MALE","MALE","FEMALE","FEMALE","FEMALE","MALE"],"X_CALENDAR_YEAR":[2019,2019,2019,2019,2019,2019,2019,2019,2019,2019,2019,2019,2019,2019,2019,2019],"Y_PREVALENCE_1000PP":[3.34374,2.28311,2.42684,2.35929,1.66528,2.84215,2.97892,2.40919,2.49377,3.21979,2.30769,2.08848,2.11657,2.73454,2.89729,2.63273]},"PREVALENCE_BY_MONTH":{"X_CALENDAR_MONTH":[201901,201902,201903,201904,201905,201906,201907,201908,201909,201910,201911,201912],"Y_PREVALENCE_1000PP":[0.21,0.19,0.23,0.2,0.13,0.2,0.19,0.21,0.21,0.32,0.24,0.15]},"CONDITIONS_BY_TYPE":{"CONCEPT_NAME":"Claim","COUNT_VALUE":436},"AGE_AT_FIRST_DIAGNOSIS":{"CATEGORY":["MALE","FEMALE"],"MIN_VALUE":[0,1],"P10_VALUE":[8,9],"P25_VALUE":[21,24],"MEDIAN_VALUE":[41,44],"P75_VALUE":[58,61],"P90_VALUE":[75,74],"MAX_VALUE":[97,99]}}
