{"PREVALENCE_BY_GENDER_AGE_YEAR":{"TRELLIS_NAME":["70-79","20-29","70-79","80-89","40-49","50-59","30-39","50-59","60-69","60-69","0-9","0-9","20-29","10-19","30-39","40-49"],"SERIES_NAME":["MALE","FEMALE","FEMALE","FEMALE","MALE","FEMALE","FEMALE","MALE","FEMALE","MALE","FEMALE","MALE","MALE","MALE","MALE","FEMALE"],"X_CALENDAR_YEAR":[2019,2019,2019,2019,2019,2019,2019,2019,2019,2019,2019,2019,2019,2019,2019,2019],"Y_PREVALENCE_1000PP":[2.4682,1.49875,1.85322,4.03458,2.63273,2.31783,2.60501,2.20038,2.66362,2.5,1.89314,1.78333,1.6852,2.74977,1.3557,2.71235]},"PREVALENCE_BY_MONTH":{"X_CALENDAR_MONTH":[201901,201902,201903,201904,201905,201906,201907,201908,201909,201910,201911,201912],"Y_PREVALENCE_1000PP":[0.2,0.13,0.2,0.16,0.2,0.23,0.22,0.11,0.15,0.21,0.17,0.15]},"CONDITIONS_BY_TYPE":{"CONCEPT_NAME":"Claim","COUNT_VALUE":348},"AGE_AT_FIRST_DIAGNOSIS":{"CATEGORY":["FEMALE","No matching concept","MALE"],"MIN_VALUE":[0,9,0],"P10_VALUE":[13,9,10],"P25_VALUE":[32,37,25],"MEDIAN_VALUE":[47,47,45],"P75_VALUE":[64,53,61],"P90_VALUE":[74,62,74],"MAX_VALUE":[87,62,97]}}
