{"PREVALENCE_BY_GENDER_AGE_YEAR":{"TRELLIS_NAME":["90-99","30-39","0-9","60-69","0-9","70-79","50-59","40-49","10-19","20-29","70-79","10-19","60-69","80-89","30-39","40-49","50-59","20-29"],"SERIES_NAME":["FEMALE","FEMALE","MALE","MALE","FEMALE","MALE","FEMALE","MALE","FEMALE","FEMALE","FEMALE","MALE","FEMALE","FEMALE","MALE","FEMALE","MALE","MALE"],"X_CALENDAR_YEAR":[2019,2019,2019,2019,2019,2019,2019,2019,2019,2019,2019,2019,2019,2019,2019,2019,2019,2019],"Y_PREVALENCE_1000PP":[3.9019,1.79095,2.8979,3.26923,2.10349,2.84792,2.89729,1.60889,3.06078,3.83014,2.59451,3.43721,1.71233,4.03458,2.03355,1.57031,3.08053,3.03337]},"PREVALENCE_BY_MONTH":{"X_CALENDAR_MONTH":[201901,201902,201903,201904,201905,201906,201907,201908,201909,201910,201911,201912],"Y_PREVALENCE_1000PP":[0.38,0.23,0.18,0.2,0.16,0.26,0.29,0.21,0.16,0.16,0.13,0.2]},"CONDITIONS_BY_TYPE":{"CONCEPT_NAME":"Claim","COUNT_VALUE":423},"AGE_AT_FIRST_DIAGNOSIS":{"CATEGORY":["MALE","FEMALE"],"MIN_VALUE":[0,1],"P10_VALUE":[9,12],"P25_VALUE":[22,23],"MEDIAN_VALUE":[45,43],"P75_VALUE":[64,63],"P90_VALUE":[78,83],"MAX_VALUE":[99,97]}}
