{"PREVALENCE_BY_GENDER_AGE_YEAR":{"TRELLIS_NAME":["70-79","10-19","30-39","40-49","20-29","0-9","30-39","0-9","50-59","50-59","40-49"],"SERIES_NAME":["FEMALE","MALE","MALE","FEMALE","FEMALE","FEMALE","FEMALE","MALE","FEMALE","MALE","MALE"],"X_CALENDAR_YEAR":[2019,2019,2019,2019,2019,2019,2019,2019,2019,2019,2019],"Y_PREVALENCE_1000PP":[1.29726,1.60403,1.3557,0.99929,1.33222,2.10349,1.13969,1.56041,1.30378,1.32023,1.02384]},"PREVALENCE_BY_MONTH":{"X_CALENDAR_MONTH":[201901,201904,201905,201906,201907,201908,201909,201910,201911,201912],"Y_PREVALENCE_1000PP":[0.13,0.13,0.08,0.08,0.09,0.13,0.12,0.09,0.06,0.07]},"CONDITIONS_BY_TYPE":{"CONCEPT_NAME":"Claim","COUNT_VALUE":183},"AGE_AT_FIRST_DIAGNOSIS":{"CATEGORY":["FEMALE","MALE"],"MIN_VALUE":[0,1],"P10_VALUE":[4,7],"P25_VALUE":[23,19],"MEDIAN_VALUE":[41,39],"P75_VALUE":[55,56],"P90_VALUE":[78,68],"MAX_VALUE":[86,91]}}
