{"PREVALENCE_BY_GENDER_AGE_YEAR":{"TRELLIS_NAME":["40-49","0-9","50-59","80-89","50-59","10-19","90-99","70-79","40-49","30-39","10-19","70-79","60-69","90-99","20-29","60-69","80-89","20-29","30-39","0-9"],"SERIES_NAME":["FEMALE","FEMALE","FEMALE","FEMALE","MALE","FEMALE","MALE","MALE","MALE","MALE","MALE","FEMALE","FEMALE","FEMALE","FEMALE","MALE","MALE","MALE","FEMALE","MALE"],"X_CALENDAR_YEAR":[2019,2019,2019,2019,2019,2019,2019,2019,2019,2019,2019,2019,2019,2019,2019,2019,2019,2019,2019,2019],"Y_PREVALENCE_1000PP":[6.56674,6.31048,7.38809,6.91643,7.3346,8.74508,3.9886,6.07556,7.16689,6.94797,5.49954,5.55967,5.5175,8.91862,8.65945,3.46154,8.28272,5.22413,4.72159,4.68123]},"PREVALENCE_BY_MONTH":{"X_CALENDAR_MONTH":[201901,201902,201903,201904,201905,201906,201907,201908,201909,201910,201911,201912],"Y_PREVALENCE_1000PP":[0.7,0.46,0.45,0.66,0.47,0.43,0.67,0.36,0.47,0.68,0.43,0.55]},"CONDITIONS_BY_TYPE":{"CONCEPT_NAME":"Claim","COUNT_VALUE":1040},"AGE_AT_FIRST_DIAGNOSIS":{"CATEGORY":["MALE","No matching concept","FEMALE"],"MIN_VALUE":[0,6,0],"P10_VALUE":[14,6,10],"P25_VALUE":[28,20,23],"MEDIAN_VALUE":[44,46,43],"P75_VALUE":[59,55,60],"P90_VALUE":[77,55,77],"MAX_VALUE":[95,66,99]}}
