{"PREVALENCE_BY_GENDER_AGE_YEAR":{"TRELLIS_NAME":["40-49","30-39","60-69","40-49","70-79","80-89","10-19","20-29","10-19","20-29","90-99","80-89","0-9","70-79","30-39","50-59","60-69","0-9","50-59","90-99"],"SERIES_NAME":["MALE","MALE","MALE","FEMALE","MALE","MALE","FEMALE","FEMALE","MALE","MALE","MALE","FEMALE","MALE","FEMALE","FEMALE","FEMALE","FEMALE","FEMALE","MALE","FEMALE"],"X_CALENDAR_YEAR":[2019,2019,2019,2019,2019,2019,2019,2019,2019,2019,2019,2019,2019,2019,2019,2019,2019,2019,2019,2019],"Y_PREVALENCE_1000PP":[8.62952,8.47314,9.03846,8.56531,7.59446,10.49144,7.43332,9.49209,5.04125,6.5723,5.69801,6.91643,8.69371,7.78354,9.60599,7.09836,7.99087,7.78292,9.68168,8.91862]},"PREVALENCE_BY_MONTH":{"X_CALENDAR_MONTH":[201901,201902,201903,201904,201905,201906,201907,201908,201909,201910,201911,201912],"Y_PREVALENCE_1000PP":[0.87,0.51,0.65,0.68,0.59,0.65,0.8,0.74,0.61,0.86,0.71,0.5]},"CONDITIONS_BY_TYPE":{"CONCEPT_NAME":"Claim","COUNT_VALUE":1389},"AGE_AT_FIRST_DIAGNOSIS":{"CATEGORY":["FEMALE","MALE","No matching concept"],"MIN_VALUE":[0,0,2],"P10_VALUE":[12,10,7],"P25_VALUE":[25,29,34],"MEDIAN_VALUE":[43,47,43],"P75_VALUE":[62,64,61],"P90_VALUE":[77,77,68],"MAX_VALUE":[99,99,76]}}
