{"PREVALENCE_BY_GENDER_AGE_YEAR":{"TRELLIS_NAME":["20-29","70-79","50-59","0-9","10-19","70-79","60-69","90-99","90-99","50-59","30-39","0-9","20-29","10-19","60-69","40-49","80-89","80-89","30-39","40-49"],"SERIES_NAME":["MALE","FEMALE","MALE","FEMALE","FEMALE","MALE","MALE","MALE","FEMALE","FEMALE","FEMALE","MALE","FEMALE","MALE","FEMALE","MALE","FEMALE","MALE","MALE","FEMALE"],"X_CALENDAR_YEAR":[2019,2019,2019,2019,2019,2019,2019,2019,2019,2019,2019,2019,2019,2019,2019,2019,2019,2019,2019,2019],"Y_PREVALENCE_1000PP":[10.44826,8.33951,12.02875,8.41397,7.65195,9.11335,9.23077,8.54701,11.14827,11.4443,10.42006,10.92287,11.99001,12.14482,12.36682,10.38467,8.64553,13.80453,11.52347,11.1349]},"PREVALENCE_BY_MONTH":{"X_CALENDAR_MONTH":[201901,201902,201903,201904,201905,201906,201907,201908,201909,201910,201911,201912],"Y_PREVALENCE_1000PP":[0.99,0.79,0.74,0.99,0.66,0.79,0.98,0.92,0.86,1.12,0.93,0.73]},"CONDITIONS_BY_TYPE":{"CONCEPT_NAME":"Claim","COUNT_VALUE":1749},"AGE_AT_FIRST_DIAGNOSIS":{"CATEGORY":["FEMALE","MALE","No matching concept"],"MIN_VALUE":[0,0,0],"P10_VALUE":[13,10,1],"P25_VALUE":[27,24,10],"MEDIAN_VALUE":[45,44,27],"P75_VALUE":[63,61,51],"P90_VALUE":[75,78,73],"MAX_VALUE":[99,99,81]}}
