{"PREVALENCE_BY_GENDER_AGE_YEAR":{"TRELLIS_NAME":["50-59","40-49","0-9","50-59","80-89","60-69","20-29","30-39","70-79","40-49","90-99","60-69","20-29","70-79","30-39","10-19","10-19","0-9"],"SERIES_NAME":["MALE","MALE","MALE","FEMALE","MALE","MALE","MALE","FEMALE","FEMALE","FEMALE","FEMALE","FEMALE","FEMALE","MALE","MALE","FEMALE","MALE","FEMALE"],"X_CALENDAR_YEAR":[2019,2019,2019,2019,2019,2019,2019,2019,2019,2019,2019,2019,2019,2019,2019,2019,2019,2019],"Y_PREVALENCE_1000PP":[2.93384,1.46263,3.12082,2.31783,3.31309,2.30769,3.87597,4.23315,2.22387,3.28337,3.34448,2.85388,3.49709,3.03778,2.37248,2.18627,4.12466,2.94489]},"PREVALENCE_BY_MONTH":{"X_CALENDAR_MONTH":[201901,201902,201903,201904,201905,201906,201907,201908,201909,201910,201911,201912],"Y_PREVALENCE_1000PP":[0.19,0.21,0.31,0.3,0.17,0.25,0.33,0.19,0.23,0.32,0.18,0.19]},"CONDITIONS_BY_TYPE":{"CONCEPT_NAME":"Claim","COUNT_VALUE":485},"AGE_AT_FIRST_DIAGNOSIS":{"CATEGORY":["No matching concept","FEMALE","MALE"],"MIN_VALUE":[2,0,0],"P10_VALUE":[2,10,9],"P25_VALUE":[15,26,20],"MEDIAN_VALUE":[26,41,38],"P75_VALUE":[59,59,60],"P90_VALUE":[68,74,77],"MAX_VALUE":[68,98,91]}}
