{"PREVALENCE_BY_GENDER_AGE_YEAR":{"TRELLIS_NAME":["10-19","20-29","60-69","0-9","40-49","90-99","60-69","80-89","30-39","20-29","10-19","70-79","50-59","0-9","70-79","50-59","90-99","30-39","80-89","40-49"],"SERIES_NAME":["MALE","FEMALE","FEMALE","MALE","FEMALE","MALE","MALE","FEMALE","MALE","MALE","FEMALE","MALE","FEMALE","FEMALE","FEMALE","MALE","FEMALE","FEMALE","MALE","MALE"],"X_CALENDAR_YEAR":[2019,2019,2019,2019,2019,2019,2019,2019,2019,2019,2019,2019,2019,2019,2019,2019,2019,2019,2019,2019],"Y_PREVALENCE_1000PP":[16.04033,17.15237,16.55251,16.49576,18.84368,18.23362,16.34615,18.4438,19.65769,14.49275,14.64801,17.65711,17.67348,19.14178,18.71757,15.69605,21.73913,17.58385,13.80453,18.13661]},"PREVALENCE_BY_MONTH":{"X_CALENDAR_MONTH":[201901,201902,201903,201904,201905,201906,201907,201908,201909,201910,201911,201912],"Y_PREVALENCE_1000PP":[1.68,1.23,1.29,1.67,1.33,1.27,1.8,1.31,1.41,1.53,1.38,1.53]},"CONDITIONS_BY_TYPE":{"CONCEPT_NAME":"Claim","COUNT_VALUE":2959},"AGE_AT_FIRST_DIAGNOSIS":{"CATEGORY":["MALE","FEMALE","No matching concept"],"MIN_VALUE":[0,0,2],"P10_VALUE":[10,9,10],"P25_VALUE":[26,25,25],"MEDIAN_VALUE":[45,45,35],"P75_VALUE":[63,64,64],"P90_VALUE":[76,77,72],"MAX_VALUE":[99,99,97]}}
