{"PREVALENCE_BY_GENDER_AGE_YEAR":{"TRELLIS_NAME":["90-99","60-69","40-49","90-99","50-59","0-9","80-89","10-19","80-89","50-59","70-79","10-19","20-29","30-39","60-69","20-29","0-9","70-79","40-49","30-39"],"SERIES_NAME":["FEMALE","MALE","FEMALE","MALE","MALE","MALE","FEMALE","FEMALE","MALE","FEMALE","FEMALE","MALE","FEMALE","FEMALE","FEMALE","MALE","FEMALE","MALE","MALE","MALE"],"X_CALENDAR_YEAR":[2019,2019,2019,2019,2019,2019,2019,2019,2019,2019,2019,2019,2019,2019,2019,2019,2019,2019,2019,2019],"Y_PREVALENCE_1000PP":[13.37793,11.53846,10.13562,5.69801,11.1486,11.81453,11.52738,8.74508,7.17835,11.87889,8.71016,8.70761,12.32306,12.21101,9.32268,11.12235,11.9899,10.63224,10.38467,10.33723]},"PREVALENCE_BY_MONTH":{"X_CALENDAR_MONTH":[201901,201902,201903,201904,201905,201906,201907,201908,201909,201910,201911,201912],"Y_PREVALENCE_1000PP":[1.04,0.75,0.85,1.08,0.7,0.77,1.13,0.94,0.78,0.98,0.95,0.73]},"CONDITIONS_BY_TYPE":{"CONCEPT_NAME":"Claim","COUNT_VALUE":1810},"AGE_AT_FIRST_DIAGNOSIS":{"CATEGORY":["MALE","FEMALE","No matching concept"],"MIN_VALUE":[0,0,0],"P10_VALUE":[8,9,5],"P25_VALUE":[25,25,23],"MEDIAN_VALUE":[45,42,47],"P75_VALUE":[61,62,66],"P90_VALUE":[75,78,72],"MAX_VALUE":[98,99,79]}}
