{"PREVALENCE_BY_GENDER_AGE_YEAR":{"TRELLIS_NAME":["90-99","80-89","30-39","70-79","50-59","30-39","20-29","70-79","80-89","10-19","60-69","20-29","0-9","50-59","10-19","90-99","40-49","0-9","60-69","40-49"],"SERIES_NAME":["MALE","FEMALE","MALE","FEMALE","FEMALE","FEMALE","FEMALE","MALE","MALE","FEMALE","MALE","MALE","FEMALE","MALE","MALE","FEMALE","FEMALE","MALE","FEMALE","MALE"],"X_CALENDAR_YEAR":[2019,2019,2019,2019,2019,2019,2019,2019,2019,2019,2019,2019,2019,2019,2019,2019,2019,2019,2019,2019],"Y_PREVALENCE_1000PP":[10.25641,8.06916,11.18454,12.04596,10.57511,9.60599,10.1582,10.44238,8.8349,10.4941,11.34615,11.62791,10.09676,12.32214,10.76994,10.03344,13.41899,9.13955,10.27397,10.96972]},"PREVALENCE_BY_MONTH":{"X_CALENDAR_MONTH":[201901,201902,201903,201904,201905,201906,201907,201908,201909,201910,201911,201912],"Y_PREVALENCE_1000PP":[1.13,0.68,0.97,0.98,0.98,0.8,1.02,0.9,0.7,0.98,0.83,0.98]},"CONDITIONS_BY_TYPE":{"CONCEPT_NAME":"Claim","COUNT_VALUE":1830},"AGE_AT_FIRST_DIAGNOSIS":{"CATEGORY":["MALE","No matching concept","FEMALE"],"MIN_VALUE":[0,0,0],"P10_VALUE":[13,9,12],"P25_VALUE":[26,13,26],"MEDIAN_VALUE":[45,33,45],"P75_VALUE":[63,50,63],"P90_VALUE":[76,68,76],"MAX_VALUE":[99,80,99]}}
