{"PREVALENCE_BY_GENDER_AGE_YEAR":{"TRELLIS_NAME":["40-49","70-79","70-79","50-59","0-9","20-29","40-49","30-39","30-39","60-69","50-59","20-29","60-69","10-19"],"SERIES_NAME":["MALE","FEMALE","MALE","FEMALE","FEMALE","MALE","FEMALE","MALE","FEMALE","MALE","MALE","FEMALE","FEMALE","FEMALE"],"X_CALENDAR_YEAR":[2019,2019,2019,2019,2019,2019,2019,2019,2019,2019,2019,2019,2019,2019],"Y_PREVALENCE_1000PP":[2.34021,1.11193,1.89861,1.59351,1.68279,2.02224,1.2848,2.54194,1.79095,1.92308,2.05369,1.1657,1.52207,2.62352]},"PREVALENCE_BY_MONTH":{"X_CALENDAR_MONTH":[201901,201902,201903,201904,201905,201906,201907,201908,201909,201910,201911,201912],"Y_PREVALENCE_1000PP":[0.2,0.17,0.15,0.11,0.17,0.11,0.2,0.12,0.13,0.15,0.07,0.09]},"CONDITIONS_BY_TYPE":{"CONCEPT_NAME":"Claim","COUNT_VALUE":282},"AGE_AT_FIRST_DIAGNOSIS":{"CATEGORY":["MALE","FEMALE"],"MIN_VALUE":[0,2],"P10_VALUE":[21,8],"P25_VALUE":[32,17],"MEDIAN_VALUE":[46,38],"P75_VALUE":[61,58],"P90_VALUE":[76,72],"MAX_VALUE":[93,98]}}
