{"PREVALENCE_BY_GENDER_AGE_YEAR":{"TRELLIS_NAME":["30-39","20-29","60-69","0-9","20-29","10-19","30-39","0-9","80-89","50-59","10-19","60-69","70-79","40-49","40-49","50-59","70-79","80-89"],"SERIES_NAME":["MALE","FEMALE","MALE","FEMALE","MALE","FEMALE","FEMALE","MALE","FEMALE","FEMALE","MALE","FEMALE","MALE","MALE","FEMALE","MALE","FEMALE","MALE"],"X_CALENDAR_YEAR":[2019,2019,2019,2019,2019,2019,2019,2019,2019,2019,2019,2019,2019,2019,2019,2019,2019,2019],"Y_PREVALENCE_1000PP":[4.40603,2.83097,4.23077,2.94489,4.21301,4.59117,3.5819,2.8979,4.61095,3.91134,4.12466,5.5175,4.36681,3.07152,4.1399,2.78715,3.52113,5.52181]},"PREVALENCE_BY_MONTH":{"X_CALENDAR_MONTH":[201901,201902,201903,201904,201905,201906,201907,201908,201909,201910,201911,201912],"Y_PREVALENCE_1000PP":[0.28,0.3,0.3,0.31,0.38,0.29,0.32,0.28,0.39,0.31,0.28,0.41]},"CONDITIONS_BY_TYPE":{"CONCEPT_NAME":"Claim","COUNT_VALUE":641},"AGE_AT_FIRST_DIAGNOSIS":{"CATEGORY":["MALE","No matching concept","FEMALE"],"MIN_VALUE":[0,0,0],"P10_VALUE":[13,4,13],"P25_VALUE":[25,9,28],"MEDIAN_VALUE":[43,42,48],"P75_VALUE":[63,67,63],"P90_VALUE":[78,74,74],"MAX_VALUE":[99,75,95]}}
