{"PREVALENCE_BY_GENDER_AGE_YEAR":{"TRELLIS_NAME":["50-59","60-69","30-39","20-29","80-89","40-49","20-29","10-19","10-19","0-9","90-99","50-59","0-9","60-69","80-89","90-99","30-39","70-79","40-49","70-79"],"SERIES_NAME":["FEMALE","FEMALE","MALE","FEMALE","MALE","FEMALE","MALE","FEMALE","MALE","FEMALE","MALE","MALE","MALE","MALE","FEMALE","FEMALE","FEMALE","FEMALE","MALE","MALE"],"X_CALENDAR_YEAR":[2019,2019,2019,2019,2019,2019,2019,2019,2019,2019,2019,2019,2019,2019,2019,2019,2019,2019,2019,2019],"Y_PREVALENCE_1000PP":[8.69187,8.7519,8.30368,9.49209,7.73054,8.85082,8.59454,7.65195,10.08249,8.20362,10.82621,7.62799,9.36246,8.65385,9.2219,10.03344,6.0241,6.85693,9.21457,9.11335]},"PREVALENCE_BY_MONTH":{"X_CALENDAR_MONTH":[201901,201902,201903,201904,201905,201906,201907,201908,201909,201910,201911,201912],"Y_PREVALENCE_1000PP":[0.74,0.69,0.6,0.83,0.69,0.62,0.81,0.7,0.79,0.87,0.66,0.55]},"CONDITIONS_BY_TYPE":{"CONCEPT_NAME":"Claim","COUNT_VALUE":1445},"AGE_AT_FIRST_DIAGNOSIS":{"CATEGORY":["FEMALE","MALE","No matching concept"],"MIN_VALUE":[0,0,13],"P10_VALUE":[11,10,13],"P25_VALUE":[25,23,21],"MEDIAN_VALUE":[44,45,34],"P75_VALUE":[63,65,73],"P90_VALUE":[78,78,89],"MAX_VALUE":[99,99,91]}}
