{"PREVALENCE_BY_GENDER_AGE_YEAR":{"TRELLIS_NAME":["70-79","50-59","40-49","20-29","0-9","50-59","60-69","30-39","10-19"],"SERIES_NAME":["FEMALE","MALE","FEMALE","MALE","FEMALE","FEMALE","FEMALE","FEMALE","FEMALE"],"X_CALENDAR_YEAR":[2019,2019,2019,2019,2019,2019,2019,2019,2019],"Y_PREVALENCE_1000PP":[1.11193,1.02684,1.42755,1.51668,1.47244,0.86919,1.71233,1.46532,1.31176]},"PREVALENCE_BY_MONTH":{"X_CALENDAR_MONTH":[201901,201902,201904,201905,201907,201908,201909,201910,201911,201912],"Y_PREVALENCE_1000PP":[0.11,0.09,0.13,0.08,0.1,0.11,0.07,0.08,0.08,0.11]},"CONDITIONS_BY_TYPE":{"CONCEPT_NAME":"Claim","COUNT_VALUE":175},"AGE_AT_FIRST_DIAGNOSIS":{"CATEGORY":["FEMALE","MALE"],"MIN_VALUE":[0,2],"P10_VALUE":[9,14],"P25_VALUE":[26,26],"MEDIAN_VALUE":[41,45],"P75_VALUE":[60,66],"P90_VALUE":[74,82],"MAX_VALUE":[96,97]}}
