{"PREVALENCE_BY_GENDER_AGE_YEAR":{"TRELLIS_NAME":["50-59","30-39","40-49","50-59","20-29","10-19","70-79","70-79","20-29","0-9","40-49","0-9","60-69"],"SERIES_NAME":["FEMALE","FEMALE","MALE","MALE","FEMALE","FEMALE","MALE","FEMALE","MALE","MALE","FEMALE","FEMALE","FEMALE"],"X_CALENDAR_YEAR":[2019,2019,2019,2019,2019,2019,2019,2019,2019,2019,2019,2019,2019],"Y_PREVALENCE_1000PP":[1.73837,1.95376,1.90142,1.17354,1.49875,1.31176,1.13917,1.48258,1.51668,1.56041,1.99857,2.10349,2.09285]},"PREVALENCE_BY_MONTH":{"X_CALENDAR_MONTH":[201901,201902,201903,201904,201905,201906,201907,201908,201909,201910,201911,201912],"Y_PREVALENCE_1000PP":[0.17,0.09,0.1,0.08,0.14,0.14,0.15,0.09,0.17,0.11,0.1,0.12]},"CONDITIONS_BY_TYPE":{"CONCEPT_NAME":"Claim","COUNT_VALUE":246},"AGE_AT_FIRST_DIAGNOSIS":{"CATEGORY":["MALE","FEMALE"],"MIN_VALUE":[0,0],"P10_VALUE":[4,8],"P25_VALUE":[23,25],"MEDIAN_VALUE":[44,44],"P75_VALUE":[58,61],"P90_VALUE":[75,76],"MAX_VALUE":[99,96]}}
