{"PREVALENCE_BY_GENDER_AGE_YEAR":{"TRELLIS_NAME":["30-39","0-9","10-19","70-79","20-29","50-59","40-49","0-9","30-39","40-49","50-59","20-29","60-69","70-79","60-69"],"SERIES_NAME":["MALE","FEMALE","MALE","FEMALE","FEMALE","MALE","FEMALE","MALE","FEMALE","MALE","FEMALE","MALE","MALE","MALE","FEMALE"],"X_CALENDAR_YEAR":[2019,2019,2019,2019,2019,2019,2019,2019,2019,2019,2019,2019,2019,2019,2019],"Y_PREVALENCE_1000PP":[1.3557,1.47244,1.37489,1.29726,1.83181,1.61361,1.14204,1.78333,1.46532,1.75516,1.73837,2.02224,2.11538,1.70875,2.09285]},"PREVALENCE_BY_MONTH":{"X_CALENDAR_MONTH":[201901,201902,201903,201904,201905,201906,201907,201908,201909,201910,201911,201912],"Y_PREVALENCE_1000PP":[0.13,0.12,0.14,0.12,0.09,0.09,0.22,0.19,0.11,0.13,0.14,0.09]},"CONDITIONS_BY_TYPE":{"CONCEPT_NAME":"Claim","COUNT_VALUE":249},"AGE_AT_FIRST_DIAGNOSIS":{"CATEGORY":["FEMALE","MALE"],"MIN_VALUE":[2,0],"P10_VALUE":[11,11],"P25_VALUE":[27,26],"MEDIAN_VALUE":[42,43],"P75_VALUE":[64,64],"P90_VALUE":[75,75],"MAX_VALUE":[95,97]}}
