{"PREVALENCE_BY_GENDER_AGE_YEAR":{"TRELLIS_NAME":["50-59","30-39","30-39","20-29","40-49","10-19","0-9","70-79","10-19"],"SERIES_NAME":["MALE","MALE","FEMALE","MALE","MALE","MALE","MALE","FEMALE","FEMALE"],"X_CALENDAR_YEAR":[2019,2019,2019,2019,2019,2019,2019,2019,2019],"Y_PREVALENCE_1000PP":[1.46692,1.3557,1.30251,1.01112,1.46263,1.37489,1.56041,1.29726,1.53039]},"PREVALENCE_BY_MONTH":{"X_CALENDAR_MONTH":[201901,201902,201903,201904,201905,201906,201908,201909,201910,201911,201912],"Y_PREVALENCE_1000PP":[0.1,0.09,0.1,0.11,0.06,0.09,0.11,0.1,0.11,0.08,0.1]},"CONDITIONS_BY_TYPE":{"CONCEPT_NAME":"Claim","COUNT_VALUE":193},"AGE_AT_FIRST_DIAGNOSIS":{"CATEGORY":["MALE","FEMALE"],"MIN_VALUE":[0,1],"P10_VALUE":[7,13],"P25_VALUE":[24,20],"MEDIAN_VALUE":[44,38],"P75_VALUE":[59,63],"P90_VALUE":[78,78],"MAX_VALUE":[99,98]}}
