{"PREVALENCE_BY_GENDER_AGE_YEAR":{"TRELLIS_NAME":["70-79","70-79","10-19","80-89","80-89","50-59","90-99","10-19","30-39","20-29","60-69","60-69","30-39","0-9","20-29","40-49","90-99","50-59","0-9","40-49"],"SERIES_NAME":["MALE","FEMALE","MALE","MALE","FEMALE","FEMALE","MALE","FEMALE","MALE","MALE","FEMALE","MALE","FEMALE","MALE","FEMALE","FEMALE","FEMALE","MALE","FEMALE","MALE"],"X_CALENDAR_YEAR":[2019,2019,2019,2019,2019,2019,2019,2019,2019,2019,2019,2019,2019,2019,2019,2019,2019,2019,2019,2019],"Y_PREVALENCE_1000PP":[2.84792,2.59451,4.3538,3.86527,3.45821,2.4627,3.4188,4.59117,4.40603,2.52781,2.66362,3.07692,4.23315,1.78333,3.66361,2.8551,3.9019,2.64046,3.78629,2.63273]},"PREVALENCE_BY_MONTH":{"X_CALENDAR_MONTH":[201901,201902,201903,201904,201905,201906,201907,201908,201909,201910,201911,201912],"Y_PREVALENCE_1000PP":[0.29,0.24,0.24,0.23,0.28,0.22,0.35,0.23,0.2,0.37,0.3,0.28]},"CONDITIONS_BY_TYPE":{"CONCEPT_NAME":"Claim","COUNT_VALUE":530},"AGE_AT_FIRST_DIAGNOSIS":{"CATEGORY":["MALE","No matching concept","FEMALE"],"MIN_VALUE":[3,12,0],"P10_VALUE":[14,12,9],"P25_VALUE":[25,17,21],"MEDIAN_VALUE":[42,29,37],"P75_VALUE":[65,40,59],"P90_VALUE":[78,45,76],"MAX_VALUE":[98,71,99]}}
