{"PREVALENCE_BY_GENDER_AGE_YEAR":{"TRELLIS_NAME":["0-9","90-99","10-19","50-59","70-79","30-39","20-29","0-9","70-79","60-69","10-19","60-69","90-99","40-49","80-89","20-29","30-39","50-59","40-49"],"SERIES_NAME":["FEMALE","FEMALE","MALE","MALE","FEMALE","MALE","MALE","MALE","MALE","MALE","FEMALE","FEMALE","MALE","FEMALE","FEMALE","FEMALE","FEMALE","FEMALE","MALE"],"X_CALENDAR_YEAR":[2019,2019,2019,2019,2019,2019,2019,2019,2019,2019,2019,2019,2019,2019,2019,2019,2019,2019,2019],"Y_PREVALENCE_1000PP":[3.15524,5.01672,3.66636,2.34707,5.00371,3.21979,3.70745,2.45207,3.60737,2.11538,4.15391,3.80518,7.40741,4.42541,3.45821,5.16236,4.55878,3.76648,3.21779]},"PREVALENCE_BY_MONTH":{"X_CALENDAR_MONTH":[201901,201902,201903,201904,201905,201906,201907,201908,201909,201910,201911,201912],"Y_PREVALENCE_1000PP":[0.34,0.32,0.32,0.29,0.24,0.27,0.49,0.29,0.27,0.29,0.26,0.33]},"CONDITIONS_BY_TYPE":{"CONCEPT_NAME":"Claim","COUNT_VALUE":594},"AGE_AT_FIRST_DIAGNOSIS":{"CATEGORY":["MALE","FEMALE","No matching concept"],"MIN_VALUE":[0,0,28],"P10_VALUE":[12,15,28],"P25_VALUE":[26,26,46],"MEDIAN_VALUE":[43,44,49],"P75_VALUE":[66,63,73],"P90_VALUE":[85,78,84],"MAX_VALUE":[99,99,84]}}
