{"PREVALENCE_BY_GENDER_AGE_YEAR":{"TRELLIS_NAME":["50-59","60-69","0-9","90-99","80-89","80-89","10-19","90-99","50-59","70-79","20-29","0-9","20-29","40-49","60-69","40-49","30-39","10-19","70-79","30-39"],"SERIES_NAME":["MALE","MALE","FEMALE","MALE","FEMALE","MALE","MALE","FEMALE","FEMALE","FEMALE","MALE","MALE","FEMALE","MALE","FEMALE","FEMALE","FEMALE","FEMALE","MALE","MALE"],"X_CALENDAR_YEAR":[2019,2019,2019,2019,2019,2019,2019,2019,2019,2019,2019,2019,2019,2019,2019,2019,2019,2019,2019,2019],"Y_PREVALENCE_1000PP":[8.36145,8.46154,8.20362,5.69801,7.4928,7.73054,10.08249,7.24638,7.38809,8.15419,8.76306,6.68747,10.32473,7.75194,6.65906,9.13633,7.48942,8.30783,7.40459,6.77851]},"PREVALENCE_BY_MONTH":{"X_CALENDAR_MONTH":[201901,201902,201903,201904,201905,201906,201907,201908,201909,201910,201911,201912],"Y_PREVALENCE_1000PP":[0.71,0.6,0.73,0.63,0.56,0.54,0.73,0.68,0.62,0.92,0.65,0.66]},"CONDITIONS_BY_TYPE":{"CONCEPT_NAME":"Claim","COUNT_VALUE":1320},"AGE_AT_FIRST_DIAGNOSIS":{"CATEGORY":["No matching concept","FEMALE","MALE"],"MIN_VALUE":[1,0,0],"P10_VALUE":[5,10,11],"P25_VALUE":[21,25,24],"MEDIAN_VALUE":[42,42,44],"P75_VALUE":[71,62,63],"P90_VALUE":[84,76,76],"MAX_VALUE":[95,98,98]}}
