{"PREVALENCE_BY_GENDER_AGE_YEAR":{"TRELLIS_NAME":["60-69","80-89","60-69","50-59","20-29","30-39","20-29","0-9","10-19","50-59","80-89","40-49","40-49","10-19","30-39","70-79","70-79","0-9"],"SERIES_NAME":["FEMALE","FEMALE","MALE","FEMALE","MALE","MALE","FEMALE","FEMALE","MALE","MALE","MALE","MALE","FEMALE","FEMALE","FEMALE","MALE","FEMALE","MALE"],"X_CALENDAR_YEAR":[2019,2019,2019,2019,2019,2019,2019,2019,2019,2019,2019,2019,2019,2019,2019,2019,2019,2019],"Y_PREVALENCE_1000PP":[3.04414,3.45821,2.11538,2.60756,1.6852,2.54194,2.33139,2.73454,2.52062,2.93384,3.31309,2.779,3.14061,2.62352,3.25627,1.51889,1.48258,2.45207]},"PREVALENCE_BY_MONTH":{"X_CALENDAR_MONTH":[201901,201902,201903,201904,201905,201906,201907,201908,201909,201910,201911,201912],"Y_PREVALENCE_1000PP":[0.23,0.21,0.18,0.32,0.2,0.24,0.22,0.15,0.11,0.22,0.18,0.23]},"CONDITIONS_BY_TYPE":{"CONCEPT_NAME":"Claim","COUNT_VALUE":416},"AGE_AT_FIRST_DIAGNOSIS":{"CATEGORY":["MALE","FEMALE"],"MIN_VALUE":[0,1],"P10_VALUE":[10,10],"P25_VALUE":[25,24],"MEDIAN_VALUE":[47,42],"P75_VALUE":[62,59],"P90_VALUE":[78,77],"MAX_VALUE":[96,98]}}
