{"PREVALENCE_BY_GENDER_AGE_YEAR":{"TRELLIS_NAME":["70-79","60-69","20-29","60-69","20-29","50-59","50-59","40-49","10-19","0-9","40-49","10-19","30-39","30-39","70-79","0-9"],"SERIES_NAME":["FEMALE","MALE","MALE","FEMALE","FEMALE","FEMALE","MALE","MALE","MALE","MALE","FEMALE","FEMALE","MALE","FEMALE","MALE","FEMALE"],"X_CALENDAR_YEAR":[2019,2019,2019,2019,2019,2019,2019,2019,2019,2019,2019,2019,2019,2019,2019,2019],"Y_PREVALENCE_1000PP":[2.40919,1.92308,3.03337,1.52207,2.16486,2.4627,3.52061,2.48647,2.97892,3.12082,2.42684,3.06078,4.06711,1.79095,2.84792,2.52419]},"PREVALENCE_BY_MONTH":{"X_CALENDAR_MONTH":[201901,201902,201903,201904,201905,201906,201907,201908,201909,201910,201911,201912],"Y_PREVALENCE_1000PP":[0.21,0.14,0.23,0.25,0.17,0.23,0.3,0.16,0.28,0.2,0.16,0.25]},"CONDITIONS_BY_TYPE":{"CONCEPT_NAME":"Claim","COUNT_VALUE":405},"AGE_AT_FIRST_DIAGNOSIS":{"CATEGORY":["FEMALE","MALE","No matching concept"],"MIN_VALUE":[1,0,7],"P10_VALUE":[9,9,7],"P25_VALUE":[21,24,9],"MEDIAN_VALUE":[44,40,39],"P75_VALUE":[59,58,46],"P90_VALUE":[77,73,66],"MAX_VALUE":[97,95,66]}}
