{"PREVALENCE_BY_GENDER_AGE_YEAR":{"TRELLIS_NAME":["40-49","50-59","40-49","60-69","20-29","70-79","30-39","70-79","20-29","30-39","60-69","50-59","10-19","0-9","0-9","10-19"],"SERIES_NAME":["FEMALE","FEMALE","MALE","FEMALE","FEMALE","FEMALE","FEMALE","MALE","MALE","MALE","MALE","MALE","MALE","MALE","FEMALE","FEMALE"],"X_CALENDAR_YEAR":[2019,2019,2019,2019,2019,2019,2019,2019,2019,2019,2019,2019,2019,2019,2019,2019],"Y_PREVALENCE_1000PP":[1.99857,2.75243,2.19394,2.09285,1.99833,3.70645,2.27939,2.27834,2.86485,3.21979,3.65385,3.37392,2.29148,3.12082,2.31384,1.53039]},"PREVALENCE_BY_MONTH":{"X_CALENDAR_MONTH":[201901,201902,201903,201904,201905,201906,201907,201908,201909,201910,201911,201912],"Y_PREVALENCE_1000PP":[0.27,0.14,0.29,0.21,0.24,0.24,0.21,0.18,0.2,0.21,0.26,0.12]},"CONDITIONS_BY_TYPE":{"CONCEPT_NAME":"Claim","COUNT_VALUE":447},"AGE_AT_FIRST_DIAGNOSIS":{"CATEGORY":["No matching concept","FEMALE","MALE"],"MIN_VALUE":[16,4,0],"P10_VALUE":[16,10,9],"P25_VALUE":[30,29,26],"MEDIAN_VALUE":[41,49,43],"P75_VALUE":[62,65,61],"P90_VALUE":[71,78,73],"MAX_VALUE":[71,99,97]}}
