{"PREVALENCE_BY_GENDER_AGE_YEAR":{"TRELLIS_NAME":["40-49","20-29","60-69","70-79","40-49"],"SERIES_NAME":["MALE","FEMALE","FEMALE","FEMALE","FEMALE"],"X_CALENDAR_YEAR":[2019,2019,2019,2019,2019],"Y_PREVALENCE_1000PP":[0.87758,1.49875,1.52207,1.6679,1.2848]},"PREVALENCE_BY_MONTH":{"X_CALENDAR_MONTH":[201901,201903,201904,201905,201906,201907,201908,201910,201911],"Y_PREVALENCE_1000PP":[0.08,0.1,0.08,0.06,0.06,0.07,0.14,0.08,0.08]},"CONDITIONS_BY_TYPE":{"CONCEPT_NAME":"Claim","COUNT_VALUE":148},"AGE_AT_FIRST_DIAGNOSIS":{"CATEGORY":["FEMALE","MALE"],"MIN_VALUE":[0,1],"P10_VALUE":[13,9],"P25_VALUE":[24,26],"MEDIAN_VALUE":[45,42],"P75_VALUE":[64,60],"P90_VALUE":[77,73],"MAX_VALUE":[95,88]}}
