{"PREVALENCE_BY_GENDER_AGE_YEAR":{"TRELLIS_NAME":["10-19","60-69","20-29","30-39","70-79","20-29","50-59","40-49"],"SERIES_NAME":["MALE","FEMALE","FEMALE","FEMALE","MALE","MALE","FEMALE","FEMALE"],"X_CALENDAR_YEAR":[2019,2019,2019,2019,2019,2019,2019,2019],"Y_PREVALENCE_1000PP":[1.83318,1.52207,1.33222,1.13969,1.13917,1.51668,1.88324,1.99857]},"PREVALENCE_BY_MONTH":{"X_CALENDAR_MONTH":[201901,201902,201903,201904,201905,201906,201907,201908,201909,201910,201911],"Y_PREVALENCE_1000PP":[0.1,0.06,0.07,0.06,0.08,0.12,0.08,0.16,0.15,0.12,0.11]},"CONDITIONS_BY_TYPE":{"CONCEPT_NAME":"Claim","COUNT_VALUE":192},"AGE_AT_FIRST_DIAGNOSIS":{"CATEGORY":["MALE","FEMALE"],"MIN_VALUE":[5,1],"P10_VALUE":[10,14],"P25_VALUE":[19,28],"MEDIAN_VALUE":[34,44],"P75_VALUE":[64,57],"P90_VALUE":[83,66],"MAX_VALUE":[96,79]}}
