{"PREVALENCE_BY_GENDER_AGE_YEAR":{"TRELLIS_NAME":["10-19","20-29","30-39","70-79","60-69","80-89","90-99","60-69","10-19","50-59","0-9","40-49","70-79","30-39","50-59","40-49","0-9","20-29","90-99"],"SERIES_NAME":["FEMALE","FEMALE","FEMALE","MALE","MALE","FEMALE","MALE","FEMALE","MALE","FEMALE","FEMALE","FEMALE","FEMALE","MALE","MALE","MALE","MALE","MALE","FEMALE"],"X_CALENDAR_YEAR":[2019,2019,2019,2019,2019,2019,2019,2019,2019,2019,2019,2019,2019,2019,2019,2019,2019,2019,2019],"Y_PREVALENCE_1000PP":[2.18627,3.66361,1.62813,1.89861,3.26923,3.45821,3.9886,1.33181,3.66636,3.91134,4.20698,4.42541,4.07709,3.21979,3.37392,3.07152,4.01248,3.53893,4.45931]},"PREVALENCE_BY_MONTH":{"X_CALENDAR_MONTH":[201901,201902,201903,201904,201905,201906,201907,201908,201909,201910,201911,201912],"Y_PREVALENCE_1000PP":[0.39,0.21,0.24,0.29,0.26,0.24,0.36,0.22,0.22,0.34,0.27,0.23]},"CONDITIONS_BY_TYPE":{"CONCEPT_NAME":"Claim","COUNT_VALUE":536},"AGE_AT_FIRST_DIAGNOSIS":{"CATEGORY":["No matching concept","MALE","FEMALE"],"MIN_VALUE":[21,0,0],"P10_VALUE":[21,8,8],"P25_VALUE":[37,21,27],"MEDIAN_VALUE":[52,42,46],"P75_VALUE":[58,59,61],"P90_VALUE":[91,75,78],"MAX_VALUE":[91,97,98]}}
