{"PREVALENCE_BY_GENDER_AGE_YEAR":{"TRELLIS_NAME":["20-29","90-99","40-49","10-19","10-19","60-69","40-49","0-9","0-9","70-79","30-39","20-29","60-69","30-39","80-89","70-79","50-59","50-59"],"SERIES_NAME":["FEMALE","MALE","MALE","MALE","FEMALE","FEMALE","FEMALE","MALE","FEMALE","FEMALE","FEMALE","MALE","MALE","MALE","MALE","MALE","FEMALE","MALE"],"X_CALENDAR_YEAR":[2019,2019,2019,2019,2019,2019,2019,2019,2019,2019,2019,2019,2019,2019,2019,2019,2019,2019],"Y_PREVALENCE_1000PP":[0.99917,3.9886,1.90142,2.06233,1.53039,2.09285,1.42755,2.22916,1.89314,1.48258,1.95376,2.86485,2.30769,2.54194,4.41745,1.13917,2.4627,2.20038]},"PREVALENCE_BY_MONTH":{"X_CALENDAR_MONTH":[201901,201902,201903,201904,201905,201906,201907,201908,201909,201910,201911,201912],"Y_PREVALENCE_1000PP":[0.19,0.13,0.15,0.2,0.11,0.13,0.19,0.2,0.12,0.2,0.17,0.23]},"CONDITIONS_BY_TYPE":{"CONCEPT_NAME":"Claim","COUNT_VALUE":346},"AGE_AT_FIRST_DIAGNOSIS":{"CATEGORY":["FEMALE","MALE"],"MIN_VALUE":[0,0],"P10_VALUE":[9,10],"P25_VALUE":[29,26],"MEDIAN_VALUE":[46,45],"P75_VALUE":[61,63],"P90_VALUE":[76,84],"MAX_VALUE":[94,97]}}
