{"PREVALENCE_BY_GENDER_AGE_YEAR":{"TRELLIS_NAME":["40-49","10-19","40-49","30-39","0-9","20-29","0-9","30-39","70-79","90-99","60-69","20-29","80-89","10-19","60-69","70-79","50-59","50-59","90-99"],"SERIES_NAME":["MALE","FEMALE","FEMALE","MALE","MALE","MALE","FEMALE","FEMALE","MALE","MALE","MALE","FEMALE","MALE","MALE","FEMALE","FEMALE","FEMALE","MALE","FEMALE"],"X_CALENDAR_YEAR":[2019,2019,2019,2019,2019,2019,2019,2019,2019,2019,2019,2019,2019,2019,2019,2019,2019,2019,2019],"Y_PREVALENCE_1000PP":[3.9491,2.84215,2.8551,2.54194,4.2354,3.20189,3.36559,2.76783,3.79723,3.4188,2.30769,4.1632,3.31309,3.66636,2.85388,3.52113,3.33188,2.49377,3.34448]},"PREVALENCE_BY_MONTH":{"X_CALENDAR_MONTH":[201901,201902,201903,201904,201905,201906,201907,201908,201909,201910,201911,201912],"Y_PREVALENCE_1000PP":[0.29,0.26,0.21,0.39,0.32,0.18,0.35,0.29,0.19,0.3,0.23,0.2]},"CONDITIONS_BY_TYPE":{"CONCEPT_NAME":"Claim","COUNT_VALUE":518},"AGE_AT_FIRST_DIAGNOSIS":{"CATEGORY":["MALE","FEMALE"],"MIN_VALUE":[0,0],"P10_VALUE":[6,9],"P25_VALUE":[22,24],"MEDIAN_VALUE":[43,43],"P75_VALUE":[63,65],"P90_VALUE":[78,76],"MAX_VALUE":[99,98]}}
