{"PREVALENCE_BY_GENDER_AGE_YEAR":{"TRELLIS_NAME":["0-9","20-29","20-29","10-19","30-39","80-89","60-69","40-49","90-99","30-39","60-69","80-89","50-59","40-49","0-9","50-59","70-79","70-79","10-19"],"SERIES_NAME":["FEMALE","MALE","FEMALE","MALE","FEMALE","FEMALE","MALE","FEMALE","FEMALE","MALE","FEMALE","MALE","MALE","MALE","MALE","FEMALE","FEMALE","MALE","FEMALE"],"X_CALENDAR_YEAR":[2019,2019,2019,2019,2019,2019,2019,2019,2019,2019,2019,2019,2019,2019,2019,2019,2019,2019,2019],"Y_PREVALENCE_1000PP":[3.78629,2.35929,1.99833,2.74977,3.5819,4.61095,2.88462,1.57031,3.34448,2.37248,1.71233,4.41745,2.34707,2.48647,3.12082,2.89729,2.22387,2.4682,3.27941]},"PREVALENCE_BY_MONTH":{"X_CALENDAR_MONTH":[201901,201902,201903,201904,201905,201906,201907,201908,201909,201910,201911,201912],"Y_PREVALENCE_1000PP":[0.28,0.22,0.23,0.29,0.19,0.17,0.29,0.18,0.18,0.25,0.17,0.18]},"CONDITIONS_BY_TYPE":{"CONCEPT_NAME":"Claim","COUNT_VALUE":426},"AGE_AT_FIRST_DIAGNOSIS":{"CATEGORY":["FEMALE","MALE"],"MIN_VALUE":[0,0],"P10_VALUE":[6,8],"P25_VALUE":[20,22],"MEDIAN_VALUE":[37,45],"P75_VALUE":[64,63],"P90_VALUE":[80,79],"MAX_VALUE":[99,96]}}
