{"PREVALENCE_BY_GENDER_AGE_YEAR":{"TRELLIS_NAME":["10-19","80-89","60-69","50-59","80-89","0-9","20-29","0-9","50-59","90-99","30-39","40-49","40-49","30-39","60-69","10-19","70-79","70-79","90-99","20-29"],"SERIES_NAME":["FEMALE","MALE","MALE","FEMALE","FEMALE","FEMALE","MALE","MALE","MALE","FEMALE","FEMALE","MALE","FEMALE","MALE","FEMALE","MALE","FEMALE","MALE","MALE","FEMALE"],"X_CALENDAR_YEAR":[2019,2019,2019,2019,2019,2019,2019,2019,2019,2019,2019,2019,2019,2019,2019,2019,2019,2019,2019,2019],"Y_PREVALENCE_1000PP":[33.66856,29.81778,35.19231,36.94046,39.76945,30.07993,33.8726,31.43112,31.97888,37.34671,37.6099,37.00453,30.2641,33.7231,36.14916,29.78918,36.3232,33.41561,28.49003,37.80183]},"PREVALENCE_BY_MONTH":{"X_CALENDAR_MONTH":[201901,201902,201903,201904,201905,201906,201907,201908,201909,201910,201911,201912],"Y_PREVALENCE_1000PP":[3.35,2.63,2.69,3.43,2.54,3.01,3.25,2.89,2.48,3.38,2.69,2.51]},"CONDITIONS_BY_TYPE":{"CONCEPT_NAME":"Claim","COUNT_VALUE":5833},"AGE_AT_FIRST_DIAGNOSIS":{"CATEGORY":["MALE","FEMALE","No matching concept"],"MIN_VALUE":[0,0,1],"P10_VALUE":[11,12,8],"P25_VALUE":[26,25,23],"MEDIAN_VALUE":[45,45,51],"P75_VALUE":[63,63,67],"P90_VALUE":[76,77,77],"MAX_VALUE":[99,99,92]}}
