{"PREVALENCE_BY_GENDER_AGE_YEAR":{"TRELLIS_NAME":["0-9","10-19","90-99","10-19","50-59","70-79","20-29","0-9","60-69","50-59","60-69","30-39","70-79","20-29","30-39","40-49","80-89","40-49"],"SERIES_NAME":["MALE","MALE","MALE","FEMALE","FEMALE","FEMALE","MALE","FEMALE","MALE","MALE","FEMALE","FEMALE","MALE","FEMALE","MALE","MALE","FEMALE","FEMALE"],"X_CALENDAR_YEAR":[2019,2019,2019,2019,2019,2019,2019,2019,2019,2019,2019,2019,2019,2019,2019,2019,2019,2019],"Y_PREVALENCE_1000PP":[3.56665,4.12466,3.9886,3.71666,3.91134,4.07709,4.21301,3.78629,4.80769,2.49377,4.37595,3.09345,2.65806,3.16403,4.23657,4.09536,3.45821,3.14061]},"PREVALENCE_BY_MONTH":{"X_CALENDAR_MONTH":[201901,201902,201903,201904,201905,201906,201907,201908,201909,201910,201911,201912],"Y_PREVALENCE_1000PP":[0.29,0.24,0.27,0.34,0.24,0.37,0.28,0.34,0.29,0.39,0.32,0.25]},"CONDITIONS_BY_TYPE":{"CONCEPT_NAME":"Claim","COUNT_VALUE":612},"AGE_AT_FIRST_DIAGNOSIS":{"CATEGORY":["No matching concept","MALE","FEMALE"],"MIN_VALUE":[33,0,0],"P10_VALUE":[33,10,9],"P25_VALUE":[34,24,25],"MEDIAN_VALUE":[39,41,46],"P75_VALUE":[63,61,62],"P90_VALUE":[71,73,77],"MAX_VALUE":[71,99,95]}}
