{"PREVALENCE_BY_GENDER_AGE_YEAR":{"TRELLIS_NAME":["20-29","30-39","30-39","10-19","90-99","70-79","10-19","50-59","50-59","60-69","40-49","40-49","70-79","0-9","80-89","80-89","20-29","0-9","60-69"],"SERIES_NAME":["MALE","MALE","FEMALE","FEMALE","FEMALE","FEMALE","MALE","MALE","FEMALE","MALE","FEMALE","MALE","MALE","FEMALE","MALE","FEMALE","FEMALE","MALE","FEMALE"],"X_CALENDAR_YEAR":[2019,2019,2019,2019,2019,2019,2019,2019,2019,2019,2019,2019,2019,2019,2019,2019,2019,2019,2019],"Y_PREVALENCE_1000PP":[3.87597,2.54194,3.25627,2.62352,5.57414,5.55967,3.20807,1.76031,3.33188,4.61538,4.1399,3.65657,3.79723,3.78629,4.96963,4.03458,4.32973,3.34374,4.18569]},"PREVALENCE_BY_MONTH":{"X_CALENDAR_MONTH":[201901,201902,201903,201904,201905,201906,201907,201908,201909,201910,201911,201912],"Y_PREVALENCE_1000PP":[0.31,0.31,0.32,0.52,0.23,0.21,0.38,0.25,0.17,0.36,0.19,0.34]},"CONDITIONS_BY_TYPE":{"CONCEPT_NAME":"Claim","COUNT_VALUE":624},"AGE_AT_FIRST_DIAGNOSIS":{"CATEGORY":["FEMALE","MALE"],"MIN_VALUE":[0,0],"P10_VALUE":[10,10],"P25_VALUE":[28,22],"MEDIAN_VALUE":[48,45],"P75_VALUE":[68,64],"P90_VALUE":[78,78],"MAX_VALUE":[99,91]}}
