{"PREVALENCE_BY_GENDER_AGE_YEAR":{"TRELLIS_NAME":["50-59","0-9","50-59","70-79","60-69","40-49","70-79","10-19","40-49","30-39","0-9","30-39","10-19","20-29","20-29","60-69"],"SERIES_NAME":["FEMALE","FEMALE","MALE","MALE","FEMALE","MALE","FEMALE","MALE","FEMALE","MALE","MALE","FEMALE","FEMALE","MALE","FEMALE","MALE"],"X_CALENDAR_YEAR":[2019,2019,2019,2019,2019,2019,2019,2019,2019,2019,2019,2019,2019,2019,2019,2019],"Y_PREVALENCE_1000PP":[2.31783,3.36559,3.08053,2.08848,1.90259,2.34021,2.96516,2.52062,2.56959,3.55872,3.34374,3.09345,3.27941,3.37041,3.33056,2.69231]},"PREVALENCE_BY_MONTH":{"X_CALENDAR_MONTH":[201901,201902,201903,201904,201905,201906,201907,201908,201909,201910,201911,201912],"Y_PREVALENCE_1000PP":[0.26,0.17,0.29,0.3,0.19,0.21,0.17,0.2,0.25,0.21,0.27,0.26]},"CONDITIONS_BY_TYPE":{"CONCEPT_NAME":"Claim","COUNT_VALUE":473},"AGE_AT_FIRST_DIAGNOSIS":{"CATEGORY":["MALE","FEMALE"],"MIN_VALUE":[1,0],"P10_VALUE":[9,8],"P25_VALUE":[23,21],"MEDIAN_VALUE":[41,38],"P75_VALUE":[58,59],"P90_VALUE":[73,76],"MAX_VALUE":[96,97]}}
