{"PREVALENCE_BY_GENDER_AGE_YEAR":{"TRELLIS_NAME":["70-79","10-19","80-89","40-49","20-29","50-59","10-19","20-29","60-69","30-39","90-99","40-49","0-9","50-59","70-79","30-39","60-69","0-9"],"SERIES_NAME":["FEMALE","FEMALE","FEMALE","FEMALE","FEMALE","MALE","MALE","MALE","MALE","MALE","FEMALE","MALE","MALE","FEMALE","MALE","FEMALE","FEMALE","FEMALE"],"X_CALENDAR_YEAR":[2019,2019,2019,2019,2019,2019,2019,2019,2019,2019,2019,2019,2019,2019,2019,2019,2019,2019],"Y_PREVALENCE_1000PP":[2.40919,2.62352,4.61095,2.71235,3.16403,2.78715,2.74977,3.37041,1.92308,2.88087,3.34448,3.21779,3.34374,2.17297,3.22764,2.76783,3.04414,3.78629]},"PREVALENCE_BY_MONTH":{"X_CALENDAR_MONTH":[201901,201902,201903,201904,201905,201906,201907,201908,201909,201910,201911,201912],"Y_PREVALENCE_1000PP":[0.23,0.27,0.16,0.28,0.17,0.24,0.25,0.27,0.23,0.33,0.23,0.21]},"CONDITIONS_BY_TYPE":{"CONCEPT_NAME":"Claim","COUNT_VALUE":468},"AGE_AT_FIRST_DIAGNOSIS":{"CATEGORY":["MALE","FEMALE","No matching concept"],"MIN_VALUE":[0,0,5],"P10_VALUE":[9,7,5],"P25_VALUE":[23,23,7],"MEDIAN_VALUE":[43,41,35],"P75_VALUE":[57,63,47],"P90_VALUE":[75,79,66],"MAX_VALUE":[92,98,66]}}
