{"PREVALENCE_BY_GENDER_AGE_YEAR":{"TRELLIS_NAME":["60-69","20-29","0-9","30-39","70-79","90-99","20-29","50-59","40-49","40-49","90-99","10-19","0-9","50-59","80-89","80-89","30-39","10-19","60-69","70-79"],"SERIES_NAME":["FEMALE","MALE","FEMALE","FEMALE","FEMALE","MALE","FEMALE","FEMALE","FEMALE","MALE","FEMALE","MALE","MALE","MALE","FEMALE","MALE","MALE","FEMALE","MALE","MALE"],"X_CALENDAR_YEAR":[2019,2019,2019,2019,2019,2019,2019,2019,2019,2019,2019,2019,2019,2019,2019,2019,2019,2019,2019,2019],"Y_PREVALENCE_1000PP":[9.7032,7.75194,6.73117,7.97786,9.45145,7.40741,6.32806,10.28538,8.85082,8.33699,10.03344,10.08249,8.91663,9.09491,8.64553,9.93926,9.32045,10.27547,7.88462,8.73362]},"PREVALENCE_BY_MONTH":{"X_CALENDAR_MONTH":[201901,201902,201903,201904,201905,201906,201907,201908,201909,201910,201911,201912],"Y_PREVALENCE_1000PP":[1.01,0.54,0.69,0.84,0.63,0.6,0.87,0.74,0.68,0.81,0.7,0.64]},"CONDITIONS_BY_TYPE":{"CONCEPT_NAME":"Claim","COUNT_VALUE":1448},"AGE_AT_FIRST_DIAGNOSIS":{"CATEGORY":["No matching concept","FEMALE","MALE"],"MIN_VALUE":[4,0,0],"P10_VALUE":[8,12,10],"P25_VALUE":[18,28,25],"MEDIAN_VALUE":[33,48,44],"P75_VALUE":[68,64,63],"P90_VALUE":[78,77,77],"MAX_VALUE":[85,98,99]}}
