{"PREVALENCE_BY_GENDER_AGE_YEAR":{"TRELLIS_NAME":["50-59","20-29","10-19","50-59","30-39","10-19","20-29","60-69","40-49","40-49","70-79","70-79","30-39","0-9"],"SERIES_NAME":["FEMALE","FEMALE","MALE","MALE","MALE","FEMALE","MALE","MALE","MALE","FEMALE","MALE","FEMALE","FEMALE","FEMALE"],"X_CALENDAR_YEAR":[2019,2019,2019,2019,2019,2019,2019,2019,2019,2019,2019,2019,2019,2019],"Y_PREVALENCE_1000PP":[0.86919,1.49875,1.60403,1.17354,1.18624,1.31176,1.6852,1.53846,1.60889,2.28408,1.51889,1.48258,1.13969,1.2621]},"PREVALENCE_BY_MONTH":{"X_CALENDAR_MONTH":[201901,201903,201904,201905,201906,201907,201908,201909,201910,201911,201912],"Y_PREVALENCE_1000PP":[0.11,0.08,0.12,0.09,0.1,0.17,0.14,0.07,0.16,0.13,0.15]},"CONDITIONS_BY_TYPE":{"CONCEPT_NAME":"Claim","COUNT_VALUE":230},"AGE_AT_FIRST_DIAGNOSIS":{"CATEGORY":["FEMALE","MALE"],"MIN_VALUE":[0,3],"P10_VALUE":[10,13],"P25_VALUE":[23,24],"MEDIAN_VALUE":[42,48],"P75_VALUE":[59,67],"P90_VALUE":[73,79],"MAX_VALUE":[92,97]}}
