{"PREVALENCE_BY_GENDER_AGE_YEAR":{"TRELLIS_NAME":["0-9","50-59","0-9","20-29","40-49","70-79","60-69","60-69","30-39","30-39","40-49","50-59","20-29"],"SERIES_NAME":["MALE","MALE","FEMALE","FEMALE","MALE","FEMALE","FEMALE","MALE","MALE","FEMALE","FEMALE","FEMALE","MALE"],"X_CALENDAR_YEAR":[2019,2019,2019,2019,2019,2019,2019,2019,2019,2019,2019,2019,2019],"Y_PREVALENCE_1000PP":[2.22916,1.907,1.47244,1.1657,2.04768,1.29726,1.71233,1.92308,1.52517,2.11657,1.42755,2.4627,1.6852]},"PREVALENCE_BY_MONTH":{"X_CALENDAR_MONTH":[201901,201902,201903,201904,201905,201906,201907,201908,201909,201910,201911,201912],"Y_PREVALENCE_1000PP":[0.23,0.14,0.16,0.11,0.13,0.1,0.15,0.1,0.13,0.16,0.13,0.08]},"CONDITIONS_BY_TYPE":{"CONCEPT_NAME":"Claim","COUNT_VALUE":271},"AGE_AT_FIRST_DIAGNOSIS":{"CATEGORY":["MALE","FEMALE"],"MIN_VALUE":[1,0],"P10_VALUE":[8,15],"P25_VALUE":[23,33],"MEDIAN_VALUE":[45,50],"P75_VALUE":[59,63],"P90_VALUE":[74,79],"MAX_VALUE":[98,99]}}
