{"PREVALENCE_BY_GENDER_AGE_YEAR":{"TRELLIS_NAME":["30-39","70-79","0-9","70-79","60-69","50-59","80-89","90-99","0-9","20-29","30-39","90-99","60-69","10-19","50-59","40-49","20-29","40-49","10-19"],"SERIES_NAME":["FEMALE","FEMALE","FEMALE","MALE","FEMALE","MALE","MALE","MALE","MALE","MALE","MALE","FEMALE","MALE","MALE","FEMALE","FEMALE","FEMALE","MALE","FEMALE"],"X_CALENDAR_YEAR":[2019,2019,2019,2019,2019,2019,2019,2019,2019,2019,2019,2019,2019,2019,2019,2019,2019,2019,2019],"Y_PREVALENCE_1000PP":[2.4422,2.96516,3.57594,1.51889,2.85388,2.34707,4.41745,3.4188,3.34374,2.02224,2.54194,3.9019,3.84615,1.37489,2.89729,2.99786,1.83181,2.63273,3.27941]},"PREVALENCE_BY_MONTH":{"X_CALENDAR_MONTH":[201901,201902,201903,201904,201905,201906,201907,201908,201909,201910,201911,201912],"Y_PREVALENCE_1000PP":[0.26,0.23,0.21,0.24,0.17,0.22,0.2,0.2,0.25,0.34,0.19,0.15]},"CONDITIONS_BY_TYPE":{"CONCEPT_NAME":"Claim","COUNT_VALUE":461},"AGE_AT_FIRST_DIAGNOSIS":{"CATEGORY":["FEMALE","MALE"],"MIN_VALUE":[2,0],"P10_VALUE":[7,8],"P25_VALUE":[21,27],"MEDIAN_VALUE":[45,47],"P75_VALUE":[64,64],"P90_VALUE":[76,81],"MAX_VALUE":[98,99]}}
