{"PREVALENCE_BY_GENDER_AGE_YEAR":{"TRELLIS_NAME":["20-29","0-9","40-49","20-29","30-39","90-99","10-19","50-59","40-49","80-89","70-79","70-79","0-9","10-19","30-39","50-59","60-69"],"SERIES_NAME":["MALE","MALE","FEMALE","FEMALE","MALE","FEMALE","FEMALE","FEMALE","MALE","FEMALE","MALE","FEMALE","FEMALE","MALE","FEMALE","MALE","FEMALE"],"X_CALENDAR_YEAR":[2019,2019,2019,2019,2019,2019,2019,2019,2019,2019,2019,2019,2019,2019,2019,2019,2019],"Y_PREVALENCE_1000PP":[1.85372,2.45207,2.71235,1.99833,2.7114,3.34448,1.96764,1.01405,3.21779,3.45821,1.89861,1.85322,2.10349,2.74977,2.11657,1.907,3.61492]},"PREVALENCE_BY_MONTH":{"X_CALENDAR_MONTH":[201901,201902,201903,201904,201905,201906,201907,201908,201909,201910,201911,201912],"Y_PREVALENCE_1000PP":[0.21,0.15,0.21,0.22,0.19,0.13,0.24,0.17,0.19,0.18,0.21,0.16]},"CONDITIONS_BY_TYPE":{"CONCEPT_NAME":"Claim","COUNT_VALUE":369},"AGE_AT_FIRST_DIAGNOSIS":{"CATEGORY":["No matching concept","MALE","FEMALE"],"MIN_VALUE":[14,0,0],"P10_VALUE":[14,9,10],"P25_VALUE":[14,22,26],"MEDIAN_VALUE":[44,41,44],"P75_VALUE":[55,53,65],"P90_VALUE":[66,77,80],"MAX_VALUE":[66,97,97]}}
