{"PREVALENCE_BY_GENDER_AGE_YEAR":{"TRELLIS_NAME":["90-99","90-99","10-19","20-29","50-59","50-59","40-49","80-89","60-69","70-79","80-89","70-79","0-9","60-69","40-49","0-9","30-39","20-29","30-39","10-19"],"SERIES_NAME":["FEMALE","MALE","FEMALE","MALE","FEMALE","MALE","MALE","MALE","FEMALE","MALE","FEMALE","FEMALE","MALE","MALE","FEMALE","FEMALE","FEMALE","FEMALE","MALE","MALE"],"X_CALENDAR_YEAR":[2019,2019,2019,2019,2019,2019,2019,2019,2019,2019,2019,2019,2019,2019,2019,2019,2019,2019,2019,2019],"Y_PREVALENCE_1000PP":[41.80602,41.59544,40.00875,39.09673,38.67884,46.06132,39.34474,49.14412,47.56469,41.76951,39.76945,40.4003,39.01025,39.23077,39.25767,40.59739,39.23803,41.46545,40.67107,37.5802]},"PREVALENCE_BY_MONTH":{"X_CALENDAR_MONTH":[201901,201902,201903,201904,201905,201906,201907,201908,201909,201910,201911,201912],"Y_PREVALENCE_1000PP":[4.29,3.18,3.1,3.53,3.36,3.03,3.88,3.09,3.21,4.04,3.4,3.27]},"CONDITIONS_BY_TYPE":{"CONCEPT_NAME":"Claim","COUNT_VALUE":7028},"AGE_AT_FIRST_DIAGNOSIS":{"CATEGORY":["FEMALE","No matching concept","MALE"],"MIN_VALUE":[0,5,0],"P10_VALUE":[10,27,11],"P25_VALUE":[24,34,26],"MEDIAN_VALUE":[45,50,46],"P75_VALUE":[64,68,63],"P90_VALUE":[77,75,78],"MAX_VALUE":[99,99,99]}}
