{"PREVALENCE_BY_GENDER_AGE_YEAR":{"TRELLIS_NAME":["0-9","30-39","30-39","10-19","50-59","60-69","60-69","50-59","10-19","90-99","80-89","70-79","20-29","20-29","90-99","40-49","80-89","40-49","0-9","70-79"],"SERIES_NAME":["FEMALE","MALE","FEMALE","MALE","FEMALE","FEMALE","MALE","MALE","FEMALE","MALE","MALE","FEMALE","MALE","FEMALE","FEMALE","FEMALE","FEMALE","MALE","MALE","MALE"],"X_CALENDAR_YEAR":[2019,2019,2019,2019,2019,2019,2019,2019,2019,2019,2019,2019,2019,2019,2019,2019,2019,2019,2019,2019],"Y_PREVALENCE_1000PP":[3.99663,3.72818,3.09345,3.20807,3.18702,4.75647,2.69231,4.54745,4.59117,5.12821,4.41745,3.89177,4.88709,3.66361,6.13155,5.99572,4.61095,3.65657,4.45831,4.55667]},"PREVALENCE_BY_MONTH":{"X_CALENDAR_MONTH":[201901,201902,201903,201904,201905,201906,201907,201908,201909,201910,201911,201912],"Y_PREVALENCE_1000PP":[0.43,0.32,0.24,0.53,0.28,0.33,0.31,0.32,0.31,0.56,0.28,0.28]},"CONDITIONS_BY_TYPE":{"CONCEPT_NAME":"Claim","COUNT_VALUE":715},"AGE_AT_FIRST_DIAGNOSIS":{"CATEGORY":["FEMALE","MALE","No matching concept"],"MIN_VALUE":[0,0,3],"P10_VALUE":[11,9,18],"P25_VALUE":[24,25,22],"MEDIAN_VALUE":[45,45,42],"P75_VALUE":[66,65,73],"P90_VALUE":[78,79,83],"MAX_VALUE":[99,99,86]}}
