{"PREVALENCE_BY_GENDER_AGE_YEAR":{"TRELLIS_NAME":["70-79","20-29","0-9","60-69","40-49","70-79","30-39","10-19","0-9","50-59","50-59","90-99","40-49","10-19","30-39","90-99","20-29","60-69"],"SERIES_NAME":["FEMALE","MALE","FEMALE","FEMALE","FEMALE","MALE","FEMALE","FEMALE","MALE","MALE","FEMALE","MALE","MALE","MALE","MALE","FEMALE","FEMALE","MALE"],"X_CALENDAR_YEAR":[2019,2019,2019,2019,2019,2019,2019,2019,2019,2019,2019,2019,2019,2019,2019,2019,2019,2019],"Y_PREVALENCE_1000PP":[4.63306,4.21301,2.52419,2.66362,2.99786,3.22764,2.76783,3.71666,2.67499,4.69415,2.4627,5.12821,3.80284,3.20807,3.55872,6.13155,4.32973,4.23077]},"PREVALENCE_BY_MONTH":{"X_CALENDAR_MONTH":[201901,201902,201903,201904,201905,201906,201907,201908,201909,201910,201911,201912],"Y_PREVALENCE_1000PP":[0.35,0.26,0.35,0.33,0.28,0.31,0.36,0.34,0.26,0.3,0.23,0.21]},"CONDITIONS_BY_TYPE":{"CONCEPT_NAME":"Claim","COUNT_VALUE":607},"AGE_AT_FIRST_DIAGNOSIS":{"CATEGORY":["MALE","No matching concept","FEMALE"],"MIN_VALUE":[0,6,0],"P10_VALUE":[15,11,15],"P25_VALUE":[28,13,25],"MEDIAN_VALUE":[47,34,44],"P75_VALUE":[62,56,68],"P90_VALUE":[76,56,79],"MAX_VALUE":[99,76,98]}}
