{"PREVALENCE_BY_GENDER_AGE_YEAR":{"TRELLIS_NAME":["0-9","40-49","60-69","50-59","20-29","70-79"],"SERIES_NAME":["FEMALE","MALE","FEMALE","MALE","FEMALE","FEMALE"],"X_CALENDAR_YEAR":[2019,2019,2019,2019,2019,2019],"Y_PREVALENCE_1000PP":[1.2621,0.87758,1.33181,0.88015,0.99917,1.48258]},"PREVALENCE_BY_MONTH":{"X_CALENDAR_MONTH":[201901,201903,201904,201905,201910],"Y_PREVALENCE_1000PP":[0.07,0.06,0.06,0.06,0.14]},"CONDITIONS_BY_TYPE":{"CONCEPT_NAME":"Claim","COUNT_VALUE":119},"AGE_AT_FIRST_DIAGNOSIS":{"CATEGORY":["MALE","FEMALE"],"MIN_VALUE":[6,3],"P10_VALUE":[15,9],"P25_VALUE":[26,27],"MEDIAN_VALUE":[43,59],"P75_VALUE":[59,74],"P90_VALUE":[74,89],"MAX_VALUE":[78,99]}}
