{"PREVALENCE_BY_GENDER_AGE_YEAR":{"TRELLIS_NAME":["30-39","10-19","30-39","70-79","60-69","70-79","50-59","80-89","40-49","20-29","60-69","10-19","20-29","40-49","0-9","0-9","50-59"],"SERIES_NAME":["FEMALE","FEMALE","MALE","MALE","FEMALE","FEMALE","MALE","MALE","FEMALE","MALE","MALE","MALE","FEMALE","MALE","MALE","FEMALE","FEMALE"],"X_CALENDAR_YEAR":[2019,2019,2019,2019,2019,2019,2019,2019,2019,2019,2019,2019,2019,2019,2019,2019,2019],"Y_PREVALENCE_1000PP":[3.09345,3.49803,3.38926,2.27834,3.99543,1.85322,2.78715,6.62617,3.85439,3.03337,2.11538,2.06233,2.83097,1.60889,2.22916,2.52419,1.73837]},"PREVALENCE_BY_MONTH":{"X_CALENDAR_MONTH":[201901,201902,201903,201904,201905,201906,201907,201908,201909,201910,201911,201912],"Y_PREVALENCE_1000PP":[0.26,0.2,0.17,0.19,0.24,0.2,0.28,0.33,0.23,0.24,0.24,0.13]},"CONDITIONS_BY_TYPE":{"CONCEPT_NAME":"Claim","COUNT_VALUE":423},"AGE_AT_FIRST_DIAGNOSIS":{"CATEGORY":["MALE","FEMALE"],"MIN_VALUE":[1,0],"P10_VALUE":[10,13],"P25_VALUE":[26,25],"MEDIAN_VALUE":[46,44],"P75_VALUE":[65,64],"P90_VALUE":[80,75],"MAX_VALUE":[96,98]}}
