{"PREVALENCE_BY_GENDER_AGE_YEAR":{"TRELLIS_NAME":["90-99","10-19","50-59","20-29","40-49","60-69","20-29","10-19","70-79","0-9","70-79","60-69","80-89","80-89","30-39","30-39","90-99","50-59","40-49","0-9"],"SERIES_NAME":["MALE","MALE","FEMALE","FEMALE","FEMALE","MALE","MALE","FEMALE","FEMALE","MALE","MALE","FEMALE","MALE","FEMALE","MALE","FEMALE","FEMALE","MALE","MALE","FEMALE"],"X_CALENDAR_YEAR":[2019,2019,2019,2019,2019,2019,2019,2019,2019,2019,2019,2019,2019,2019,2019,2019,2019,2019,2019,2019],"Y_PREVALENCE_1000PP":[78.06268,76.76444,75.90903,78.60117,74.94647,76.92308,80.21571,74.77044,67.45738,77.79759,82.77957,71.91781,83.93153,85.87896,74.39417,76.19668,75.80825,77.01335,76.05675,78.88094]},"PREVALENCE_BY_MONTH":{"X_CALENDAR_MONTH":[201901,201902,201903,201904,201905,201906,201907,201908,201909,201910,201911,201912],"Y_PREVALENCE_1000PP":[7.28,5.54,6.49,7.21,6.36,6.09,8.21,5.87,6.24,7.27,6.26,6.18]},"CONDITIONS_BY_TYPE":{"CONCEPT_NAME":"Claim","COUNT_VALUE":13233},"AGE_AT_FIRST_DIAGNOSIS":{"CATEGORY":["FEMALE","No matching concept","MALE"],"MIN_VALUE":[0,0,0],"P10_VALUE":[9,9,10],"P25_VALUE":[24,25,25],"MEDIAN_VALUE":[43,42,45],"P75_VALUE":[62,62,64],"P90_VALUE":[77,74,77],"MAX_VALUE":[99,98,99]}}
