{"PREVALENCE_BY_GENDER_AGE_YEAR":{"TRELLIS_NAME":["50-59","30-39","20-29","70-79","60-69","10-19","50-59","40-49","80-89","0-9","0-9","40-49","30-39","60-69","90-99","10-19","80-89","20-29","70-79"],"SERIES_NAME":["MALE","FEMALE","MALE","MALE","MALE","FEMALE","FEMALE","MALE","FEMALE","MALE","FEMALE","FEMALE","MALE","FEMALE","FEMALE","MALE","MALE","FEMALE","FEMALE"],"X_CALENDAR_YEAR":[2019,2019,2019,2019,2019,2019,2019,2019,2019,2019,2019,2019,2019,2019,2019,2019,2019,2019,2019],"Y_PREVALENCE_1000PP":[2.78715,1.62813,2.86485,2.65806,3.84615,3.49803,1.88324,2.92526,3.45821,1.56041,1.68279,2.14133,2.03355,3.42466,3.34448,2.06233,4.96963,2.66445,2.59451]},"PREVALENCE_BY_MONTH":{"X_CALENDAR_MONTH":[201901,201902,201903,201904,201905,201906,201907,201908,201909,201910,201911,201912],"Y_PREVALENCE_1000PP":[0.29,0.13,0.2,0.32,0.12,0.17,0.24,0.31,0.16,0.24,0.17,0.21]},"CONDITIONS_BY_TYPE":{"CONCEPT_NAME":"Claim","COUNT_VALUE":435},"AGE_AT_FIRST_DIAGNOSIS":{"CATEGORY":["FEMALE","MALE"],"MIN_VALUE":[0,3],"P10_VALUE":[10,12],"P25_VALUE":[22,29],"MEDIAN_VALUE":[47,49],"P75_VALUE":[68,67],"P90_VALUE":[79,79],"MAX_VALUE":[99,97]}}
