{"PREVALENCE_BY_GENDER_AGE_YEAR":{"TRELLIS_NAME":["20-29","0-9","60-69","50-59","10-19","60-69","40-49","0-9","40-49","50-59","90-99","80-89","80-89","10-19","20-29","30-39","90-99","70-79","30-39","70-79"],"SERIES_NAME":["MALE","FEMALE","MALE","FEMALE","FEMALE","FEMALE","FEMALE","MALE","MALE","MALE","MALE","MALE","FEMALE","MALE","FEMALE","FEMALE","FEMALE","MALE","MALE","FEMALE"],"X_CALENDAR_YEAR":[2019,2019,2019,2019,2019,2019,2019,2019,2019,2019,2019,2019,2019,2019,2019,2019,2019,2019,2019,2019],"Y_PREVALENCE_1000PP":[10.95383,10.72781,9.03846,9.56106,9.40096,9.13242,9.13633,10.47704,9.79962,7.92137,8.54701,10.49144,9.2219,10.08249,8.32639,9.28036,7.80379,9.87279,8.13421,7.59822]},"PREVALENCE_BY_MONTH":{"X_CALENDAR_MONTH":[201901,201902,201903,201904,201905,201906,201907,201908,201909,201910,201911,201912],"Y_PREVALENCE_1000PP":[0.91,0.63,0.67,0.81,0.68,0.78,0.91,0.74,0.84,0.96,0.7,0.72]},"CONDITIONS_BY_TYPE":{"CONCEPT_NAME":"Claim","COUNT_VALUE":1610},"AGE_AT_FIRST_DIAGNOSIS":{"CATEGORY":["MALE","No matching concept","FEMALE"],"MIN_VALUE":[0,0,0],"P10_VALUE":[9,6,8],"P25_VALUE":[23,21,23],"MEDIAN_VALUE":[44,38,43],"P75_VALUE":[64,51,61],"P90_VALUE":[77,66,76],"MAX_VALUE":[99,72,99]}}
