{"PREVALENCE_BY_GENDER_AGE_YEAR":{"TRELLIS_NAME":["50-59","10-19","70-79","20-29","50-59","40-49","30-39","0-9","30-39","0-9","40-49","60-69","70-79","10-19","20-29","60-69"],"SERIES_NAME":["FEMALE","MALE","MALE","FEMALE","MALE","FEMALE","FEMALE","FEMALE","MALE","MALE","MALE","FEMALE","FEMALE","FEMALE","MALE","MALE"],"X_CALENDAR_YEAR":[2019,2019,2019,2019,2019,2019,2019,2019,2019,2019,2019,2019,2019,2019,2019,2019],"Y_PREVALENCE_1000PP":[3.04216,3.20807,2.65806,3.49709,2.20038,3.14061,3.25627,2.52419,2.7114,3.12082,3.21779,1.71233,2.96516,2.18627,2.35929,1.92308]},"PREVALENCE_BY_MONTH":{"X_CALENDAR_MONTH":[201901,201902,201903,201904,201905,201906,201907,201908,201909,201910,201911,201912],"Y_PREVALENCE_1000PP":[0.27,0.16,0.24,0.21,0.22,0.15,0.22,0.2,0.29,0.27,0.28,0.19]},"CONDITIONS_BY_TYPE":{"CONCEPT_NAME":"Claim","COUNT_VALUE":438},"AGE_AT_FIRST_DIAGNOSIS":{"CATEGORY":["MALE","FEMALE"],"MIN_VALUE":[0,5],"P10_VALUE":[9,11],"P25_VALUE":[22,26],"MEDIAN_VALUE":[41,44],"P75_VALUE":[59,59],"P90_VALUE":[76,77],"MAX_VALUE":[96,99]}}
