{"PREVALENCE_BY_GENDER_AGE_YEAR":{"TRELLIS_NAME":["0-9","10-19","20-29","80-89","70-79","60-69","30-39","40-49","40-49","0-9","90-99","90-99","30-39","50-59","80-89","70-79","60-69","10-19","50-59","20-29"],"SERIES_NAME":["FEMALE","MALE","FEMALE","FEMALE","FEMALE","MALE","MALE","MALE","FEMALE","MALE","MALE","FEMALE","FEMALE","FEMALE","MALE","MALE","FEMALE","FEMALE","MALE","MALE"],"X_CALENDAR_YEAR":[2019,2019,2019,2019,2019,2019,2019,2019,2019,2019,2019,2019,2019,2019,2019,2019,2019,2019,2019,2019],"Y_PREVALENCE_1000PP":[31.76273,34.37214,37.46878,34.00576,36.50852,34.23077,34.23149,33.05543,32.26267,34.77486,39.31624,29.54292,34.19082,32.15993,32.0265,36.45339,33.10502,31.26366,30.36526,35.5578]},"PREVALENCE_BY_MONTH":{"X_CALENDAR_MONTH":[201901,201902,201903,201904,201905,201906,201907,201908,201909,201910,201911,201912],"Y_PREVALENCE_1000PP":[2.99,2.27,3.05,3.19,2.62,2.57,3.37,2.69,2.62,3.55,2.63,2.62]},"CONDITIONS_BY_TYPE":{"CONCEPT_NAME":"Claim","COUNT_VALUE":5738},"AGE_AT_FIRST_DIAGNOSIS":{"CATEGORY":["No matching concept","MALE","FEMALE"],"MIN_VALUE":[3,0,0],"P10_VALUE":[12,10,11],"P25_VALUE":[24,25,26],"MEDIAN_VALUE":[43,44,44],"P75_VALUE":[62,64,63],"P90_VALUE":[77,78,77],"MAX_VALUE":[94,99,99]}}
