{"PREVALENCE_BY_GENDER_AGE_YEAR":{"TRELLIS_NAME":["60-69","50-59","70-79","40-49","30-39","10-19","40-49","20-29","50-59"],"SERIES_NAME":["MALE","MALE","MALE","MALE","FEMALE","MALE","FEMALE","MALE","FEMALE"],"X_CALENDAR_YEAR":[2019,2019,2019,2019,2019,2019,2019,2019,2019],"Y_PREVALENCE_1000PP":[1.53846,1.907,1.89861,1.02384,1.30251,1.37489,1.99857,1.17964,1.73837]},"PREVALENCE_BY_MONTH":{"X_CALENDAR_MONTH":[201901,201903,201904,201905,201907,201908,201909,201910,201911,201912],"Y_PREVALENCE_1000PP":[0.13,0.19,0.09,0.08,0.1,0.1,0.09,0.12,0.13,0.07]},"CONDITIONS_BY_TYPE":{"CONCEPT_NAME":"Claim","COUNT_VALUE":204},"AGE_AT_FIRST_DIAGNOSIS":{"CATEGORY":["MALE","FEMALE"],"MIN_VALUE":[1,2],"P10_VALUE":[12,19],"P25_VALUE":[27,33],"MEDIAN_VALUE":[51,43],"P75_VALUE":[66,56],"P90_VALUE":[76,68],"MAX_VALUE":[93,92]}}
