{"PREVALENCE_BY_GENDER_AGE_YEAR":{"TRELLIS_NAME":["10-19","30-39","70-79","30-39","10-19","50-59","40-49","40-49","60-69","0-9","70-79","60-69","0-9","20-29","20-29","50-59"],"SERIES_NAME":["MALE","FEMALE","FEMALE","MALE","FEMALE","FEMALE","FEMALE","MALE","FEMALE","FEMALE","MALE","MALE","MALE","MALE","FEMALE","MALE"],"X_CALENDAR_YEAR":[2019,2019,2019,2019,2019,2019,2019,2019,2019,2019,2019,2019,2019,2019,2019,2019],"Y_PREVALENCE_1000PP":[2.97892,1.95376,2.77984,2.20302,3.93529,2.60756,1.85582,2.63273,2.47336,1.89314,1.70875,2.69231,2.00624,3.03337,2.66445,2.05369]},"PREVALENCE_BY_MONTH":{"X_CALENDAR_MONTH":[201901,201902,201903,201904,201905,201906,201907,201908,201909,201910,201911,201912],"Y_PREVALENCE_1000PP":[0.19,0.2,0.21,0.2,0.29,0.17,0.21,0.15,0.2,0.21,0.18,0.22]},"CONDITIONS_BY_TYPE":{"CONCEPT_NAME":"Claim","COUNT_VALUE":402},"AGE_AT_FIRST_DIAGNOSIS":{"CATEGORY":["No matching concept","FEMALE","MALE"],"MIN_VALUE":[16,0,1],"P10_VALUE":[16,12,11],"P25_VALUE":[28,24,22],"MEDIAN_VALUE":[38,43,42],"P75_VALUE":[51,63,57],"P90_VALUE":[62,77,74],"MAX_VALUE":[62,98,96]}}
