{"PREVALENCE_BY_GENDER_AGE_YEAR":{"TRELLIS_NAME":["40-49","60-69","50-59","0-9","10-19","20-29","30-39","70-79"],"SERIES_NAME":["FEMALE","MALE","MALE","MALE","FEMALE","MALE","FEMALE","FEMALE"],"X_CALENDAR_YEAR":[2019,2019,2019,2019,2019,2019,2019,2019],"Y_PREVALENCE_1000PP":[1.2848,1.34615,1.02684,1.56041,2.18627,1.01112,0.97688,1.29726]},"PREVALENCE_BY_MONTH":{"X_CALENDAR_MONTH":[201901,201902,201904,201905,201907,201908,201909,201910,201911],"Y_PREVALENCE_1000PP":[0.12,0.08,0.07,0.11,0.11,0.11,0.11,0.11,0.07]},"CONDITIONS_BY_TYPE":{"CONCEPT_NAME":"Claim","COUNT_VALUE":175},"AGE_AT_FIRST_DIAGNOSIS":{"CATEGORY":["MALE","FEMALE"],"MIN_VALUE":[0,0],"P10_VALUE":[9,10],"P25_VALUE":[21,15],"MEDIAN_VALUE":[48,42],"P75_VALUE":[61,61],"P90_VALUE":[79,74],"MAX_VALUE":[99,93]}}
