{"PREVALENCE_BY_GENDER_AGE_YEAR":{"TRELLIS_NAME":["10-19","30-39","40-49","50-59","30-39","20-29","60-69","60-69","10-19","80-89","0-9","40-49","90-99","70-79","20-29","70-79","0-9","50-59"],"SERIES_NAME":["MALE","MALE","FEMALE","FEMALE","FEMALE","FEMALE","MALE","FEMALE","FEMALE","FEMALE","FEMALE","MALE","FEMALE","FEMALE","MALE","MALE","MALE","MALE"],"X_CALENDAR_YEAR":[2019,2019,2019,2019,2019,2019,2019,2019,2019,2019,2019,2019,2019,2019,2019,2019,2019,2019],"Y_PREVALENCE_1000PP":[4.8121,2.7114,1.85582,2.75243,3.5819,3.66361,2.11538,1.90259,1.74902,5.76369,2.94489,2.19394,3.34448,3.89177,2.19077,2.08848,3.56665,2.34707]},"PREVALENCE_BY_MONTH":{"X_CALENDAR_MONTH":[201901,201902,201903,201904,201905,201906,201907,201908,201909,201910,201911,201912],"Y_PREVALENCE_1000PP":[0.31,0.24,0.2,0.32,0.28,0.12,0.24,0.19,0.2,0.32,0.2,0.15]},"CONDITIONS_BY_TYPE":{"CONCEPT_NAME":"Claim","COUNT_VALUE":471},"AGE_AT_FIRST_DIAGNOSIS":{"CATEGORY":["FEMALE","No matching concept","MALE"],"MIN_VALUE":[0,1,0],"P10_VALUE":[10,1,8],"P25_VALUE":[26,2,17],"MEDIAN_VALUE":[43,25,37],"P75_VALUE":[71,29,58],"P90_VALUE":[83,70,70],"MAX_VALUE":[99,70,96]}}
