{"PREVALENCE_BY_GENDER_AGE_YEAR":{"TRELLIS_NAME":["90-99","20-29","20-29","60-69","0-9","10-19","30-39","40-49","30-39","70-79","50-59","50-59","10-19","60-69","70-79","40-49"],"SERIES_NAME":["FEMALE","FEMALE","MALE","FEMALE","FEMALE","FEMALE","MALE","MALE","FEMALE","MALE","MALE","FEMALE","MALE","MALE","FEMALE","FEMALE"],"X_CALENDAR_YEAR":[2019,2019,2019,2019,2019,2019,2019,2019,2019,2019,2019,2019,2019,2019,2019,2019],"Y_PREVALENCE_1000PP":[3.34448,1.1657,1.34816,1.14155,1.2621,1.96764,2.20302,2.04768,1.95376,2.27834,1.46692,2.17297,1.60403,2.11538,1.85322,2.28408]},"PREVALENCE_BY_MONTH":{"X_CALENDAR_MONTH":[201901,201902,201903,201904,201905,201906,201907,201908,201909,201910,201911,201912],"Y_PREVALENCE_1000PP":[0.17,0.13,0.18,0.12,0.13,0.15,0.17,0.15,0.13,0.22,0.15,0.07]},"CONDITIONS_BY_TYPE":{"CONCEPT_NAME":"Claim","COUNT_VALUE":310},"AGE_AT_FIRST_DIAGNOSIS":{"CATEGORY":["FEMALE","MALE"],"MIN_VALUE":[1,0],"P10_VALUE":[12,15],"P25_VALUE":[30,30],"MEDIAN_VALUE":[44,43],"P75_VALUE":[63,66],"P90_VALUE":[79,76],"MAX_VALUE":[96,97]}}
