{"PREVALENCE_BY_GENDER_AGE_YEAR":{"TRELLIS_NAME":["20-29","20-29","30-39","30-39","50-59","0-9","60-69","40-49","50-59","70-79","60-69","40-49","0-9","90-99","70-79","10-19","10-19"],"SERIES_NAME":["MALE","FEMALE","MALE","FEMALE","MALE","MALE","MALE","FEMALE","FEMALE","MALE","FEMALE","MALE","FEMALE","MALE","FEMALE","FEMALE","MALE"],"X_CALENDAR_YEAR":[2019,2019,2019,2019,2019,2019,2019,2019,2019,2019,2019,2019,2019,2019,2019,2019,2019],"Y_PREVALENCE_1000PP":[1.6852,2.33139,2.7114,2.4422,2.49377,2.8979,2.5,1.71306,2.4627,2.27834,1.52207,2.04768,4.20698,3.4188,3.3358,2.4049,2.52062]},"PREVALENCE_BY_MONTH":{"X_CALENDAR_MONTH":[201901,201902,201903,201904,201905,201906,201907,201908,201909,201910,201911,201912],"Y_PREVALENCE_1000PP":[0.24,0.26,0.18,0.3,0.14,0.19,0.24,0.09,0.21,0.21,0.17,0.17]},"CONDITIONS_BY_TYPE":{"CONCEPT_NAME":"Claim","COUNT_VALUE":408},"AGE_AT_FIRST_DIAGNOSIS":{"CATEGORY":["FEMALE","MALE"],"MIN_VALUE":[1,2],"P10_VALUE":[6,8],"P25_VALUE":[17,25],"MEDIAN_VALUE":[40,45],"P75_VALUE":[64,61],"P90_VALUE":[75,77],"MAX_VALUE":[97,98]}}
