{"PREVALENCE_BY_GENDER_AGE_YEAR":{"TRELLIS_NAME":["50-59","40-49","90-99","70-79","10-19","60-69","40-49","20-29","0-9","30-39","90-99","50-59","10-19","70-79","20-29","80-89","60-69","30-39","80-89","0-9"],"SERIES_NAME":["FEMALE","FEMALE","MALE","FEMALE","MALE","FEMALE","MALE","MALE","FEMALE","FEMALE","FEMALE","MALE","FEMALE","MALE","FEMALE","FEMALE","MALE","MALE","MALE","MALE"],"X_CALENDAR_YEAR":[2019,2019,2019,2019,2019,2019,2019,2019,2019,2019,2019,2019,2019,2019,2019,2019,2019,2019,2019,2019],"Y_PREVALENCE_1000PP":[17.67348,19.27195,17.66382,19.64418,20.16499,18.07458,18.13661,18.03168,20.61422,21.49137,21.18172,18.33651,17.92742,20.12531,17.81848,24.78386,21.15385,13.72649,19.87852,21.62283]},"PREVALENCE_BY_MONTH":{"X_CALENDAR_MONTH":[201901,201902,201903,201904,201905,201906,201907,201908,201909,201910,201911,201912],"Y_PREVALENCE_1000PP":[1.78,1.36,1.56,1.65,1.54,1.36,2.08,1.5,1.36,2.19,1.37,1.49]},"CONDITIONS_BY_TYPE":{"CONCEPT_NAME":"Claim","COUNT_VALUE":3190},"AGE_AT_FIRST_DIAGNOSIS":{"CATEGORY":["FEMALE","MALE","No matching concept"],"MIN_VALUE":[0,0,5],"P10_VALUE":[9,9,16],"P25_VALUE":[25,23,30],"MEDIAN_VALUE":[44,46,39],"P75_VALUE":[63,64,60],"P90_VALUE":[77,78,73],"MAX_VALUE":[99,99,96]}}
