{"PREVALENCE_BY_GENDER_AGE_YEAR":{"TRELLIS_NAME":["20-29","10-19","20-29","40-49","30-39","0-9","70-79","30-39","10-19","60-69","40-49","70-79","0-9","50-59","60-69"],"SERIES_NAME":["MALE","MALE","FEMALE","MALE","FEMALE","MALE","MALE","MALE","FEMALE","FEMALE","FEMALE","FEMALE","FEMALE","FEMALE","MALE"],"X_CALENDAR_YEAR":[2019,2019,2019,2019,2019,2019,2019,2019,2019,2019,2019,2019,2019,2019,2019],"Y_PREVALENCE_1000PP":[1.01112,2.74977,1.66528,1.02384,1.62813,1.78333,1.51889,2.37248,1.31176,1.90259,1.71306,1.11193,1.2621,2.0281,1.15385]},"PREVALENCE_BY_MONTH":{"X_CALENDAR_MONTH":[201901,201902,201903,201904,201905,201906,201907,201908,201909,201910,201911,201912],"Y_PREVALENCE_1000PP":[0.15,0.14,0.17,0.13,0.09,0.09,0.19,0.06,0.07,0.07,0.12,0.18]},"CONDITIONS_BY_TYPE":{"CONCEPT_NAME":"Claim","COUNT_VALUE":266},"AGE_AT_FIRST_DIAGNOSIS":{"CATEGORY":["MALE","FEMALE"],"MIN_VALUE":[0,1],"P10_VALUE":[8,12],"P25_VALUE":[16,26],"MEDIAN_VALUE":[35,47],"P75_VALUE":[59,58],"P90_VALUE":[71,71],"MAX_VALUE":[91,99]}}
