{"PREVALENCE_BY_GENDER_AGE_YEAR":{"TRELLIS_NAME":["40-49","0-9","40-49","0-9","80-89","10-19","50-59","10-19","70-79","60-69","70-79","50-59","60-69","20-29","20-29","30-39","30-39"],"SERIES_NAME":["MALE","MALE","FEMALE","FEMALE","FEMALE","MALE","FEMALE","FEMALE","FEMALE","MALE","MALE","MALE","FEMALE","FEMALE","MALE","FEMALE","MALE"],"X_CALENDAR_YEAR":[2019,2019,2019,2019,2019,2019,2019,2019,2019,2019,2019,2019,2019,2019,2019,2019,2019],"Y_PREVALENCE_1000PP":[1.75516,1.33749,1.42755,3.36559,3.45821,2.06233,2.0281,2.84215,2.96516,2.5,1.89861,3.22723,2.66362,2.33139,2.19077,2.4422,2.20302]},"PREVALENCE_BY_MONTH":{"X_CALENDAR_MONTH":[201901,201902,201903,201904,201905,201906,201907,201908,201909,201910,201911,201912],"Y_PREVALENCE_1000PP":[0.24,0.17,0.19,0.21,0.22,0.2,0.22,0.23,0.14,0.23,0.15,0.08]},"CONDITIONS_BY_TYPE":{"CONCEPT_NAME":"Claim","COUNT_VALUE":390},"AGE_AT_FIRST_DIAGNOSIS":{"CATEGORY":["MALE","FEMALE"],"MIN_VALUE":[1,0],"P10_VALUE":[14,6],"P25_VALUE":[26,21],"MEDIAN_VALUE":[46,41],"P75_VALUE":[60,66],"P90_VALUE":[74,78],"MAX_VALUE":[97,97]}}
