{"PREVALENCE_BY_GENDER_AGE_YEAR":{"TRELLIS_NAME":["40-49","90-99","40-49","60-69","30-39","70-79","80-89","0-9","50-59","20-29","10-19","0-9","10-19","90-99","50-59","30-39","70-79","20-29","60-69"],"SERIES_NAME":["MALE","FEMALE","FEMALE","FEMALE","MALE","FEMALE","MALE","FEMALE","FEMALE","MALE","FEMALE","MALE","MALE","MALE","MALE","FEMALE","MALE","FEMALE","MALE"],"X_CALENDAR_YEAR":[2019,2019,2019,2019,2019,2019,2019,2019,2019,2019,2019,2019,2019,2019,2019,2019,2019,2019,2019],"Y_PREVALENCE_1000PP":[2.63273,4.45931,3.99714,2.66362,2.7114,2.96516,3.31309,3.99663,3.04216,2.19077,2.4049,2.45207,2.97892,5.12821,3.37392,3.41908,2.27834,3.66361,2.69231]},"PREVALENCE_BY_MONTH":{"X_CALENDAR_MONTH":[201901,201902,201903,201904,201905,201906,201907,201908,201909,201910,201911,201912],"Y_PREVALENCE_1000PP":[0.23,0.2,0.19,0.3,0.2,0.21,0.31,0.25,0.23,0.36,0.29,0.25]},"CONDITIONS_BY_TYPE":{"CONCEPT_NAME":"Claim","COUNT_VALUE":527},"AGE_AT_FIRST_DIAGNOSIS":{"CATEGORY":["FEMALE","MALE"],"MIN_VALUE":[0,1],"P10_VALUE":[8,11],"P25_VALUE":[24,26],"MEDIAN_VALUE":[42,46],"P75_VALUE":[60,65],"P90_VALUE":[75,80],"MAX_VALUE":[99,99]}}
