{"PREVALENCE_BY_GENDER_AGE_YEAR":{"TRELLIS_NAME":["60-69","70-79","90-99","60-69","10-19","50-59","30-39","0-9","80-89","80-89","10-19","40-49","90-99","20-29","20-29","0-9","50-59","70-79","30-39","40-49"],"SERIES_NAME":["FEMALE","FEMALE","MALE","MALE","FEMALE","FEMALE","MALE","MALE","FEMALE","MALE","MALE","MALE","FEMALE","MALE","FEMALE","FEMALE","MALE","MALE","FEMALE","FEMALE"],"X_CALENDAR_YEAR":[2019,2019,2019,2019,2019,2019,2019,2019,2019,2019,2019,2019,2019,2019,2019,2019,2019,2019,2019,2019],"Y_PREVALENCE_1000PP":[2.47336,4.26242,3.9886,4.23077,4.15391,4.34594,3.72818,4.2354,3.45821,4.41745,4.12466,3.36405,4.45931,5.22413,4.32973,4.83803,3.96069,2.4682,2.11657,3.85439]},"PREVALENCE_BY_MONTH":{"X_CALENDAR_MONTH":[201901,201902,201903,201904,201905,201906,201907,201908,201909,201910,201911,201912],"Y_PREVALENCE_1000PP":[0.37,0.22,0.22,0.45,0.41,0.28,0.4,0.33,0.25,0.36,0.23,0.31]},"CONDITIONS_BY_TYPE":{"CONCEPT_NAME":"Claim","COUNT_VALUE":656},"AGE_AT_FIRST_DIAGNOSIS":{"CATEGORY":["FEMALE","MALE"],"MIN_VALUE":[0,0],"P10_VALUE":[7,7],"P25_VALUE":[21,23],"MEDIAN_VALUE":[45,41],"P75_VALUE":[63,60],"P90_VALUE":[77,76],"MAX_VALUE":[99,99]}}
