{"PREVALENCE_BY_GENDER_AGE_YEAR":{"TRELLIS_NAME":["10-19","30-39","80-89","0-9","0-9","20-29","70-79","10-19","40-49","40-49","60-69","70-79","50-59","30-39","90-99","20-29","50-59","60-69","80-89"],"SERIES_NAME":["MALE","MALE","FEMALE","FEMALE","MALE","FEMALE","FEMALE","FEMALE","FEMALE","MALE","FEMALE","MALE","FEMALE","FEMALE","MALE","MALE","MALE","MALE","MALE"],"X_CALENDAR_YEAR":[2019,2019,2019,2019,2019,2019,2019,2019,2019,2019,2019,2019,2019,2019,2019,2019,2019,2019,2019],"Y_PREVALENCE_1000PP":[2.29148,2.54194,4.03458,2.52419,1.56041,2.9975,4.07709,2.4049,3.42612,3.36405,1.52207,2.84792,2.4627,3.5819,3.9886,2.19077,2.34707,2.88462,3.31309]},"PREVALENCE_BY_MONTH":{"X_CALENDAR_MONTH":[201901,201902,201903,201904,201905,201906,201907,201908,201909,201910,201911,201912],"Y_PREVALENCE_1000PP":[0.21,0.14,0.25,0.25,0.15,0.27,0.33,0.21,0.23,0.39,0.18,0.21]},"CONDITIONS_BY_TYPE":{"CONCEPT_NAME":"Claim","COUNT_VALUE":475},"AGE_AT_FIRST_DIAGNOSIS":{"CATEGORY":["FEMALE","MALE","No matching concept"],"MIN_VALUE":[2,0,1],"P10_VALUE":[10,14,1],"P25_VALUE":[28,30,27],"MEDIAN_VALUE":[43,48,49],"P75_VALUE":[65,68,76],"P90_VALUE":[78,81,91],"MAX_VALUE":[99,97,91]}}
