{"PREVALENCE_BY_GENDER_AGE_YEAR":{"TRELLIS_NAME":["80-89","10-19","90-99","60-69","0-9","40-49","40-49","0-9","50-59","20-29","10-19","50-59","30-39","80-89","70-79","20-29","70-79","30-39","60-69"],"SERIES_NAME":["FEMALE","FEMALE","MALE","FEMALE","FEMALE","FEMALE","MALE","MALE","FEMALE","FEMALE","MALE","MALE","FEMALE","MALE","FEMALE","MALE","MALE","MALE","MALE"],"X_CALENDAR_YEAR":[2019,2019,2019,2019,2019,2019,2019,2019,2019,2019,2019,2019,2019,2019,2019,2019,2019,2019,2019],"Y_PREVALENCE_1000PP":[8.64553,4.80979,4.5584,6.65906,6.94152,6.85225,6.58183,6.46456,6.08431,6.16153,7.10357,6.01438,7.00098,10.49144,7.22758,7.58342,5.8857,6.77851,5.57692]},"PREVALENCE_BY_MONTH":{"X_CALENDAR_MONTH":[201901,201902,201903,201904,201905,201906,201907,201908,201909,201910,201911,201912],"Y_PREVALENCE_1000PP":[0.65,0.48,0.45,0.53,0.49,0.59,0.71,0.43,0.54,0.61,0.56,0.48]},"CONDITIONS_BY_TYPE":{"CONCEPT_NAME":"Claim","COUNT_VALUE":1083},"AGE_AT_FIRST_DIAGNOSIS":{"CATEGORY":["FEMALE","No matching concept","MALE"],"MIN_VALUE":[0,0,0],"P10_VALUE":[9,2,10],"P25_VALUE":[27,19,24],"MEDIAN_VALUE":[45,51,43],"P75_VALUE":[62,74,63],"P90_VALUE":[76,94,77],"MAX_VALUE":[96,98,99]}}
