{"PREVALENCE_BY_GENDER_AGE_YEAR":{"TRELLIS_NAME":["40-49","50-59","60-69","60-69","0-9","70-79","40-49","70-79","30-39","20-29","10-19","10-19","50-59","0-9"],"SERIES_NAME":["MALE","FEMALE","FEMALE","MALE","FEMALE","MALE","FEMALE","FEMALE","FEMALE","MALE","FEMALE","MALE","MALE","MALE"],"X_CALENDAR_YEAR":[2019,2019,2019,2019,2019,2019,2019,2019,2019,2019,2019,2019,2019,2019],"Y_PREVALENCE_1000PP":[1.90142,2.4627,1.90259,1.73077,2.94489,2.08848,1.42755,1.48258,2.4422,2.19077,1.31176,1.83318,1.76031,2.00624]},"PREVALENCE_BY_MONTH":{"X_CALENDAR_MONTH":[201901,201902,201903,201904,201905,201906,201907,201908,201909,201910,201911,201912],"Y_PREVALENCE_1000PP":[0.18,0.11,0.1,0.17,0.14,0.14,0.17,0.14,0.15,0.27,0.15,0.06]},"CONDITIONS_BY_TYPE":{"CONCEPT_NAME":"Claim","COUNT_VALUE":295},"AGE_AT_FIRST_DIAGNOSIS":{"CATEGORY":["FEMALE","MALE"],"MIN_VALUE":[1,1],"P10_VALUE":[6,9],"P25_VALUE":[25,24],"MEDIAN_VALUE":[47,46],"P75_VALUE":[63,66],"P90_VALUE":[76,76],"MAX_VALUE":[99,99]}}
