{"PREVALENCE_BY_GENDER_AGE_YEAR":{"TRELLIS_NAME":["20-29","50-59","0-9","40-49","70-79","30-39","40-49","30-39","60-69","70-79","20-29","10-19","50-59","0-9"],"SERIES_NAME":["MALE","MALE","MALE","FEMALE","MALE","MALE","MALE","FEMALE","MALE","FEMALE","FEMALE","MALE","FEMALE","FEMALE"],"X_CALENDAR_YEAR":[2019,2019,2019,2019,2019,2019,2019,2019,2019,2019,2019,2019,2019,2019],"Y_PREVALENCE_1000PP":[2.19077,1.32023,2.8979,1.57031,2.65806,1.52517,2.63273,1.95376,1.92308,2.22387,1.66528,2.29148,2.4627,1.47244]},"PREVALENCE_BY_MONTH":{"X_CALENDAR_MONTH":[201901,201902,201903,201904,201905,201906,201907,201908,201909,201910,201911,201912],"Y_PREVALENCE_1000PP":[0.14,0.17,0.18,0.21,0.11,0.16,0.21,0.17,0.12,0.18,0.12,0.11]},"CONDITIONS_BY_TYPE":{"CONCEPT_NAME":"Claim","COUNT_VALUE":321},"AGE_AT_FIRST_DIAGNOSIS":{"CATEGORY":["MALE","FEMALE"],"MIN_VALUE":[0,0],"P10_VALUE":[6,12],"P25_VALUE":[21,31],"MEDIAN_VALUE":[42,47],"P75_VALUE":[63,64],"P90_VALUE":[78,79],"MAX_VALUE":[91,97]}}
