{"PREVALENCE_BY_GENDER_AGE_YEAR":{"TRELLIS_NAME":["20-29","40-49","70-79","60-69","30-39","60-69","40-49","0-9","10-19","50-59","70-79","30-39","50-59","20-29"],"SERIES_NAME":["MALE","FEMALE","FEMALE","FEMALE","FEMALE","MALE","MALE","MALE","MALE","FEMALE","MALE","MALE","MALE","FEMALE"],"X_CALENDAR_YEAR":[2019,2019,2019,2019,2019,2019,2019,2019,2019,2019,2019,2019,2019,2019],"Y_PREVALENCE_1000PP":[1.34816,2.28408,1.11193,1.71233,0.97688,1.92308,2.48647,2.00624,2.52062,1.44865,1.51889,1.69463,1.02684,1.49875]},"PREVALENCE_BY_MONTH":{"X_CALENDAR_MONTH":[201901,201902,201903,201904,201905,201906,201907,201908,201909,201910,201911,201912],"Y_PREVALENCE_1000PP":[0.14,0.11,0.13,0.14,0.09,0.16,0.15,0.1,0.17,0.18,0.1,0.09]},"CONDITIONS_BY_TYPE":{"CONCEPT_NAME":"Claim","COUNT_VALUE":257},"AGE_AT_FIRST_DIAGNOSIS":{"CATEGORY":["FEMALE","MALE"],"MIN_VALUE":[0,0],"P10_VALUE":[15,8],"P25_VALUE":[30,22],"MEDIAN_VALUE":[46,42],"P75_VALUE":[63,61],"P90_VALUE":[77,73],"MAX_VALUE":[99,99]}}
