{"PREVALENCE_BY_GENDER_AGE_YEAR":{"TRELLIS_NAME":["60-69","30-39","50-59","0-9","40-49","60-69","50-59","40-49","10-19","30-39","20-29","0-9","70-79","20-29","10-19","70-79"],"SERIES_NAME":["FEMALE","FEMALE","MALE","FEMALE","FEMALE","MALE","FEMALE","MALE","FEMALE","MALE","FEMALE","MALE","MALE","MALE","MALE","FEMALE"],"X_CALENDAR_YEAR":[2019,2019,2019,2019,2019,2019,2019,2019,2019,2019,2019,2019,2019,2019,2019,2019],"Y_PREVALENCE_1000PP":[2.09285,1.95376,1.17354,2.94489,1.14204,2.69231,2.89729,2.63273,2.4049,1.86409,2.66445,2.00624,1.89861,2.19077,2.74977,2.77984]},"PREVALENCE_BY_MONTH":{"X_CALENDAR_MONTH":[201901,201902,201903,201904,201905,201906,201907,201908,201909,201910,201911,201912],"Y_PREVALENCE_1000PP":[0.27,0.15,0.16,0.16,0.17,0.25,0.24,0.18,0.17,0.24,0.13,0.14]},"CONDITIONS_BY_TYPE":{"CONCEPT_NAME":"Claim","COUNT_VALUE":381},"AGE_AT_FIRST_DIAGNOSIS":{"CATEGORY":["MALE","FEMALE","No matching concept"],"MIN_VALUE":[0,1,5],"P10_VALUE":[12,9,5],"P25_VALUE":[22,21,25],"MEDIAN_VALUE":[42,42,44],"P75_VALUE":[64,63,74],"P90_VALUE":[77,76,98],"MAX_VALUE":[99,95,98]}}
