{"PREVALENCE_BY_GENDER_AGE_YEAR":{"TRELLIS_NAME":["0-9","40-49","20-29","70-79","20-29","40-49","60-69","10-19","80-89","30-39","0-9","30-39","50-59","70-79","90-99","90-99","50-59","10-19","60-69"],"SERIES_NAME":["FEMALE","FEMALE","MALE","FEMALE","FEMALE","MALE","FEMALE","FEMALE","FEMALE","MALE","MALE","FEMALE","MALE","MALE","MALE","FEMALE","FEMALE","MALE","MALE"],"X_CALENDAR_YEAR":[2019,2019,2019,2019,2019,2019,2019,2019,2019,2019,2019,2019,2019,2019,2019,2019,2019,2019,2019],"Y_PREVALENCE_1000PP":[1.2621,2.8551,2.35929,1.85322,2.16486,2.34021,2.28311,3.71666,4.61095,1.01678,2.8979,1.95376,2.20038,2.27834,3.4188,3.9019,2.17297,2.52062,2.30769]},"PREVALENCE_BY_MONTH":{"X_CALENDAR_MONTH":[201901,201902,201903,201904,201905,201906,201907,201908,201909,201910,201911,201912],"Y_PREVALENCE_1000PP":[0.28,0.16,0.21,0.23,0.2,0.18,0.28,0.15,0.16,0.18,0.14,0.15]},"CONDITIONS_BY_TYPE":{"CONCEPT_NAME":"Claim","COUNT_VALUE":390},"AGE_AT_FIRST_DIAGNOSIS":{"CATEGORY":["MALE","FEMALE"],"MIN_VALUE":[2,0],"P10_VALUE":[8,11],"P25_VALUE":[22,24],"MEDIAN_VALUE":[45,43],"P75_VALUE":[66,63],"P90_VALUE":[78,81],"MAX_VALUE":[98,99]}}
