{"PREVALENCE_BY_GENDER_AGE_YEAR":{"TRELLIS_NAME":["10-19","60-69","20-29","0-9","20-29","70-79","80-89","30-39","40-49","50-59","0-9","70-79","60-69","40-49","10-19","30-39","50-59","90-99"],"SERIES_NAME":["FEMALE","MALE","FEMALE","FEMALE","MALE","MALE","FEMALE","FEMALE","MALE","FEMALE","MALE","FEMALE","FEMALE","FEMALE","MALE","MALE","MALE","MALE"],"X_CALENDAR_YEAR":[2019,2019,2019,2019,2019,2019,2019,2019,2019,2019,2019,2019,2019,2019,2019,2019,2019,2019],"Y_PREVALENCE_1000PP":[3.49803,3.65385,4.1632,4.83803,4.21301,3.60737,3.45821,2.93064,3.80284,3.91134,2.22916,4.44774,2.85388,4.1399,4.8121,5.59227,3.96069,3.9886]},"PREVALENCE_BY_MONTH":{"X_CALENDAR_MONTH":[201901,201902,201903,201904,201905,201906,201907,201908,201909,201910,201911,201912],"Y_PREVALENCE_1000PP":[0.43,0.34,0.3,0.44,0.26,0.21,0.38,0.28,0.29,0.42,0.19,0.31]},"CONDITIONS_BY_TYPE":{"CONCEPT_NAME":"Claim","COUNT_VALUE":658},"AGE_AT_FIRST_DIAGNOSIS":{"CATEGORY":["No matching concept","FEMALE","MALE"],"MIN_VALUE":[1,0,0],"P10_VALUE":[1,8,14],"P25_VALUE":[16,24,26],"MEDIAN_VALUE":[29,43,42],"P75_VALUE":[61,61,60],"P90_VALUE":[70,76,74],"MAX_VALUE":[70,97,98]}}
