{"PREVALENCE_BY_GENDER_AGE_YEAR":{"TRELLIS_NAME":["60-69","40-49","20-29","20-29","90-99","30-39","10-19","50-59","70-79","10-19","50-59","80-89","60-69","70-79","40-49","90-99","0-9","0-9","30-39"],"SERIES_NAME":["FEMALE","FEMALE","FEMALE","MALE","FEMALE","FEMALE","FEMALE","FEMALE","FEMALE","MALE","MALE","FEMALE","MALE","MALE","MALE","MALE","FEMALE","MALE","MALE"],"X_CALENDAR_YEAR":[2019,2019,2019,2019,2019,2019,2019,2019,2019,2019,2019,2019,2019,2019,2019,2019,2019,2019,2019],"Y_PREVALENCE_1000PP":[5.32725,4.56817,5.49542,6.74082,4.45931,5.69847,5.6843,5.07026,8.52483,6.41613,4.10738,8.64553,6.53846,4.55667,6.58183,6.26781,6.73117,5.34998,5.76174]},"PREVALENCE_BY_MONTH":{"X_CALENDAR_MONTH":[201901,201902,201903,201904,201905,201906,201907,201908,201909,201910,201911,201912],"Y_PREVALENCE_1000PP":[0.64,0.36,0.37,0.62,0.46,0.39,0.67,0.51,0.38,0.46,0.35,0.51]},"CONDITIONS_BY_TYPE":{"CONCEPT_NAME":"Claim","COUNT_VALUE":941},"AGE_AT_FIRST_DIAGNOSIS":{"CATEGORY":["No matching concept","FEMALE","MALE"],"MIN_VALUE":[3,0,0],"P10_VALUE":[3,8,10],"P25_VALUE":[18,25,24],"MEDIAN_VALUE":[41,45,42],"P75_VALUE":[50,69,61],"P90_VALUE":[87,78,76],"MAX_VALUE":[87,99,99]}}
