{"PREVALENCE_BY_GENDER_AGE_YEAR":{"TRELLIS_NAME":["30-39","60-69","40-49","20-29","30-39","50-59"],"SERIES_NAME":["FEMALE","FEMALE","MALE","MALE","MALE","MALE"],"X_CALENDAR_YEAR":[2019,2019,2019,2019,2019,2019],"Y_PREVALENCE_1000PP":[1.13969,1.52207,1.02384,1.17964,1.01678,0.88015]},"PREVALENCE_BY_MONTH":{"X_CALENDAR_MONTH":[201901,201904,201905,201907,201908,201910],"Y_PREVALENCE_1000PP":[0.11,0.06,0.06,0.1,0.07,0.08]},"CONDITIONS_BY_TYPE":{"CONCEPT_NAME":"Claim","COUNT_VALUE":123},"AGE_AT_FIRST_DIAGNOSIS":{"CATEGORY":["MALE","FEMALE"],"MIN_VALUE":[4,3],"P10_VALUE":[22,8],"P25_VALUE":[29,22],"MEDIAN_VALUE":[42,46],"P75_VALUE":[59,63],"P90_VALUE":[75,72],"MAX_VALUE":[86,83]}}
