{"PREVALENCE_BY_GENDER_AGE_YEAR":{"TRELLIS_NAME":["10-19","50-59","0-9","60-69","30-39","40-49","20-29","50-59","70-79","20-29","30-39","70-79","80-89","10-19","60-69","40-49","0-9"],"SERIES_NAME":["FEMALE","MALE","FEMALE","MALE","FEMALE","FEMALE","FEMALE","FEMALE","FEMALE","MALE","MALE","MALE","FEMALE","MALE","FEMALE","MALE","MALE"],"X_CALENDAR_YEAR":[2019,2019,2019,2019,2019,2019,2019,2019,2019,2019,2019,2019,2019,2019,2019,2019,2019],"Y_PREVALENCE_1000PP":[3.06078,2.93384,2.73454,2.88462,3.5819,3.99714,2.9975,2.60756,3.89177,2.19077,4.40603,4.17695,4.03458,4.8121,3.04414,2.34021,2.8979]},"PREVALENCE_BY_MONTH":{"X_CALENDAR_MONTH":[201901,201902,201903,201904,201905,201906,201907,201908,201909,201910,201911,201912],"Y_PREVALENCE_1000PP":[0.43,0.28,0.27,0.31,0.32,0.25,0.39,0.1,0.22,0.25,0.18,0.2]},"CONDITIONS_BY_TYPE":{"CONCEPT_NAME":"Claim","COUNT_VALUE":538},"AGE_AT_FIRST_DIAGNOSIS":{"CATEGORY":["MALE","FEMALE"],"MIN_VALUE":[0,0],"P10_VALUE":[10,10],"P25_VALUE":[22,27],"MEDIAN_VALUE":[43,44],"P75_VALUE":[63,65],"P90_VALUE":[78,77],"MAX_VALUE":[98,99]}}
