{"PREVALENCE_BY_GENDER_AGE_YEAR":{"TRELLIS_NAME":["0-9","0-9","90-99","40-49","70-79","10-19","10-19","80-89","20-29","20-29","60-69","50-59","60-69","40-49","70-79","80-89","30-39","30-39","50-59"],"SERIES_NAME":["FEMALE","MALE","FEMALE","MALE","FEMALE","FEMALE","MALE","FEMALE","MALE","FEMALE","MALE","MALE","FEMALE","FEMALE","MALE","MALE","MALE","FEMALE","FEMALE"],"X_CALENDAR_YEAR":[2019,2019,2019,2019,2019,2019,2019,2019,2019,2019,2019,2019,2019,2019,2019,2019,2019,2019,2019],"Y_PREVALENCE_1000PP":[4.62768,2.8979,3.34448,3.51031,2.40919,3.49803,3.20807,3.45821,3.37041,5.32889,1.73077,4.40076,2.85388,3.28337,3.60737,5.52181,4.40603,3.90752,4.34594]},"PREVALENCE_BY_MONTH":{"X_CALENDAR_MONTH":[201901,201902,201903,201904,201905,201906,201907,201908,201909,201910,201911,201912],"Y_PREVALENCE_1000PP":[0.33,0.21,0.24,0.31,0.39,0.22,0.33,0.3,0.37,0.37,0.29,0.27]},"CONDITIONS_BY_TYPE":{"CONCEPT_NAME":"Claim","COUNT_VALUE":617},"AGE_AT_FIRST_DIAGNOSIS":{"CATEGORY":["MALE","FEMALE","No matching concept"],"MIN_VALUE":[0,0,6],"P10_VALUE":[13,6,6],"P25_VALUE":[25,22,11],"MEDIAN_VALUE":[44,39,17],"P75_VALUE":[59,57,54],"P90_VALUE":[77,77,71],"MAX_VALUE":[95,99,71]}}
