{"PREVALENCE_BY_GENDER_AGE_YEAR":{"TRELLIS_NAME":["30-39","50-59","0-9","60-69","20-29","10-19","70-79"],"SERIES_NAME":["MALE","FEMALE","FEMALE","FEMALE","MALE","FEMALE","MALE"],"X_CALENDAR_YEAR":[2019,2019,2019,2019,2019,2019,2019],"Y_PREVALENCE_1000PP":[1.52517,1.15892,2.31384,1.71233,2.19077,1.31176,1.13917]},"PREVALENCE_BY_MONTH":{"X_CALENDAR_MONTH":[201901,201902,201903,201904,201905,201906,201907,201910,201911,201912],"Y_PREVALENCE_1000PP":[0.18,0.1,0.08,0.08,0.1,0.07,0.12,0.1,0.11,0.1]},"CONDITIONS_BY_TYPE":{"CONCEPT_NAME":"Claim","COUNT_VALUE":189},"AGE_AT_FIRST_DIAGNOSIS":{"CATEGORY":["FEMALE","MALE"],"MIN_VALUE":[1,0],"P10_VALUE":[6,12],"P25_VALUE":[15,23],"MEDIAN_VALUE":[47,37],"P75_VALUE":[65,60],"P90_VALUE":[76,78],"MAX_VALUE":[94,98]}}
