{"PREVALENCE_BY_GENDER_AGE_YEAR":{"TRELLIS_NAME":["50-59","10-19","40-49","0-9","30-39","70-79","0-9","10-19","60-69","20-29","30-39","60-69","70-79","20-29","50-59","40-49"],"SERIES_NAME":["MALE","MALE","FEMALE","MALE","MALE","MALE","FEMALE","FEMALE","MALE","MALE","FEMALE","FEMALE","FEMALE","FEMALE","FEMALE","MALE"],"X_CALENDAR_YEAR":[2019,2019,2019,2019,2019,2019,2019,2019,2019,2019,2019,2019,2019,2019,2019,2019],"Y_PREVALENCE_1000PP":[2.05369,1.83318,3.28337,2.45207,1.01678,1.89861,1.89314,3.06078,1.34615,2.52781,1.13969,1.90259,1.29726,2.49792,2.31783,2.48647]},"PREVALENCE_BY_MONTH":{"X_CALENDAR_MONTH":[201901,201902,201903,201904,201905,201906,201907,201908,201909,201910,201911,201912],"Y_PREVALENCE_1000PP":[0.17,0.13,0.13,0.22,0.16,0.21,0.16,0.18,0.15,0.23,0.19,0.13]},"CONDITIONS_BY_TYPE":{"CONCEPT_NAME":"Claim","COUNT_VALUE":349},"AGE_AT_FIRST_DIAGNOSIS":{"CATEGORY":["FEMALE","MALE"],"MIN_VALUE":[0,0],"P10_VALUE":[11,7],"P25_VALUE":[22,25],"MEDIAN_VALUE":[42,46],"P75_VALUE":[56,62],"P90_VALUE":[72,79],"MAX_VALUE":[98,98]}}
