{"PREVALENCE_BY_GENDER_AGE_YEAR":{"TRELLIS_NAME":["10-19","60-69","50-59","0-9","40-49","30-39","50-59","60-69","20-29","20-29","30-39","80-89","70-79","70-79","40-49"],"SERIES_NAME":["FEMALE","MALE","FEMALE","MALE","FEMALE","MALE","MALE","FEMALE","MALE","FEMALE","FEMALE","MALE","MALE","FEMALE","MALE"],"X_CALENDAR_YEAR":[2019,2019,2019,2019,2019,2019,2019,2019,2019,2019,2019,2019,2019,2019,2019],"Y_PREVALENCE_1000PP":[3.49803,1.34615,2.0281,2.00624,2.42684,1.52517,1.76031,2.47336,2.02224,3.16403,1.62813,3.86527,1.70875,1.11193,0.87758]},"PREVALENCE_BY_MONTH":{"X_CALENDAR_MONTH":[201901,201902,201903,201904,201905,201906,201907,201908,201909,201910,201911,201912],"Y_PREVALENCE_1000PP":[0.12,0.16,0.16,0.22,0.18,0.09,0.09,0.14,0.17,0.17,0.17,0.14]},"CONDITIONS_BY_TYPE":{"CONCEPT_NAME":"Claim","COUNT_VALUE":302},"AGE_AT_FIRST_DIAGNOSIS":{"CATEGORY":["FEMALE","MALE"],"MIN_VALUE":[1,0],"P10_VALUE":[14,7],"P25_VALUE":[23,22],"MEDIAN_VALUE":[41,42],"P75_VALUE":[57,64],"P90_VALUE":[71,79],"MAX_VALUE":[99,89]}}
