{"PREVALENCE_BY_GENDER_AGE_YEAR":{"TRELLIS_NAME":["20-29","10-19","60-69","40-49","0-9","40-49","10-19","0-9","70-79","30-39","80-89","70-79","60-69","30-39","20-29","90-99","50-59","50-59","80-89"],"SERIES_NAME":["FEMALE","FEMALE","MALE","FEMALE","MALE","MALE","MALE","FEMALE","FEMALE","MALE","MALE","MALE","FEMALE","FEMALE","MALE","FEMALE","FEMALE","MALE","FEMALE"],"X_CALENDAR_YEAR":[2019,2019,2019,2019,2019,2019,2019,2019,2019,2019,2019,2019,2019,2019,2019,2019,2019,2019,2019],"Y_PREVALENCE_1000PP":[4.49625,5.46568,5.57692,4.85368,4.2354,4.09536,5.27039,5.88978,6.85693,5.25335,3.86527,4.36681,5.89802,3.74471,4.04449,3.34448,4.92539,2.78715,5.18732]},"PREVALENCE_BY_MONTH":{"X_CALENDAR_MONTH":[201901,201902,201903,201904,201905,201906,201907,201908,201909,201910,201911,201912],"Y_PREVALENCE_1000PP":[0.48,0.35,0.28,0.49,0.44,0.42,0.47,0.31,0.36,0.53,0.34,0.26]},"CONDITIONS_BY_TYPE":{"CONCEPT_NAME":"Claim","COUNT_VALUE":789},"AGE_AT_FIRST_DIAGNOSIS":{"CATEGORY":["FEMALE","No matching concept","MALE"],"MIN_VALUE":[0,0,1],"P10_VALUE":[7,0,11],"P25_VALUE":[23,26,22],"MEDIAN_VALUE":[46,34,43],"P75_VALUE":[66,38,63],"P90_VALUE":[78,59,76],"MAX_VALUE":[98,75,98]}}
