{"PREVALENCE_BY_GENDER_AGE_YEAR":{"TRELLIS_NAME":["20-29","50-59","40-49","30-39","10-19","30-39","40-49","60-69","90-99","60-69","20-29","70-79","80-89","0-9","10-19","90-99","0-9","50-59","80-89","70-79"],"SERIES_NAME":["FEMALE","FEMALE","FEMALE","MALE","MALE","FEMALE","MALE","MALE","MALE","FEMALE","MALE","MALE","MALE","FEMALE","FEMALE","FEMALE","MALE","MALE","FEMALE","FEMALE"],"X_CALENDAR_YEAR":[2019,2019,2019,2019,2019,2019,2019,2019,2019,2019,2019,2019,2019,2019,2019,2019,2019,2019,2019,2019],"Y_PREVALENCE_1000PP":[9.15903,9.85079,11.42041,8.6426,12.60312,8.79192,10.09215,6.73077,10.25641,9.7032,11.62791,9.68293,8.8349,6.94152,10.71272,5.57414,6.68747,8.80153,6.91643,8.71016]},"PREVALENCE_BY_MONTH":{"X_CALENDAR_MONTH":[201901,201902,201903,201904,201905,201906,201907,201908,201909,201910,201911,201912],"Y_PREVALENCE_1000PP":[0.84,0.76,0.87,0.86,0.72,0.61,0.84,0.81,0.78,0.88,0.66,0.69]},"CONDITIONS_BY_TYPE":{"CONCEPT_NAME":"Claim","COUNT_VALUE":1585},"AGE_AT_FIRST_DIAGNOSIS":{"CATEGORY":["FEMALE","MALE","No matching concept"],"MIN_VALUE":[0,0,5],"P10_VALUE":[12,12,25],"P25_VALUE":[25,23,40],"MEDIAN_VALUE":[45,43,55],"P75_VALUE":[60,61,76],"P90_VALUE":[75,78,99],"MAX_VALUE":[99,99,99]}}
