{"PREVALENCE_BY_GENDER_AGE_YEAR":{"TRELLIS_NAME":["30-39","40-49","60-69","30-39","50-59","0-9","60-69","0-9","40-49","70-79","20-29","10-19","20-29","70-79","50-59","10-19"],"SERIES_NAME":["FEMALE","FEMALE","FEMALE","MALE","MALE","MALE","MALE","FEMALE","MALE","MALE","FEMALE","FEMALE","MALE","FEMALE","FEMALE","MALE"],"X_CALENDAR_YEAR":[2019,2019,2019,2019,2019,2019,2019,2019,2019,2019,2019,2019,2019,2019,2019,2019],"Y_PREVALENCE_1000PP":[2.4422,2.56959,2.85388,2.54194,2.78715,2.22916,1.15385,1.89314,1.90142,2.65806,2.66445,2.62352,1.17964,1.6679,2.0281,2.97892]},"PREVALENCE_BY_MONTH":{"X_CALENDAR_MONTH":[201901,201902,201903,201904,201905,201906,201907,201908,201909,201910,201911,201912],"Y_PREVALENCE_1000PP":[0.25,0.16,0.13,0.26,0.21,0.14,0.21,0.18,0.18,0.16,0.18,0.16]},"CONDITIONS_BY_TYPE":{"CONCEPT_NAME":"Claim","COUNT_VALUE":388},"AGE_AT_FIRST_DIAGNOSIS":{"CATEGORY":["FEMALE","MALE"],"MIN_VALUE":[1,0],"P10_VALUE":[15,10],"P25_VALUE":[23,25],"MEDIAN_VALUE":[43,43],"P75_VALUE":[61,62],"P90_VALUE":[73,78],"MAX_VALUE":[98,98]}}
