{"PREVALENCE_BY_GENDER_AGE_YEAR":{"TRELLIS_NAME":["50-59","40-49","60-69","50-59","20-29"],"SERIES_NAME":["MALE","MALE","FEMALE","FEMALE","MALE"],"X_CALENDAR_YEAR":[2019,2019,2019,2019,2019],"Y_PREVALENCE_1000PP":[0.88015,0.87758,1.33181,1.01405,1.34816]},"PREVALENCE_BY_MONTH":{"X_CALENDAR_MONTH":[201901,201902,201903,201904,201905,201908,201910],"Y_PREVALENCE_1000PP":[0.07,0.1,0.06,0.06,0.1,0.06,0.08]},"CONDITIONS_BY_TYPE":{"CONCEPT_NAME":"Claim","COUNT_VALUE":126},"AGE_AT_FIRST_DIAGNOSIS":{"CATEGORY":["FEMALE","MALE"],"MIN_VALUE":[4,3],"P10_VALUE":[9,10],"P25_VALUE":[34,21],"MEDIAN_VALUE":[51,37],"P75_VALUE":[64,53],"P90_VALUE":[72,65],"MAX_VALUE":[78,83]}}
