{"PREVALENCE_BY_GENDER_AGE_YEAR":{"TRELLIS_NAME":["50-59","40-49","20-29","10-19","40-49","60-69","50-59","70-79","30-39","90-99","0-9","10-19","30-39","0-9","60-69","20-29"],"SERIES_NAME":["FEMALE","FEMALE","FEMALE","MALE","MALE","MALE","MALE","MALE","MALE","FEMALE","MALE","FEMALE","FEMALE","FEMALE","FEMALE","MALE"],"X_CALENDAR_YEAR":[2019,2019,2019,2019,2019,2019,2019,2019,2019,2019,2019,2019,2019,2019,2019,2019],"Y_PREVALENCE_1000PP":[1.73837,1.57031,3.99667,2.29148,1.75516,1.92308,1.61361,2.4682,2.20302,3.34448,2.45207,2.62352,1.95376,2.31384,2.09285,2.19077]},"PREVALENCE_BY_MONTH":{"X_CALENDAR_MONTH":[201901,201902,201903,201904,201905,201906,201907,201908,201909,201910,201911,201912],"Y_PREVALENCE_1000PP":[0.19,0.16,0.22,0.21,0.15,0.15,0.15,0.17,0.18,0.18,0.14,0.19]},"CONDITIONS_BY_TYPE":{"CONCEPT_NAME":"Claim","COUNT_VALUE":350},"AGE_AT_FIRST_DIAGNOSIS":{"CATEGORY":["MALE","FEMALE"],"MIN_VALUE":[0,0],"P10_VALUE":[9,5],"P25_VALUE":[22,20],"MEDIAN_VALUE":[44,35],"P75_VALUE":[63,59],"P90_VALUE":[77,81],"MAX_VALUE":[97,99]}}
