{"PREVALENCE_BY_GENDER_AGE_YEAR":{"TRELLIS_NAME":["70-79","40-49","70-79","50-59","40-49","30-39","30-39"],"SERIES_NAME":["MALE","MALE","FEMALE","FEMALE","FEMALE","FEMALE","MALE"],"X_CALENDAR_YEAR":[2019,2019,2019,2019,2019,2019,2019],"Y_PREVALENCE_1000PP":[1.13917,0.87758,1.11193,0.86919,1.57031,1.30251,1.01678]},"PREVALENCE_BY_MONTH":{"X_CALENDAR_MONTH":[201903,201904,201905,201906,201907,201908,201909,201910,201911],"Y_PREVALENCE_1000PP":[0.07,0.06,0.06,0.07,0.09,0.07,0.06,0.1,0.09]},"CONDITIONS_BY_TYPE":{"CONCEPT_NAME":"Claim","COUNT_VALUE":125},"AGE_AT_FIRST_DIAGNOSIS":{"CATEGORY":["MALE","FEMALE"],"MIN_VALUE":[1,0],"P10_VALUE":[13,22],"P25_VALUE":[32,31],"MEDIAN_VALUE":[44,45],"P75_VALUE":[66,62],"P90_VALUE":[76,77],"MAX_VALUE":[96,96]}}
