{"PREVALENCE_BY_GENDER_AGE_YEAR":{"TRELLIS_NAME":["40-49","70-79","30-39","50-59","50-59"],"SERIES_NAME":["FEMALE","MALE","FEMALE","FEMALE","MALE"],"X_CALENDAR_YEAR":[2019,2019,2019,2019,2019],"Y_PREVALENCE_1000PP":[1.14204,1.13917,1.13969,0.86919,0.88015]},"PREVALENCE_BY_MONTH":{"X_CALENDAR_MONTH":[201901,201904,201905,201906,201908,201909,201910,201911],"Y_PREVALENCE_1000PP":[0.06,0.07,0.08,0.09,0.06,0.07,0.07,0.06]},"CONDITIONS_BY_TYPE":{"CONCEPT_NAME":"Claim","COUNT_VALUE":114},"AGE_AT_FIRST_DIAGNOSIS":{"CATEGORY":["MALE","FEMALE"],"MIN_VALUE":[1,0],"P10_VALUE":[10,17],"P25_VALUE":[20,31],"MEDIAN_VALUE":[44,42],"P75_VALUE":[65,59],"P90_VALUE":[73,71],"MAX_VALUE":[78,85]}}
