{"PREVALENCE_BY_GENDER_AGE_YEAR":{"TRELLIS_NAME":["20-29","0-9","70-79","50-59","90-99","70-79","30-39","80-89","30-39","80-89","20-29","40-49","90-99","10-19","50-59","0-9","60-69","40-49","60-69","10-19"],"SERIES_NAME":["FEMALE","MALE","MALE","FEMALE","MALE","FEMALE","MALE","MALE","FEMALE","FEMALE","MALE","MALE","FEMALE","MALE","MALE","FEMALE","MALE","FEMALE","FEMALE","FEMALE"],"X_CALENDAR_YEAR":[2019,2019,2019,2019,2019,2019,2019,2019,2019,2019,2019,2019,2019,2019,2019,2019,2019,2019,2019,2019],"Y_PREVALENCE_1000PP":[8.82598,8.24788,7.59446,8.25728,11.39601,9.26612,8.98153,7.73054,10.09443,10.95101,9.1001,8.92204,6.13155,7.56187,8.36145,7.15187,8.07692,10.84939,9.13242,8.52645]},"PREVALENCE_BY_MONTH":{"X_CALENDAR_MONTH":[201901,201902,201903,201904,201905,201906,201907,201908,201909,201910,201911,201912],"Y_PREVALENCE_1000PP":[1,0.61,0.87,0.72,0.54,0.59,0.85,0.68,0.83,0.78,0.58,0.74]},"CONDITIONS_BY_TYPE":{"CONCEPT_NAME":"Claim","COUNT_VALUE":1457},"AGE_AT_FIRST_DIAGNOSIS":{"CATEGORY":["MALE","No matching concept","FEMALE"],"MIN_VALUE":[0,2,0],"P10_VALUE":[12,8,11],"P25_VALUE":[25,20,27],"MEDIAN_VALUE":[44,46,45],"P75_VALUE":[63,56,62],"P90_VALUE":[77,65,77],"MAX_VALUE":[97,79,99]}}
