{"PREVALENCE_BY_GENDER_AGE_YEAR":{"TRELLIS_NAME":["20-29","0-9","20-29","10-19","70-79","40-49","30-39","70-79","60-69","50-59","60-69","10-19","40-49"],"SERIES_NAME":["MALE","MALE","FEMALE","MALE","MALE","FEMALE","MALE","FEMALE","FEMALE","FEMALE","MALE","FEMALE","MALE"],"X_CALENDAR_YEAR":[2019,2019,2019,2019,2019,2019,2019,2019,2019,2019,2019,2019,2019],"Y_PREVALENCE_1000PP":[1.6852,2.45207,1.1657,1.37489,1.51889,1.57031,1.18624,1.48258,1.52207,1.73837,1.92308,1.74902,2.19394]},"PREVALENCE_BY_MONTH":{"X_CALENDAR_MONTH":[201901,201902,201903,201904,201905,201906,201907,201908,201909,201910,201911,201912],"Y_PREVALENCE_1000PP":[0.12,0.12,0.09,0.14,0.11,0.08,0.18,0.1,0.06,0.2,0.17,0.1]},"CONDITIONS_BY_TYPE":{"CONCEPT_NAME":"Claim","COUNT_VALUE":254},"AGE_AT_FIRST_DIAGNOSIS":{"CATEGORY":["FEMALE","MALE"],"MIN_VALUE":[0,1],"P10_VALUE":[10,8],"P25_VALUE":[26,21],"MEDIAN_VALUE":[48,44],"P75_VALUE":[65,65],"P90_VALUE":[73,79],"MAX_VALUE":[97,98]}}
