{"PREVALENCE_BY_GENDER_AGE_YEAR":{"TRELLIS_NAME":["20-29","20-29","40-49","60-69","0-9","50-59","40-49","10-19","10-19","50-59","70-79","30-39","60-69","30-39","70-79"],"SERIES_NAME":["MALE","FEMALE","MALE","FEMALE","MALE","FEMALE","FEMALE","MALE","FEMALE","MALE","MALE","MALE","MALE","FEMALE","FEMALE"],"X_CALENDAR_YEAR":[2019,2019,2019,2019,2019,2019,2019,2019,2019,2019,2019,2019,2019,2019,2019],"Y_PREVALENCE_1000PP":[1.34816,2.83097,2.19394,1.71233,2.67499,1.59351,1.14204,2.97892,1.74902,1.61361,1.13917,1.69463,2.88462,1.95376,1.29726]},"PREVALENCE_BY_MONTH":{"X_CALENDAR_MONTH":[201901,201902,201903,201904,201905,201906,201907,201908,201909,201910,201911,201912],"Y_PREVALENCE_1000PP":[0.17,0.14,0.16,0.19,0.16,0.2,0.13,0.16,0.08,0.17,0.09,0.11]},"CONDITIONS_BY_TYPE":{"CONCEPT_NAME":"Claim","COUNT_VALUE":303},"AGE_AT_FIRST_DIAGNOSIS":{"CATEGORY":["MALE","FEMALE"],"MIN_VALUE":[1,6],"P10_VALUE":[7,16],"P25_VALUE":[18,24],"MEDIAN_VALUE":[42,39],"P75_VALUE":[60,59],"P90_VALUE":[70,78],"MAX_VALUE":[87,96]}}
