{"PREVALENCE_BY_GENDER_AGE_YEAR":{"TRELLIS_NAME":["50-59","50-59","0-9","40-49","40-49","60-69","70-79","20-29","30-39","10-19","70-79","10-19","60-69","30-39"],"SERIES_NAME":["FEMALE","MALE","FEMALE","FEMALE","MALE","MALE","FEMALE","FEMALE","FEMALE","FEMALE","MALE","MALE","FEMALE","MALE"],"X_CALENDAR_YEAR":[2019,2019,2019,2019,2019,2019,2019,2019,2019,2019,2019,2019,2019,2019],"Y_PREVALENCE_1000PP":[1.44865,2.05369,1.68279,1.14204,1.46263,3.07692,1.48258,2.83097,2.60501,1.74902,1.89861,1.37489,1.90259,1.18624]},"PREVALENCE_BY_MONTH":{"X_CALENDAR_MONTH":[201901,201902,201903,201904,201905,201906,201907,201908,201909,201910,201911,201912],"Y_PREVALENCE_1000PP":[0.06,0.1,0.12,0.14,0.14,0.16,0.15,0.12,0.17,0.16,0.16,0.19]},"CONDITIONS_BY_TYPE":{"CONCEPT_NAME":"Claim","COUNT_VALUE":286},"AGE_AT_FIRST_DIAGNOSIS":{"CATEGORY":["MALE","FEMALE"],"MIN_VALUE":[2,0],"P10_VALUE":[11,13],"P25_VALUE":[34,23],"MEDIAN_VALUE":[54,36],"P75_VALUE":[68,61],"P90_VALUE":[78,76],"MAX_VALUE":[94,99]}}
