{"PREVALENCE_BY_GENDER_AGE_YEAR":{"TRELLIS_NAME":["80-89","60-69","0-9","30-39","40-49","40-49","80-89","50-59","50-59","70-79","0-9","20-29","70-79","10-19","30-39","20-29","90-99","90-99","60-69","10-19"],"SERIES_NAME":["FEMALE","FEMALE","FEMALE","MALE","FEMALE","MALE","MALE","FEMALE","MALE","FEMALE","MALE","MALE","MALE","FEMALE","FEMALE","FEMALE","FEMALE","MALE","MALE","MALE"],"X_CALENDAR_YEAR":[2019,2019,2019,2019,2019,2019,2019,2019,2019,2019,2019,2019,2019,2019,2019,2019,2019,2019,2019,2019],"Y_PREVALENCE_1000PP":[13.25648,13.50837,17.66933,14.5738,16.5596,12.72488,18.77416,17.09402,16.42951,16.12305,19.39367,14.49275,14.42947,13.99213,17.25822,15.82015,21.73913,15.38462,12.88462,13.51971]},"PREVALENCE_BY_MONTH":{"X_CALENDAR_MONTH":[201901,201902,201903,201904,201905,201906,201907,201908,201909,201910,201911,201912],"Y_PREVALENCE_1000PP":[1.81,1.12,1.21,1.44,1.08,1.15,1.66,1.22,1.27,1.41,1.01,1.31]},"CONDITIONS_BY_TYPE":{"CONCEPT_NAME":"Claim","COUNT_VALUE":2593},"AGE_AT_FIRST_DIAGNOSIS":{"CATEGORY":["FEMALE","MALE","No matching concept"],"MIN_VALUE":[0,0,0],"P10_VALUE":[9,7,10],"P25_VALUE":[26,24,23],"MEDIAN_VALUE":[44,44,44],"P75_VALUE":[62,63,70],"P90_VALUE":[78,78,94],"MAX_VALUE":[99,99,98]}}
