{"PREVALENCE_BY_GENDER_AGE_YEAR":{"TRELLIS_NAME":["90-99","60-69","0-9","50-59","10-19","40-49","40-49","70-79","50-59","70-79","90-99","80-89","10-19","30-39","30-39","20-29","20-29","60-69","0-9"],"SERIES_NAME":["FEMALE","MALE","MALE","FEMALE","MALE","MALE","FEMALE","FEMALE","MALE","MALE","MALE","FEMALE","FEMALE","FEMALE","MALE","FEMALE","MALE","FEMALE","FEMALE"],"X_CALENDAR_YEAR":[2019,2019,2019,2019,2019,2019,2019,2019,2019,2019,2019,2019,2019,2019,2019,2019,2019,2019,2019],"Y_PREVALENCE_1000PP":[4.45931,2.69231,2.22916,2.60756,2.74977,3.36405,2.99786,2.03855,3.08053,3.03778,4.5584,3.45821,2.62352,3.74471,3.05033,2.9975,4.71857,3.61492,3.36559]},"PREVALENCE_BY_MONTH":{"X_CALENDAR_MONTH":[201901,201902,201903,201904,201905,201906,201907,201908,201909,201910,201911,201912],"Y_PREVALENCE_1000PP":[0.23,0.18,0.3,0.33,0.25,0.25,0.29,0.2,0.24,0.36,0.23,0.3]},"CONDITIONS_BY_TYPE":{"CONCEPT_NAME":"Claim","COUNT_VALUE":521},"AGE_AT_FIRST_DIAGNOSIS":{"CATEGORY":["FEMALE","No matching concept","MALE"],"MIN_VALUE":[0,21,1],"P10_VALUE":[9,21,15],"P25_VALUE":[25,40,25],"MEDIAN_VALUE":[43,51,43],"P75_VALUE":[62,56,61],"P90_VALUE":[79,74,78],"MAX_VALUE":[99,80,99]}}
