{"PREVALENCE_BY_GENDER_AGE_YEAR":{"TRELLIS_NAME":["50-59","30-39","20-29","40-49","60-69","50-59","20-29","10-19","30-39"],"SERIES_NAME":["MALE","MALE","MALE","MALE","MALE","FEMALE","FEMALE","MALE","FEMALE"],"X_CALENDAR_YEAR":[2019,2019,2019,2019,2019,2019,2019,2019,2019],"Y_PREVALENCE_1000PP":[1.46692,1.3557,1.17964,1.1701,1.34615,1.01405,1.83181,1.83318,1.13969]},"PREVALENCE_BY_MONTH":{"X_CALENDAR_MONTH":[201901,201902,201903,201904,201905,201907,201908,201910,201911],"Y_PREVALENCE_1000PP":[0.1,0.07,0.07,0.15,0.11,0.16,0.12,0.11,0.1]},"CONDITIONS_BY_TYPE":{"CONCEPT_NAME":"Claim","COUNT_VALUE":182},"AGE_AT_FIRST_DIAGNOSIS":{"CATEGORY":["MALE","FEMALE"],"MIN_VALUE":[2,2],"P10_VALUE":[13,11],"P25_VALUE":[26,22],"MEDIAN_VALUE":[44,36],"P75_VALUE":[62,60],"P90_VALUE":[78,78],"MAX_VALUE":[99,99]}}
