{"PREVALENCE_BY_GENDER_AGE_YEAR":{"TRELLIS_NAME":["70-79","50-59","60-69","20-29","60-69","30-39","40-49","10-19","70-79","40-49","30-39","0-9","10-19","50-59","0-9","20-29"],"SERIES_NAME":["MALE","FEMALE","MALE","MALE","FEMALE","MALE","MALE","MALE","FEMALE","FEMALE","FEMALE","MALE","FEMALE","MALE","FEMALE","FEMALE"],"X_CALENDAR_YEAR":[2019,2019,2019,2019,2019,2019,2019,2019,2019,2019,2019,2019,2019,2019,2019,2019],"Y_PREVALENCE_1000PP":[1.89861,1.73837,2.30769,2.52781,1.52207,1.69463,1.46263,1.60403,2.40919,1.71306,2.93064,2.45207,1.31176,2.20038,1.47244,1.66528]},"PREVALENCE_BY_MONTH":{"X_CALENDAR_MONTH":[201901,201902,201903,201904,201905,201906,201907,201908,201909,201910,201911,201912],"Y_PREVALENCE_1000PP":[0.08,0.18,0.2,0.17,0.18,0.19,0.18,0.15,0.11,0.21,0.13,0.17]},"CONDITIONS_BY_TYPE":{"CONCEPT_NAME":"Claim","COUNT_VALUE":314},"AGE_AT_FIRST_DIAGNOSIS":{"CATEGORY":["MALE","FEMALE"],"MIN_VALUE":[0,1],"P10_VALUE":[7,15],"P25_VALUE":[23,30],"MEDIAN_VALUE":[44,45],"P75_VALUE":[63,68],"P90_VALUE":[76,79],"MAX_VALUE":[97,99]}}
