{"PREVALENCE_BY_GENDER_AGE_YEAR":{"TRELLIS_NAME":["50-59","40-49","60-69","70-79","70-79","30-39","0-9","40-49"],"SERIES_NAME":["FEMALE","FEMALE","FEMALE","FEMALE","MALE","FEMALE","MALE","MALE"],"X_CALENDAR_YEAR":[2019,2019,2019,2019,2019,2019,2019,2019],"Y_PREVALENCE_1000PP":[1.01405,0.85653,1.33181,2.22387,1.51889,0.97688,1.33749,0.87758]},"PREVALENCE_BY_MONTH":{"X_CALENDAR_MONTH":[201901,201903,201904,201905,201906,201907,201909,201910,201911,201912],"Y_PREVALENCE_1000PP":[0.1,0.08,0.07,0.11,0.09,0.07,0.06,0.07,0.11,0.06]},"CONDITIONS_BY_TYPE":{"CONCEPT_NAME":"Claim","COUNT_VALUE":148},"AGE_AT_FIRST_DIAGNOSIS":{"CATEGORY":["FEMALE","MALE"],"MIN_VALUE":[1,2],"P10_VALUE":[14,5],"P25_VALUE":[29,24],"MEDIAN_VALUE":[51,50],"P75_VALUE":[68,71],"P90_VALUE":[75,79],"MAX_VALUE":[79,98]}}
