{"PREVALENCE_BY_GENDER_AGE_YEAR":{"TRELLIS_NAME":["20-29","0-9","40-49","90-99","50-59","60-69","80-89","80-89","40-49","10-19","90-99","70-79","30-39","20-29","60-69","70-79","10-19","30-39","50-59","0-9"],"SERIES_NAME":["FEMALE","MALE","MALE","MALE","FEMALE","MALE","MALE","FEMALE","FEMALE","FEMALE","FEMALE","FEMALE","FEMALE","MALE","FEMALE","MALE","MALE","MALE","MALE","FEMALE"],"X_CALENDAR_YEAR":[2019,2019,2019,2019,2019,2019,2019,2019,2019,2019,2019,2019,2019,2019,2019,2019,2019,2019,2019,2019],"Y_PREVALENCE_1000PP":[45.29559,43.9144,40.80737,33.61823,42.15558,45.57692,40.8614,40.34582,39.82869,41.53913,38.46154,41.14159,42.98274,40.10785,42.04718,41.95937,44.22548,44.22979,44.74109,41.01809]},"PREVALENCE_BY_MONTH":{"X_CALENDAR_MONTH":[201901,201902,201903,201904,201905,201906,201907,201908,201909,201910,201911,201912],"Y_PREVALENCE_1000PP":[4.48,2.92,3.55,3.99,3.42,3.25,4.04,3.28,2.95,4.36,3.39,3.24]},"CONDITIONS_BY_TYPE":{"CONCEPT_NAME":"Claim","COUNT_VALUE":7281},"AGE_AT_FIRST_DIAGNOSIS":{"CATEGORY":["FEMALE","No matching concept","MALE"],"MIN_VALUE":[0,2,0],"P10_VALUE":[11,8,10],"P25_VALUE":[25,30,25],"MEDIAN_VALUE":[43,42,44],"P75_VALUE":[63,61,63],"P90_VALUE":[76,77,76],"MAX_VALUE":[99,99,99]}}
