{"PREVALENCE_BY_GENDER_AGE_YEAR":{"TRELLIS_NAME":["60-69","30-39","90-99","40-49","40-49","10-19","0-9","0-9","70-79","70-79","50-59","20-29","50-59","60-69","30-39","20-29","10-19"],"SERIES_NAME":["FEMALE","FEMALE","FEMALE","FEMALE","MALE","FEMALE","FEMALE","MALE","FEMALE","MALE","MALE","FEMALE","FEMALE","MALE","MALE","MALE","MALE"],"X_CALENDAR_YEAR":[2019,2019,2019,2019,2019,2019,2019,2019,2019,2019,2019,2019,2019,2019,2019,2019,2019],"Y_PREVALENCE_1000PP":[4.37595,1.95376,3.34448,1.85582,2.34021,1.53039,2.52419,2.00624,3.52113,2.65806,2.64046,2.83097,2.4627,3.07692,2.54194,4.38153,1.60403]},"PREVALENCE_BY_MONTH":{"X_CALENDAR_MONTH":[201901,201902,201903,201904,201905,201906,201907,201908,201909,201910,201911,201912],"Y_PREVALENCE_1000PP":[0.25,0.22,0.23,0.29,0.17,0.17,0.27,0.23,0.14,0.24,0.2,0.24]},"CONDITIONS_BY_TYPE":{"CONCEPT_NAME":"Claim","COUNT_VALUE":436},"AGE_AT_FIRST_DIAGNOSIS":{"CATEGORY":["FEMALE","MALE"],"MIN_VALUE":[2,1],"P10_VALUE":[12,15],"P25_VALUE":[26,26],"MEDIAN_VALUE":[52,44],"P75_VALUE":[68,66],"P90_VALUE":[78,75],"MAX_VALUE":[99,98]}}
