{"PREVALENCE_BY_GENDER_AGE_YEAR":{"TRELLIS_NAME":["40-49","0-9","30-39","60-69","30-39","50-59","40-49","70-79","50-59","20-29","70-79","60-69","10-19","20-29","0-9"],"SERIES_NAME":["FEMALE","FEMALE","MALE","MALE","FEMALE","MALE","MALE","FEMALE","FEMALE","FEMALE","MALE","FEMALE","FEMALE","MALE","MALE"],"X_CALENDAR_YEAR":[2019,2019,2019,2019,2019,2019,2019,2019,2019,2019,2019,2019,2019,2019,2019],"Y_PREVALENCE_1000PP":[1.99857,1.2621,1.69463,1.15385,1.30251,1.32023,2.48647,2.03855,2.17297,1.49875,1.89861,1.71233,1.96764,1.51668,2.00624]},"PREVALENCE_BY_MONTH":{"X_CALENDAR_MONTH":[201901,201902,201903,201904,201905,201906,201907,201908,201909,201910,201911],"Y_PREVALENCE_1000PP":[0.15,0.16,0.12,0.19,0.16,0.14,0.23,0.07,0.12,0.14,0.13]},"CONDITIONS_BY_TYPE":{"CONCEPT_NAME":"Claim","COUNT_VALUE":280},"AGE_AT_FIRST_DIAGNOSIS":{"CATEGORY":["MALE","FEMALE"],"MIN_VALUE":[0,1],"P10_VALUE":[9,14],"P25_VALUE":[27,26],"MEDIAN_VALUE":[43,46],"P75_VALUE":[60,61],"P90_VALUE":[77,75],"MAX_VALUE":[98,89]}}
