{"PREVALENCE_BY_GENDER_AGE_YEAR":{"TRELLIS_NAME":["20-29","10-19","20-29","50-59","60-69","40-49","70-79","0-9","50-59","70-79","30-39"],"SERIES_NAME":["MALE","FEMALE","FEMALE","FEMALE","FEMALE","MALE","MALE","MALE","MALE","FEMALE","MALE"],"X_CALENDAR_YEAR":[2019,2019,2019,2019,2019,2019,2019,2019,2019,2019,2019],"Y_PREVALENCE_1000PP":[1.01112,1.31176,1.66528,1.01405,1.14155,2.04768,1.13917,1.56041,0.88015,1.29726,1.18624]},"PREVALENCE_BY_MONTH":{"X_CALENDAR_MONTH":[201901,201902,201903,201904,201906,201907,201908,201909,201910,201911,201912],"Y_PREVALENCE_1000PP":[0.11,0.08,0.08,0.08,0.07,0.2,0.07,0.11,0.06,0.08,0.09]},"CONDITIONS_BY_TYPE":{"CONCEPT_NAME":"Claim","COUNT_VALUE":177},"AGE_AT_FIRST_DIAGNOSIS":{"CATEGORY":["MALE","FEMALE"],"MIN_VALUE":[0,0],"P10_VALUE":[8,16],"P25_VALUE":[21,21],"MEDIAN_VALUE":[42,46],"P75_VALUE":[57,68],"P90_VALUE":[75,75],"MAX_VALUE":[98,96]}}
