{"PREVALENCE_BY_GENDER_AGE_YEAR":{"TRELLIS_NAME":["0-9","20-29","30-39","40-49","40-49","30-39","50-59","20-29","70-79","10-19","70-79","50-59","60-69","60-69","0-9"],"SERIES_NAME":["MALE","MALE","MALE","MALE","FEMALE","FEMALE","FEMALE","FEMALE","MALE","FEMALE","FEMALE","MALE","FEMALE","MALE","FEMALE"],"X_CALENDAR_YEAR":[2019,2019,2019,2019,2019,2019,2019,2019,2019,2019,2019,2019,2019,2019,2019],"Y_PREVALENCE_1000PP":[2.8979,1.17964,1.3557,1.75516,1.2848,2.93064,1.15892,2.33139,1.51889,1.96764,1.6679,2.05369,2.09285,2.30769,2.31384]},"PREVALENCE_BY_MONTH":{"X_CALENDAR_MONTH":[201901,201902,201903,201904,201905,201906,201907,201908,201909,201910,201911,201912],"Y_PREVALENCE_1000PP":[0.17,0.11,0.11,0.12,0.14,0.15,0.18,0.16,0.13,0.13,0.17,0.17]},"CONDITIONS_BY_TYPE":{"CONCEPT_NAME":"Claim","COUNT_VALUE":298},"AGE_AT_FIRST_DIAGNOSIS":{"CATEGORY":["MALE","FEMALE"],"MIN_VALUE":[0,0],"P10_VALUE":[5,8],"P25_VALUE":[24,22],"MEDIAN_VALUE":[48,35],"P75_VALUE":[61,61],"P90_VALUE":[73,74],"MAX_VALUE":[95,99]}}
