{"PREVALENCE_BY_GENDER_AGE_YEAR":{"TRELLIS_NAME":["30-39","30-39","10-19","80-89","20-29","20-29","70-79","10-19","60-69","60-69","50-59","40-49","0-9","0-9","70-79","50-59","40-49","90-99"],"SERIES_NAME":["FEMALE","MALE","MALE","MALE","FEMALE","MALE","MALE","FEMALE","FEMALE","MALE","MALE","MALE","MALE","FEMALE","FEMALE","FEMALE","FEMALE","MALE"],"X_CALENDAR_YEAR":[2019,2019,2019,2019,2019,2019,2019,2019,2019,2019,2019,2019,2019,2019,2019,2019,2019,2019],"Y_PREVALENCE_1000PP":[2.76783,3.38926,3.43721,4.41745,4.1632,3.37041,3.60737,4.80979,2.85388,3.65385,3.37392,3.21779,2.8979,4.83803,4.26242,3.47675,3.85439,4.5584]},"PREVALENCE_BY_MONTH":{"X_CALENDAR_MONTH":[201901,201902,201903,201904,201905,201906,201907,201908,201909,201910,201911,201912],"Y_PREVALENCE_1000PP":[0.44,0.21,0.4,0.33,0.32,0.19,0.42,0.25,0.25,0.27,0.26,0.24]},"CONDITIONS_BY_TYPE":{"CONCEPT_NAME":"Claim","COUNT_VALUE":620},"AGE_AT_FIRST_DIAGNOSIS":{"CATEGORY":["FEMALE","MALE"],"MIN_VALUE":[0,1],"P10_VALUE":[7,11],"P25_VALUE":[21,25],"MEDIAN_VALUE":[41,45],"P75_VALUE":[61,67],"P90_VALUE":[76,79],"MAX_VALUE":[99,98]}}
