{"PREVALENCE_BY_GENDER_AGE_YEAR":{"TRELLIS_NAME":["0-9","40-49","30-39","60-69","50-59","60-69","70-79","40-49","70-79","30-39","10-19","20-29"],"SERIES_NAME":["FEMALE","MALE","FEMALE","MALE","MALE","FEMALE","FEMALE","FEMALE","MALE","MALE","MALE","FEMALE"],"X_CALENDAR_YEAR":[2019,2019,2019,2019,2019,2019,2019,2019,2019,2019,2019,2019],"Y_PREVALENCE_1000PP":[1.47244,1.75516,1.62813,1.73077,1.32023,1.90259,1.11193,1.85582,1.89861,1.52517,2.29148,2.33139]},"PREVALENCE_BY_MONTH":{"X_CALENDAR_MONTH":[201901,201902,201903,201904,201905,201906,201907,201908,201909,201910,201911,201912],"Y_PREVALENCE_1000PP":[0.13,0.14,0.18,0.11,0.13,0.1,0.11,0.14,0.09,0.12,0.1,0.15]},"CONDITIONS_BY_TYPE":{"CONCEPT_NAME":"Claim","COUNT_VALUE":245},"AGE_AT_FIRST_DIAGNOSIS":{"CATEGORY":["FEMALE","MALE"],"MIN_VALUE":[3,1],"P10_VALUE":[11,12],"P25_VALUE":[24,28],"MEDIAN_VALUE":[40,45],"P75_VALUE":[63,66],"P90_VALUE":[75,79],"MAX_VALUE":[95,95]}}
