{"PREVALENCE_BY_GENDER_AGE_YEAR":{"TRELLIS_NAME":["20-29","0-9","60-69","20-29","60-69","50-59","40-49","10-19","30-39","10-19","30-39","70-79","0-9","70-79","50-59","40-49","80-89"],"SERIES_NAME":["MALE","FEMALE","FEMALE","FEMALE","MALE","MALE","FEMALE","MALE","MALE","FEMALE","FEMALE","FEMALE","MALE","MALE","FEMALE","MALE","MALE"],"X_CALENDAR_YEAR":[2019,2019,2019,2019,2019,2019,2019,2019,2019,2019,2019,2019,2019,2019,2019,2019,2019],"Y_PREVALENCE_1000PP":[3.53893,3.36559,2.85388,2.33139,2.88462,2.49377,3.14061,3.20807,3.05033,3.27941,3.09345,2.40919,3.12082,2.08848,2.89729,3.51031,3.31309]},"PREVALENCE_BY_MONTH":{"X_CALENDAR_MONTH":[201901,201902,201903,201904,201905,201906,201907,201908,201909,201910,201911,201912],"Y_PREVALENCE_1000PP":[0.2,0.16,0.32,0.34,0.12,0.23,0.27,0.18,0.22,0.37,0.21,0.27]},"CONDITIONS_BY_TYPE":{"CONCEPT_NAME":"Claim","COUNT_VALUE":462},"AGE_AT_FIRST_DIAGNOSIS":{"CATEGORY":["FEMALE","MALE"],"MIN_VALUE":[0,0],"P10_VALUE":[8,10],"P25_VALUE":[24,23],"MEDIAN_VALUE":[45,41],"P75_VALUE":[61,59],"P90_VALUE":[75,75],"MAX_VALUE":[98,98]}}
