{"PREVALENCE_BY_GENDER_AGE_YEAR":{"TRELLIS_NAME":["40-49","0-9","0-9","10-19","50-59","30-39","30-39","90-99","70-79","70-79","80-89","40-49","20-29","60-69","60-69","10-19","50-59","20-29","90-99","80-89"],"SERIES_NAME":["MALE","MALE","FEMALE","MALE","FEMALE","FEMALE","MALE","MALE","MALE","FEMALE","MALE","FEMALE","FEMALE","MALE","FEMALE","FEMALE","MALE","MALE","FEMALE","FEMALE"],"X_CALENDAR_YEAR":[2019,2019,2019,2019,2019,2019,2019,2019,2019,2019,2019,2019,2019,2019,2019,2019,2019,2019,2019,2019],"Y_PREVALENCE_1000PP":[43.44011,46.8123,42.49053,41.01742,39.69289,41.51742,44.06033,48.43305,41.57965,36.87917,50.80066,42.82655,47.12739,41.53846,43.379,44.59991,38.72671,42.9727,40.13378,38.61671]},"PREVALENCE_BY_MONTH":{"X_CALENDAR_MONTH":[201901,201902,201903,201904,201905,201906,201907,201908,201909,201910,201911,201912],"Y_PREVALENCE_1000PP":[4.03,2.94,3.76,3.73,3.23,3.31,4.3,3.47,2.91,4.48,3.51,3.36]},"CONDITIONS_BY_TYPE":{"CONCEPT_NAME":"Claim","COUNT_VALUE":7204},"AGE_AT_FIRST_DIAGNOSIS":{"CATEGORY":["FEMALE","No matching concept","MALE"],"MIN_VALUE":[0,1,0],"P10_VALUE":[10,5,9],"P25_VALUE":[24,19,24],"MEDIAN_VALUE":[43,39,44],"P75_VALUE":[61,63,64],"P90_VALUE":[76,74,78],"MAX_VALUE":[99,94,99]}}
