{"PREVALENCE_BY_GENDER_AGE_YEAR":{"TRELLIS_NAME":["60-69","30-39","40-49","20-29","70-79","50-59","40-49","20-29","30-39"],"SERIES_NAME":["MALE","MALE","MALE","MALE","FEMALE","FEMALE","FEMALE","FEMALE","FEMALE"],"X_CALENDAR_YEAR":[2019,2019,2019,2019,2019,2019,2019,2019,2019],"Y_PREVALENCE_1000PP":[1.15385,1.52517,0.87758,1.51668,1.29726,0.86919,1.42755,1.1657,0.97688]},"PREVALENCE_BY_MONTH":{"X_CALENDAR_MONTH":[201901,201903,201904,201905,201906,201907,201908,201910,201911],"Y_PREVALENCE_1000PP":[0.06,0.07,0.11,0.06,0.06,0.12,0.06,0.1,0.08]},"CONDITIONS_BY_TYPE":{"CONCEPT_NAME":"Claim","COUNT_VALUE":156},"AGE_AT_FIRST_DIAGNOSIS":{"CATEGORY":["FEMALE","MALE"],"MIN_VALUE":[1,7],"P10_VALUE":[20,23],"P25_VALUE":[32,29],"MEDIAN_VALUE":[45,41],"P75_VALUE":[59,62],"P90_VALUE":[77,73],"MAX_VALUE":[85,95]}}
