{"PREVALENCE_BY_GENDER_AGE_YEAR":{"TRELLIS_NAME":["90-99","50-59","90-99","10-19","70-79","60-69","60-69","50-59","20-29","20-29","0-9","30-39","10-19","0-9","40-49","80-89","30-39","40-49","70-79"],"SERIES_NAME":["FEMALE","FEMALE","MALE","MALE","MALE","FEMALE","MALE","MALE","MALE","FEMALE","MALE","FEMALE","FEMALE","FEMALE","FEMALE","FEMALE","MALE","MALE","FEMALE"],"X_CALENDAR_YEAR":[2019,2019,2019,2019,2019,2019,2019,2019,2019,2019,2019,2019,2019,2019,2019,2019,2019,2019,2019],"Y_PREVALENCE_1000PP":[3.34448,3.04216,3.4188,1.60403,1.89861,3.61492,2.30769,2.78715,2.02224,3.16403,1.78333,2.4422,2.4049,1.68279,3.42612,4.61095,3.55872,2.19394,2.59451]},"PREVALENCE_BY_MONTH":{"X_CALENDAR_MONTH":[201901,201902,201903,201904,201905,201906,201907,201908,201909,201910,201911,201912],"Y_PREVALENCE_1000PP":[0.28,0.14,0.18,0.28,0.22,0.26,0.25,0.16,0.25,0.23,0.17,0.22]},"CONDITIONS_BY_TYPE":{"CONCEPT_NAME":"Claim","COUNT_VALUE":423},"AGE_AT_FIRST_DIAGNOSIS":{"CATEGORY":["FEMALE","MALE"],"MIN_VALUE":[0,0],"P10_VALUE":[16,16],"P25_VALUE":[28,31],"MEDIAN_VALUE":[48,46],"P75_VALUE":[64,62],"P90_VALUE":[78,76],"MAX_VALUE":[99,99]}}
