{"PREVALENCE_BY_GENDER_AGE_YEAR":{"TRELLIS_NAME":["30-39","40-49","70-79","40-49","20-29","50-59","60-69","10-19","30-39","60-69","70-79","50-59"],"SERIES_NAME":["MALE","FEMALE","MALE","MALE","FEMALE","FEMALE","MALE","FEMALE","FEMALE","FEMALE","FEMALE","MALE"],"X_CALENDAR_YEAR":[2019,2019,2019,2019,2019,2019,2019,2019,2019,2019,2019,2019],"Y_PREVALENCE_1000PP":[1.3557,1.71306,1.32903,1.1701,2.49792,0.86919,1.73077,1.53039,0.97688,1.52207,1.6679,1.46692]},"PREVALENCE_BY_MONTH":{"X_CALENDAR_MONTH":[201901,201902,201903,201904,201905,201906,201907,201908,201909,201910,201911,201912],"Y_PREVALENCE_1000PP":[0.12,0.12,0.1,0.13,0.12,0.09,0.09,0.16,0.11,0.11,0.13,0.07]},"CONDITIONS_BY_TYPE":{"CONCEPT_NAME":"Claim","COUNT_VALUE":223},"AGE_AT_FIRST_DIAGNOSIS":{"CATEGORY":["MALE","FEMALE"],"MIN_VALUE":[0,0],"P10_VALUE":[20,15],"P25_VALUE":[35,24],"MEDIAN_VALUE":[53,44],"P75_VALUE":[70,64],"P90_VALUE":[84,76],"MAX_VALUE":[98,94]}}
