{"PREVALENCE_BY_GENDER_AGE_YEAR":{"TRELLIS_NAME":["60-69","20-29","40-49","50-59","0-9","30-39","70-79","90-99","10-19","60-69","50-59","40-49","90-99","80-89","0-9","30-39","70-79","10-19","20-29"],"SERIES_NAME":["FEMALE","FEMALE","MALE","MALE","FEMALE","MALE","FEMALE","MALE","FEMALE","MALE","FEMALE","FEMALE","FEMALE","FEMALE","MALE","FEMALE","MALE","MALE","MALE"],"X_CALENDAR_YEAR":[2019,2019,2019,2019,2019,2019,2019,2019,2019,2019,2019,2019,2019,2019,2019,2019,2019,2019,2019],"Y_PREVALENCE_1000PP":[3.2344,3.66361,1.46263,2.49377,3.36559,2.7114,2.96516,4.5584,3.71666,2.69231,3.04216,2.42684,5.57414,3.45821,3.12082,2.76783,2.08848,3.20807,2.52781]},"PREVALENCE_BY_MONTH":{"X_CALENDAR_MONTH":[201901,201902,201903,201904,201905,201906,201907,201908,201909,201910,201911,201912],"Y_PREVALENCE_1000PP":[0.3,0.24,0.26,0.15,0.19,0.22,0.24,0.22,0.22,0.42,0.29,0.12]},"CONDITIONS_BY_TYPE":{"CONCEPT_NAME":"Claim","COUNT_VALUE":504},"AGE_AT_FIRST_DIAGNOSIS":{"CATEGORY":["MALE","FEMALE"],"MIN_VALUE":[1,0],"P10_VALUE":[7,9],"P25_VALUE":[21,23],"MEDIAN_VALUE":[44,44],"P75_VALUE":[67,66],"P90_VALUE":[79,80],"MAX_VALUE":[97,95]}}
