{"PREVALENCE_BY_GENDER_AGE_YEAR":{"TRELLIS_NAME":["30-39","50-59","70-79","0-9","10-19","30-39","20-29","60-69","70-79","10-19","40-49","60-69","50-59","40-49"],"SERIES_NAME":["MALE","MALE","FEMALE","FEMALE","FEMALE","FEMALE","MALE","MALE","MALE","MALE","MALE","FEMALE","FEMALE","FEMALE"],"X_CALENDAR_YEAR":[2019,2019,2019,2019,2019,2019,2019,2019,2019,2019,2019,2019,2019,2019],"Y_PREVALENCE_1000PP":[1.18624,3.08053,2.22387,2.31384,1.74902,2.27939,1.6852,1.73077,1.70875,1.60403,2.19394,3.04414,1.73837,1.42755]},"PREVALENCE_BY_MONTH":{"X_CALENDAR_MONTH":[201901,201902,201903,201904,201905,201906,201907,201908,201909,201910,201911,201912],"Y_PREVALENCE_1000PP":[0.17,0.16,0.23,0.18,0.13,0.15,0.11,0.11,0.2,0.18,0.14,0.09]},"CONDITIONS_BY_TYPE":{"CONCEPT_NAME":"Claim","COUNT_VALUE":295},"AGE_AT_FIRST_DIAGNOSIS":{"CATEGORY":["No matching concept","FEMALE","MALE"],"MIN_VALUE":[26,0,2],"P10_VALUE":[26,6,17],"P25_VALUE":[38,26,31],"MEDIAN_VALUE":[55,47,49],"P75_VALUE":[77,63,58],"P90_VALUE":[80,78,76],"MAX_VALUE":[80,94,96]}}
