{"PREVALENCE_BY_GENDER_AGE_YEAR":{"TRELLIS_NAME":["60-69","10-19","20-29","40-49","30-39"],"SERIES_NAME":["MALE","MALE","FEMALE","FEMALE","FEMALE"],"X_CALENDAR_YEAR":[2019,2019,2019,2019,2019],"Y_PREVALENCE_1000PP":[1.53846,1.37489,1.49875,1.14204,1.62813]},"PREVALENCE_BY_MONTH":{"X_CALENDAR_MONTH":[201901,201902,201903,201905,201906,201908,201909,201910],"Y_PREVALENCE_1000PP":[0.06,0.08,0.08,0.11,0.09,0.1,0.09,0.1]},"CONDITIONS_BY_TYPE":{"CONCEPT_NAME":"Claim","COUNT_VALUE":154},"AGE_AT_FIRST_DIAGNOSIS":{"CATEGORY":["FEMALE","MALE"],"MIN_VALUE":[1,1],"P10_VALUE":[20,9],"P25_VALUE":[27,19],"MEDIAN_VALUE":[39,41],"P75_VALUE":[55,65],"P90_VALUE":[64,78],"MAX_VALUE":[99,94]}}
