{"PREVALENCE_BY_GENDER_AGE_YEAR":{"TRELLIS_NAME":["50-59","60-69","40-49","10-19","20-29","40-49","30-39"],"SERIES_NAME":["MALE","MALE","MALE","FEMALE","MALE","FEMALE","MALE"],"X_CALENDAR_YEAR":[2019,2019,2019,2019,2019,2019,2019],"Y_PREVALENCE_1000PP":[1.02684,1.15385,1.1701,1.74902,1.51668,0.85653,1.3557]},"PREVALENCE_BY_MONTH":{"X_CALENDAR_MONTH":[201901,201902,201904,201907,201909,201910,201912],"Y_PREVALENCE_1000PP":[0.06,0.1,0.12,0.08,0.1,0.09,0.1]},"CONDITIONS_BY_TYPE":{"CONCEPT_NAME":"Claim","COUNT_VALUE":148},"AGE_AT_FIRST_DIAGNOSIS":{"CATEGORY":["MALE","FEMALE"],"MIN_VALUE":[9,5],"P10_VALUE":[21,12],"P25_VALUE":[31,22],"MEDIAN_VALUE":[45,46],"P75_VALUE":[68,70],"P90_VALUE":[79,92],"MAX_VALUE":[95,98]}}
