{"PREVALENCE_BY_GENDER_AGE_YEAR":{"TRELLIS_NAME":["10-19","30-39","40-49","50-59","70-79","20-29","60-69","40-49","30-39","50-59"],"SERIES_NAME":["FEMALE","FEMALE","MALE","FEMALE","FEMALE","FEMALE","FEMALE","FEMALE","MALE","MALE"],"X_CALENDAR_YEAR":[2019,2019,2019,2019,2019,2019,2019,2019,2019,2019],"Y_PREVALENCE_1000PP":[1.53039,1.30251,0.87758,1.73837,1.6679,1.1657,1.14155,0.99929,1.3557,0.88015]},"PREVALENCE_BY_MONTH":{"X_CALENDAR_MONTH":[201901,201904,201905,201906,201907,201908,201909,201910,201912],"Y_PREVALENCE_1000PP":[0.15,0.12,0.14,0.08,0.1,0.1,0.13,0.11,0.06]},"CONDITIONS_BY_TYPE":{"CONCEPT_NAME":"Claim","COUNT_VALUE":186},"AGE_AT_FIRST_DIAGNOSIS":{"CATEGORY":["MALE","FEMALE"],"MIN_VALUE":[4,5],"P10_VALUE":[12,16],"P25_VALUE":[30,29],"MEDIAN_VALUE":[46,50],"P75_VALUE":[69,66],"P90_VALUE":[83,79],"MAX_VALUE":[98,96]}}
