{"PREVALENCE_BY_GENDER_AGE_YEAR":{"TRELLIS_NAME":["80-89","30-39","30-39","20-29","50-59","40-49","20-29","40-49","60-69","10-19","0-9","50-59","0-9","70-79","60-69"],"SERIES_NAME":["MALE","FEMALE","MALE","MALE","FEMALE","MALE","FEMALE","FEMALE","MALE","MALE","MALE","MALE","FEMALE","FEMALE","FEMALE"],"X_CALENDAR_YEAR":[2019,2019,2019,2019,2019,2019,2019,2019,2019,2019,2019,2019,2019,2019,2019],"Y_PREVALENCE_1000PP":[3.86527,2.27939,2.03355,1.01112,1.15892,2.63273,1.1657,1.57031,2.5,1.60403,2.8979,1.46692,1.2621,2.40919,1.71233]},"PREVALENCE_BY_MONTH":{"X_CALENDAR_MONTH":[201901,201902,201903,201904,201905,201906,201907,201908,201909,201910,201911,201912],"Y_PREVALENCE_1000PP":[0.16,0.1,0.11,0.16,0.14,0.14,0.17,0.17,0.13,0.14,0.15,0.16]},"CONDITIONS_BY_TYPE":{"CONCEPT_NAME":"Claim","COUNT_VALUE":278},"AGE_AT_FIRST_DIAGNOSIS":{"CATEGORY":["MALE","FEMALE"],"MIN_VALUE":[0,1],"P10_VALUE":[7,15],"P25_VALUE":[24,31],"MEDIAN_VALUE":[45,47],"P75_VALUE":[63,67],"P90_VALUE":[84,79],"MAX_VALUE":[98,98]}}
