{"PREVALENCE_BY_GENDER_AGE_YEAR":{"TRELLIS_NAME":["30-39","0-9","50-59","70-79","90-99","60-69","0-9","60-69","10-19","20-29","40-49","10-19","30-39","90-99","80-89","40-49","70-79","50-59","20-29","80-89"],"SERIES_NAME":["FEMALE","MALE","MALE","MALE","FEMALE","MALE","FEMALE","FEMALE","MALE","FEMALE","MALE","FEMALE","MALE","MALE","FEMALE","FEMALE","FEMALE","FEMALE","MALE","MALE"],"X_CALENDAR_YEAR":[2019,2019,2019,2019,2019,2019,2019,2019,2019,2019,2019,2019,2019,2019,2019,2019,2019,2019,2019,2019],"Y_PREVALENCE_1000PP":[8.79192,6.91039,8.21476,9.49307,7.80379,6.73077,8.41397,6.4688,7.10357,7.32723,7.31315,10.05684,8.30368,5.69801,9.79827,5.99572,8.33951,8.25728,7.07786,8.8349]},"PREVALENCE_BY_MONTH":{"X_CALENDAR_MONTH":[201901,201902,201903,201904,201905,201906,201907,201908,201909,201910,201911,201912],"Y_PREVALENCE_1000PP":[0.79,0.58,0.6,0.63,0.64,0.54,0.87,0.56,0.63,0.72,0.62,0.67]},"CONDITIONS_BY_TYPE":{"CONCEPT_NAME":"Claim","COUNT_VALUE":1345},"AGE_AT_FIRST_DIAGNOSIS":{"CATEGORY":["No matching concept","MALE","FEMALE"],"MIN_VALUE":[4,0,0],"P10_VALUE":[6,11,9],"P25_VALUE":[15,27,23],"MEDIAN_VALUE":[27,45,42],"P75_VALUE":[50,65,62],"P90_VALUE":[73,77,77],"MAX_VALUE":[73,99,98]}}
