{"PREVALENCE_BY_GENDER_AGE_YEAR":{"TRELLIS_NAME":["30-39","0-9","20-29","50-59","70-79","60-69","30-39","40-49","60-69","50-59","70-79","20-29","10-19","10-19"],"SERIES_NAME":["MALE","MALE","MALE","FEMALE","FEMALE","FEMALE","FEMALE","MALE","MALE","MALE","MALE","FEMALE","MALE","FEMALE"],"X_CALENDAR_YEAR":[2019,2019,2019,2019,2019,2019,2019,2019,2019,2019,2019,2019,2019,2019],"Y_PREVALENCE_1000PP":[1.3557,1.78333,2.19077,1.73837,1.6679,1.52207,2.11657,2.04768,1.73077,2.20038,2.27834,1.1657,2.52062,1.96764]},"PREVALENCE_BY_MONTH":{"X_CALENDAR_MONTH":[201901,201902,201903,201904,201905,201906,201907,201909,201910,201911,201912],"Y_PREVALENCE_1000PP":[0.23,0.15,0.13,0.16,0.15,0.14,0.12,0.18,0.12,0.17,0.11]},"CONDITIONS_BY_TYPE":{"CONCEPT_NAME":"Claim","COUNT_VALUE":277},"AGE_AT_FIRST_DIAGNOSIS":{"CATEGORY":["FEMALE","MALE"],"MIN_VALUE":[1,0],"P10_VALUE":[17,12],"P25_VALUE":[28,24],"MEDIAN_VALUE":[48,47],"P75_VALUE":[68,64],"P90_VALUE":[79,78],"MAX_VALUE":[95,92]}}
