{"PREVALENCE_BY_GENDER_AGE_YEAR":{"TRELLIS_NAME":["20-29","10-19","30-39","50-59","40-49","40-49","70-79","0-9"],"SERIES_NAME":["FEMALE","FEMALE","FEMALE","MALE","FEMALE","MALE","FEMALE","FEMALE"],"X_CALENDAR_YEAR":[2019,2019,2019,2019,2019,2019,2019,2019],"Y_PREVALENCE_1000PP":[1.33222,1.74902,0.97688,1.02684,1.2848,1.1701,1.85322,1.2621]},"PREVALENCE_BY_MONTH":{"X_CALENDAR_MONTH":[201901,201903,201904,201905,201906,201907,201908,201910,201911,201912],"Y_PREVALENCE_1000PP":[0.07,0.11,0.13,0.07,0.08,0.1,0.09,0.08,0.1,0.14]},"CONDITIONS_BY_TYPE":{"CONCEPT_NAME":"Claim","COUNT_VALUE":181},"AGE_AT_FIRST_DIAGNOSIS":{"CATEGORY":["MALE","FEMALE"],"MIN_VALUE":[4,2],"P10_VALUE":[11,8],"P25_VALUE":[25,23],"MEDIAN_VALUE":[42,41],"P75_VALUE":[59,68],"P90_VALUE":[76,77],"MAX_VALUE":[95,96]}}
