{"PREVALENCE_BY_GENDER_AGE_YEAR":{"TRELLIS_NAME":["70-79","40-49","30-39","20-29","70-79","40-49"],"SERIES_NAME":["MALE","MALE","FEMALE","MALE","FEMALE","FEMALE"],"X_CALENDAR_YEAR":[2019,2019,2019,2019,2019,2019],"Y_PREVALENCE_1000PP":[1.51889,1.1701,0.97688,1.17964,1.29726,1.14204]},"PREVALENCE_BY_MONTH":{"X_CALENDAR_MONTH":[201901,201902,201903,201906,201907,201909,201910,201911,201912],"Y_PREVALENCE_1000PP":[0.12,0.09,0.08,0.06,0.08,0.12,0.08,0.1,0.06]},"CONDITIONS_BY_TYPE":{"CONCEPT_NAME":"Claim","COUNT_VALUE":144},"AGE_AT_FIRST_DIAGNOSIS":{"CATEGORY":["MALE","FEMALE"],"MIN_VALUE":[8,4],"P10_VALUE":[12,9],"P25_VALUE":[28,23],"MEDIAN_VALUE":[49,42],"P75_VALUE":[70,58],"P90_VALUE":[80,72],"MAX_VALUE":[97,78]}}
