{"PREVALENCE_BY_GENDER_AGE_YEAR":{"TRELLIS_NAME":["30-39","50-59","40-49","20-29","60-69","70-79","50-59","0-9","20-29","70-79","30-39","10-19"],"SERIES_NAME":["FEMALE","FEMALE","FEMALE","FEMALE","MALE","FEMALE","MALE","FEMALE","MALE","MALE","MALE","FEMALE"],"X_CALENDAR_YEAR":[2019,2019,2019,2019,2019,2019,2019,2019,2019,2019,2019,2019],"Y_PREVALENCE_1000PP":[1.30251,1.88324,1.42755,1.33222,1.92308,1.29726,1.02684,1.47244,1.01112,1.32903,1.01678,3.06078]},"PREVALENCE_BY_MONTH":{"X_CALENDAR_MONTH":[201901,201902,201903,201904,201905,201906,201907,201908,201909,201910],"Y_PREVALENCE_1000PP":[0.11,0.14,0.11,0.16,0.11,0.16,0.19,0.1,0.13,0.07]},"CONDITIONS_BY_TYPE":{"CONCEPT_NAME":"Claim","COUNT_VALUE":249},"AGE_AT_FIRST_DIAGNOSIS":{"CATEGORY":["MALE","FEMALE"],"MIN_VALUE":[1,0],"P10_VALUE":[15,10],"P25_VALUE":[32,18],"MEDIAN_VALUE":[54,41],"P75_VALUE":[72,59],"P90_VALUE":[85,84],"MAX_VALUE":[99,99]}}
