{"PREVALENCE_BY_GENDER_AGE_YEAR":{"TRELLIS_NAME":["10-19","60-69","20-29","50-59","0-9","70-79","30-39","70-79","40-49","40-49","20-29","50-59","30-39"],"SERIES_NAME":["FEMALE","MALE","FEMALE","MALE","MALE","MALE","MALE","FEMALE","MALE","FEMALE","MALE","FEMALE","FEMALE"],"X_CALENDAR_YEAR":[2019,2019,2019,2019,2019,2019,2019,2019,2019,2019,2019,2019,2019],"Y_PREVALENCE_1000PP":[1.74902,1.53846,1.99833,2.05369,1.78333,2.84792,1.69463,1.85322,1.46263,3.42612,2.19077,2.17297,1.79095]},"PREVALENCE_BY_MONTH":{"X_CALENDAR_MONTH":[201901,201902,201903,201904,201905,201906,201907,201908,201909,201910,201911,201912],"Y_PREVALENCE_1000PP":[0.19,0.16,0.18,0.17,0.14,0.15,0.17,0.13,0.16,0.15,0.16,0.15]},"CONDITIONS_BY_TYPE":{"CONCEPT_NAME":"Claim","COUNT_VALUE":328},"AGE_AT_FIRST_DIAGNOSIS":{"CATEGORY":["MALE","FEMALE"],"MIN_VALUE":[2,5],"P10_VALUE":[15,19],"P25_VALUE":[24,34],"MEDIAN_VALUE":[49,45],"P75_VALUE":[72,59],"P90_VALUE":[78,77],"MAX_VALUE":[96,98]}}
