{"PREVALENCE_BY_GENDER_AGE_YEAR":{"TRELLIS_NAME":["30-39","70-79","40-49","40-49","30-39"],"SERIES_NAME":["MALE","FEMALE","FEMALE","MALE","FEMALE"],"X_CALENDAR_YEAR":[2019,2019,2019,2019,2019],"Y_PREVALENCE_1000PP":[1.3557,1.29726,0.99929,0.87758,0.97688]},"PREVALENCE_BY_MONTH":{"X_CALENDAR_MONTH":[201901,201902,201903,201904,201905,201906,201910,201912],"Y_PREVALENCE_1000PP":[0.07,0.08,0.12,0.06,0.06,0.06,0.08,0.06]},"CONDITIONS_BY_TYPE":{"CONCEPT_NAME":"Claim","COUNT_VALUE":130},"AGE_AT_FIRST_DIAGNOSIS":{"CATEGORY":["MALE","FEMALE"],"MIN_VALUE":[7,0],"P10_VALUE":[13,6],"P25_VALUE":[33,26],"MEDIAN_VALUE":[46,44],"P75_VALUE":[64,68],"P90_VALUE":[77,76],"MAX_VALUE":[97,93]}}
