{"PREVALENCE_BY_GENDER_AGE_YEAR":{"TRELLIS_NAME":["0-9","70-79","90-99","0-9","50-59","70-79","30-39","10-19","20-29","20-29","30-39","60-69","40-49","50-59","40-49","60-69","80-89"],"SERIES_NAME":["MALE","FEMALE","FEMALE","FEMALE","FEMALE","MALE","FEMALE","FEMALE","FEMALE","MALE","MALE","MALE","MALE","MALE","FEMALE","FEMALE","MALE"],"X_CALENDAR_YEAR":[2019,2019,2019,2019,2019,2019,2019,2019,2019,2019,2019,2019,2019,2019,2019,2019,2019],"Y_PREVALENCE_1000PP":[2.00624,1.85322,5.01672,2.10349,1.88324,1.89861,2.93064,1.74902,3.33056,2.19077,2.37248,3.84615,2.34021,1.46692,2.42684,2.85388,4.41745]},"PREVALENCE_BY_MONTH":{"X_CALENDAR_MONTH":[201901,201902,201903,201904,201905,201906,201907,201908,201909,201910,201911,201912],"Y_PREVALENCE_1000PP":[0.26,0.13,0.26,0.18,0.17,0.18,0.23,0.1,0.25,0.25,0.15,0.23]},"CONDITIONS_BY_TYPE":{"CONCEPT_NAME":"Claim","COUNT_VALUE":391},"AGE_AT_FIRST_DIAGNOSIS":{"CATEGORY":["No matching concept","MALE","FEMALE"],"MIN_VALUE":[6,1,2],"P10_VALUE":[6,13,12],"P25_VALUE":[25,30,25],"MEDIAN_VALUE":[34,45,44],"P75_VALUE":[62,66,65],"P90_VALUE":[82,79,79],"MAX_VALUE":[82,98,99]}}
