{"PREVALENCE_BY_GENDER_AGE_YEAR":{"TRELLIS_NAME":["10-19","30-39","80-89","80-89","40-49","40-49","20-29","60-69","90-99","0-9","30-39","20-29","0-9","50-59","60-69","90-99","50-59","10-19","70-79","70-79"],"SERIES_NAME":["MALE","FEMALE","MALE","FEMALE","MALE","FEMALE","MALE","FEMALE","FEMALE","MALE","MALE","FEMALE","FEMALE","MALE","MALE","MALE","FEMALE","FEMALE","FEMALE","MALE"],"X_CALENDAR_YEAR":[2019,2019,2019,2019,2019,2019,2019,2019,2019,2019,2019,2019,2019,2019,2019,2019,2019,2019,2019,2019],"Y_PREVALENCE_1000PP":[34.37214,40.0521,32.0265,39.76945,40.36858,39.68594,33.70408,39.76408,38.46154,38.78734,37.28182,37.13572,32.39377,35.93956,34.80769,34.18803,34.76749,37.82247,42.25352,37.02297]},"PREVALENCE_BY_MONTH":{"X_CALENDAR_MONTH":[201901,201902,201903,201904,201905,201906,201907,201908,201909,201910,201911,201912],"Y_PREVALENCE_1000PP":[3.76,2.85,2.81,4.04,2.91,3.07,3.43,2.82,2.73,3.59,2.88,3.09]},"CONDITIONS_BY_TYPE":{"CONCEPT_NAME":"Claim","COUNT_VALUE":6443},"AGE_AT_FIRST_DIAGNOSIS":{"CATEGORY":["No matching concept","FEMALE","MALE"],"MIN_VALUE":[0,0,0],"P10_VALUE":[10,12,10],"P25_VALUE":[27,26,25],"MEDIAN_VALUE":[44,45,45],"P75_VALUE":[61,64,63],"P90_VALUE":[76,78,76],"MAX_VALUE":[98,99,99]}}
