{"PREVALENCE_BY_GENDER_AGE_YEAR":{"TRELLIS_NAME":["50-59","50-59","40-49","0-9","30-39","10-19","40-49","70-79","20-29","60-69","10-19","60-69","30-39","70-79","20-29"],"SERIES_NAME":["MALE","FEMALE","FEMALE","FEMALE","FEMALE","FEMALE","MALE","FEMALE","FEMALE","MALE","MALE","FEMALE","MALE","MALE","MALE"],"X_CALENDAR_YEAR":[2019,2019,2019,2019,2019,2019,2019,2019,2019,2019,2019,2019,2019,2019,2019],"Y_PREVALENCE_1000PP":[1.17354,1.59351,2.71235,2.10349,2.27939,2.4049,3.36405,1.48258,1.1657,1.92308,1.37489,2.28311,2.37248,1.32903,2.02224]},"PREVALENCE_BY_MONTH":{"X_CALENDAR_MONTH":[201901,201902,201903,201904,201905,201906,201907,201908,201910,201911,201912],"Y_PREVALENCE_1000PP":[0.18,0.09,0.11,0.26,0.14,0.24,0.16,0.17,0.17,0.16,0.18]},"CONDITIONS_BY_TYPE":{"CONCEPT_NAME":"Claim","COUNT_VALUE":317},"AGE_AT_FIRST_DIAGNOSIS":{"CATEGORY":["FEMALE","MALE"],"MIN_VALUE":[0,3],"P10_VALUE":[9,19],"P25_VALUE":[26,29],"MEDIAN_VALUE":[42,43],"P75_VALUE":[60,60],"P90_VALUE":[72,76],"MAX_VALUE":[99,99]}}
