{"PREVALENCE_BY_GENDER_AGE_YEAR":{"TRELLIS_NAME":["60-69","0-9","40-49","50-59","20-29","20-29","40-49","60-69","30-39","10-19","0-9"],"SERIES_NAME":["MALE","FEMALE","MALE","MALE","FEMALE","MALE","FEMALE","FEMALE","MALE","FEMALE","MALE"],"X_CALENDAR_YEAR":[2019,2019,2019,2019,2019,2019,2019,2019,2019,2019,2019],"Y_PREVALENCE_1000PP":[2.5,1.2621,1.02384,1.76031,0.99917,1.17964,1.42755,2.28311,1.52517,1.53039,2.22916]},"PREVALENCE_BY_MONTH":{"X_CALENDAR_MONTH":[201901,201902,201903,201904,201905,201906,201907,201908,201909,201910,201911,201912],"Y_PREVALENCE_1000PP":[0.18,0.1,0.09,0.14,0.08,0.07,0.15,0.08,0.12,0.19,0.09,0.14]},"CONDITIONS_BY_TYPE":{"CONCEPT_NAME":"Claim","COUNT_VALUE":228},"AGE_AT_FIRST_DIAGNOSIS":{"CATEGORY":["MALE","FEMALE","No matching concept"],"MIN_VALUE":[1,1,21],"P10_VALUE":[4,9,21],"P25_VALUE":[25,23,24],"MEDIAN_VALUE":[48,43,44],"P75_VALUE":[64,65,56],"P90_VALUE":[79,80,82],"MAX_VALUE":[92,98,82]}}
