{"PREVALENCE_BY_GENDER_AGE_YEAR":{"TRELLIS_NAME":["20-29","20-29","50-59","40-49","60-69","30-39","10-19","70-79","30-39","0-9","50-59","70-79","10-19","60-69","90-99","0-9","40-49"],"SERIES_NAME":["MALE","FEMALE","MALE","FEMALE","MALE","FEMALE","MALE","FEMALE","MALE","MALE","FEMALE","MALE","FEMALE","FEMALE","MALE","FEMALE","MALE"],"X_CALENDAR_YEAR":[2019,2019,2019,2019,2019,2019,2019,2019,2019,2019,2019,2019,2019,2019,2019,2019,2019],"Y_PREVALENCE_1000PP":[1.6852,1.99833,3.08053,1.57031,2.5,2.76783,2.29148,2.03855,3.21979,2.67499,1.30378,1.89861,1.96764,1.71233,5.12821,1.89314,2.04768]},"PREVALENCE_BY_MONTH":{"X_CALENDAR_MONTH":[201901,201902,201903,201904,201905,201906,201907,201908,201909,201910,201911,201912],"Y_PREVALENCE_1000PP":[0.21,0.07,0.23,0.23,0.17,0.23,0.2,0.24,0.12,0.21,0.09,0.18]},"CONDITIONS_BY_TYPE":{"CONCEPT_NAME":"Claim","COUNT_VALUE":391},"AGE_AT_FIRST_DIAGNOSIS":{"CATEGORY":["MALE","FEMALE"],"MIN_VALUE":[0,1],"P10_VALUE":[10,11],"P25_VALUE":[27,24],"MEDIAN_VALUE":[45,39],"P75_VALUE":[62,60],"P90_VALUE":[81,76],"MAX_VALUE":[99,93]}}
