{"PREVALENCE_BY_GENDER_AGE_YEAR":{"TRELLIS_NAME":["60-69","20-29","30-39","0-9","30-39","10-19","60-69","20-29","70-79","50-59","40-49","50-59","40-49","0-9","10-19","70-79"],"SERIES_NAME":["MALE","FEMALE","MALE","MALE","FEMALE","MALE","FEMALE","MALE","FEMALE","FEMALE","MALE","MALE","FEMALE","FEMALE","FEMALE","MALE"],"X_CALENDAR_YEAR":[2019,2019,2019,2019,2019,2019,2019,2019,2019,2019,2019,2019,2019,2019,2019,2019],"Y_PREVALENCE_1000PP":[1.53846,1.99833,3.05033,1.78333,1.62813,2.52062,1.52207,2.35929,1.85322,1.44865,1.46263,0.88015,2.99786,2.10349,2.62352,1.70875]},"PREVALENCE_BY_MONTH":{"X_CALENDAR_MONTH":[201901,201902,201903,201904,201905,201906,201907,201908,201909,201910,201911,201912],"Y_PREVALENCE_1000PP":[0.22,0.17,0.1,0.21,0.14,0.16,0.18,0.19,0.1,0.15,0.12,0.14]},"CONDITIONS_BY_TYPE":{"CONCEPT_NAME":"Claim","COUNT_VALUE":327},"AGE_AT_FIRST_DIAGNOSIS":{"CATEGORY":["MALE","FEMALE"],"MIN_VALUE":[0,0],"P10_VALUE":[10,9],"P25_VALUE":[20,21],"MEDIAN_VALUE":[36,41],"P75_VALUE":[57,57],"P90_VALUE":[72,75],"MAX_VALUE":[95,93]}}
