{"PREVALENCE_BY_GENDER_AGE_YEAR":{"TRELLIS_NAME":["20-29","30-39","10-19","50-59","30-39","40-49","60-69","20-29","50-59","0-9","0-9","70-79","10-19","40-49"],"SERIES_NAME":["MALE","FEMALE","FEMALE","FEMALE","MALE","FEMALE","FEMALE","FEMALE","MALE","FEMALE","MALE","FEMALE","MALE","MALE"],"X_CALENDAR_YEAR":[2019,2019,2019,2019,2019,2019,2019,2019,2019,2019,2019,2019,2019,2019],"Y_PREVALENCE_1000PP":[1.17964,0.97688,1.53039,1.73837,1.52517,1.2848,1.33181,1.33222,1.46692,1.68279,2.00624,1.29726,1.83318,1.46263]},"PREVALENCE_BY_MONTH":{"X_CALENDAR_MONTH":[201901,201902,201903,201904,201905,201906,201907,201908,201909,201910,201911,201912],"Y_PREVALENCE_1000PP":[0.08,0.11,0.14,0.13,0.11,0.07,0.09,0.15,0.08,0.17,0.11,0.12]},"CONDITIONS_BY_TYPE":{"CONCEPT_NAME":"Claim","COUNT_VALUE":225},"AGE_AT_FIRST_DIAGNOSIS":{"CATEGORY":["FEMALE","MALE"],"MIN_VALUE":[1,1],"P10_VALUE":[4,7],"P25_VALUE":[23,16],"MEDIAN_VALUE":[47,38],"P75_VALUE":[66,56],"P90_VALUE":[79,77],"MAX_VALUE":[99,99]}}
