{"PREVALENCE_BY_GENDER_AGE_YEAR":{"TRELLIS_NAME":["0-9","30-39","50-59","40-49","0-9","50-59","10-19","90-99","40-49","60-69","70-79","80-89","10-19","70-79","20-29","30-39","90-99","60-69","20-29"],"SERIES_NAME":["MALE","FEMALE","MALE","MALE","FEMALE","FEMALE","MALE","MALE","FEMALE","FEMALE","MALE","FEMALE","FEMALE","FEMALE","MALE","MALE","FEMALE","MALE","FEMALE"],"X_CALENDAR_YEAR":[2019,2019,2019,2019,2019,2019,2019,2019,2019,2019,2019,2019,2019,2019,2019,2019,2019,2019,2019],"Y_PREVALENCE_1000PP":[2.67499,3.74471,3.96069,2.48647,2.94489,4.20107,2.06233,3.9886,4.28266,2.47336,2.84792,4.03458,4.15391,2.59451,3.20189,3.72818,4.45931,2.30769,3.66361]},"PREVALENCE_BY_MONTH":{"X_CALENDAR_MONTH":[201901,201902,201903,201904,201905,201906,201907,201908,201909,201910,201911,201912],"Y_PREVALENCE_1000PP":[0.31,0.23,0.24,0.24,0.33,0.19,0.34,0.26,0.26,0.35,0.28,0.27]},"CONDITIONS_BY_TYPE":{"CONCEPT_NAME":"Claim","COUNT_VALUE":550},"AGE_AT_FIRST_DIAGNOSIS":{"CATEGORY":["No matching concept","MALE","FEMALE"],"MIN_VALUE":[9,0,2],"P10_VALUE":[9,16,13],"P25_VALUE":[30,27,25],"MEDIAN_VALUE":[70,45,43],"P75_VALUE":[84,62,58],"P90_VALUE":[90,77,77],"MAX_VALUE":[90,99,99]}}
