{"PREVALENCE_BY_GENDER_AGE_YEAR":{"TRELLIS_NAME":["60-69","20-29","30-39","10-19","40-49","20-29","70-79","70-79","0-9","50-59","40-49","0-9","90-99","30-39","50-59","60-69","10-19"],"SERIES_NAME":["FEMALE","FEMALE","MALE","FEMALE","MALE","MALE","MALE","FEMALE","FEMALE","FEMALE","FEMALE","MALE","MALE","FEMALE","MALE","MALE","MALE"],"X_CALENDAR_YEAR":[2019,2019,2019,2019,2019,2019,2019,2019,2019,2019,2019,2019,2019,2019,2019,2019,2019],"Y_PREVALENCE_1000PP":[3.04414,2.83097,2.54194,1.31176,2.92526,2.69633,3.41751,2.96516,3.15524,2.89729,1.85582,2.8979,4.5584,2.76783,2.34707,1.73077,1.60403]},"PREVALENCE_BY_MONTH":{"X_CALENDAR_MONTH":[201901,201902,201903,201904,201905,201906,201907,201908,201909,201910,201911,201912],"Y_PREVALENCE_1000PP":[0.25,0.13,0.28,0.18,0.26,0.17,0.21,0.17,0.28,0.24,0.15,0.23]},"CONDITIONS_BY_TYPE":{"CONCEPT_NAME":"Claim","COUNT_VALUE":421},"AGE_AT_FIRST_DIAGNOSIS":{"CATEGORY":["MALE","No matching concept","FEMALE"],"MIN_VALUE":[1,20,0],"P10_VALUE":[9,20,8],"P25_VALUE":[26,36,25],"MEDIAN_VALUE":[45,52,42],"P75_VALUE":[65,73,62],"P90_VALUE":[79,82,72],"MAX_VALUE":[98,82,96]}}
