{"PREVALENCE_BY_GENDER_AGE_YEAR":{"TRELLIS_NAME":["30-39","40-49","70-79","0-9","50-59","10-19","30-39","50-59","60-69","80-89","0-9","40-49","20-29","10-19","60-69","90-99","80-89","70-79","90-99","20-29"],"SERIES_NAME":["MALE","FEMALE","MALE","MALE","FEMALE","MALE","FEMALE","MALE","FEMALE","MALE","FEMALE","MALE","MALE","FEMALE","MALE","MALE","FEMALE","FEMALE","FEMALE","FEMALE"],"X_CALENDAR_YEAR":[2019,2019,2019,2019,2019,2019,2019,2019,2019,2019,2019,2019,2019,2019,2019,2019,2019,2019,2019,2019],"Y_PREVALENCE_1000PP":[23.38587,21.69879,24.30226,21.84574,25.20643,23.1439,19.86324,22.15051,21.49924,20.98288,22.71771,21.79318,17.69464,22.51858,21.15385,18.80342,27.66571,19.08821,20.06689,22.31474]},"PREVALENCE_BY_MONTH":{"X_CALENDAR_MONTH":[201901,201902,201903,201904,201905,201906,201907,201908,201909,201910,201911,201912],"Y_PREVALENCE_1000PP":[2.4,1.65,1.93,2.08,1.57,1.67,2.14,1.6,1.5,2.26,1.61,1.6]},"CONDITIONS_BY_TYPE":{"CONCEPT_NAME":"Claim","COUNT_VALUE":3692},"AGE_AT_FIRST_DIAGNOSIS":{"CATEGORY":["FEMALE","MALE","No matching concept"],"MIN_VALUE":[0,0,0],"P10_VALUE":[10,10,4],"P25_VALUE":[24,26,36],"MEDIAN_VALUE":[45,45,48],"P75_VALUE":[61,64,62],"P90_VALUE":[77,76,76],"MAX_VALUE":[99,99,93]}}
