{"PREVALENCE_BY_GENDER_AGE_YEAR":{"TRELLIS_NAME":["50-59","80-89","20-29","30-39","70-79","60-69","40-49","10-19","0-9","50-59","0-9","20-29","70-79","40-49","90-99","60-69","10-19","30-39"],"SERIES_NAME":["MALE","MALE","MALE","FEMALE","FEMALE","MALE","FEMALE","MALE","MALE","FEMALE","FEMALE","FEMALE","MALE","MALE","MALE","FEMALE","FEMALE","MALE"],"X_CALENDAR_YEAR":[2019,2019,2019,2019,2019,2019,2019,2019,2019,2019,2019,2019,2019,2019,2019,2019,2019,2019],"Y_PREVALENCE_1000PP":[3.08053,3.31309,4.88709,4.39596,5.18903,2.5,5.56745,3.43721,3.78957,3.62161,4.20698,4.32973,2.27834,2.779,3.9886,3.04414,3.06078,4.5755]},"PREVALENCE_BY_MONTH":{"X_CALENDAR_MONTH":[201901,201902,201903,201904,201905,201906,201907,201908,201909,201910,201911,201912],"Y_PREVALENCE_1000PP":[0.49,0.29,0.33,0.31,0.25,0.39,0.32,0.25,0.2,0.37,0.27,0.32]},"CONDITIONS_BY_TYPE":{"CONCEPT_NAME":"Claim","COUNT_VALUE":642},"AGE_AT_FIRST_DIAGNOSIS":{"CATEGORY":["MALE","No matching concept","FEMALE"],"MIN_VALUE":[0,25,0],"P10_VALUE":[9,25,10],"P25_VALUE":[25,36,24],"MEDIAN_VALUE":[37,53,44],"P75_VALUE":[59,55,61],"P90_VALUE":[79,73,73],"MAX_VALUE":[99,73,99]}}
