{"PREVALENCE_BY_GENDER_AGE_YEAR":{"TRELLIS_NAME":["20-29","60-69","40-49","10-19","30-39","70-79","50-59","40-49","70-79","10-19","60-69","30-39"],"SERIES_NAME":["MALE","MALE","FEMALE","FEMALE","MALE","MALE","MALE","MALE","FEMALE","MALE","FEMALE","FEMALE"],"X_CALENDAR_YEAR":[2019,2019,2019,2019,2019,2019,2019,2019,2019,2019,2019,2019],"Y_PREVALENCE_1000PP":[1.01112,1.34615,1.42755,1.53039,1.18624,1.32903,1.907,1.1701,1.48258,1.37489,1.71233,1.13969]},"PREVALENCE_BY_MONTH":{"X_CALENDAR_MONTH":[201901,201902,201903,201904,201905,201906,201907,201909,201910,201911],"Y_PREVALENCE_1000PP":[0.08,0.08,0.16,0.11,0.09,0.07,0.13,0.08,0.11,0.1]},"CONDITIONS_BY_TYPE":{"CONCEPT_NAME":"Claim","COUNT_VALUE":179},"AGE_AT_FIRST_DIAGNOSIS":{"CATEGORY":["FEMALE","MALE"],"MIN_VALUE":[0,8],"P10_VALUE":[10,15],"P25_VALUE":[33,30],"MEDIAN_VALUE":[42,50],"P75_VALUE":[65,63],"P90_VALUE":[76,74],"MAX_VALUE":[79,83]}}
