{"PREVALENCE_BY_GENDER_AGE_YEAR":{"TRELLIS_NAME":["10-19","0-9","50-59","20-29","60-69","0-9","60-69","50-59","20-29","30-39","40-49"],"SERIES_NAME":["FEMALE","MALE","FEMALE","MALE","FEMALE","FEMALE","MALE","MALE","FEMALE","FEMALE","FEMALE"],"X_CALENDAR_YEAR":[2019,2019,2019,2019,2019,2019,2019,2019,2019,2019,2019],"Y_PREVALENCE_1000PP":[1.31176,1.78333,1.30378,1.01112,1.52207,1.2621,1.73077,1.32023,1.33222,1.46532,1.14204]},"PREVALENCE_BY_MONTH":{"X_CALENDAR_MONTH":[201901,201902,201903,201904,201905,201906,201907,201908,201909,201910,201911,201912],"Y_PREVALENCE_1000PP":[0.15,0.07,0.11,0.08,0.09,0.07,0.11,0.09,0.1,0.09,0.08,0.1]},"CONDITIONS_BY_TYPE":{"CONCEPT_NAME":"Claim","COUNT_VALUE":194},"AGE_AT_FIRST_DIAGNOSIS":{"CATEGORY":["MALE","FEMALE"],"MIN_VALUE":[0,3],"P10_VALUE":[5,13],"P25_VALUE":[24,25],"MEDIAN_VALUE":[48,43],"P75_VALUE":[62,59],"P90_VALUE":[74,71],"MAX_VALUE":[94,88]}}
