{"PREVALENCE_BY_GENDER_AGE_YEAR":{"TRELLIS_NAME":["0-9","80-89","60-69","50-59","20-29","40-49","20-29","30-39","70-79","80-89","30-39","50-59","40-49","0-9","10-19","10-19","90-99","70-79","60-69"],"SERIES_NAME":["FEMALE","FEMALE","FEMALE","MALE","FEMALE","FEMALE","MALE","MALE","MALE","MALE","FEMALE","FEMALE","MALE","MALE","FEMALE","MALE","FEMALE","FEMALE","MALE"],"X_CALENDAR_YEAR":[2019,2019,2019,2019,2019,2019,2019,2019,2019,2019,2019,2019,2019,2019,2019,2019,2019,2019,2019],"Y_PREVALENCE_1000PP":[2.94489,5.18732,4.37595,3.08053,3.49709,4.56817,3.20189,3.72818,3.41751,4.41745,5.04722,3.04216,5.1192,4.01248,3.93529,2.74977,4.45931,4.07709,4.23077]},"PREVALENCE_BY_MONTH":{"X_CALENDAR_MONTH":[201901,201902,201903,201904,201905,201906,201907,201908,201909,201910,201911,201912],"Y_PREVALENCE_1000PP":[0.37,0.27,0.25,0.42,0.32,0.3,0.37,0.35,0.26,0.35,0.22,0.38]},"CONDITIONS_BY_TYPE":{"CONCEPT_NAME":"Claim","COUNT_VALUE":626},"AGE_AT_FIRST_DIAGNOSIS":{"CATEGORY":["MALE","No matching concept","FEMALE"],"MIN_VALUE":[0,12,0],"P10_VALUE":[9,12,13],"P25_VALUE":[28,24,27],"MEDIAN_VALUE":[44,27,45],"P75_VALUE":[63,59,65],"P90_VALUE":[76,75,78],"MAX_VALUE":[99,75,98]}}
