{"PREVALENCE_BY_GENDER_AGE_YEAR":{"TRELLIS_NAME":["80-89","50-59","70-79","60-69","10-19","0-9","70-79","50-59","40-49","30-39","30-39","10-19","40-49","20-29","0-9","60-69","20-29"],"SERIES_NAME":["MALE","FEMALE","MALE","MALE","FEMALE","MALE","FEMALE","MALE","MALE","MALE","FEMALE","MALE","FEMALE","FEMALE","FEMALE","FEMALE","MALE"],"X_CALENDAR_YEAR":[2019,2019,2019,2019,2019,2019,2019,2019,2019,2019,2019,2019,2019,2019,2019,2019,2019],"Y_PREVALENCE_1000PP":[4.41745,2.31783,3.03778,3.46154,2.84215,2.45207,2.59451,1.61361,2.19394,3.05033,2.11657,2.74977,2.8551,3.83014,2.73454,1.90259,3.87597]},"PREVALENCE_BY_MONTH":{"X_CALENDAR_MONTH":[201901,201902,201903,201904,201905,201906,201907,201908,201909,201910,201911,201912],"Y_PREVALENCE_1000PP":[0.27,0.17,0.26,0.25,0.26,0.21,0.26,0.21,0.12,0.35,0.19,0.18]},"CONDITIONS_BY_TYPE":{"CONCEPT_NAME":"Claim","COUNT_VALUE":463},"AGE_AT_FIRST_DIAGNOSIS":{"CATEGORY":["FEMALE","MALE"],"MIN_VALUE":[0,1],"P10_VALUE":[11,10],"P25_VALUE":[23,25],"MEDIAN_VALUE":[40,42],"P75_VALUE":[60,65],"P90_VALUE":[78,79],"MAX_VALUE":[98,98]}}
