{"PREVALENCE_BY_GENDER_AGE_YEAR":{"TRELLIS_NAME":["50-59","60-69","50-59","10-19","10-19","30-39","0-9","70-79","70-79","90-99","40-49","40-49","20-29","0-9","30-39","20-29","80-89","60-69"],"SERIES_NAME":["FEMALE","MALE","MALE","FEMALE","MALE","FEMALE","FEMALE","MALE","FEMALE","MALE","FEMALE","MALE","FEMALE","MALE","MALE","MALE","FEMALE","FEMALE"],"X_CALENDAR_YEAR":[2019,2019,2019,2019,2019,2019,2019,2019,2019,2019,2019,2019,2019,2019,2019,2019,2019,2019],"Y_PREVALENCE_1000PP":[3.33188,1.53846,4.69415,2.18627,3.66636,3.09345,3.78629,3.79723,4.63306,4.5584,3.85439,4.24163,5.16236,5.12706,3.21979,2.69633,4.61095,5.13699]},"PREVALENCE_BY_MONTH":{"X_CALENDAR_MONTH":[201901,201902,201903,201904,201905,201906,201907,201908,201909,201910,201911,201912],"Y_PREVALENCE_1000PP":[0.45,0.26,0.27,0.33,0.39,0.22,0.34,0.35,0.23,0.32,0.28,0.31]},"CONDITIONS_BY_TYPE":{"CONCEPT_NAME":"Claim","COUNT_VALUE":641},"AGE_AT_FIRST_DIAGNOSIS":{"CATEGORY":["FEMALE","MALE","No matching concept"],"MIN_VALUE":[0,0,5],"P10_VALUE":[13,7,5],"P25_VALUE":[25,22,33],"MEDIAN_VALUE":[48,44,72],"P75_VALUE":[65,58,78],"P90_VALUE":[76,76,82],"MAX_VALUE":[94,99,82]}}
