{"PREVALENCE_BY_GENDER_AGE_YEAR":{"TRELLIS_NAME":["70-79","70-79","50-59","0-9","60-69","40-49","10-19","50-59","20-29","30-39","0-9","30-39","40-49"],"SERIES_NAME":["FEMALE","MALE","MALE","MALE","FEMALE","MALE","FEMALE","FEMALE","FEMALE","MALE","FEMALE","FEMALE","FEMALE"],"X_CALENDAR_YEAR":[2019,2019,2019,2019,2019,2019,2019,2019,2019,2019,2019,2019,2019],"Y_PREVALENCE_1000PP":[2.22387,1.89861,2.20038,3.12082,2.47336,2.34021,2.4049,1.15892,2.33139,1.69463,1.47244,1.30251,0.99929]},"PREVALENCE_BY_MONTH":{"X_CALENDAR_MONTH":[201901,201902,201903,201904,201905,201906,201907,201908,201909,201910,201911,201912],"Y_PREVALENCE_1000PP":[0.21,0.12,0.08,0.19,0.14,0.13,0.19,0.13,0.06,0.2,0.12,0.17]},"CONDITIONS_BY_TYPE":{"CONCEPT_NAME":"Claim","COUNT_VALUE":292},"AGE_AT_FIRST_DIAGNOSIS":{"CATEGORY":["MALE","FEMALE"],"MIN_VALUE":[1,1],"P10_VALUE":[5,12],"P25_VALUE":[27,24],"MEDIAN_VALUE":[45,42],"P75_VALUE":[58,68],"P90_VALUE":[79,80],"MAX_VALUE":[96,94]}}
