{"PREVALENCE_BY_GENDER_AGE_YEAR":{"TRELLIS_NAME":["90-99","0-9","70-79","40-49","40-49","50-59","0-9","70-79","60-69","80-89","20-29","30-39","10-19","30-39","50-59","10-19","60-69","20-29"],"SERIES_NAME":["MALE","FEMALE","FEMALE","FEMALE","MALE","MALE","MALE","MALE","FEMALE","MALE","MALE","MALE","MALE","FEMALE","FEMALE","FEMALE","MALE","FEMALE"],"X_CALENDAR_YEAR":[2019,2019,2019,2019,2019,2019,2019,2019,2019,2019,2019,2019,2019,2019,2019,2019,2019,2019],"Y_PREVALENCE_1000PP":[3.4188,3.57594,1.48258,3.85439,2.34021,3.08053,2.00624,1.70875,4.18569,3.31309,2.86485,2.7114,1.83318,3.09345,2.60756,1.74902,2.69231,1.99833]},"PREVALENCE_BY_MONTH":{"X_CALENDAR_MONTH":[201901,201902,201903,201904,201905,201906,201907,201908,201909,201910,201911,201912],"Y_PREVALENCE_1000PP":[0.25,0.18,0.23,0.21,0.22,0.24,0.24,0.13,0.22,0.31,0.24,0.2]},"CONDITIONS_BY_TYPE":{"CONCEPT_NAME":"Claim","COUNT_VALUE":443},"AGE_AT_FIRST_DIAGNOSIS":{"CATEGORY":["No matching concept","FEMALE","MALE"],"MIN_VALUE":[14,0,1],"P10_VALUE":[14,9,13],"P25_VALUE":[25,27,26],"MEDIAN_VALUE":[48,44,48],"P75_VALUE":[56,60,63],"P90_VALUE":[75,72,79],"MAX_VALUE":[75,96,98]}}
