{"PREVALENCE_BY_GENDER_AGE_YEAR":{"TRELLIS_NAME":["90-99","20-29","40-49","0-9","30-39","50-59","10-19","50-59","60-69","0-9","20-29","40-49","10-19","70-79","70-79","60-69","30-39"],"SERIES_NAME":["FEMALE","FEMALE","MALE","MALE","FEMALE","MALE","MALE","FEMALE","FEMALE","FEMALE","MALE","FEMALE","FEMALE","MALE","FEMALE","MALE","MALE"],"X_CALENDAR_YEAR":[2019,2019,2019,2019,2019,2019,2019,2019,2019,2019,2019,2019,2019,2019,2019,2019,2019],"Y_PREVALENCE_1000PP":[3.9019,3.33056,3.65657,2.8979,2.76783,2.78715,4.12466,2.17297,3.2344,2.73454,2.69633,2.71235,1.96764,1.89861,3.15048,3.84615,2.20302]},"PREVALENCE_BY_MONTH":{"X_CALENDAR_MONTH":[201901,201902,201903,201904,201905,201906,201907,201908,201909,201910,201911,201912],"Y_PREVALENCE_1000PP":[0.37,0.28,0.24,0.26,0.15,0.23,0.32,0.18,0.15,0.18,0.21,0.26]},"CONDITIONS_BY_TYPE":{"CONCEPT_NAME":"Claim","COUNT_VALUE":472},"AGE_AT_FIRST_DIAGNOSIS":{"CATEGORY":["FEMALE","MALE"],"MIN_VALUE":[1,0],"P10_VALUE":[11,10],"P25_VALUE":[24,21],"MEDIAN_VALUE":[44,45],"P75_VALUE":[65,60],"P90_VALUE":[76,70],"MAX_VALUE":[97,97]}}
