{"PREVALENCE_BY_GENDER_AGE_YEAR":{"TRELLIS_NAME":["60-69","0-9","0-9","50-59","50-59","20-29","10-19","70-79","20-29","60-69","10-19","40-49","40-49","30-39","30-39","70-79"],"SERIES_NAME":["FEMALE","FEMALE","MALE","FEMALE","MALE","FEMALE","FEMALE","FEMALE","MALE","MALE","MALE","FEMALE","MALE","MALE","FEMALE","MALE"],"X_CALENDAR_YEAR":[2019,2019,2019,2019,2019,2019,2019,2019,2019,2019,2019,2019,2019,2019,2019,2019],"Y_PREVALENCE_1000PP":[1.71233,2.73454,2.22916,1.59351,2.34707,2.83097,1.53039,1.6679,1.17964,2.5,1.60403,2.56959,2.34021,1.18624,2.27939,1.13917]},"PREVALENCE_BY_MONTH":{"X_CALENDAR_MONTH":[201901,201902,201903,201904,201905,201906,201907,201908,201909,201910,201911,201912],"Y_PREVALENCE_1000PP":[0.14,0.17,0.13,0.21,0.17,0.15,0.15,0.14,0.16,0.23,0.14,0.15]},"CONDITIONS_BY_TYPE":{"CONCEPT_NAME":"Claim","COUNT_VALUE":342},"AGE_AT_FIRST_DIAGNOSIS":{"CATEGORY":["MALE","FEMALE"],"MIN_VALUE":[0,0],"P10_VALUE":[7,8],"P25_VALUE":[23,21],"MEDIAN_VALUE":[46,40],"P75_VALUE":[60,57],"P90_VALUE":[70,75],"MAX_VALUE":[95,97]}}
