{"PREVALENCE_BY_GENDER_AGE_YEAR":{"TRELLIS_NAME":["50-59","30-39","70-79","10-19","60-69","90-99","40-49","30-39","40-49","20-29","0-9","70-79","60-69","20-29","50-59","10-19","0-9"],"SERIES_NAME":["MALE","MALE","FEMALE","FEMALE","MALE","FEMALE","FEMALE","FEMALE","MALE","FEMALE","MALE","MALE","FEMALE","MALE","FEMALE","MALE","FEMALE"],"X_CALENDAR_YEAR":[2019,2019,2019,2019,2019,2019,2019,2019,2019,2019,2019,2019,2019,2019,2019,2019,2019],"Y_PREVALENCE_1000PP":[2.93384,2.7114,1.85322,2.4049,2.69231,3.34448,3.14061,2.4422,3.07152,2.33139,3.12082,2.4682,4.56621,3.70745,3.04216,2.52062,1.47244]},"PREVALENCE_BY_MONTH":{"X_CALENDAR_MONTH":[201901,201902,201903,201904,201905,201906,201907,201908,201909,201910,201911,201912],"Y_PREVALENCE_1000PP":[0.15,0.18,0.19,0.22,0.2,0.28,0.31,0.21,0.26,0.24,0.27,0.26]},"CONDITIONS_BY_TYPE":{"CONCEPT_NAME":"Claim","COUNT_VALUE":459},"AGE_AT_FIRST_DIAGNOSIS":{"CATEGORY":["MALE","FEMALE"],"MIN_VALUE":[0,0],"P10_VALUE":[8,15],"P25_VALUE":[23,31],"MEDIAN_VALUE":[43,48],"P75_VALUE":[59,64],"P90_VALUE":[74,76],"MAX_VALUE":[98,99]}}
