{"PREVALENCE_BY_GENDER_AGE_YEAR":{"TRELLIS_NAME":["80-89","40-49","30-39","60-69","90-99","50-59","40-49","30-39","0-9","90-99","10-19","60-69","70-79","50-59","0-9","70-79","20-29","20-29","10-19"],"SERIES_NAME":["MALE","FEMALE","MALE","MALE","FEMALE","FEMALE","MALE","FEMALE","MALE","MALE","MALE","FEMALE","FEMALE","MALE","FEMALE","MALE","MALE","FEMALE","FEMALE"],"X_CALENDAR_YEAR":[2019,2019,2019,2019,2019,2019,2019,2019,2019,2019,2019,2019,2019,2019,2019,2019,2019,2019,2019],"Y_PREVALENCE_1000PP":[3.31309,4.71092,3.55872,2.5,4.45931,3.62161,3.07152,5.04722,3.78957,5.69801,2.74977,4.56621,3.70645,4.25407,4.20698,4.74654,3.20189,3.66361,3.49803]},"PREVALENCE_BY_MONTH":{"X_CALENDAR_MONTH":[201901,201902,201903,201904,201905,201906,201907,201908,201909,201910,201911,201912],"Y_PREVALENCE_1000PP":[0.31,0.31,0.3,0.47,0.24,0.3,0.36,0.34,0.23,0.32,0.26,0.37]},"CONDITIONS_BY_TYPE":{"CONCEPT_NAME":"Claim","COUNT_VALUE":628},"AGE_AT_FIRST_DIAGNOSIS":{"CATEGORY":["MALE","FEMALE","No matching concept"],"MIN_VALUE":[0,0,3],"P10_VALUE":[10,10,3],"P25_VALUE":[26,24,19],"MEDIAN_VALUE":[48,41,32],"P75_VALUE":[66,60,40],"P90_VALUE":[79,74,56],"MAX_VALUE":[99,99,56]}}
