{"PREVALENCE_BY_GENDER_AGE_YEAR":{"TRELLIS_NAME":["50-59","70-79","30-39","70-79","40-49","10-19","50-59","90-99","0-9","40-49","0-9","60-69","20-29","60-69","80-89","20-29","80-89","30-39","90-99","10-19"],"SERIES_NAME":["MALE","MALE","FEMALE","FEMALE","MALE","FEMALE","FEMALE","FEMALE","FEMALE","FEMALE","MALE","MALE","FEMALE","FEMALE","FEMALE","MALE","MALE","MALE","MALE","MALE"],"X_CALENDAR_YEAR":[2019,2019,2019,2019,2019,2019,2019,2019,2019,2019,2019,2019,2019,2019,2019,2019,2019,2019,2019,2019],"Y_PREVALENCE_1000PP":[113.0996,107.27169,114.29502,110.26686,113.06128,113.90468,103.43329,114.8272,112.53681,109.63597,111.68078,114.80769,112.90591,108.44749,114.12104,115.77351,103.81005,108.45619,116.80912,103.11641]},"PREVALENCE_BY_MONTH":{"X_CALENDAR_MONTH":[201901,201902,201903,201904,201905,201906,201907,201908,201909,201910,201911,201912],"Y_PREVALENCE_1000PP":[11.36,8.25,8.84,11.27,8.87,9.18,11.62,8.88,8.95,11.47,8.9,8.74]},"CONDITIONS_BY_TYPE":{"CONCEPT_NAME":"Claim","COUNT_VALUE":19730},"AGE_AT_FIRST_DIAGNOSIS":{"CATEGORY":["MALE","No matching concept","FEMALE"],"MIN_VALUE":[0,0,0],"P10_VALUE":[11,11,10],"P25_VALUE":[25,26,24],"MEDIAN_VALUE":[45,44,43],"P75_VALUE":[63,63,63],"P90_VALUE":[77,74,77],"MAX_VALUE":[99,99,99]}}
