{"PREVALENCE_BY_GENDER_AGE_YEAR":{"TRELLIS_NAME":["60-69","20-29","40-49","70-79","40-49","20-29","30-39","50-59","60-69","10-19","0-9","70-79","30-39","10-19","0-9","50-59"],"SERIES_NAME":["MALE","FEMALE","FEMALE","MALE","MALE","MALE","MALE","FEMALE","FEMALE","MALE","FEMALE","FEMALE","FEMALE","FEMALE","MALE","MALE"],"X_CALENDAR_YEAR":[2019,2019,2019,2019,2019,2019,2019,2019,2019,2019,2019,2019,2019,2019,2019,2019],"Y_PREVALENCE_1000PP":[2.88462,2.33139,2.71235,2.4682,2.779,2.86485,4.06711,2.60756,2.09285,2.52062,2.73454,2.77984,3.5819,1.96764,2.45207,2.20038]},"PREVALENCE_BY_MONTH":{"X_CALENDAR_MONTH":[201901,201902,201903,201904,201905,201906,201907,201908,201909,201910,201911,201912],"Y_PREVALENCE_1000PP":[0.31,0.17,0.18,0.25,0.2,0.19,0.25,0.18,0.24,0.32,0.23,0.17]},"CONDITIONS_BY_TYPE":{"CONCEPT_NAME":"Claim","COUNT_VALUE":442},"AGE_AT_FIRST_DIAGNOSIS":{"CATEGORY":["MALE","FEMALE","No matching concept"],"MIN_VALUE":[0,0,19],"P10_VALUE":[13,9,19],"P25_VALUE":[26,27,27],"MEDIAN_VALUE":[41,45,40],"P75_VALUE":[60,61,69],"P90_VALUE":[78,77,78],"MAX_VALUE":[99,98,78]}}
