{"PREVALENCE_BY_GENDER_AGE_YEAR":{"TRELLIS_NAME":["10-19","80-89","90-99","40-49","20-29","70-79","0-9","0-9","30-39","50-59","40-49","80-89","20-29","90-99","70-79","60-69","60-69","50-59","30-39","10-19"],"SERIES_NAME":["MALE","MALE","MALE","MALE","MALE","MALE","FEMALE","MALE","MALE","MALE","FEMALE","FEMALE","FEMALE","FEMALE","FEMALE","FEMALE","MALE","FEMALE","FEMALE","FEMALE"],"X_CALENDAR_YEAR":[2019,2019,2019,2019,2019,2019,2019,2019,2019,2019,2019,2019,2019,2019,2019,2019,2019,2019,2019,2019],"Y_PREVALENCE_1000PP":[18.33181,22.63943,17.09402,24.42592,25.44658,24.68198,18.93143,22.06866,21.52178,21.56374,21.41328,21.32565,22.14821,30.65775,25.75982,24.16286,22.69231,24.33724,22.30544,22.08133]},"PREVALENCE_BY_MONTH":{"X_CALENDAR_MONTH":[201901,201902,201903,201904,201905,201906,201907,201908,201909,201910,201911,201912],"Y_PREVALENCE_1000PP":[2.42,1.69,1.94,2.2,1.88,1.82,2.05,1.78,1.71,2.21,1.48,1.76]},"CONDITIONS_BY_TYPE":{"CONCEPT_NAME":"Claim","COUNT_VALUE":3877},"AGE_AT_FIRST_DIAGNOSIS":{"CATEGORY":["No matching concept","FEMALE","MALE"],"MIN_VALUE":[6,0,0],"P10_VALUE":[19,12,11],"P25_VALUE":[27,27,25],"MEDIAN_VALUE":[47,47,45],"P75_VALUE":[71,65,64],"P90_VALUE":[79,78,76],"MAX_VALUE":[92,99,99]}}
