{"PREVALENCE_BY_GENDER_AGE_YEAR":{"TRELLIS_NAME":["50-59","70-79","50-59","0-9","70-79","40-49","30-39","60-69","20-29","60-69","10-19","40-49","30-39"],"SERIES_NAME":["FEMALE","FEMALE","MALE","MALE","MALE","FEMALE","MALE","MALE","FEMALE","FEMALE","MALE","MALE","FEMALE"],"X_CALENDAR_YEAR":[2019,2019,2019,2019,2019,2019,2019,2019,2019,2019,2019,2019,2019],"Y_PREVALENCE_1000PP":[1.73837,1.85322,1.61361,1.78333,1.51889,0.99929,1.3557,3.07692,1.33222,1.33181,1.37489,1.46263,1.30251]},"PREVALENCE_BY_MONTH":{"X_CALENDAR_MONTH":[201901,201903,201904,201905,201906,201907,201908,201909,201910,201911,201912],"Y_PREVALENCE_1000PP":[0.14,0.09,0.17,0.1,0.07,0.18,0.12,0.14,0.15,0.1,0.1]},"CONDITIONS_BY_TYPE":{"CONCEPT_NAME":"Claim","COUNT_VALUE":215},"AGE_AT_FIRST_DIAGNOSIS":{"CATEGORY":["MALE","FEMALE"],"MIN_VALUE":[0,4],"P10_VALUE":[9,17],"P25_VALUE":[34,34],"MEDIAN_VALUE":[54,50],"P75_VALUE":[66,64],"P90_VALUE":[77,76],"MAX_VALUE":[94,96]}}
