{"PREVALENCE_BY_GENDER_AGE_YEAR":{"TRELLIS_NAME":["20-29","40-49","0-9","10-19","60-69","30-39","70-79","50-59","40-49","10-19","0-9","70-79","30-39","50-59","20-29"],"SERIES_NAME":["MALE","MALE","MALE","FEMALE","FEMALE","FEMALE","MALE","FEMALE","FEMALE","MALE","FEMALE","FEMALE","MALE","MALE","FEMALE"],"X_CALENDAR_YEAR":[2019,2019,2019,2019,2019,2019,2019,2019,2019,2019,2019,2019,2019,2019,2019],"Y_PREVALENCE_1000PP":[1.01112,2.48647,1.33749,1.53039,1.33181,2.60501,1.32903,2.4627,1.57031,1.83318,1.47244,1.29726,2.37248,2.34707,2.16486]},"PREVALENCE_BY_MONTH":{"X_CALENDAR_MONTH":[201901,201902,201903,201904,201905,201906,201907,201908,201909,201910,201911,201912],"Y_PREVALENCE_1000PP":[0.18,0.14,0.14,0.14,0.15,0.12,0.19,0.19,0.1,0.13,0.15,0.16]},"CONDITIONS_BY_TYPE":{"CONCEPT_NAME":"Claim","COUNT_VALUE":296},"AGE_AT_FIRST_DIAGNOSIS":{"CATEGORY":["MALE","FEMALE"],"MIN_VALUE":[2,1],"P10_VALUE":[11,15],"P25_VALUE":[30,26],"MEDIAN_VALUE":[44,41],"P75_VALUE":[58,58],"P90_VALUE":[78,73],"MAX_VALUE":[94,97]}}
