{"PREVALENCE_BY_GENDER_AGE_YEAR":{"TRELLIS_NAME":["70-79","10-19","0-9","70-79","30-39","20-29","60-69","30-39","40-49","50-59","10-19","90-99","40-49","60-69","20-29","50-59"],"SERIES_NAME":["FEMALE","MALE","FEMALE","MALE","MALE","FEMALE","MALE","FEMALE","FEMALE","FEMALE","FEMALE","MALE","MALE","FEMALE","MALE","MALE"],"X_CALENDAR_YEAR":[2019,2019,2019,2019,2019,2019,2019,2019,2019,2019,2019,2019,2019,2019,2019,2019],"Y_PREVALENCE_1000PP":[1.6679,2.06233,1.89314,2.27834,1.3557,1.83181,2.30769,1.79095,0.99929,2.60756,2.18627,3.4188,1.90142,2.09285,2.52781,1.32023]},"PREVALENCE_BY_MONTH":{"X_CALENDAR_MONTH":[201901,201902,201903,201904,201905,201906,201907,201908,201909,201910,201911,201912],"Y_PREVALENCE_1000PP":[0.17,0.11,0.11,0.23,0.11,0.14,0.18,0.19,0.13,0.2,0.17,0.17]},"CONDITIONS_BY_TYPE":{"CONCEPT_NAME":"Claim","COUNT_VALUE":324},"AGE_AT_FIRST_DIAGNOSIS":{"CATEGORY":["MALE","FEMALE"],"MIN_VALUE":[4,2],"P10_VALUE":[16,10],"P25_VALUE":[27,21],"MEDIAN_VALUE":[45,49],"P75_VALUE":[69,64],"P90_VALUE":[79,79],"MAX_VALUE":[98,99]}}
