{"PREVALENCE_BY_GENDER_AGE_YEAR":{"TRELLIS_NAME":["70-79","80-89","70-79","0-9","30-39","30-39","20-29","50-59","50-59","10-19","40-49","40-49","0-9","60-69","60-69","20-29","80-89","10-19"],"SERIES_NAME":["FEMALE","MALE","MALE","FEMALE","MALE","FEMALE","FEMALE","MALE","FEMALE","MALE","MALE","FEMALE","MALE","FEMALE","MALE","MALE","FEMALE","FEMALE"],"X_CALENDAR_YEAR":[2019,2019,2019,2019,2019,2019,2019,2019,2019,2019,2019,2019,2019,2019,2019,2019,2019,2019],"Y_PREVALENCE_1000PP":[3.70645,3.86527,4.55667,3.15524,2.88087,3.74471,3.99667,2.20038,2.60756,3.89551,5.26547,3.99714,4.2354,3.99543,4.23077,4.04449,5.76369,4.80979]},"PREVALENCE_BY_MONTH":{"X_CALENDAR_MONTH":[201901,201902,201903,201904,201905,201906,201907,201908,201909,201910,201911,201912],"Y_PREVALENCE_1000PP":[0.47,0.26,0.22,0.38,0.27,0.23,0.39,0.33,0.2,0.47,0.29,0.27]},"CONDITIONS_BY_TYPE":{"CONCEPT_NAME":"Claim","COUNT_VALUE":634},"AGE_AT_FIRST_DIAGNOSIS":{"CATEGORY":["MALE","FEMALE","No matching concept"],"MIN_VALUE":[0,1,6],"P10_VALUE":[9,11,6],"P25_VALUE":[25,22,23],"MEDIAN_VALUE":[45,44,50],"P75_VALUE":[63,62,55],"P90_VALUE":[76,75,76],"MAX_VALUE":[98,99,76]}}
