{"PREVALENCE_BY_GENDER_AGE_YEAR":{"TRELLIS_NAME":["70-79","40-49","90-99","60-69","90-99","20-29","10-19","50-59","40-49","0-9","30-39","0-9","70-79","50-59","30-39","10-19","20-29"],"SERIES_NAME":["MALE","MALE","MALE","FEMALE","FEMALE","MALE","FEMALE","MALE","FEMALE","MALE","FEMALE","FEMALE","FEMALE","FEMALE","MALE","MALE","FEMALE"],"X_CALENDAR_YEAR":[2019,2019,2019,2019,2019,2019,2019,2019,2019,2019,2019,2019,2019,2019,2019,2019,2019],"Y_PREVALENCE_1000PP":[1.70875,2.04768,3.4188,1.33181,3.34448,3.03337,2.4049,1.32023,2.42684,1.56041,1.95376,2.73454,2.40919,1.88324,2.20302,2.74977,1.99833]},"PREVALENCE_BY_MONTH":{"X_CALENDAR_MONTH":[201901,201902,201903,201904,201905,201906,201907,201908,201909,201910,201911,201912],"Y_PREVALENCE_1000PP":[0.25,0.17,0.17,0.19,0.14,0.12,0.25,0.13,0.19,0.17,0.13,0.15]},"CONDITIONS_BY_TYPE":{"CONCEPT_NAME":"Claim","COUNT_VALUE":344},"AGE_AT_FIRST_DIAGNOSIS":{"CATEGORY":["MALE","FEMALE"],"MIN_VALUE":[1,1],"P10_VALUE":[11,8],"P25_VALUE":[23,21],"MEDIAN_VALUE":[37,43],"P75_VALUE":[57,65],"P90_VALUE":[79,75],"MAX_VALUE":[97,97]}}
