{"PREVALENCE_BY_GENDER_AGE_YEAR":{"TRELLIS_NAME":["70-79","0-9","30-39","50-59","50-59","60-69","70-79","0-9","20-29","40-49","40-49","20-29","10-19","60-69"],"SERIES_NAME":["MALE","FEMALE","MALE","MALE","FEMALE","FEMALE","FEMALE","MALE","FEMALE","FEMALE","MALE","MALE","MALE","MALE"],"X_CALENDAR_YEAR":[2019,2019,2019,2019,2019,2019,2019,2019,2019,2019,2019,2019,2019,2019],"Y_PREVALENCE_1000PP":[2.27834,1.68279,1.86409,1.907,1.30378,2.47336,1.11193,2.22916,0.99917,2.14133,1.90142,1.85372,2.74977,1.53846]},"PREVALENCE_BY_MONTH":{"X_CALENDAR_MONTH":[201901,201902,201903,201904,201905,201906,201907,201908,201909,201910,201911,201912],"Y_PREVALENCE_1000PP":[0.18,0.12,0.12,0.14,0.11,0.16,0.18,0.18,0.13,0.19,0.08,0.15]},"CONDITIONS_BY_TYPE":{"CONCEPT_NAME":"Claim","COUNT_VALUE":288},"AGE_AT_FIRST_DIAGNOSIS":{"CATEGORY":["FEMALE","MALE","No matching concept"],"MIN_VALUE":[1,0,16],"P10_VALUE":[8,9,16],"P25_VALUE":[27,21,23],"MEDIAN_VALUE":[48,42,47],"P75_VALUE":[66,64,69],"P90_VALUE":[77,75,94],"MAX_VALUE":[99,97,94]}}
