{"PREVALENCE_BY_GENDER_AGE_YEAR":{"TRELLIS_NAME":["10-19","20-29","0-9","80-89","90-99","40-49","60-69","30-39","20-29","0-9","50-59","60-69","30-39","70-79","40-49","90-99","80-89","50-59","10-19","70-79"],"SERIES_NAME":["FEMALE","MALE","FEMALE","MALE","FEMALE","FEMALE","MALE","FEMALE","FEMALE","MALE","MALE","FEMALE","MALE","MALE","MALE","MALE","FEMALE","FEMALE","MALE","FEMALE"],"X_CALENDAR_YEAR":[2019,2019,2019,2019,2019,2019,2019,2019,2019,2019,2019,2019,2019,2019,2019,2019,2019,2019,2019,2019],"Y_PREVALENCE_1000PP":[16.39703,11.96495,13.46235,11.04362,13.37793,13.7045,12.30769,15.14165,13.65529,12.7062,13.93575,15.41096,12.70971,12.34099,13.74872,10.25641,8.06916,11.87889,13.978,10.93403]},"PREVALENCE_BY_MONTH":{"X_CALENDAR_MONTH":[201901,201902,201903,201904,201905,201906,201907,201908,201909,201910,201911,201912],"Y_PREVALENCE_1000PP":[1.36,0.93,0.98,1.13,1.28,0.86,1.25,1.15,0.82,1.5,1.08,0.91]},"CONDITIONS_BY_TYPE":{"CONCEPT_NAME":"Claim","COUNT_VALUE":2238},"AGE_AT_FIRST_DIAGNOSIS":{"CATEGORY":["FEMALE","MALE","No matching concept"],"MIN_VALUE":[0,0,1],"P10_VALUE":[10,10,20],"P25_VALUE":[23,24,24],"MEDIAN_VALUE":[42,45,42],"P75_VALUE":[61,61,55],"P90_VALUE":[75,76,60],"MAX_VALUE":[99,99,87]}}
