{"PREVALENCE_BY_GENDER_AGE_YEAR":{"TRELLIS_NAME":["30-39","40-49","10-19","0-9","70-79","40-49","10-19","50-59","50-59","70-79","60-69","60-69","20-29","0-9","30-39","20-29"],"SERIES_NAME":["MALE","MALE","FEMALE","MALE","FEMALE","FEMALE","MALE","FEMALE","MALE","MALE","FEMALE","MALE","FEMALE","FEMALE","FEMALE","MALE"],"X_CALENDAR_YEAR":[2019,2019,2019,2019,2019,2019,2019,2019,2019,2019,2019,2019,2019,2019,2019,2019],"Y_PREVALENCE_1000PP":[1.52517,1.60889,2.4049,1.78333,1.48258,2.8551,1.60403,2.31783,1.76031,1.89861,1.33181,2.30769,1.83181,2.10349,1.62813,2.86485]},"PREVALENCE_BY_MONTH":{"X_CALENDAR_MONTH":[201901,201902,201903,201904,201905,201906,201907,201908,201909,201910,201911,201912],"Y_PREVALENCE_1000PP":[0.22,0.09,0.17,0.18,0.15,0.11,0.24,0.2,0.17,0.19,0.16,0.11]},"CONDITIONS_BY_TYPE":{"CONCEPT_NAME":"Claim","COUNT_VALUE":335},"AGE_AT_FIRST_DIAGNOSIS":{"CATEGORY":["FEMALE","MALE"],"MIN_VALUE":[0,0],"P10_VALUE":[9,13],"P25_VALUE":[21,25],"MEDIAN_VALUE":[44,44],"P75_VALUE":[58,64],"P90_VALUE":[76,78],"MAX_VALUE":[99,95]}}
