{"PREVALENCE_BY_GENDER_AGE_YEAR":{"TRELLIS_NAME":["20-29","30-39","90-99","0-9","10-19","0-9","60-69","60-69","70-79","10-19","20-29","30-39","70-79","40-49","50-59","50-59","40-49"],"SERIES_NAME":["FEMALE","MALE","FEMALE","FEMALE","MALE","MALE","MALE","FEMALE","FEMALE","FEMALE","MALE","FEMALE","MALE","MALE","FEMALE","MALE","FEMALE"],"X_CALENDAR_YEAR":[2019,2019,2019,2019,2019,2019,2019,2019,2019,2019,2019,2019,2019,2019,2019,2019,2019],"Y_PREVALENCE_1000PP":[1.33222,2.03355,3.9019,2.94489,1.37489,3.12082,3.46154,1.71233,2.77984,2.84215,2.35929,0.97688,2.27834,2.34021,2.60756,2.20038,2.56959]},"PREVALENCE_BY_MONTH":{"X_CALENDAR_MONTH":[201901,201902,201903,201904,201905,201906,201907,201908,201909,201910,201911,201912],"Y_PREVALENCE_1000PP":[0.22,0.11,0.21,0.26,0.22,0.21,0.18,0.14,0.16,0.2,0.19,0.17]},"CONDITIONS_BY_TYPE":{"CONCEPT_NAME":"Claim","COUNT_VALUE":397},"AGE_AT_FIRST_DIAGNOSIS":{"CATEGORY":["FEMALE","MALE"],"MIN_VALUE":[1,0],"P10_VALUE":[7,9],"P25_VALUE":[20,26],"MEDIAN_VALUE":[48,48],"P75_VALUE":[64,64],"P90_VALUE":[78,77],"MAX_VALUE":[98,95]}}
