{"PREVALENCE_BY_GENDER_AGE_YEAR":{"TRELLIS_NAME":["20-29","90-99","60-69","10-19","0-9","20-29","30-39","50-59","80-89","70-79","50-59","40-49","90-99","30-39","70-79","80-89","40-49","10-19","0-9","60-69"],"SERIES_NAME":["FEMALE","FEMALE","MALE","MALE","MALE","MALE","FEMALE","FEMALE","FEMALE","MALE","MALE","MALE","MALE","MALE","FEMALE","MALE","FEMALE","FEMALE","FEMALE","FEMALE"],"X_CALENDAR_YEAR":[2019,2019,2019,2019,2019,2019,2019,2019,2019,2019,2019,2019,2019,2019,2019,2019,2019,2019,2019,2019],"Y_PREVALENCE_1000PP":[2.9975,3.9019,4.03846,2.74977,5.34998,3.70745,2.27939,4.20107,4.03458,4.55667,3.96069,4.24163,4.5584,2.54194,3.52113,4.41745,5.28194,3.71666,4.62768,4.75647]},"PREVALENCE_BY_MONTH":{"X_CALENDAR_MONTH":[201901,201902,201903,201904,201905,201906,201907,201908,201909,201910,201911,201912],"Y_PREVALENCE_1000PP":[0.25,0.42,0.34,0.38,0.23,0.39,0.43,0.28,0.25,0.39,0.24,0.34]},"CONDITIONS_BY_TYPE":{"CONCEPT_NAME":"Claim","COUNT_VALUE":664},"AGE_AT_FIRST_DIAGNOSIS":{"CATEGORY":["FEMALE","MALE","No matching concept"],"MIN_VALUE":[0,0,3],"P10_VALUE":[9,6,3],"P25_VALUE":[25,25,31],"MEDIAN_VALUE":[46,47,51],"P75_VALUE":[63,66,63],"P90_VALUE":[74,78,84],"MAX_VALUE":[99,99,84]}}
