{"PREVALENCE_BY_GENDER_AGE_YEAR":{"TRELLIS_NAME":["70-79","40-49","10-19","70-79","40-49","50-59","20-29","10-19","80-89","50-59","30-39","0-9","0-9","30-39","60-69","20-29","60-69"],"SERIES_NAME":["FEMALE","MALE","MALE","MALE","FEMALE","FEMALE","FEMALE","FEMALE","MALE","MALE","MALE","MALE","FEMALE","FEMALE","MALE","MALE","FEMALE"],"X_CALENDAR_YEAR":[2019,2019,2019,2019,2019,2019,2019,2019,2019,2019,2019,2019,2019,2019,2019,2019,2019],"Y_PREVALENCE_1000PP":[1.6679,2.34021,2.29148,2.4682,1.99857,1.88324,1.49875,1.74902,3.86527,2.20038,2.7114,2.67499,2.31384,3.09345,3.07692,1.85372,2.85388]},"PREVALENCE_BY_MONTH":{"X_CALENDAR_MONTH":[201901,201902,201903,201904,201905,201906,201907,201908,201909,201910,201911,201912],"Y_PREVALENCE_1000PP":[0.21,0.21,0.19,0.11,0.16,0.24,0.24,0.2,0.16,0.25,0.21,0.14]},"CONDITIONS_BY_TYPE":{"CONCEPT_NAME":"Claim","COUNT_VALUE":389},"AGE_AT_FIRST_DIAGNOSIS":{"CATEGORY":["MALE","FEMALE"],"MIN_VALUE":[2,3],"P10_VALUE":[9,8],"P25_VALUE":[26,27],"MEDIAN_VALUE":[47,47],"P75_VALUE":[65,62],"P90_VALUE":[78,76],"MAX_VALUE":[99,98]}}
