{"PREVALENCE_BY_GENDER_AGE_YEAR":{"TRELLIS_NAME":["0-9","50-59","0-9","30-39","60-69","30-39","70-79","40-49","10-19","20-29","50-59","20-29","10-19","90-99","60-69","40-49"],"SERIES_NAME":["FEMALE","MALE","MALE","MALE","MALE","FEMALE","FEMALE","FEMALE","FEMALE","FEMALE","FEMALE","MALE","MALE","MALE","FEMALE","MALE"],"X_CALENDAR_YEAR":[2019,2019,2019,2019,2019,2019,2019,2019,2019,2019,2019,2019,2019,2019,2019,2019],"Y_PREVALENCE_1000PP":[1.2621,1.61361,2.67499,2.03355,1.15385,1.62813,2.03855,2.42684,1.96764,1.49875,0.86919,1.17964,2.29148,3.4188,1.52207,1.60889]},"PREVALENCE_BY_MONTH":{"X_CALENDAR_MONTH":[201901,201902,201903,201904,201905,201906,201907,201908,201909,201910,201911,201912],"Y_PREVALENCE_1000PP":[0.14,0.07,0.13,0.16,0.15,0.1,0.18,0.16,0.14,0.2,0.09,0.12]},"CONDITIONS_BY_TYPE":{"CONCEPT_NAME":"Claim","COUNT_VALUE":290},"AGE_AT_FIRST_DIAGNOSIS":{"CATEGORY":["MALE","FEMALE"],"MIN_VALUE":[0,2],"P10_VALUE":[4,11],"P25_VALUE":[17,23],"MEDIAN_VALUE":[39,42],"P75_VALUE":[58,63],"P90_VALUE":[81,76],"MAX_VALUE":[98,99]}}
