{"PREVALENCE_BY_GENDER_AGE_YEAR":{"TRELLIS_NAME":["50-59","20-29","0-9","40-49","0-9","70-79","30-39","40-49","90-99","10-19","50-59","10-19","30-39","70-79","20-29","60-69","60-69"],"SERIES_NAME":["FEMALE","FEMALE","FEMALE","MALE","MALE","MALE","MALE","FEMALE","MALE","FEMALE","MALE","MALE","FEMALE","FEMALE","MALE","MALE","FEMALE"],"X_CALENDAR_YEAR":[2019,2019,2019,2019,2019,2019,2019,2019,2019,2019,2019,2019,2019,2019,2019,2019,2019],"Y_PREVALENCE_1000PP":[2.0281,2.16486,1.89314,1.60889,2.45207,1.51889,2.03355,1.85582,3.4188,1.31176,2.05369,1.60403,2.4422,2.77984,2.02224,2.30769,1.71233]},"PREVALENCE_BY_MONTH":{"X_CALENDAR_MONTH":[201901,201902,201903,201904,201905,201906,201907,201908,201909,201910,201911,201912],"Y_PREVALENCE_1000PP":[0.17,0.14,0.18,0.2,0.19,0.14,0.24,0.12,0.18,0.24,0.15,0.14]},"CONDITIONS_BY_TYPE":{"CONCEPT_NAME":"Claim","COUNT_VALUE":346},"AGE_AT_FIRST_DIAGNOSIS":{"CATEGORY":["No matching concept","MALE","FEMALE"],"MIN_VALUE":[11,1,0],"P10_VALUE":[11,8,15],"P25_VALUE":[22,24,28],"MEDIAN_VALUE":[30,43,46],"P75_VALUE":[43,64,69],"P90_VALUE":[56,80,79],"MAX_VALUE":[56,98,94]}}
