{"PREVALENCE_BY_GENDER_AGE_YEAR":{"TRELLIS_NAME":["10-19","50-59","20-29","50-59","30-39","10-19","40-49","20-29","30-39","70-79","40-49"],"SERIES_NAME":["FEMALE","FEMALE","FEMALE","MALE","FEMALE","MALE","MALE","MALE","MALE","FEMALE","FEMALE"],"X_CALENDAR_YEAR":[2019,2019,2019,2019,2019,2019,2019,2019,2019,2019,2019],"Y_PREVALENCE_1000PP":[1.31176,1.30378,1.1657,1.17354,1.79095,1.83318,1.60889,1.17964,1.01678,1.48258,1.14204]},"PREVALENCE_BY_MONTH":{"X_CALENDAR_MONTH":[201901,201902,201903,201904,201905,201906,201907,201908,201909,201910,201911,201912],"Y_PREVALENCE_1000PP":[0.17,0.07,0.13,0.06,0.09,0.09,0.07,0.15,0.08,0.09,0.13,0.08]},"CONDITIONS_BY_TYPE":{"CONCEPT_NAME":"Claim","COUNT_VALUE":198},"AGE_AT_FIRST_DIAGNOSIS":{"CATEGORY":["FEMALE","MALE"],"MIN_VALUE":[1,1],"P10_VALUE":[13,16],"P25_VALUE":[27,22],"MEDIAN_VALUE":[43,41],"P75_VALUE":[60,58],"P90_VALUE":[77,79],"MAX_VALUE":[97,97]}}
