{"PREVALENCE_BY_GENDER_AGE_YEAR":{"TRELLIS_NAME":["20-29","60-69","70-79","70-79","50-59","30-39","60-69","0-9","0-9","40-49","30-39","90-99","50-59","10-19","40-49","20-29","10-19"],"SERIES_NAME":["MALE","FEMALE","MALE","FEMALE","FEMALE","FEMALE","MALE","MALE","FEMALE","MALE","MALE","MALE","MALE","MALE","FEMALE","FEMALE","FEMALE"],"X_CALENDAR_YEAR":[2019,2019,2019,2019,2019,2019,2019,2019,2019,2019,2019,2019,2019,2019,2019,2019,2019],"Y_PREVALENCE_1000PP":[2.35929,3.80518,3.03778,2.77984,2.75243,3.41908,3.84615,3.78957,3.36559,3.21779,2.7114,3.4188,2.64046,5.04125,2.71235,2.49792,3.06078]},"PREVALENCE_BY_MONTH":{"X_CALENDAR_MONTH":[201901,201902,201903,201904,201905,201906,201907,201908,201909,201910,201911,201912],"Y_PREVALENCE_1000PP":[0.26,0.21,0.26,0.34,0.26,0.2,0.41,0.25,0.21,0.27,0.17,0.24]},"CONDITIONS_BY_TYPE":{"CONCEPT_NAME":"Claim","COUNT_VALUE":518},"AGE_AT_FIRST_DIAGNOSIS":{"CATEGORY":["FEMALE","MALE"],"MIN_VALUE":[1,0],"P10_VALUE":[7,5],"P25_VALUE":[25,19],"MEDIAN_VALUE":[43,45],"P75_VALUE":[62,63],"P90_VALUE":[76,77],"MAX_VALUE":[99,98]}}
