{"PREVALENCE_BY_GENDER_AGE_YEAR":{"TRELLIS_NAME":["20-29","40-49","30-39","50-59","0-9","70-79","50-59","60-69","10-19","60-69","20-29","40-49","10-19","70-79"],"SERIES_NAME":["FEMALE","MALE","FEMALE","FEMALE","MALE","FEMALE","MALE","FEMALE","MALE","MALE","MALE","FEMALE","FEMALE","MALE"],"X_CALENDAR_YEAR":[2019,2019,2019,2019,2019,2019,2019,2019,2019,2019,2019,2019,2019,2019],"Y_PREVALENCE_1000PP":[0.99917,2.34021,1.46532,2.17297,1.33749,1.29726,1.61361,1.71233,1.60403,2.30769,1.6852,1.2848,2.18627,1.13917]},"PREVALENCE_BY_MONTH":{"X_CALENDAR_MONTH":[201901,201902,201903,201904,201905,201906,201907,201908,201909,201910,201911,201912],"Y_PREVALENCE_1000PP":[0.21,0.13,0.06,0.14,0.1,0.13,0.12,0.13,0.12,0.21,0.14,0.09]},"CONDITIONS_BY_TYPE":{"CONCEPT_NAME":"Claim","COUNT_VALUE":274},"AGE_AT_FIRST_DIAGNOSIS":{"CATEGORY":["MALE","FEMALE"],"MIN_VALUE":[4,1],"P10_VALUE":[14,12],"P25_VALUE":[25,26],"MEDIAN_VALUE":[46,48],"P75_VALUE":[61,62],"P90_VALUE":[73,79],"MAX_VALUE":[99,96]}}
