{"PREVALENCE_BY_GENDER_AGE_YEAR":{"TRELLIS_NAME":["40-49","30-39","60-69","40-49","50-59","20-29","70-79","60-69","0-9","50-59","70-79","30-39","20-29","10-19","10-19"],"SERIES_NAME":["MALE","FEMALE","MALE","FEMALE","FEMALE","MALE","MALE","FEMALE","MALE","MALE","FEMALE","MALE","FEMALE","FEMALE","MALE"],"X_CALENDAR_YEAR":[2019,2019,2019,2019,2019,2019,2019,2019,2019,2019,2019,2019,2019,2019,2019],"Y_PREVALENCE_1000PP":[2.34021,1.30251,1.15385,1.42755,1.30378,1.85372,1.89861,2.47336,1.78333,1.907,1.6679,2.37248,1.99833,1.96764,2.06233]},"PREVALENCE_BY_MONTH":{"X_CALENDAR_MONTH":[201901,201902,201903,201904,201905,201906,201907,201908,201909,201910,201911,201912],"Y_PREVALENCE_1000PP":[0.22,0.13,0.07,0.25,0.11,0.12,0.12,0.2,0.11,0.14,0.13,0.17]},"CONDITIONS_BY_TYPE":{"CONCEPT_NAME":"Claim","COUNT_VALUE":293},"AGE_AT_FIRST_DIAGNOSIS":{"CATEGORY":["MALE","FEMALE"],"MIN_VALUE":[0,0],"P10_VALUE":[10,15],"P25_VALUE":[24,25],"MEDIAN_VALUE":[41,49],"P75_VALUE":[58,66],"P90_VALUE":[75,79],"MAX_VALUE":[93,99]}}
