{"PREVALENCE_BY_GENDER_AGE_YEAR":{"TRELLIS_NAME":["0-9","30-39","70-79","40-49","60-69","50-59","20-29","0-9","30-39","60-69","40-49","50-59","20-29","70-79"],"SERIES_NAME":["FEMALE","MALE","FEMALE","FEMALE","FEMALE","FEMALE","FEMALE","MALE","FEMALE","MALE","MALE","MALE","MALE","MALE"],"X_CALENDAR_YEAR":[2019,2019,2019,2019,2019,2019,2019,2019,2019,2019,2019,2019,2019,2019],"Y_PREVALENCE_1000PP":[1.2621,2.20302,2.77984,0.99929,1.71233,2.0281,1.83181,2.00624,2.4422,2.11538,2.48647,2.20038,2.19077,1.70875]},"PREVALENCE_BY_MONTH":{"X_CALENDAR_MONTH":[201901,201902,201903,201904,201905,201906,201907,201908,201910,201911,201912],"Y_PREVALENCE_1000PP":[0.17,0.13,0.17,0.26,0.15,0.16,0.18,0.12,0.17,0.11,0.21]},"CONDITIONS_BY_TYPE":{"CONCEPT_NAME":"Claim","COUNT_VALUE":318},"AGE_AT_FIRST_DIAGNOSIS":{"CATEGORY":["FEMALE","MALE"],"MIN_VALUE":[0,0],"P10_VALUE":[17,11],"P25_VALUE":[29,28],"MEDIAN_VALUE":[49,46],"P75_VALUE":[67,60],"P90_VALUE":[78,72],"MAX_VALUE":[99,98]}}
