{"PREVALENCE_BY_GENDER_AGE_YEAR":{"TRELLIS_NAME":["80-89","50-59","70-79","60-69","90-99","0-9","20-29","40-49","20-29","10-19","60-69","30-39","40-49","10-19","0-9","70-79","80-89","50-59","30-39","90-99"],"SERIES_NAME":["MALE","MALE","MALE","FEMALE","FEMALE","MALE","MALE","MALE","FEMALE","MALE","MALE","FEMALE","FEMALE","FEMALE","FEMALE","FEMALE","FEMALE","FEMALE","MALE","MALE"],"X_CALENDAR_YEAR":[2019,2019,2019,2019,2019,2019,2019,2019,2019,2019,2019,2019,2019,2019,2019,2019,2019,2019,2019,2019],"Y_PREVALENCE_1000PP":[11.5958,13.0556,10.44238,10.65449,12.2631,13.37494,10.61678,10.82346,10.99084,8.70761,12.30769,10.74569,11.27766,9.83822,12.8313,12.23128,9.2219,11.00971,14.23488,8.54701]},"PREVALENCE_BY_MONTH":{"X_CALENDAR_MONTH":[201901,201902,201903,201904,201905,201906,201907,201908,201909,201910,201911,201912],"Y_PREVALENCE_1000PP":[1.14,0.75,0.83,1.24,0.8,0.86,1.31,0.9,0.93,1.09,0.82,0.8]},"CONDITIONS_BY_TYPE":{"CONCEPT_NAME":"Claim","COUNT_VALUE":1915},"AGE_AT_FIRST_DIAGNOSIS":{"CATEGORY":["FEMALE","MALE","No matching concept"],"MIN_VALUE":[0,0,8],"P10_VALUE":[8,9,20],"P25_VALUE":[25,26,28],"MEDIAN_VALUE":[45,44,44],"P75_VALUE":[64,62,68],"P90_VALUE":[77,76,86],"MAX_VALUE":[99,99,94]}}
