{"PREVALENCE_BY_GENDER_AGE_YEAR":{"TRELLIS_NAME":["30-39","0-9","10-19","40-49","0-9","60-69","70-79","40-49","20-29","20-29","30-39","10-19","90-99","80-89","50-59","60-69","70-79","80-89","50-59","90-99"],"SERIES_NAME":["MALE","FEMALE","FEMALE","MALE","MALE","FEMALE","FEMALE","FEMALE","FEMALE","MALE","FEMALE","MALE","FEMALE","FEMALE","FEMALE","MALE","MALE","MALE","MALE","MALE"],"X_CALENDAR_YEAR":[2019,2019,2019,2019,2019,2019,2019,2019,2019,2019,2019,2019,2019,2019,2019,2019,2019,2019,2019,2019],"Y_PREVALENCE_1000PP":[46.43281,47.32857,47.87932,46.07284,49.71021,51.36986,47.07191,45.96717,47.96003,49.88204,42.65711,48.80843,44.59309,51.29683,46.64639,45.57692,46.7059,44.17449,48.55508,39.88604]},"PREVALENCE_BY_MONTH":{"X_CALENDAR_MONTH":[201901,201902,201903,201904,201905,201906,201907,201908,201909,201910,201911,201912],"Y_PREVALENCE_1000PP":[4.79,3.67,3.96,4.74,3.73,3.31,4.31,3.67,3.76,4.71,4.01,3.44]},"CONDITIONS_BY_TYPE":{"CONCEPT_NAME":"Claim","COUNT_VALUE":8074},"AGE_AT_FIRST_DIAGNOSIS":{"CATEGORY":["No matching concept","FEMALE","MALE"],"MIN_VALUE":[1,0,0],"P10_VALUE":[13,10,10],"P25_VALUE":[26,25,24],"MEDIAN_VALUE":[46,45,44],"P75_VALUE":[65,64,62],"P90_VALUE":[74,77,77],"MAX_VALUE":[98,99,99]}}
