{"PREVALENCE_BY_GENDER_AGE_YEAR":{"TRELLIS_NAME":["10-19","40-49","40-49","0-9","60-69","70-79","10-19","80-89","50-59","20-29","30-39","70-79","20-29","30-39","0-9","50-59","60-69"],"SERIES_NAME":["MALE","MALE","FEMALE","FEMALE","MALE","FEMALE","FEMALE","FEMALE","MALE","MALE","MALE","MALE","FEMALE","FEMALE","MALE","FEMALE","FEMALE"],"X_CALENDAR_YEAR":[2019,2019,2019,2019,2019,2019,2019,2019,2019,2019,2019,2019,2019,2019,2019,2019,2019],"Y_PREVALENCE_1000PP":[2.06233,2.34021,1.85582,2.31384,1.34615,2.22387,1.74902,4.03458,1.76031,1.6852,2.03355,1.70875,2.16486,2.11657,1.56041,2.31783,1.52207]},"PREVALENCE_BY_MONTH":{"X_CALENDAR_MONTH":[201901,201902,201903,201904,201905,201906,201907,201908,201909,201910,201911,201912],"Y_PREVALENCE_1000PP":[0.2,0.1,0.17,0.24,0.15,0.2,0.16,0.19,0.11,0.19,0.12,0.21]},"CONDITIONS_BY_TYPE":{"CONCEPT_NAME":"Claim","COUNT_VALUE":341},"AGE_AT_FIRST_DIAGNOSIS":{"CATEGORY":["MALE","No matching concept","FEMALE"],"MIN_VALUE":[0,8,1],"P10_VALUE":[12,8,9],"P25_VALUE":[25,20,24],"MEDIAN_VALUE":[45,46,44],"P75_VALUE":[63,67,69],"P90_VALUE":[83,68,81],"MAX_VALUE":[98,68,99]}}
