{"PREVALENCE_BY_GENDER_AGE_YEAR":{"TRELLIS_NAME":["50-59","10-19","60-69","50-59","30-39","80-89","70-79","30-39","0-9","20-29","20-29","70-79","0-9","10-19","60-69","90-99","40-49","40-49"],"SERIES_NAME":["FEMALE","MALE","MALE","MALE","MALE","FEMALE","MALE","FEMALE","FEMALE","FEMALE","MALE","FEMALE","MALE","FEMALE","FEMALE","MALE","MALE","FEMALE"],"X_CALENDAR_YEAR":[2019,2019,2019,2019,2019,2019,2019,2019,2019,2019,2019,2019,2019,2019,2019,2019,2019,2019],"Y_PREVALENCE_1000PP":[2.75243,2.06233,3.07692,2.49377,3.05033,3.45821,3.22764,3.5819,1.89314,2.83097,3.87597,2.40919,3.12082,2.18627,4.56621,5.12821,2.92526,3.71163]},"PREVALENCE_BY_MONTH":{"X_CALENDAR_MONTH":[201901,201902,201903,201904,201905,201906,201907,201908,201909,201910,201911,201912],"Y_PREVALENCE_1000PP":[0.36,0.21,0.19,0.2,0.23,0.31,0.27,0.27,0.24,0.25,0.24,0.23]},"CONDITIONS_BY_TYPE":{"CONCEPT_NAME":"Claim","COUNT_VALUE":499},"AGE_AT_FIRST_DIAGNOSIS":{"CATEGORY":["FEMALE","MALE","No matching concept"],"MIN_VALUE":[0,1,49],"P10_VALUE":[14,11,49],"P25_VALUE":[30,26,60],"MEDIAN_VALUE":[46,44,64],"P75_VALUE":[64,65,94],"P90_VALUE":[76,79,94],"MAX_VALUE":[95,98,94]}}
