{"PREVALENCE_BY_GENDER_AGE_YEAR":{"TRELLIS_NAME":["10-19","50-59","80-89","60-69","50-59","40-49","20-29","90-99","70-79","30-39","40-49","0-9","60-69","30-39"],"SERIES_NAME":["MALE","FEMALE","FEMALE","FEMALE","MALE","FEMALE","FEMALE","FEMALE","MALE","FEMALE","MALE","MALE","MALE","MALE"],"X_CALENDAR_YEAR":[2019,2019,2019,2019,2019,2019,2019,2019,2019,2019,2019,2019,2019,2019],"Y_PREVALENCE_1000PP":[1.60403,1.88324,3.45821,1.14155,1.17354,2.14133,1.83181,3.34448,1.32903,1.30251,1.02384,2.00624,1.53846,1.86409]},"PREVALENCE_BY_MONTH":{"X_CALENDAR_MONTH":[201901,201902,201903,201904,201905,201906,201907,201908,201909,201910,201911,201912],"Y_PREVALENCE_1000PP":[0.12,0.15,0.11,0.12,0.13,0.08,0.14,0.11,0.11,0.09,0.13,0.11]},"CONDITIONS_BY_TYPE":{"CONCEPT_NAME":"Claim","COUNT_VALUE":229},"AGE_AT_FIRST_DIAGNOSIS":{"CATEGORY":["MALE","FEMALE"],"MIN_VALUE":[0,1],"P10_VALUE":[7,18],"P25_VALUE":[19,28],"MEDIAN_VALUE":[41,48],"P75_VALUE":[61,62],"P90_VALUE":[72,88],"MAX_VALUE":[98,98]}}
