{"PREVALENCE_BY_GENDER_AGE_YEAR":{"TRELLIS_NAME":["40-49","10-19","10-19","20-29","50-59","50-59","70-79","30-39","0-9","90-99","60-69","0-9","30-39","70-79","60-69","40-49","20-29"],"SERIES_NAME":["MALE","FEMALE","MALE","MALE","MALE","FEMALE","MALE","FEMALE","FEMALE","MALE","FEMALE","MALE","MALE","FEMALE","MALE","FEMALE","FEMALE"],"X_CALENDAR_YEAR":[2019,2019,2019,2019,2019,2019,2019,2019,2019,2019,2019,2019,2019,2019,2019,2019,2019],"Y_PREVALENCE_1000PP":[2.34021,3.06078,3.20807,2.02224,2.05369,1.73837,2.65806,1.79095,1.47244,3.4188,1.33181,2.00624,1.18624,2.22387,1.92308,2.42684,1.66528]},"PREVALENCE_BY_MONTH":{"X_CALENDAR_MONTH":[201901,201902,201903,201904,201905,201906,201907,201908,201909,201910,201911,201912],"Y_PREVALENCE_1000PP":[0.18,0.1,0.16,0.17,0.2,0.15,0.28,0.18,0.15,0.19,0.11,0.15]},"CONDITIONS_BY_TYPE":{"CONCEPT_NAME":"Claim","COUNT_VALUE":339},"AGE_AT_FIRST_DIAGNOSIS":{"CATEGORY":["FEMALE","MALE"],"MIN_VALUE":[0,0],"P10_VALUE":[11,12],"P25_VALUE":[21,22],"MEDIAN_VALUE":[42,47],"P75_VALUE":[57,65],"P90_VALUE":[72,77],"MAX_VALUE":[96,99]}}
