{"PREVALENCE_BY_GENDER_AGE_YEAR":{"TRELLIS_NAME":["10-19","20-29","50-59","90-99","70-79","40-49","30-39","60-69","30-39","50-59","70-79","60-69","0-9","40-49"],"SERIES_NAME":["MALE","FEMALE","MALE","FEMALE","FEMALE","FEMALE","FEMALE","FEMALE","MALE","FEMALE","MALE","MALE","MALE","MALE"],"X_CALENDAR_YEAR":[2019,2019,2019,2019,2019,2019,2019,2019,2019,2019,2019,2019,2019,2019],"Y_PREVALENCE_1000PP":[2.52062,2.16486,2.78715,3.9019,1.11193,1.57031,1.13969,1.52207,2.03355,1.30378,2.65806,1.53846,1.78333,1.1701]},"PREVALENCE_BY_MONTH":{"X_CALENDAR_MONTH":[201901,201902,201903,201904,201905,201906,201907,201908,201909,201910,201911,201912],"Y_PREVALENCE_1000PP":[0.18,0.11,0.14,0.25,0.08,0.11,0.13,0.07,0.18,0.15,0.11,0.13]},"CONDITIONS_BY_TYPE":{"CONCEPT_NAME":"Claim","COUNT_VALUE":274},"AGE_AT_FIRST_DIAGNOSIS":{"CATEGORY":["FEMALE","MALE"],"MIN_VALUE":[2,0],"P10_VALUE":[18,10],"P25_VALUE":[25,30],"MEDIAN_VALUE":[46,51],"P75_VALUE":[64,66],"P90_VALUE":[85,79],"MAX_VALUE":[97,99]}}
