{"PREVALENCE_BY_GENDER_AGE_YEAR":{"TRELLIS_NAME":["30-39","40-49","60-69","50-59","40-49","50-59","70-79","30-39"],"SERIES_NAME":["MALE","MALE","FEMALE","MALE","FEMALE","FEMALE","FEMALE","FEMALE"],"X_CALENDAR_YEAR":[2019,2019,2019,2019,2019,2019,2019,2019],"Y_PREVALENCE_1000PP":[1.69463,1.31637,1.71233,1.32023,1.14204,1.01405,1.29726,1.13969]},"PREVALENCE_BY_MONTH":{"X_CALENDAR_MONTH":[201901,201902,201903,201904,201905,201906,201907,201908,201909,201910,201911,201912],"Y_PREVALENCE_1000PP":[0.16,0.06,0.08,0.09,0.12,0.08,0.12,0.09,0.07,0.1,0.11,0.07]},"CONDITIONS_BY_TYPE":{"CONCEPT_NAME":"Claim","COUNT_VALUE":192},"AGE_AT_FIRST_DIAGNOSIS":{"CATEGORY":["MALE","FEMALE"],"MIN_VALUE":[2,3],"P10_VALUE":[12,17],"P25_VALUE":[30,32],"MEDIAN_VALUE":[46,52],"P75_VALUE":[60,70],"P90_VALUE":[83,85],"MAX_VALUE":[98,98]}}
