{"PREVALENCE_BY_GENDER_AGE_YEAR":{"TRELLIS_NAME":["0-9","30-39","40-49","50-59","40-49","70-79","30-39","70-79","20-29","60-69","50-59","20-29","60-69"],"SERIES_NAME":["MALE","MALE","FEMALE","MALE","MALE","FEMALE","FEMALE","MALE","FEMALE","MALE","FEMALE","MALE","FEMALE"],"X_CALENDAR_YEAR":[2019,2019,2019,2019,2019,2019,2019,2019,2019,2019,2019,2019,2019],"Y_PREVALENCE_1000PP":[1.56041,2.03355,1.71306,0.88015,1.60889,1.29726,1.30251,3.03778,1.1657,1.34615,1.88324,1.17964,1.14155]},"PREVALENCE_BY_MONTH":{"X_CALENDAR_MONTH":[201901,201902,201903,201904,201905,201906,201907,201909,201910,201911,201912],"Y_PREVALENCE_1000PP":[0.11,0.14,0.17,0.16,0.08,0.14,0.14,0.12,0.13,0.15,0.1]},"CONDITIONS_BY_TYPE":{"CONCEPT_NAME":"Claim","COUNT_VALUE":242},"AGE_AT_FIRST_DIAGNOSIS":{"CATEGORY":["FEMALE","MALE"],"MIN_VALUE":[0,0],"P10_VALUE":[19,12],"P25_VALUE":[30,31],"MEDIAN_VALUE":[49,45],"P75_VALUE":[66,71],"P90_VALUE":[83,79],"MAX_VALUE":[98,99]}}
