{"PREVALENCE_BY_GENDER_AGE_YEAR":{"TRELLIS_NAME":["40-49","50-59","30-39","50-59","0-9","40-49","70-79","20-29","60-69","70-79","30-39","10-19","20-29","10-19","90-99","0-9","60-69"],"SERIES_NAME":["MALE","FEMALE","MALE","MALE","MALE","FEMALE","MALE","FEMALE","FEMALE","FEMALE","FEMALE","MALE","MALE","FEMALE","FEMALE","FEMALE","MALE"],"X_CALENDAR_YEAR":[2019,2019,2019,2019,2019,2019,2019,2019,2019,2019,2019,2019,2019,2019,2019,2019,2019],"Y_PREVALENCE_1000PP":[2.34021,1.15892,1.86409,2.78715,2.00624,1.99857,2.08848,1.33222,2.85388,2.40919,1.95376,1.37489,2.19077,2.18627,3.34448,3.36559,1.15385]},"PREVALENCE_BY_MONTH":{"X_CALENDAR_MONTH":[201901,201902,201903,201904,201905,201906,201907,201908,201909,201910,201911,201912],"Y_PREVALENCE_1000PP":[0.32,0.13,0.23,0.12,0.14,0.12,0.21,0.22,0.09,0.17,0.17,0.13]},"CONDITIONS_BY_TYPE":{"CONCEPT_NAME":"Claim","COUNT_VALUE":343},"AGE_AT_FIRST_DIAGNOSIS":{"CATEGORY":["FEMALE","MALE"],"MIN_VALUE":[1,0],"P10_VALUE":[5,10],"P25_VALUE":[24,26],"MEDIAN_VALUE":[42,44],"P75_VALUE":[67,59],"P90_VALUE":[79,78],"MAX_VALUE":[99,96]}}
