{"PREVALENCE_BY_GENDER_AGE_YEAR":{"TRELLIS_NAME":["0-9","20-29","70-79","50-59","40-49","40-49","60-69","70-79","60-69","30-39","20-29"],"SERIES_NAME":["MALE","MALE","MALE","FEMALE","FEMALE","MALE","FEMALE","FEMALE","MALE","FEMALE","FEMALE"],"X_CALENDAR_YEAR":[2019,2019,2019,2019,2019,2019,2019,2019,2019,2019,2019],"Y_PREVALENCE_1000PP":[2.00624,1.01112,1.32903,1.01405,0.85653,0.87758,1.14155,1.29726,1.15385,1.30251,0.99917]},"PREVALENCE_BY_MONTH":{"X_CALENDAR_MONTH":[201901,201902,201903,201904,201905,201906,201907,201909,201912],"Y_PREVALENCE_1000PP":[0.13,0.07,0.11,0.1,0.11,0.12,0.06,0.08,0.08]},"CONDITIONS_BY_TYPE":{"CONCEPT_NAME":"Claim","COUNT_VALUE":164},"AGE_AT_FIRST_DIAGNOSIS":{"CATEGORY":["FEMALE","MALE"],"MIN_VALUE":[0,0],"P10_VALUE":[12,5],"P25_VALUE":[27,16],"MEDIAN_VALUE":[43,42],"P75_VALUE":[64,67],"P90_VALUE":[75,73],"MAX_VALUE":[97,94]}}
