{"PREVALENCE_BY_GENDER_AGE_YEAR":{"TRELLIS_NAME":["10-19","90-99","60-69","50-59","60-69","10-19","40-49","80-89","30-39","70-79","0-9","50-59","20-29","80-89","0-9","70-79","20-29","40-49","30-39"],"SERIES_NAME":["MALE","MALE","MALE","FEMALE","FEMALE","FEMALE","MALE","FEMALE","FEMALE","MALE","MALE","MALE","FEMALE","MALE","FEMALE","FEMALE","MALE","FEMALE","MALE"],"X_CALENDAR_YEAR":[2019,2019,2019,2019,2019,2019,2019,2019,2019,2019,2019,2019,2019,2019,2019,2019,2019,2019,2019],"Y_PREVALENCE_1000PP":[1.83318,3.9886,2.88462,3.33188,2.28311,1.53039,3.07152,4.61095,2.27939,3.22764,2.67499,2.20038,3.16403,4.41745,2.73454,3.52113,3.20189,2.8551,2.03355]},"PREVALENCE_BY_MONTH":{"X_CALENDAR_MONTH":[201901,201902,201903,201904,201905,201906,201907,201908,201909,201910,201911,201912],"Y_PREVALENCE_1000PP":[0.26,0.23,0.17,0.17,0.25,0.21,0.27,0.25,0.17,0.29,0.23,0.31]},"CONDITIONS_BY_TYPE":{"CONCEPT_NAME":"Claim","COUNT_VALUE":476},"AGE_AT_FIRST_DIAGNOSIS":{"CATEGORY":["No matching concept","FEMALE","MALE"],"MIN_VALUE":[34,0,0],"P10_VALUE":[34,10,11],"P25_VALUE":[51,27,27],"MEDIAN_VALUE":[68,47,47],"P75_VALUE":[77,64,68],"P90_VALUE":[96,77,82],"MAX_VALUE":[96,95,99]}}
