{"PREVALENCE_BY_GENDER_AGE_YEAR":{"TRELLIS_NAME":["60-69","20-29","50-59","70-79","50-59","20-29"],"SERIES_NAME":["FEMALE","FEMALE","FEMALE","FEMALE","MALE","MALE"],"X_CALENDAR_YEAR":[2019,2019,2019,2019,2019,2019],"Y_PREVALENCE_1000PP":[1.52207,1.33222,0.86919,1.11193,1.32023,1.17964]},"PREVALENCE_BY_MONTH":{"X_CALENDAR_MONTH":[201901,201902,201903,201904,201905,201908,201909,201910,201911],"Y_PREVALENCE_1000PP":[0.07,0.07,0.06,0.07,0.1,0.09,0.09,0.09,0.11]},"CONDITIONS_BY_TYPE":{"CONCEPT_NAME":"Claim","COUNT_VALUE":130},"AGE_AT_FIRST_DIAGNOSIS":{"CATEGORY":["FEMALE","MALE"],"MIN_VALUE":[1,2],"P10_VALUE":[12,11],"P25_VALUE":[28,26],"MEDIAN_VALUE":[51,45],"P75_VALUE":[67,58],"P90_VALUE":[79,76],"MAX_VALUE":[88,91]}}
