{"PREVALENCE_BY_GENDER_AGE_YEAR":{"TRELLIS_NAME":["90-99","80-89","70-79","70-79","40-49","20-29","40-49","60-69","50-59","50-59","0-9","30-39","0-9","60-69","10-19","10-19","20-29","30-39"],"SERIES_NAME":["MALE","MALE","MALE","FEMALE","MALE","FEMALE","FEMALE","FEMALE","MALE","FEMALE","FEMALE","MALE","MALE","MALE","MALE","FEMALE","MALE","FEMALE"],"X_CALENDAR_YEAR":[2019,2019,2019,2019,2019,2019,2019,2019,2019,2019,2019,2019,2019,2019,2019,2019,2019,2019],"Y_PREVALENCE_1000PP":[4.5584,4.41745,2.4682,2.22387,2.63273,2.33139,2.71235,2.28311,1.907,2.75243,2.73454,2.88087,2.00624,3.07692,1.83318,1.96764,2.02224,2.93064]},"PREVALENCE_BY_MONTH":{"X_CALENDAR_MONTH":[201901,201902,201903,201904,201905,201906,201907,201908,201909,201910,201911,201912],"Y_PREVALENCE_1000PP":[0.26,0.21,0.17,0.2,0.3,0.18,0.2,0.12,0.21,0.27,0.19,0.2]},"CONDITIONS_BY_TYPE":{"CONCEPT_NAME":"Claim","COUNT_VALUE":411},"AGE_AT_FIRST_DIAGNOSIS":{"CATEGORY":["MALE","FEMALE","No matching concept"],"MIN_VALUE":[2,0,5],"P10_VALUE":[15,8,5],"P25_VALUE":[30,26,29],"MEDIAN_VALUE":[47,44,33],"P75_VALUE":[67,60,66],"P90_VALUE":[84,75,73],"MAX_VALUE":[97,99,73]}}
