{"PREVALENCE_BY_GENDER_AGE_YEAR":{"TRELLIS_NAME":["0-9","30-39","20-29","40-49","40-49","60-69","50-59","10-19","50-59","30-39","10-19","70-79","90-99","70-79","20-29","60-69"],"SERIES_NAME":["MALE","FEMALE","MALE","FEMALE","MALE","MALE","FEMALE","MALE","MALE","MALE","FEMALE","FEMALE","FEMALE","MALE","FEMALE","FEMALE"],"X_CALENDAR_YEAR":[2019,2019,2019,2019,2019,2019,2019,2019,2019,2019,2019,2019,2019,2019,2019,2019],"Y_PREVALENCE_1000PP":[1.33749,1.79095,2.35929,1.14204,1.31637,1.73077,1.88324,2.29148,1.907,1.52517,2.18627,1.48258,3.9019,1.13917,1.1657,1.33181]},"PREVALENCE_BY_MONTH":{"X_CALENDAR_MONTH":[201901,201903,201904,201905,201906,201907,201908,201909,201910,201911,201912],"Y_PREVALENCE_1000PP":[0.15,0.14,0.2,0.17,0.13,0.17,0.15,0.09,0.17,0.1,0.14]},"CONDITIONS_BY_TYPE":{"CONCEPT_NAME":"Claim","COUNT_VALUE":278},"AGE_AT_FIRST_DIAGNOSIS":{"CATEGORY":["FEMALE","MALE","No matching concept"],"MIN_VALUE":[1,0,5],"P10_VALUE":[12,12,5],"P25_VALUE":[24,22,13],"MEDIAN_VALUE":[46,42,15],"P75_VALUE":[64,60,33],"P90_VALUE":[79,76,38],"MAX_VALUE":[96,96,38]}}
