{"PREVALENCE_BY_GENDER_AGE_YEAR":{"TRELLIS_NAME":["10-19","30-39","0-9","70-79","30-39","20-29","40-49","10-19","50-59","60-69","60-69","20-29","40-49","80-89","70-79","0-9","50-59"],"SERIES_NAME":["FEMALE","FEMALE","MALE","FEMALE","MALE","FEMALE","FEMALE","MALE","MALE","MALE","FEMALE","MALE","MALE","FEMALE","MALE","FEMALE","FEMALE"],"X_CALENDAR_YEAR":[2019,2019,2019,2019,2019,2019,2019,2019,2019,2019,2019,2019,2019,2019,2019,2019,2019],"Y_PREVALENCE_1000PP":[3.93529,2.60501,3.34374,2.59451,2.7114,3.16403,2.71235,1.60403,2.78715,2.30769,1.90259,1.51668,3.07152,4.03458,2.84792,2.52419,2.31783]},"PREVALENCE_BY_MONTH":{"X_CALENDAR_MONTH":[201901,201902,201903,201904,201905,201906,201907,201908,201909,201910,201911,201912],"Y_PREVALENCE_1000PP":[0.31,0.18,0.2,0.28,0.22,0.24,0.13,0.18,0.27,0.24,0.15,0.2]},"CONDITIONS_BY_TYPE":{"CONCEPT_NAME":"Claim","COUNT_VALUE":425},"AGE_AT_FIRST_DIAGNOSIS":{"CATEGORY":["MALE","FEMALE","No matching concept"],"MIN_VALUE":[0,0,17],"P10_VALUE":[8,10,17],"P25_VALUE":[25,22,18],"MEDIAN_VALUE":[45,40,21],"P75_VALUE":[63,60,72],"P90_VALUE":[77,78,84],"MAX_VALUE":[99,99,84]}}
