{"PREVALENCE_BY_GENDER_AGE_YEAR":{"TRELLIS_NAME":["20-29","70-79","0-9","60-69","40-49","60-69","20-29","50-59","0-9","50-59","90-99","10-19","30-39","30-39","70-79","10-19","40-49"],"SERIES_NAME":["FEMALE","FEMALE","MALE","FEMALE","MALE","MALE","MALE","FEMALE","FEMALE","MALE","MALE","MALE","FEMALE","MALE","MALE","FEMALE","FEMALE"],"X_CALENDAR_YEAR":[2019,2019,2019,2019,2019,2019,2019,2019,2019,2019,2019,2019,2019,2019,2019,2019,2019],"Y_PREVALENCE_1000PP":[1.66528,1.85322,2.67499,3.04414,2.779,2.88462,3.03337,3.33188,2.73454,3.52061,5.12821,2.97892,1.62813,2.03355,3.03778,1.74902,2.71235]},"PREVALENCE_BY_MONTH":{"X_CALENDAR_MONTH":[201901,201902,201903,201904,201905,201906,201907,201908,201909,201910,201911,201912],"Y_PREVALENCE_1000PP":[0.29,0.21,0.26,0.21,0.18,0.18,0.2,0.25,0.2,0.22,0.19,0.27]},"CONDITIONS_BY_TYPE":{"CONCEPT_NAME":"Claim","COUNT_VALUE":449},"AGE_AT_FIRST_DIAGNOSIS":{"CATEGORY":["MALE","FEMALE"],"MIN_VALUE":[0,1],"P10_VALUE":[12,7],"P25_VALUE":[26,27],"MEDIAN_VALUE":[48,49],"P75_VALUE":[68,62],"P90_VALUE":[79,78],"MAX_VALUE":[99,98]}}
