{"PREVALENCE_BY_GENDER_AGE_YEAR":{"TRELLIS_NAME":["70-79","0-9","20-29","10-19","20-29","60-69","30-39","10-19","50-59","60-69","70-79","80-89","40-49","50-59","30-39","80-89","0-9","40-49"],"SERIES_NAME":["FEMALE","FEMALE","FEMALE","MALE","MALE","MALE","MALE","FEMALE","MALE","FEMALE","MALE","FEMALE","MALE","FEMALE","FEMALE","MALE","MALE","FEMALE"],"X_CALENDAR_YEAR":[2019,2019,2019,2019,2019,2019,2019,2019,2019,2019,2019,2019,2019,2019,2019,2019,2019,2019],"Y_PREVALENCE_1000PP":[2.96516,3.99663,3.49709,2.74977,2.86485,1.92308,4.40603,4.59117,4.10738,4.18569,3.60737,4.03458,3.9491,3.18702,4.72159,3.86527,3.34374,3.85439]},"PREVALENCE_BY_MONTH":{"X_CALENDAR_MONTH":[201901,201902,201903,201904,201905,201906,201907,201908,201909,201910,201911,201912],"Y_PREVALENCE_1000PP":[0.31,0.22,0.31,0.33,0.28,0.29,0.39,0.29,0.21,0.35,0.22,0.38]},"CONDITIONS_BY_TYPE":{"CONCEPT_NAME":"Claim","COUNT_VALUE":605},"AGE_AT_FIRST_DIAGNOSIS":{"CATEGORY":["MALE","FEMALE"],"MIN_VALUE":[0,0],"P10_VALUE":[10,9],"P25_VALUE":[27,23],"MEDIAN_VALUE":[45,40],"P75_VALUE":[59,61],"P90_VALUE":[77,75],"MAX_VALUE":[96,99]}}
