{"PREVALENCE_BY_GENDER_AGE_YEAR":{"TRELLIS_NAME":["40-49","30-39","50-59","60-69","20-29","70-79","70-79","10-19","50-59","0-9","10-19","90-99","60-69","20-29","0-9","40-49","30-39"],"SERIES_NAME":["FEMALE","FEMALE","MALE","FEMALE","MALE","FEMALE","MALE","MALE","FEMALE","FEMALE","FEMALE","FEMALE","MALE","FEMALE","MALE","MALE","MALE"],"X_CALENDAR_YEAR":[2019,2019,2019,2019,2019,2019,2019,2019,2019,2019,2019,2019,2019,2019,2019,2019,2019],"Y_PREVALENCE_1000PP":[2.71235,2.76783,2.20038,2.09285,2.86485,2.77984,3.60737,2.52062,3.04216,4.20698,4.59117,5.01672,3.46154,3.83014,2.22916,2.779,3.89764]},"PREVALENCE_BY_MONTH":{"X_CALENDAR_MONTH":[201901,201902,201903,201904,201905,201906,201907,201908,201909,201910,201911,201912],"Y_PREVALENCE_1000PP":[0.36,0.22,0.24,0.26,0.28,0.17,0.27,0.27,0.25,0.3,0.3,0.18]},"CONDITIONS_BY_TYPE":{"CONCEPT_NAME":"Claim","COUNT_VALUE":526},"AGE_AT_FIRST_DIAGNOSIS":{"CATEGORY":["No matching concept","MALE","FEMALE"],"MIN_VALUE":[3,0,2],"P10_VALUE":[3,14,7],"P25_VALUE":[23,26,19],"MEDIAN_VALUE":[25,45,39],"P75_VALUE":[42,67,59],"P90_VALUE":[67,76,79],"MAX_VALUE":[67,99,98]}}
