{"PREVALENCE_BY_GENDER_AGE_YEAR":{"TRELLIS_NAME":["30-39","90-99","50-59","20-29","60-69","50-59","0-9","0-9","30-39","40-49","40-49","70-79","10-19","10-19","90-99","70-79","60-69","20-29","80-89"],"SERIES_NAME":["FEMALE","FEMALE","MALE","MALE","MALE","FEMALE","FEMALE","MALE","MALE","MALE","FEMALE","MALE","MALE","FEMALE","MALE","FEMALE","FEMALE","FEMALE","FEMALE"],"X_CALENDAR_YEAR":[2019,2019,2019,2019,2019,2019,2019,2019,2019,2019,2019,2019,2019,2019,2019,2019,2019,2019,2019],"Y_PREVALENCE_1000PP":[3.09345,3.9019,3.6673,3.53893,3.07692,2.89729,3.15524,3.78957,5.25335,3.36405,2.99786,3.22764,5.27039,5.6843,6.83761,3.3358,3.04414,3.49709,3.45821]},"PREVALENCE_BY_MONTH":{"X_CALENDAR_MONTH":[201901,201902,201903,201904,201905,201906,201907,201908,201909,201910,201911,201912],"Y_PREVALENCE_1000PP":[0.36,0.2,0.38,0.3,0.34,0.39,0.28,0.36,0.21,0.38,0.23,0.28]},"CONDITIONS_BY_TYPE":{"CONCEPT_NAME":"Claim","COUNT_VALUE":611},"AGE_AT_FIRST_DIAGNOSIS":{"CATEGORY":["MALE","FEMALE","No matching concept"],"MIN_VALUE":[0,1,5],"P10_VALUE":[10,10,12],"P25_VALUE":[23,22,26],"MEDIAN_VALUE":[40,40,53],"P75_VALUE":[60,62,59],"P90_VALUE":[78,77,70],"MAX_VALUE":[97,98,74]}}
