{"PREVALENCE_BY_GENDER_AGE_YEAR":{"TRELLIS_NAME":["0-9","70-79","60-69","30-39","20-29","70-79","50-59","40-49","30-39","20-29","50-59","40-49"],"SERIES_NAME":["FEMALE","MALE","FEMALE","FEMALE","FEMALE","FEMALE","FEMALE","FEMALE","MALE","MALE","MALE","MALE"],"X_CALENDAR_YEAR":[2019,2019,2019,2019,2019,2019,2019,2019,2019,2019,2019,2019],"Y_PREVALENCE_1000PP":[1.68279,1.51889,1.90259,0.97688,1.1657,1.29726,1.73837,0.99929,2.03355,1.17964,1.17354,1.1701]},"PREVALENCE_BY_MONTH":{"X_CALENDAR_MONTH":[201901,201902,201903,201904,201905,201906,201907,201908,201909,201910,201911,201912],"Y_PREVALENCE_1000PP":[0.15,0.07,0.1,0.07,0.16,0.11,0.07,0.12,0.14,0.12,0.11,0.07]},"CONDITIONS_BY_TYPE":{"CONCEPT_NAME":"Claim","COUNT_VALUE":226},"AGE_AT_FIRST_DIAGNOSIS":{"CATEGORY":["MALE","FEMALE"],"MIN_VALUE":[4,1],"P10_VALUE":[11,7],"P25_VALUE":[29,26],"MEDIAN_VALUE":[42,50],"P75_VALUE":[66,66],"P90_VALUE":[79,75],"MAX_VALUE":[97,99]}}
