{"PREVALENCE_BY_GENDER_AGE_YEAR":{"TRELLIS_NAME":["0-9","10-19","30-39","60-69","80-89","70-79","50-59","40-49","30-39","70-79","20-29","0-9","90-99","20-29","60-69","10-19","50-59","40-49"],"SERIES_NAME":["FEMALE","MALE","FEMALE","FEMALE","FEMALE","FEMALE","FEMALE","FEMALE","MALE","MALE","MALE","MALE","FEMALE","FEMALE","MALE","FEMALE","MALE","MALE"],"X_CALENDAR_YEAR":[2019,2019,2019,2019,2019,2019,2019,2019,2019,2019,2019,2019,2019,2019,2019,2019,2019,2019],"Y_PREVALENCE_1000PP":[2.94489,2.74977,1.95376,2.85388,4.03458,3.3358,2.89729,2.28408,3.21979,2.4682,2.86485,3.12082,3.34448,4.1632,3.46154,3.27941,1.61361,2.92526]},"PREVALENCE_BY_MONTH":{"X_CALENDAR_MONTH":[201901,201902,201903,201904,201905,201906,201907,201908,201909,201910,201911,201912],"Y_PREVALENCE_1000PP":[0.2,0.27,0.25,0.3,0.27,0.15,0.25,0.26,0.19,0.26,0.26,0.16]},"CONDITIONS_BY_TYPE":{"CONCEPT_NAME":"Claim","COUNT_VALUE":465},"AGE_AT_FIRST_DIAGNOSIS":{"CATEGORY":["MALE","FEMALE"],"MIN_VALUE":[0,1],"P10_VALUE":[8,10],"P25_VALUE":[23,24],"MEDIAN_VALUE":[40,43],"P75_VALUE":[62,66],"P90_VALUE":[74,76],"MAX_VALUE":[98,99]}}
