{"PREVALENCE_BY_GENDER_AGE_YEAR":{"TRELLIS_NAME":["40-49","50-59","40-49","30-39","0-9","70-79","0-9","20-29","70-79","60-69","50-59","80-89","90-99","10-19","60-69","30-39","20-29","10-19"],"SERIES_NAME":["MALE","MALE","FEMALE","FEMALE","MALE","FEMALE","FEMALE","FEMALE","MALE","MALE","FEMALE","FEMALE","FEMALE","MALE","FEMALE","MALE","MALE","FEMALE"],"X_CALENDAR_YEAR":[2019,2019,2019,2019,2019,2019,2019,2019,2019,2019,2019,2019,2019,2019,2019,2019,2019,2019],"Y_PREVALENCE_1000PP":[1.90142,2.93384,3.42612,3.25627,3.56665,2.40919,3.99663,2.9975,2.27834,3.07692,2.89729,4.61095,3.34448,2.29148,2.09285,2.7114,2.52781,1.96764]},"PREVALENCE_BY_MONTH":{"X_CALENDAR_MONTH":[201901,201902,201903,201904,201905,201906,201907,201908,201909,201910,201911,201912],"Y_PREVALENCE_1000PP":[0.23,0.14,0.24,0.32,0.28,0.17,0.2,0.3,0.28,0.23,0.22,0.23]},"CONDITIONS_BY_TYPE":{"CONCEPT_NAME":"Claim","COUNT_VALUE":483},"AGE_AT_FIRST_DIAGNOSIS":{"CATEGORY":["FEMALE","MALE","No matching concept"],"MIN_VALUE":[0,0,20],"P10_VALUE":[8,4,20],"P25_VALUE":[26,24,28],"MEDIAN_VALUE":[41,41,48],"P75_VALUE":[60,60,51],"P90_VALUE":[79,75,93],"MAX_VALUE":[97,98,93]}}
