{"PREVALENCE_BY_GENDER_AGE_YEAR":{"TRELLIS_NAME":["50-59","40-49","10-19","40-49","60-69","20-29","20-29","30-39","50-59","70-79"],"SERIES_NAME":["MALE","MALE","FEMALE","FEMALE","FEMALE","MALE","FEMALE","FEMALE","FEMALE","FEMALE"],"X_CALENDAR_YEAR":[2019,2019,2019,2019,2019,2019,2019,2019,2019,2019],"Y_PREVALENCE_1000PP":[1.76031,1.60889,1.74902,1.42755,1.33181,1.34816,1.1657,0.97688,1.30378,2.03855]},"PREVALENCE_BY_MONTH":{"X_CALENDAR_MONTH":[201901,201902,201903,201904,201905,201906,201907,201908,201909,201910,201911,201912],"Y_PREVALENCE_1000PP":[0.13,0.08,0.09,0.1,0.1,0.08,0.16,0.1,0.09,0.11,0.11,0.1]},"CONDITIONS_BY_TYPE":{"CONCEPT_NAME":"Claim","COUNT_VALUE":228},"AGE_AT_FIRST_DIAGNOSIS":{"CATEGORY":["MALE","FEMALE"],"MIN_VALUE":[0,0],"P10_VALUE":[19,13],"P25_VALUE":[27,27],"MEDIAN_VALUE":[49,47],"P75_VALUE":[62,68],"P90_VALUE":[80,79],"MAX_VALUE":[94,97]}}
