{"PREVALENCE_BY_GENDER_AGE_YEAR":{"TRELLIS_NAME":["0-9","80-89","70-79","0-9","40-49","40-49","10-19","50-59","70-79","30-39","20-29","50-59","10-19","20-29","60-69","60-69","30-39"],"SERIES_NAME":["FEMALE","FEMALE","FEMALE","MALE","FEMALE","MALE","MALE","FEMALE","MALE","FEMALE","FEMALE","MALE","FEMALE","MALE","FEMALE","MALE","MALE"],"X_CALENDAR_YEAR":[2019,2019,2019,2019,2019,2019,2019,2019,2019,2019,2019,2019,2019,2019,2019,2019,2019],"Y_PREVALENCE_1000PP":[2.73454,3.45821,3.15048,2.8979,2.8551,2.19394,1.83318,2.4627,2.4682,2.60501,3.83014,2.05369,1.53039,1.6852,1.90259,3.65385,1.3557]},"PREVALENCE_BY_MONTH":{"X_CALENDAR_MONTH":[201901,201902,201903,201904,201905,201906,201907,201908,201909,201910,201911,201912],"Y_PREVALENCE_1000PP":[0.22,0.2,0.19,0.26,0.23,0.1,0.28,0.23,0.16,0.22,0.22,0.15]},"CONDITIONS_BY_TYPE":{"CONCEPT_NAME":"Claim","COUNT_VALUE":444},"AGE_AT_FIRST_DIAGNOSIS":{"CATEGORY":["FEMALE","MALE"],"MIN_VALUE":[0,0],"P10_VALUE":[11,8],"P25_VALUE":[25,28],"MEDIAN_VALUE":[42,50],"P75_VALUE":[62,66],"P90_VALUE":[78,78],"MAX_VALUE":[99,99]}}
