{"PREVALENCE_BY_GENDER_AGE_YEAR":{"TRELLIS_NAME":["70-79","0-9","50-59","50-59","30-39","40-49","40-49","20-29","10-19","70-79","60-69","20-29","30-39"],"SERIES_NAME":["MALE","MALE","MALE","FEMALE","MALE","MALE","FEMALE","FEMALE","FEMALE","FEMALE","MALE","MALE","FEMALE"],"X_CALENDAR_YEAR":[2019,2019,2019,2019,2019,2019,2019,2019,2019,2019,2019,2019,2019],"Y_PREVALENCE_1000PP":[2.27834,1.33749,0.88015,1.44865,1.86409,1.1701,1.42755,1.49875,2.4049,1.48258,2.11538,1.51668,1.13969]},"PREVALENCE_BY_MONTH":{"X_CALENDAR_MONTH":[201901,201902,201903,201904,201905,201906,201908,201909,201910,201911,201912],"Y_PREVALENCE_1000PP":[0.14,0.11,0.13,0.16,0.13,0.14,0.13,0.08,0.13,0.13,0.12]},"CONDITIONS_BY_TYPE":{"CONCEPT_NAME":"Claim","COUNT_VALUE":228},"AGE_AT_FIRST_DIAGNOSIS":{"CATEGORY":["MALE","FEMALE"],"MIN_VALUE":[0,0],"P10_VALUE":[14,15],"P25_VALUE":[26,21],"MEDIAN_VALUE":[47,42],"P75_VALUE":[67,60],"P90_VALUE":[77,77],"MAX_VALUE":[89,95]}}
