{"PREVALENCE_BY_GENDER_AGE_YEAR":{"TRELLIS_NAME":["70-79","0-9","40-49","10-19","70-79","20-29","50-59","40-49","0-9","60-69","10-19","50-59","20-29","30-39"],"SERIES_NAME":["FEMALE","MALE","FEMALE","MALE","MALE","MALE","MALE","MALE","FEMALE","FEMALE","FEMALE","FEMALE","FEMALE","FEMALE"],"X_CALENDAR_YEAR":[2019,2019,2019,2019,2019,2019,2019,2019,2019,2019,2019,2019,2019,2019],"Y_PREVALENCE_1000PP":[1.11193,2.67499,1.71306,2.29148,2.84792,1.85372,1.46692,1.02384,1.2621,1.90259,1.31176,1.88324,1.49875,2.93064]},"PREVALENCE_BY_MONTH":{"X_CALENDAR_MONTH":[201901,201902,201903,201904,201905,201906,201907,201908,201909,201910,201911,201912],"Y_PREVALENCE_1000PP":[0.2,0.09,0.09,0.13,0.14,0.07,0.14,0.2,0.21,0.2,0.11,0.13]},"CONDITIONS_BY_TYPE":{"CONCEPT_NAME":"Claim","COUNT_VALUE":288},"AGE_AT_FIRST_DIAGNOSIS":{"CATEGORY":["FEMALE","MALE"],"MIN_VALUE":[1,0],"P10_VALUE":[12,3],"P25_VALUE":[28,18],"MEDIAN_VALUE":[42,46],"P75_VALUE":[58,74],"P90_VALUE":[71,79],"MAX_VALUE":[98,97]}}
