{"PREVALENCE_BY_GENDER_AGE_YEAR":{"TRELLIS_NAME":["50-59","80-89","60-69","0-9","90-99","30-39","30-39","70-79","20-29","40-49","50-59","40-49","10-19","80-89","60-69","70-79","20-29","10-19","0-9"],"SERIES_NAME":["FEMALE","MALE","MALE","MALE","FEMALE","MALE","FEMALE","MALE","MALE","MALE","MALE","FEMALE","MALE","FEMALE","FEMALE","FEMALE","FEMALE","FEMALE","FEMALE"],"X_CALENDAR_YEAR":[2019,2019,2019,2019,2019,2019,2019,2019,2019,2019,2019,2019,2019,2019,2019,2019,2019,2019,2019],"Y_PREVALENCE_1000PP":[2.4627,4.41745,3.84615,4.90415,4.45931,3.21979,3.41908,3.79723,3.37041,2.63273,4.54745,2.99786,4.58295,3.45821,3.42466,3.70645,3.33056,4.80979,3.36559]},"PREVALENCE_BY_MONTH":{"X_CALENDAR_MONTH":[201901,201902,201903,201904,201905,201906,201907,201908,201909,201910,201911,201912],"Y_PREVALENCE_1000PP":[0.32,0.29,0.27,0.26,0.35,0.25,0.32,0.32,0.22,0.42,0.27,0.31]},"CONDITIONS_BY_TYPE":{"CONCEPT_NAME":"Claim","COUNT_VALUE":601},"AGE_AT_FIRST_DIAGNOSIS":{"CATEGORY":["MALE","No matching concept","FEMALE"],"MIN_VALUE":[0,1,0],"P10_VALUE":[7,1,10],"P25_VALUE":[22,40,21],"MEDIAN_VALUE":[45,56,43],"P75_VALUE":[63,58,65],"P90_VALUE":[76,78,76],"MAX_VALUE":[98,78,98]}}
