{"PREVALENCE_BY_GENDER_AGE_YEAR":{"TRELLIS_NAME":["0-9","70-79","50-59","70-79","90-99","0-9","10-19","10-19","60-69","20-29","80-89","50-59","20-29","30-39","30-39","40-49","60-69","40-49","90-99"],"SERIES_NAME":["MALE","FEMALE","MALE","MALE","FEMALE","FEMALE","FEMALE","MALE","MALE","MALE","MALE","FEMALE","FEMALE","MALE","FEMALE","FEMALE","FEMALE","MALE","MALE"],"X_CALENDAR_YEAR":[2019,2019,2019,2019,2019,2019,2019,2019,2019,2019,2019,2019,2019,2019,2019,2019,2019,2019,2019],"Y_PREVALENCE_1000PP":[3.56665,3.15048,2.64046,3.41751,3.9019,3.15524,3.71666,2.74977,4.61538,2.69633,3.86527,3.91134,3.33056,3.89764,4.55878,2.71235,3.61492,3.36405,4.5584]},"PREVALENCE_BY_MONTH":{"X_CALENDAR_MONTH":[201901,201902,201903,201904,201905,201906,201907,201908,201909,201910,201911,201912],"Y_PREVALENCE_1000PP":[0.44,0.17,0.23,0.38,0.22,0.18,0.28,0.3,0.23,0.42,0.27,0.34]},"CONDITIONS_BY_TYPE":{"CONCEPT_NAME":"Claim","COUNT_VALUE":553},"AGE_AT_FIRST_DIAGNOSIS":{"CATEGORY":["No matching concept","MALE","FEMALE"],"MIN_VALUE":[4,0,0],"P10_VALUE":[4,10,13],"P25_VALUE":[14,28,26],"MEDIAN_VALUE":[54,46,43],"P75_VALUE":[66,67,62],"P90_VALUE":[91,79,76],"MAX_VALUE":[91,99,99]}}
