{"PREVALENCE_BY_GENDER_AGE_YEAR":{"TRELLIS_NAME":["30-39","80-89","70-79","0-9","70-79","60-69","30-39","80-89","20-29","0-9","40-49","40-49","20-29","10-19","60-69","10-19","90-99","50-59","50-59"],"SERIES_NAME":["FEMALE","FEMALE","FEMALE","FEMALE","MALE","MALE","MALE","MALE","FEMALE","MALE","MALE","FEMALE","MALE","MALE","FEMALE","FEMALE","FEMALE","MALE","FEMALE"],"X_CALENDAR_YEAR":[2019,2019,2019,2019,2019,2019,2019,2019,2019,2019,2019,2019,2019,2019,2019,2019,2019,2019,2019],"Y_PREVALENCE_1000PP":[3.5819,4.03458,2.40919,2.10349,2.27834,2.5,1.86409,3.86527,3.16403,3.56665,2.63273,3.28337,2.52781,3.43721,3.61492,2.84215,4.45931,2.49377,2.89729]},"PREVALENCE_BY_MONTH":{"X_CALENDAR_MONTH":[201901,201902,201903,201904,201905,201906,201907,201908,201909,201910,201911,201912],"Y_PREVALENCE_1000PP":[0.21,0.22,0.3,0.24,0.25,0.3,0.37,0.15,0.2,0.26,0.24,0.23]},"CONDITIONS_BY_TYPE":{"CONCEPT_NAME":"Claim","COUNT_VALUE":504},"AGE_AT_FIRST_DIAGNOSIS":{"CATEGORY":["MALE","No matching concept","FEMALE"],"MIN_VALUE":[0,7,0],"P10_VALUE":[8,19,15],"P25_VALUE":[21,24,29],"MEDIAN_VALUE":[43,42,45],"P75_VALUE":[62,56,63],"P90_VALUE":[79,84,79],"MAX_VALUE":[99,90,96]}}
