{"PREVALENCE_BY_GENDER_AGE_YEAR":{"TRELLIS_NAME":["30-39","20-29","90-99","70-79","40-49","90-99","10-19","70-79","10-19","20-29","0-9","30-39","80-89","0-9","60-69","60-69","40-49","80-89","50-59","50-59"],"SERIES_NAME":["FEMALE","FEMALE","MALE","FEMALE","FEMALE","FEMALE","MALE","MALE","FEMALE","MALE","MALE","MALE","MALE","FEMALE","MALE","FEMALE","MALE","FEMALE","FEMALE","MALE"],"X_CALENDAR_YEAR":[2019,2019,2019,2019,2019,2019,2019,2019,2019,2019,2019,2019,2019,2019,2019,2019,2019,2019,2019,2019],"Y_PREVALENCE_1000PP":[51.44904,44.796,52.99145,45.21868,49.39329,65.7748,48.57929,50.88286,45.25579,46.68015,51.49354,48.46636,44.17449,47.74926,47.11538,50.22831,51.7771,44.95677,50.55773,47.23485]},"PREVALENCE_BY_MONTH":{"X_CALENDAR_MONTH":[201901,201902,201903,201904,201905,201906,201907,201908,201909,201910,201911,201912],"Y_PREVALENCE_1000PP":[5.04,3.86,3.95,4.46,3.7,3.85,4.84,3.91,3.75,5.14,3.6,3.81]},"CONDITIONS_BY_TYPE":{"CONCEPT_NAME":"Claim","COUNT_VALUE":8461},"AGE_AT_FIRST_DIAGNOSIS":{"CATEGORY":["MALE","FEMALE","No matching concept"],"MIN_VALUE":[0,0,1],"P10_VALUE":[10,10,10],"P25_VALUE":[25,26,25],"MEDIAN_VALUE":[45,44,44],"P75_VALUE":[63,63,63],"P90_VALUE":[77,78,77],"MAX_VALUE":[99,99,96]}}
