{"PREVALENCE_BY_GENDER_AGE_YEAR":{"TRELLIS_NAME":["20-29","30-39","80-89","0-9","50-59","20-29","30-39","50-59","60-69","60-69","70-79","10-19","40-49","0-9","10-19","80-89","70-79","40-49","90-99"],"SERIES_NAME":["MALE","FEMALE","FEMALE","MALE","FEMALE","FEMALE","MALE","MALE","FEMALE","MALE","MALE","MALE","MALE","FEMALE","FEMALE","MALE","FEMALE","FEMALE","MALE"],"X_CALENDAR_YEAR":[2019,2019,2019,2019,2019,2019,2019,2019,2019,2019,2019,2019,2019,2019,2019,2019,2019,2019,2019],"Y_PREVALENCE_1000PP":[2.19077,3.90752,5.18732,2.22916,2.31783,4.1632,2.7114,1.61361,3.2344,2.30769,2.65806,3.43721,2.92526,2.31384,1.96764,3.31309,2.22387,1.99857,3.4188]},"PREVALENCE_BY_MONTH":{"X_CALENDAR_MONTH":[201901,201902,201903,201904,201905,201906,201907,201908,201909,201910,201911,201912],"Y_PREVALENCE_1000PP":[0.33,0.13,0.24,0.24,0.2,0.24,0.26,0.22,0.12,0.29,0.17,0.22]},"CONDITIONS_BY_TYPE":{"CONCEPT_NAME":"Claim","COUNT_VALUE":462},"AGE_AT_FIRST_DIAGNOSIS":{"CATEGORY":["MALE","FEMALE"],"MIN_VALUE":[0,0],"P10_VALUE":[11,13],"P25_VALUE":[26,26],"MEDIAN_VALUE":[43,42],"P75_VALUE":[67,61],"P90_VALUE":[78,78],"MAX_VALUE":[99,97]}}
