{"PREVALENCE_BY_GENDER_AGE_YEAR":{"TRELLIS_NAME":["80-89","90-99","10-19","20-29","60-69","50-59","20-29","0-9","0-9","40-49","70-79","70-79","10-19","60-69","40-49","90-99","30-39","50-59","80-89","30-39"],"SERIES_NAME":["FEMALE","FEMALE","FEMALE","MALE","FEMALE","MALE","FEMALE","MALE","FEMALE","MALE","MALE","FEMALE","MALE","MALE","FEMALE","MALE","MALE","FEMALE","MALE","FEMALE"],"X_CALENDAR_YEAR":[2019,2019,2019,2019,2019,2019,2019,2019,2019,2019,2019,2019,2019,2019,2019,2019,2019,2019,2019,2019],"Y_PREVALENCE_1000PP":[20.74928,23.96878,25.79799,24.94102,21.49924,24.35089,27.64363,22.29157,25.03155,26.61986,21.07462,25.20385,22.22731,22.30769,22.98358,16.52422,23.2164,26.22048,23.19161,26.05015]},"PREVALENCE_BY_MONTH":{"X_CALENDAR_MONTH":[201901,201902,201903,201904,201905,201906,201907,201908,201909,201910,201911,201912],"Y_PREVALENCE_1000PP":[2.26,1.71,2.01,2.44,1.96,1.87,2.23,1.96,1.74,2.52,1.95,1.86]},"CONDITIONS_BY_TYPE":{"CONCEPT_NAME":"Claim","COUNT_VALUE":4100},"AGE_AT_FIRST_DIAGNOSIS":{"CATEGORY":["FEMALE","MALE","No matching concept"],"MIN_VALUE":[0,0,1],"P10_VALUE":[10,11,13],"P25_VALUE":[24,25,28],"MEDIAN_VALUE":[43,44,41],"P75_VALUE":[61,61,60],"P90_VALUE":[75,75,72],"MAX_VALUE":[99,99,83]}}
