{"PREVALENCE_BY_GENDER_AGE_YEAR":{"TRELLIS_NAME":["10-19","60-69","90-99","0-9","20-29","70-79","10-19","80-89","30-39","40-49","50-59","20-29","90-99","50-59","80-89","60-69","40-49","0-9","30-39","70-79"],"SERIES_NAME":["FEMALE","FEMALE","FEMALE","MALE","FEMALE","FEMALE","MALE","FEMALE","MALE","FEMALE","MALE","MALE","MALE","FEMALE","MALE","MALE","MALE","FEMALE","FEMALE","MALE"],"X_CALENDAR_YEAR":[2019,2019,2019,2019,2019,2019,2019,2019,2019,2019,2019,2019,2019,2019,2019,2019,2019,2019,2019,2019],"Y_PREVALENCE_1000PP":[27.547,26.44597,31.21516,26.9728,24.81266,26.68643,24.28964,29.39481,23.72479,29.40757,26.99135,27.80586,34.18803,31.14588,29.2656,30,27.05865,23.76946,22.63106,26.5806]},"PREVALENCE_BY_MONTH":{"X_CALENDAR_MONTH":[201901,201902,201903,201904,201905,201906,201907,201908,201909,201910,201911,201912],"Y_PREVALENCE_1000PP":[2.45,1.92,2.17,2.67,1.98,2.11,2.65,2.15,1.97,2.98,2.1,2.18]},"CONDITIONS_BY_TYPE":{"CONCEPT_NAME":"Claim","COUNT_VALUE":4630},"AGE_AT_FIRST_DIAGNOSIS":{"CATEGORY":["No matching concept","FEMALE","MALE"],"MIN_VALUE":[2,0,0],"P10_VALUE":[18,12,10],"P25_VALUE":[29,26,25],"MEDIAN_VALUE":[46,47,46],"P75_VALUE":[62,64,65],"P90_VALUE":[77,78,78],"MAX_VALUE":[98,99,99]}}
