{"PREVALENCE_BY_GENDER_AGE_YEAR":{"TRELLIS_NAME":["40-49","80-89","30-39","70-79","70-79","10-19","60-69","40-49","10-19","60-69","20-29","0-9","30-39","0-9","50-59","20-29","50-59"],"SERIES_NAME":["MALE","MALE","MALE","FEMALE","MALE","MALE","FEMALE","FEMALE","FEMALE","MALE","FEMALE","MALE","FEMALE","FEMALE","MALE","MALE","FEMALE"],"X_CALENDAR_YEAR":[2019,2019,2019,2019,2019,2019,2019,2019,2019,2019,2019,2019,2019,2019,2019,2019,2019],"Y_PREVALENCE_1000PP":[2.779,4.41745,3.21979,2.03855,1.51889,1.83318,1.52207,2.14133,3.27941,2.69231,1.83181,2.45207,2.93064,2.52419,2.93384,2.52781,4.63567]},"PREVALENCE_BY_MONTH":{"X_CALENDAR_MONTH":[201901,201902,201903,201904,201905,201906,201907,201908,201909,201910,201911,201912],"Y_PREVALENCE_1000PP":[0.21,0.18,0.27,0.25,0.22,0.18,0.23,0.22,0.18,0.16,0.2,0.29]},"CONDITIONS_BY_TYPE":{"CONCEPT_NAME":"Claim","COUNT_VALUE":445},"AGE_AT_FIRST_DIAGNOSIS":{"CATEGORY":["MALE","FEMALE"],"MIN_VALUE":[0,0],"P10_VALUE":[11,11],"P25_VALUE":[29,24],"MEDIAN_VALUE":[46,45],"P75_VALUE":[62,57],"P90_VALUE":[81,75],"MAX_VALUE":[99,97]}}
