{"PREVALENCE_BY_GENDER_AGE_YEAR":{"TRELLIS_NAME":["30-39","60-69","0-9","80-89","50-59","80-89","70-79","40-49","60-69","0-9","10-19","50-59","90-99","70-79","20-29","10-19","20-29","30-39","40-49"],"SERIES_NAME":["FEMALE","MALE","MALE","MALE","MALE","FEMALE","MALE","FEMALE","FEMALE","FEMALE","FEMALE","FEMALE","MALE","FEMALE","MALE","MALE","FEMALE","MALE","MALE"],"X_CALENDAR_YEAR":[2019,2019,2019,2019,2019,2019,2019,2019,2019,2019,2019,2019,2019,2019,2019,2019,2019,2019,2019],"Y_PREVALENCE_1000PP":[3.74471,2.69231,3.56665,6.07399,4.25407,4.03458,4.9364,2.8551,3.2344,3.36559,2.62352,2.4627,4.5584,3.15048,3.70745,2.74977,3.16403,3.55872,3.07152]},"PREVALENCE_BY_MONTH":{"X_CALENDAR_MONTH":[201901,201902,201903,201904,201905,201906,201907,201908,201909,201910,201911,201912],"Y_PREVALENCE_1000PP":[0.33,0.29,0.28,0.29,0.17,0.31,0.39,0.19,0.33,0.31,0.24,0.25]},"CONDITIONS_BY_TYPE":{"CONCEPT_NAME":"Claim","COUNT_VALUE":553},"AGE_AT_FIRST_DIAGNOSIS":{"CATEGORY":["FEMALE","MALE"],"MIN_VALUE":[0,2],"P10_VALUE":[9,10],"P25_VALUE":[26,27],"MEDIAN_VALUE":[45,48],"P75_VALUE":[65,69],"P90_VALUE":[78,80],"MAX_VALUE":[99,99]}}
