{"PREVALENCE_BY_GENDER_AGE_YEAR":{"TRELLIS_NAME":["60-69","10-19","0-9","20-29","40-49","40-49","80-89","50-59","70-79","70-79","20-29","0-9","30-39","30-39","60-69","50-59","90-99","10-19"],"SERIES_NAME":["MALE","FEMALE","MALE","FEMALE","FEMALE","MALE","FEMALE","MALE","FEMALE","MALE","MALE","FEMALE","FEMALE","MALE","FEMALE","FEMALE","MALE","MALE"],"X_CALENDAR_YEAR":[2019,2019,2019,2019,2019,2019,2019,2019,2019,2019,2019,2019,2019,2019,2019,2019,2019,2019],"Y_PREVALENCE_1000PP":[1.73077,4.59117,2.67499,5.66195,3.42612,2.779,6.34006,2.93384,2.77984,4.74654,4.04449,3.36559,3.41908,3.72818,3.80518,4.05621,5.12821,4.3538]},"PREVALENCE_BY_MONTH":{"X_CALENDAR_MONTH":[201901,201902,201903,201904,201905,201906,201907,201908,201909,201910,201911,201912],"Y_PREVALENCE_1000PP":[0.32,0.31,0.24,0.32,0.4,0.29,0.44,0.16,0.36,0.41,0.2,0.22]},"CONDITIONS_BY_TYPE":{"CONCEPT_NAME":"Claim","COUNT_VALUE":616},"AGE_AT_FIRST_DIAGNOSIS":{"CATEGORY":["FEMALE","MALE","No matching concept"],"MIN_VALUE":[0,1,2],"P10_VALUE":[10,12,2],"P25_VALUE":[22,23,20],"MEDIAN_VALUE":[41,41,34],"P75_VALUE":[60,66,55],"P90_VALUE":[75,78,84],"MAX_VALUE":[98,99,84]}}
