{"PREVALENCE_BY_GENDER_AGE_YEAR":{"TRELLIS_NAME":["80-89","10-19","60-69","50-59","30-39","60-69","50-59","70-79","0-9","20-29","20-29","40-49","10-19","80-89","30-39","40-49"],"SERIES_NAME":["MALE","MALE","FEMALE","MALE","FEMALE","MALE","FEMALE","FEMALE","MALE","FEMALE","MALE","MALE","FEMALE","FEMALE","MALE","FEMALE"],"X_CALENDAR_YEAR":[2019,2019,2019,2019,2019,2019,2019,2019,2019,2019,2019,2019,2019,2019,2019,2019],"Y_PREVALENCE_1000PP":[4.41745,2.97892,1.90259,1.32023,1.79095,1.73077,1.01405,1.6679,1.33749,1.99833,1.85372,2.19394,2.62352,4.61095,1.01678,2.28408]},"PREVALENCE_BY_MONTH":{"X_CALENDAR_MONTH":[201901,201902,201903,201904,201905,201906,201907,201908,201909,201910,201911,201912],"Y_PREVALENCE_1000PP":[0.21,0.15,0.15,0.15,0.15,0.14,0.24,0.12,0.1,0.15,0.09,0.13]},"CONDITIONS_BY_TYPE":{"CONCEPT_NAME":"Claim","COUNT_VALUE":319},"AGE_AT_FIRST_DIAGNOSIS":{"CATEGORY":["MALE","FEMALE"],"MIN_VALUE":[0,3],"P10_VALUE":[11,15],"P25_VALUE":[22,27],"MEDIAN_VALUE":[44,42],"P75_VALUE":[63,65],"P90_VALUE":[84,81],"MAX_VALUE":[99,93]}}
