{"PREVALENCE_BY_GENDER_AGE_YEAR":{"TRELLIS_NAME":["60-69","20-29","80-89","0-9","20-29","90-99","50-59","30-39","40-49","0-9","70-79","30-39","70-79","80-89","50-59","40-49","10-19","90-99","10-19","60-69"],"SERIES_NAME":["MALE","FEMALE","FEMALE","MALE","MALE","FEMALE","FEMALE","FEMALE","MALE","FEMALE","FEMALE","MALE","MALE","MALE","MALE","FEMALE","FEMALE","MALE","MALE","FEMALE"],"X_CALENDAR_YEAR":[2019,2019,2019,2019,2019,2019,2019,2019,2019,2019,2019,2019,2019,2019,2019,2019,2019,2019,2019,2019],"Y_PREVALENCE_1000PP":[4.23077,4.99584,3.45821,2.8979,4.88709,3.9019,3.91134,3.74471,3.9491,3.15524,3.70645,4.91442,2.84792,4.96963,3.52061,2.8551,2.84215,3.4188,3.20807,3.04414]},"PREVALENCE_BY_MONTH":{"X_CALENDAR_MONTH":[201901,201902,201903,201904,201905,201906,201907,201908,201909,201910,201911,201912],"Y_PREVALENCE_1000PP":[0.45,0.3,0.23,0.29,0.35,0.3,0.36,0.23,0.26,0.29,0.3,0.35]},"CONDITIONS_BY_TYPE":{"CONCEPT_NAME":"Claim","COUNT_VALUE":603},"AGE_AT_FIRST_DIAGNOSIS":{"CATEGORY":["FEMALE","MALE"],"MIN_VALUE":[0,0],"P10_VALUE":[12,14],"P25_VALUE":[26,26],"MEDIAN_VALUE":[43,42],"P75_VALUE":[63,62],"P90_VALUE":[78,79],"MAX_VALUE":[98,98]}}
