{"PREVALENCE_BY_GENDER_AGE_YEAR":{"TRELLIS_NAME":["20-29","60-69","10-19","50-59","30-39","60-69","70-79","40-49","10-19","20-29","0-9","50-59","70-79","40-49","30-39","0-9"],"SERIES_NAME":["MALE","FEMALE","MALE","FEMALE","FEMALE","MALE","MALE","FEMALE","FEMALE","FEMALE","MALE","MALE","FEMALE","MALE","MALE","FEMALE"],"X_CALENDAR_YEAR":[2019,2019,2019,2019,2019,2019,2019,2019,2019,2019,2019,2019,2019,2019,2019,2019],"Y_PREVALENCE_1000PP":[2.86485,2.47336,1.83318,1.30378,1.62813,1.34615,2.65806,2.71235,2.4049,1.1657,3.34374,2.20038,1.48258,2.19394,2.20302,2.10349]},"PREVALENCE_BY_MONTH":{"X_CALENDAR_MONTH":[201901,201902,201903,201904,201905,201906,201907,201908,201909,201910,201911,201912],"Y_PREVALENCE_1000PP":[0.26,0.17,0.15,0.24,0.16,0.1,0.16,0.15,0.16,0.24,0.16,0.12]},"CONDITIONS_BY_TYPE":{"CONCEPT_NAME":"Claim","COUNT_VALUE":354},"AGE_AT_FIRST_DIAGNOSIS":{"CATEGORY":["FEMALE","MALE"],"MIN_VALUE":[0,0],"P10_VALUE":[9,6],"P25_VALUE":[25,21],"MEDIAN_VALUE":[42,41],"P75_VALUE":[62,61],"P90_VALUE":[77,76],"MAX_VALUE":[96,99]}}
