{"PREVALENCE_BY_GENDER_AGE_YEAR":{"TRELLIS_NAME":["40-49","30-39","60-69","60-69","30-39","10-19","20-29","50-59","70-79","50-59","40-49","0-9","10-19","70-79"],"SERIES_NAME":["FEMALE","FEMALE","MALE","FEMALE","MALE","FEMALE","FEMALE","FEMALE","MALE","MALE","MALE","MALE","MALE","FEMALE"],"X_CALENDAR_YEAR":[2019,2019,2019,2019,2019,2019,2019,2019,2019,2019,2019,2019,2019,2019],"Y_PREVALENCE_1000PP":[0.99929,1.13969,1.73077,1.90259,1.86409,1.74902,0.99917,1.88324,1.51889,1.76031,2.04768,1.33749,2.06233,1.85322]},"PREVALENCE_BY_MONTH":{"X_CALENDAR_MONTH":[201901,201902,201903,201904,201905,201906,201907,201908,201909,201910,201911,201912],"Y_PREVALENCE_1000PP":[0.11,0.09,0.14,0.16,0.12,0.14,0.16,0.08,0.11,0.18,0.08,0.12]},"CONDITIONS_BY_TYPE":{"CONCEPT_NAME":"Claim","COUNT_VALUE":243},"AGE_AT_FIRST_DIAGNOSIS":{"CATEGORY":["FEMALE","MALE"],"MIN_VALUE":[2,1],"P10_VALUE":[14,10],"P25_VALUE":[29,26],"MEDIAN_VALUE":[51,42],"P75_VALUE":[67,60],"P90_VALUE":[76,75],"MAX_VALUE":[97,98]}}
