{"PREVALENCE_BY_GENDER_AGE_YEAR":{"TRELLIS_NAME":["20-29","90-99","50-59","80-89","0-9","40-49","10-19","30-39","90-99","80-89","50-59","20-29","70-79","0-9","30-39","60-69","70-79","60-69","40-49","10-19"],"SERIES_NAME":["FEMALE","MALE","MALE","FEMALE","FEMALE","FEMALE","MALE","FEMALE","FEMALE","MALE","FEMALE","MALE","MALE","MALE","MALE","MALE","FEMALE","FEMALE","MALE","FEMALE"],"X_CALENDAR_YEAR":[2019,2019,2019,2019,2019,2019,2019,2019,2019,2019,2019,2019,2019,2019,2019,2019,2019,2019,2019,2019],"Y_PREVALENCE_1000PP":[11.82348,11.96581,11.44198,13.25648,10.51746,8.99358,9.1659,12.37382,7.24638,8.28272,12.31349,9.26862,10.63224,10.92287,10.84562,11.73077,13.15789,9.7032,12.43235,10.27547]},"PREVALENCE_BY_MONTH":{"X_CALENDAR_MONTH":[201901,201902,201903,201904,201905,201906,201907,201908,201909,201910,201911,201912],"Y_PREVALENCE_1000PP":[1.02,0.68,0.95,1.08,0.75,0.76,1.09,0.83,0.85,1.13,0.94,1.01]},"CONDITIONS_BY_TYPE":{"CONCEPT_NAME":"Claim","COUNT_VALUE":1847},"AGE_AT_FIRST_DIAGNOSIS":{"CATEGORY":["MALE","FEMALE","No matching concept"],"MIN_VALUE":[0,0,10],"P10_VALUE":[10,10,18],"P25_VALUE":[26,25,28],"MEDIAN_VALUE":[46,44,42],"P75_VALUE":[63,64,64],"P90_VALUE":[76,77,78],"MAX_VALUE":[99,99,99]}}
