{"PREVALENCE_BY_GENDER_AGE_YEAR":{"TRELLIS_NAME":["0-9","20-29","20-29","0-9","30-39","40-49","90-99","10-19","10-19","60-69","70-79","70-79","40-49","50-59","30-39","50-59"],"SERIES_NAME":["MALE","MALE","FEMALE","FEMALE","FEMALE","FEMALE","FEMALE","FEMALE","MALE","FEMALE","MALE","FEMALE","MALE","MALE","MALE","FEMALE"],"X_CALENDAR_YEAR":[2019,2019,2019,2019,2019,2019,2019,2019,2019,2019,2019,2019,2019,2019,2019,2019],"Y_PREVALENCE_1000PP":[2.45207,2.35929,1.33222,2.73454,2.60501,1.14204,4.45931,1.74902,2.74977,2.66362,1.70875,1.29726,2.63273,2.20038,3.21979,1.88324]},"PREVALENCE_BY_MONTH":{"X_CALENDAR_MONTH":[201901,201902,201903,201904,201905,201906,201907,201908,201909,201910,201911,201912],"Y_PREVALENCE_1000PP":[0.21,0.17,0.17,0.23,0.17,0.15,0.18,0.11,0.16,0.26,0.2,0.18]},"CONDITIONS_BY_TYPE":{"CONCEPT_NAME":"Claim","COUNT_VALUE":344},"AGE_AT_FIRST_DIAGNOSIS":{"CATEGORY":["MALE","FEMALE","No matching concept"],"MIN_VALUE":[0,0,3],"P10_VALUE":[9,6,3],"P25_VALUE":[23,26,17],"MEDIAN_VALUE":[38,47,35],"P75_VALUE":[54,65,50],"P90_VALUE":[76,83,70],"MAX_VALUE":[99,97,70]}}
