{"PREVALENCE_BY_GENDER_AGE_YEAR":{"TRELLIS_NAME":["50-59","80-89","40-49","60-69","20-29","60-69","70-79","10-19","0-9","30-39","20-29","80-89","50-59","40-49","10-19","70-79","30-39","0-9"],"SERIES_NAME":["FEMALE","FEMALE","MALE","MALE","FEMALE","FEMALE","FEMALE","MALE","FEMALE","FEMALE","MALE","MALE","MALE","FEMALE","FEMALE","MALE","MALE","MALE"],"X_CALENDAR_YEAR":[2019,2019,2019,2019,2019,2019,2019,2019,2019,2019,2019,2019,2019,2019,2019,2019,2019,2019],"Y_PREVALENCE_1000PP":[2.60756,5.18732,3.65657,5.38462,2.83097,2.09285,2.96516,2.97892,3.57594,2.11657,4.04449,3.31309,3.08053,2.71235,3.49803,2.27834,2.54194,2.67499]},"PREVALENCE_BY_MONTH":{"X_CALENDAR_MONTH":[201901,201902,201903,201904,201905,201906,201907,201908,201909,201910,201911,201912],"Y_PREVALENCE_1000PP":[0.33,0.35,0.16,0.18,0.2,0.3,0.27,0.25,0.28,0.28,0.19,0.25]},"CONDITIONS_BY_TYPE":{"CONCEPT_NAME":"Claim","COUNT_VALUE":491},"AGE_AT_FIRST_DIAGNOSIS":{"CATEGORY":["MALE","FEMALE"],"MIN_VALUE":[0,0],"P10_VALUE":[13,6],"P25_VALUE":[26,20],"MEDIAN_VALUE":[47,43],"P75_VALUE":[63,64],"P90_VALUE":[72,79],"MAX_VALUE":[97,99]}}
