{"PREVALENCE_BY_GENDER_AGE_YEAR":{"TRELLIS_NAME":["0-9","10-19","10-19","70-79","20-29","30-39","60-69","70-79","90-99","40-49","50-59","40-49","20-29","30-39","50-59","80-89","0-9","60-69"],"SERIES_NAME":["FEMALE","MALE","FEMALE","FEMALE","FEMALE","FEMALE","MALE","MALE","MALE","MALE","FEMALE","FEMALE","MALE","MALE","MALE","MALE","MALE","FEMALE"],"X_CALENDAR_YEAR":[2019,2019,2019,2019,2019,2019,2019,2019,2019,2019,2019,2019,2019,2019,2019,2019,2019,2019],"Y_PREVALENCE_1000PP":[2.52419,2.06233,4.80979,2.40919,2.49792,4.07034,1.53846,3.22764,3.9886,3.21779,1.88324,2.56959,2.69633,3.38926,2.93384,3.31309,2.45207,2.47336]},"PREVALENCE_BY_MONTH":{"X_CALENDAR_MONTH":[201901,201902,201903,201904,201905,201906,201907,201908,201909,201910,201911,201912],"Y_PREVALENCE_1000PP":[0.31,0.14,0.24,0.33,0.18,0.22,0.25,0.12,0.19,0.28,0.26,0.23]},"CONDITIONS_BY_TYPE":{"CONCEPT_NAME":"Claim","COUNT_VALUE":457},"AGE_AT_FIRST_DIAGNOSIS":{"CATEGORY":["FEMALE","MALE"],"MIN_VALUE":[0,0],"P10_VALUE":[11,11],"P25_VALUE":[19,26],"MEDIAN_VALUE":[34,46],"P75_VALUE":[56,64],"P90_VALUE":[71,78],"MAX_VALUE":[99,98]}}
