{"PREVALENCE_BY_GENDER_AGE_YEAR":{"TRELLIS_NAME":["10-19","20-29","70-79","50-59","0-9","40-49","10-19","40-49","60-69","50-59","70-79","0-9","60-69","80-89","30-39","30-39","20-29"],"SERIES_NAME":["FEMALE","FEMALE","MALE","FEMALE","FEMALE","FEMALE","MALE","MALE","MALE","MALE","FEMALE","MALE","FEMALE","MALE","MALE","FEMALE","MALE"],"X_CALENDAR_YEAR":[2019,2019,2019,2019,2019,2019,2019,2019,2019,2019,2019,2019,2019,2019,2019,2019,2019],"Y_PREVALENCE_1000PP":[1.96764,3.16403,2.65806,3.47675,2.10349,2.42684,2.29148,2.63273,3.26923,3.37392,2.03855,2.67499,3.80518,3.31309,3.55872,2.60501,3.37041]},"PREVALENCE_BY_MONTH":{"X_CALENDAR_MONTH":[201901,201902,201903,201904,201905,201906,201907,201908,201909,201910,201911,201912],"Y_PREVALENCE_1000PP":[0.23,0.2,0.31,0.27,0.18,0.25,0.37,0.26,0.17,0.23,0.17,0.24]},"CONDITIONS_BY_TYPE":{"CONCEPT_NAME":"Claim","COUNT_VALUE":498},"AGE_AT_FIRST_DIAGNOSIS":{"CATEGORY":["MALE","FEMALE","No matching concept"],"MIN_VALUE":[1,1,20],"P10_VALUE":[12,17,20],"P25_VALUE":[26,26,25],"MEDIAN_VALUE":[43,47,33],"P75_VALUE":[62,62,56],"P90_VALUE":[78,74,66],"MAX_VALUE":[98,99,66]}}
