{"PREVALENCE_BY_GENDER_AGE_YEAR":{"TRELLIS_NAME":["20-29","40-49","50-59","20-29","40-49","70-79","50-59","30-39","0-9","60-69","70-79","30-39","10-19","60-69"],"SERIES_NAME":["FEMALE","MALE","FEMALE","MALE","FEMALE","MALE","MALE","MALE","FEMALE","MALE","FEMALE","FEMALE","FEMALE","FEMALE"],"X_CALENDAR_YEAR":[2019,2019,2019,2019,2019,2019,2019,2019,2019,2019,2019,2019,2019,2019],"Y_PREVALENCE_1000PP":[2.49792,2.63273,2.0281,2.02224,1.42755,2.27834,1.76031,1.86409,1.47244,1.73077,1.6679,1.62813,1.53039,1.71233]},"PREVALENCE_BY_MONTH":{"X_CALENDAR_MONTH":[201901,201902,201903,201904,201905,201906,201907,201908,201909,201910,201911,201912],"Y_PREVALENCE_1000PP":[0.21,0.18,0.14,0.12,0.19,0.09,0.18,0.11,0.08,0.25,0.1,0.15]},"CONDITIONS_BY_TYPE":{"CONCEPT_NAME":"Claim","COUNT_VALUE":303},"AGE_AT_FIRST_DIAGNOSIS":{"CATEGORY":["FEMALE","MALE"],"MIN_VALUE":[1,7],"P10_VALUE":[10,20],"P25_VALUE":[26,30],"MEDIAN_VALUE":[45,48],"P75_VALUE":[62,63],"P90_VALUE":[76,76],"MAX_VALUE":[99,95]}}
