{"PREVALENCE_BY_GENDER_AGE_YEAR":{"TRELLIS_NAME":["10-19","40-49","60-69","70-79","70-79","0-9","0-9","40-49","60-69","20-29","20-29","50-59","30-39","10-19","50-59","30-39"],"SERIES_NAME":["MALE","MALE","MALE","FEMALE","MALE","MALE","FEMALE","FEMALE","FEMALE","FEMALE","MALE","FEMALE","FEMALE","FEMALE","MALE","MALE"],"X_CALENDAR_YEAR":[2019,2019,2019,2019,2019,2019,2019,2019,2019,2019,2019,2019,2019,2019,2019,2019],"Y_PREVALENCE_1000PP":[3.89551,2.92526,2.69231,2.59451,3.22764,1.78333,2.52419,3.14061,2.85388,3.66361,2.52781,3.18702,2.76783,2.84215,2.78715,3.55872]},"PREVALENCE_BY_MONTH":{"X_CALENDAR_MONTH":[201901,201902,201903,201904,201905,201906,201907,201908,201909,201910,201911,201912],"Y_PREVALENCE_1000PP":[0.3,0.22,0.22,0.24,0.24,0.24,0.31,0.21,0.23,0.25,0.25,0.22]},"CONDITIONS_BY_TYPE":{"CONCEPT_NAME":"Claim","COUNT_VALUE":500},"AGE_AT_FIRST_DIAGNOSIS":{"CATEGORY":["FEMALE","No matching concept","MALE"],"MIN_VALUE":[1,4,1],"P10_VALUE":[12,4,14],"P25_VALUE":[26,39,26],"MEDIAN_VALUE":[43,48,44],"P75_VALUE":[60,57,60],"P90_VALUE":[75,61,75],"MAX_VALUE":[98,76,95]}}
