{"PREVALENCE_BY_GENDER_AGE_YEAR":{"TRELLIS_NAME":["30-39","20-29","0-9","50-59","60-69","20-29","70-79","70-79","40-49","10-19","40-49","80-89","30-39","50-59","60-69"],"SERIES_NAME":["FEMALE","FEMALE","MALE","FEMALE","MALE","MALE","MALE","FEMALE","FEMALE","FEMALE","MALE","MALE","MALE","MALE","FEMALE"],"X_CALENDAR_YEAR":[2019,2019,2019,2019,2019,2019,2019,2019,2019,2019,2019,2019,2019,2019,2019],"Y_PREVALENCE_1000PP":[1.79095,1.33222,1.33749,1.88324,1.15385,1.34816,1.51889,1.48258,0.85653,2.18627,2.779,3.31309,1.69463,2.05369,3.04414]},"PREVALENCE_BY_MONTH":{"X_CALENDAR_MONTH":[201901,201902,201903,201904,201905,201906,201907,201908,201909,201910,201911,201912],"Y_PREVALENCE_1000PP":[0.19,0.11,0.09,0.15,0.13,0.12,0.23,0.12,0.07,0.16,0.18,0.11]},"CONDITIONS_BY_TYPE":{"CONCEPT_NAME":"Claim","COUNT_VALUE":255},"AGE_AT_FIRST_DIAGNOSIS":{"CATEGORY":["MALE","FEMALE"],"MIN_VALUE":[3,0],"P10_VALUE":[17,16],"P25_VALUE":[31,29],"MEDIAN_VALUE":[45,52],"P75_VALUE":[60,66],"P90_VALUE":[77,76],"MAX_VALUE":[90,96]}}
