{"PREVALENCE_BY_GENDER_AGE_YEAR":{"TRELLIS_NAME":["40-49","50-59","10-19","50-59","20-29","60-69"],"SERIES_NAME":["MALE","FEMALE","MALE","MALE","MALE","MALE"],"X_CALENDAR_YEAR":[2019,2019,2019,2019,2019,2019],"Y_PREVALENCE_1000PP":[0.87758,1.01405,1.37489,1.02684,1.01112,1.34615]},"PREVALENCE_BY_MONTH":{"X_CALENDAR_MONTH":[201903,201907,201908,201910],"Y_PREVALENCE_1000PP":[0.08,0.11,0.09,0.11]},"CONDITIONS_BY_TYPE":{"CONCEPT_NAME":"Claim","COUNT_VALUE":108},"AGE_AT_FIRST_DIAGNOSIS":{"CATEGORY":["MALE","FEMALE"],"MIN_VALUE":[1,3],"P10_VALUE":[14,22],"P25_VALUE":[22,37],"MEDIAN_VALUE":[45,53],"P75_VALUE":[62,63],"P90_VALUE":[70,83],"MAX_VALUE":[78,97]}}
