{"PREVALENCE_BY_GENDER_AGE_YEAR":{"TRELLIS_NAME":["10-19","30-39","40-49","20-29","70-79","0-9","90-99","40-49","30-39","80-89","60-69","0-9","90-99","70-79","10-19","20-29","60-69","80-89","50-59","50-59"],"SERIES_NAME":["MALE","FEMALE","MALE","FEMALE","MALE","MALE","FEMALE","FEMALE","MALE","MALE","FEMALE","FEMALE","MALE","FEMALE","FEMALE","MALE","MALE","FEMALE","MALE","FEMALE"],"X_CALENDAR_YEAR":[2019,2019,2019,2019,2019,2019,2019,2019,2019,2019,2019,2019,2019,2019,2019,2019,2019,2019,2019,2019],"Y_PREVALENCE_1000PP":[115.49038,120.97037,111.30613,115.40383,112.20809,115.47035,98.10479,112.91934,117.77665,105.46659,117.57991,115.9024,119.08832,113.0467,114.99781,115.60499,110.96154,117.57925,113.97976,114.443]},"PREVALENCE_BY_MONTH":{"X_CALENDAR_MONTH":[201901,201902,201903,201904,201905,201906,201907,201908,201909,201910,201911,201912],"Y_PREVALENCE_1000PP":[11.92,8.13,9.55,11.26,8.86,9.1,11.41,9.84,9.38,12.19,9.07,9.4]},"CONDITIONS_BY_TYPE":{"CONCEPT_NAME":"Claim","COUNT_VALUE":20331},"AGE_AT_FIRST_DIAGNOSIS":{"CATEGORY":["MALE","No matching concept","FEMALE"],"MIN_VALUE":[0,0,0],"P10_VALUE":[10,10,10],"P25_VALUE":[24,25,24],"MEDIAN_VALUE":[44,45,44],"P75_VALUE":[63,62,62],"P90_VALUE":[77,79,76],"MAX_VALUE":[99,98,99]}}
