{"PREVALENCE_BY_GENDER_AGE_YEAR":{"TRELLIS_NAME":["20-29","80-89","50-59","40-49","60-69","80-89","0-9","40-49","70-79","20-29","90-99","10-19","70-79","0-9","30-39","50-59","30-39","60-69","10-19"],"SERIES_NAME":["FEMALE","FEMALE","FEMALE","MALE","MALE","MALE","MALE","FEMALE","MALE","MALE","FEMALE","FEMALE","FEMALE","FEMALE","MALE","MALE","FEMALE","FEMALE","MALE"],"X_CALENDAR_YEAR":[2019,2019,2019,2019,2019,2019,2019,2019,2019,2019,2019,2019,2019,2019,2019,2019,2019,2019,2019],"Y_PREVALENCE_1000PP":[2.16486,3.45821,1.88324,2.19394,2.69231,5.52181,2.22916,2.71235,3.98709,1.34816,4.45931,1.96764,2.96516,3.57594,2.7114,2.49377,3.41908,3.42466,3.43721]},"PREVALENCE_BY_MONTH":{"X_CALENDAR_MONTH":[201901,201902,201903,201904,201905,201906,201907,201908,201909,201910,201911,201912],"Y_PREVALENCE_1000PP":[0.22,0.2,0.17,0.18,0.19,0.34,0.26,0.23,0.26,0.25,0.27,0.17]},"CONDITIONS_BY_TYPE":{"CONCEPT_NAME":"Claim","COUNT_VALUE":451},"AGE_AT_FIRST_DIAGNOSIS":{"CATEGORY":["MALE","FEMALE"],"MIN_VALUE":[0,1],"P10_VALUE":[11,8],"P25_VALUE":[29,28],"MEDIAN_VALUE":[50,46],"P75_VALUE":[71,66],"P90_VALUE":[80,78],"MAX_VALUE":[98,99]}}
