{"PREVALENCE_BY_GENDER_AGE_YEAR":{"TRELLIS_NAME":["20-29","10-19","40-49","20-29","90-99","40-49","30-39","30-39","0-9","80-89","0-9","10-19","50-59","60-69","60-69","50-59","70-79","70-79"],"SERIES_NAME":["FEMALE","MALE","MALE","MALE","FEMALE","FEMALE","FEMALE","MALE","FEMALE","MALE","MALE","FEMALE","MALE","MALE","FEMALE","FEMALE","FEMALE","MALE"],"X_CALENDAR_YEAR":[2019,2019,2019,2019,2019,2019,2019,2019,2019,2019,2019,2019,2019,2019,2019,2019,2019,2019],"Y_PREVALENCE_1000PP":[2.83097,2.97892,3.9491,4.21301,3.34448,3.14061,2.93064,5.42281,3.99663,4.41745,2.45207,4.15391,5.13422,5,4.18569,4.20107,2.96516,4.17695]},"PREVALENCE_BY_MONTH":{"X_CALENDAR_MONTH":[201901,201902,201903,201904,201905,201906,201907,201908,201909,201910,201911,201912],"Y_PREVALENCE_1000PP":[0.54,0.23,0.3,0.43,0.27,0.31,0.27,0.34,0.27,0.28,0.32,0.27]},"CONDITIONS_BY_TYPE":{"CONCEPT_NAME":"Claim","COUNT_VALUE":653},"AGE_AT_FIRST_DIAGNOSIS":{"CATEGORY":["FEMALE","No matching concept","MALE"],"MIN_VALUE":[0,17,0],"P10_VALUE":[9,17,17],"P25_VALUE":[23,22,30],"MEDIAN_VALUE":[47,38,47],"P75_VALUE":[62,42,62],"P90_VALUE":[74,70,76],"MAX_VALUE":[98,70,98]}}
