{"PREVALENCE_BY_GENDER_AGE_YEAR":{"TRELLIS_NAME":["70-79","30-39","90-99","90-99","20-29","0-9","70-79","80-89","10-19","60-69","50-59","40-49","0-9","40-49","50-59","10-19","80-89","30-39","60-69","20-29"],"SERIES_NAME":["FEMALE","FEMALE","FEMALE","MALE","FEMALE","FEMALE","MALE","FEMALE","FEMALE","FEMALE","FEMALE","MALE","MALE","FEMALE","MALE","MALE","MALE","MALE","MALE","MALE"],"X_CALENDAR_YEAR":[2019,2019,2019,2019,2019,2019,2019,2019,2019,2019,2019,2019,2019,2019,2019,2019,2019,2019,2019,2019],"Y_PREVALENCE_1000PP":[25.38918,27.35265,22.29654,28.49003,26.47794,25.2419,25.82115,25.9366,27.32838,26.82648,24.9167,27.49744,25.41239,24.26838,25.52442,27.72686,30.36996,26.94459,27.5,28.14291]},"PREVALENCE_BY_MONTH":{"X_CALENDAR_MONTH":[201901,201902,201903,201904,201905,201906,201907,201908,201909,201910,201911,201912],"Y_PREVALENCE_1000PP":[2.79,1.8,2.06,2.71,2.06,2.03,2.49,2.15,1.98,2.84,2.12,1.71]},"CONDITIONS_BY_TYPE":{"CONCEPT_NAME":"Claim","COUNT_VALUE":4505},"AGE_AT_FIRST_DIAGNOSIS":{"CATEGORY":["No matching concept","FEMALE","MALE"],"MIN_VALUE":[0,0,0],"P10_VALUE":[5,10,10],"P25_VALUE":[22,24,26],"MEDIAN_VALUE":[42,44,44],"P75_VALUE":[58,63,63],"P90_VALUE":[78,76,77],"MAX_VALUE":[94,99,99]}}
