{"PREVALENCE_BY_GENDER_AGE_YEAR":{"TRELLIS_NAME":["70-79","40-49","50-59","30-39","0-9","30-39","60-69","20-29","0-9","50-59","40-49","70-79","10-19","60-69"],"SERIES_NAME":["MALE","FEMALE","MALE","MALE","MALE","FEMALE","MALE","FEMALE","FEMALE","FEMALE","MALE","FEMALE","FEMALE","FEMALE"],"X_CALENDAR_YEAR":[2019,2019,2019,2019,2019,2019,2019,2019,2019,2019,2019,2019,2019,2019],"Y_PREVALENCE_1000PP":[1.70875,1.2848,1.32023,1.01678,1.56041,1.30251,1.15385,1.83181,2.31384,1.59351,2.19394,1.6679,1.53039,1.71233]},"PREVALENCE_BY_MONTH":{"X_CALENDAR_MONTH":[201901,201902,201903,201904,201905,201906,201907,201908,201909,201910,201911,201912],"Y_PREVALENCE_1000PP":[0.16,0.06,0.15,0.15,0.11,0.07,0.14,0.11,0.13,0.14,0.13,0.11]},"CONDITIONS_BY_TYPE":{"CONCEPT_NAME":"Claim","COUNT_VALUE":241},"AGE_AT_FIRST_DIAGNOSIS":{"CATEGORY":["MALE","FEMALE"],"MIN_VALUE":[0,1],"P10_VALUE":[8,8],"P25_VALUE":[28,21],"MEDIAN_VALUE":[47,43],"P75_VALUE":[62,62],"P90_VALUE":[74,75],"MAX_VALUE":[84,95]}}
