{"PREVALENCE_BY_GENDER_AGE_YEAR":{"TRELLIS_NAME":["20-29","40-49","0-9","10-19","60-69","30-39","20-29","60-69","50-59","30-39","40-49","50-59","70-79"],"SERIES_NAME":["MALE","MALE","FEMALE","FEMALE","MALE","MALE","FEMALE","FEMALE","FEMALE","FEMALE","FEMALE","MALE","FEMALE"],"X_CALENDAR_YEAR":[2019,2019,2019,2019,2019,2019,2019,2019,2019,2019,2019,2019,2019],"Y_PREVALENCE_1000PP":[1.6852,2.04768,2.10349,1.74902,2.30769,2.37248,1.1657,1.52207,1.59351,2.93064,2.28408,1.907,2.59451]},"PREVALENCE_BY_MONTH":{"X_CALENDAR_MONTH":[201901,201902,201903,201904,201905,201906,201907,201908,201909,201910,201911,201912],"Y_PREVALENCE_1000PP":[0.2,0.1,0.17,0.19,0.15,0.14,0.21,0.1,0.07,0.2,0.11,0.18]},"CONDITIONS_BY_TYPE":{"CONCEPT_NAME":"Claim","COUNT_VALUE":296},"AGE_AT_FIRST_DIAGNOSIS":{"CATEGORY":["MALE","FEMALE"],"MIN_VALUE":[0,0],"P10_VALUE":[23,9],"P25_VALUE":[32,29],"MEDIAN_VALUE":[47,43],"P75_VALUE":[63,67],"P90_VALUE":[82,77],"MAX_VALUE":[99,97]}}
