{"PREVALENCE_BY_GENDER_AGE_YEAR":{"TRELLIS_NAME":["50-59","70-79","30-39","70-79","40-49"],"SERIES_NAME":["MALE","MALE","FEMALE","FEMALE","MALE"],"X_CALENDAR_YEAR":[2019,2019,2019,2019,2019],"Y_PREVALENCE_1000PP":[1.76031,1.13917,1.46532,1.29726,0.87758]},"PREVALENCE_BY_MONTH":{"X_CALENDAR_MONTH":[201901,201902,201903,201904,201905,201906,201908,201909,201912],"Y_PREVALENCE_1000PP":[0.08,0.06,0.08,0.09,0.06,0.09,0.08,0.06,0.15]},"CONDITIONS_BY_TYPE":{"CONCEPT_NAME":"Claim","COUNT_VALUE":145},"AGE_AT_FIRST_DIAGNOSIS":{"CATEGORY":["FEMALE","MALE"],"MIN_VALUE":[3,0],"P10_VALUE":[11,13],"P25_VALUE":[25,29],"MEDIAN_VALUE":[45,50],"P75_VALUE":[73,59],"P90_VALUE":[79,76],"MAX_VALUE":[99,96]}}
