{"PREVALENCE_BY_GENDER_AGE_YEAR":{"TRELLIS_NAME":["30-39","0-9","60-69","20-29","70-79","10-19","50-59","60-69","50-59","30-39","0-9","10-19","40-49","70-79","20-29","40-49","80-89"],"SERIES_NAME":["MALE","MALE","MALE","FEMALE","MALE","FEMALE","FEMALE","FEMALE","MALE","FEMALE","FEMALE","MALE","MALE","FEMALE","MALE","FEMALE","FEMALE"],"X_CALENDAR_YEAR":[2019,2019,2019,2019,2019,2019,2019,2019,2019,2019,2019,2019,2019,2019,2019,2019,2019],"Y_PREVALENCE_1000PP":[3.21979,2.67499,3.26923,2.16486,3.60737,3.49803,3.62161,3.80518,3.37392,3.74471,3.36559,3.20807,2.19394,1.85322,2.35929,2.14133,4.61095]},"PREVALENCE_BY_MONTH":{"X_CALENDAR_MONTH":[201901,201902,201903,201904,201905,201906,201907,201908,201909,201910,201911,201912],"Y_PREVALENCE_1000PP":[0.3,0.25,0.23,0.23,0.18,0.27,0.29,0.2,0.27,0.26,0.24,0.24]},"CONDITIONS_BY_TYPE":{"CONCEPT_NAME":"Claim","COUNT_VALUE":501},"AGE_AT_FIRST_DIAGNOSIS":{"CATEGORY":["MALE","No matching concept","FEMALE"],"MIN_VALUE":[2,42,1],"P10_VALUE":[12,42,8],"P25_VALUE":[25,54,23],"MEDIAN_VALUE":[48,58,46],"P75_VALUE":[64,64,62],"P90_VALUE":[75,74,76],"MAX_VALUE":[97,74,96]}}
