{"PREVALENCE_BY_GENDER_AGE_YEAR":{"TRELLIS_NAME":["0-9","20-29","40-49","10-19","60-69","50-59","70-79","30-39","20-29","40-49","50-59","10-19","60-69","0-9","30-39"],"SERIES_NAME":["FEMALE","MALE","MALE","MALE","FEMALE","FEMALE","MALE","MALE","FEMALE","FEMALE","MALE","FEMALE","MALE","MALE","FEMALE"],"X_CALENDAR_YEAR":[2019,2019,2019,2019,2019,2019,2019,2019,2019,2019,2019,2019,2019,2019,2019],"Y_PREVALENCE_1000PP":[2.31384,2.35929,2.04768,2.06233,2.09285,3.04216,2.4682,2.03355,1.66528,1.85582,1.907,2.4049,2.30769,2.45207,2.27939]},"PREVALENCE_BY_MONTH":{"X_CALENDAR_MONTH":[201901,201902,201903,201904,201905,201906,201907,201908,201909,201910,201911,201912],"Y_PREVALENCE_1000PP":[0.22,0.2,0.2,0.21,0.16,0.19,0.22,0.13,0.13,0.16,0.1,0.17]},"CONDITIONS_BY_TYPE":{"CONCEPT_NAME":"Claim","COUNT_VALUE":339},"AGE_AT_FIRST_DIAGNOSIS":{"CATEGORY":["MALE","FEMALE"],"MIN_VALUE":[2,0],"P10_VALUE":[8,8],"P25_VALUE":[24,21],"MEDIAN_VALUE":[44,42],"P75_VALUE":[65,56],"P90_VALUE":[75,68],"MAX_VALUE":[99,95]}}
