{"PREVALENCE_BY_GENDER_AGE_YEAR":{"TRELLIS_NAME":["30-39","60-69","0-9","40-49","50-59","70-79","90-99","20-29","10-19","60-69","30-39","40-49","50-59","20-29","10-19","70-79","0-9"],"SERIES_NAME":["FEMALE","MALE","FEMALE","MALE","MALE","MALE","FEMALE","FEMALE","FEMALE","FEMALE","MALE","FEMALE","FEMALE","MALE","MALE","FEMALE","MALE"],"X_CALENDAR_YEAR":[2019,2019,2019,2019,2019,2019,2019,2019,2019,2019,2019,2019,2019,2019,2019,2019,2019],"Y_PREVALENCE_1000PP":[2.76783,2.30769,2.31384,2.34021,2.05369,1.89861,3.9019,1.83181,2.4049,2.28311,2.03355,1.14204,2.17297,3.37041,1.60403,1.85322,2.45207]},"PREVALENCE_BY_MONTH":{"X_CALENDAR_MONTH":[201901,201902,201903,201904,201905,201906,201907,201908,201909,201910,201911,201912],"Y_PREVALENCE_1000PP":[0.25,0.11,0.17,0.17,0.11,0.13,0.25,0.2,0.2,0.16,0.2,0.2]},"CONDITIONS_BY_TYPE":{"CONCEPT_NAME":"Claim","COUNT_VALUE":386},"AGE_AT_FIRST_DIAGNOSIS":{"CATEGORY":["FEMALE","MALE"],"MIN_VALUE":[1,0],"P10_VALUE":[9,8],"P25_VALUE":[23,25],"MEDIAN_VALUE":[41,43],"P75_VALUE":[64,60],"P90_VALUE":[84,75],"MAX_VALUE":[99,99]}}
