{"PREVALENCE_BY_GENDER_AGE_YEAR":{"TRELLIS_NAME":["50-59","70-79","60-69","40-49","20-29","50-59","20-29","0-9","0-9","30-39","30-39","70-79","40-49","10-19","60-69","10-19"],"SERIES_NAME":["MALE","FEMALE","FEMALE","FEMALE","FEMALE","FEMALE","MALE","FEMALE","MALE","FEMALE","MALE","MALE","MALE","MALE","MALE","FEMALE"],"X_CALENDAR_YEAR":[2019,2019,2019,2019,2019,2019,2019,2019,2019,2019,2019,2019,2019,2019,2019,2019],"Y_PREVALENCE_1000PP":[2.78715,3.15048,1.90259,3.14061,2.33139,3.33188,2.69633,2.52419,2.45207,2.93064,3.21979,2.65806,3.21779,2.97892,1.73077,2.18627]},"PREVALENCE_BY_MONTH":{"X_CALENDAR_MONTH":[201901,201902,201903,201904,201905,201906,201907,201908,201909,201910,201911,201912],"Y_PREVALENCE_1000PP":[0.29,0.12,0.15,0.29,0.19,0.2,0.22,0.26,0.2,0.26,0.32,0.23]},"CONDITIONS_BY_TYPE":{"CONCEPT_NAME":"Claim","COUNT_VALUE":451},"AGE_AT_FIRST_DIAGNOSIS":{"CATEGORY":["MALE","FEMALE","No matching concept"],"MIN_VALUE":[0,0,2],"P10_VALUE":[12,10,2],"P25_VALUE":[25,28,11],"MEDIAN_VALUE":[42,46,14],"P75_VALUE":[59,60,39],"P90_VALUE":[77,76,76],"MAX_VALUE":[97,95,76]}}
