{"PREVALENCE_BY_GENDER_AGE_YEAR":{"TRELLIS_NAME":["90-99","40-49","40-49","80-89","50-59","30-39","30-39","90-99","60-69","70-79","10-19","20-29","80-89","70-79","50-59","0-9","0-9","10-19","60-69","20-29"],"SERIES_NAME":["MALE","MALE","FEMALE","MALE","FEMALE","FEMALE","MALE","FEMALE","FEMALE","MALE","FEMALE","FEMALE","FEMALE","FEMALE","MALE","MALE","FEMALE","MALE","MALE","MALE"],"X_CALENDAR_YEAR":[2019,2019,2019,2019,2019,2019,2019,2019,2019,2019,2019,2019,2019,2019,2019,2019,2019,2019,2019,2019],"Y_PREVALENCE_1000PP":[19.94302,15.06509,16.84511,16.56543,15.9351,13.02507,15.9295,16.72241,13.88889,14.23961,17.70879,13.98834,16.7147,15.56709,16.7229,15.15827,12.62095,16.49863,16.15385,16.34648]},"PREVALENCE_BY_MONTH":{"X_CALENDAR_MONTH":[201901,201902,201903,201904,201905,201906,201907,201908,201909,201910,201911,201912],"Y_PREVALENCE_1000PP":[1.72,1.12,1.25,1.43,1.07,1.23,1.42,1.26,1.04,1.39,1.36,1.35]},"CONDITIONS_BY_TYPE":{"CONCEPT_NAME":"Claim","COUNT_VALUE":2675},"AGE_AT_FIRST_DIAGNOSIS":{"CATEGORY":["MALE","No matching concept","FEMALE"],"MIN_VALUE":[0,0,0],"P10_VALUE":[11,6,11],"P25_VALUE":[25,29,26],"MEDIAN_VALUE":[46,53,44],"P75_VALUE":[64,68,63],"P90_VALUE":[78,93,78],"MAX_VALUE":[98,99,99]}}
