{"PREVALENCE_BY_GENDER_AGE_YEAR":{"TRELLIS_NAME":["0-9","50-59","10-19","20-29","30-39"],"SERIES_NAME":["FEMALE","FEMALE","FEMALE","FEMALE","FEMALE"],"X_CALENDAR_YEAR":[2019,2019,2019,2019,2019],"Y_PREVALENCE_1000PP":[1.2621,1.30378,1.74902,1.33222,1.30251]},"PREVALENCE_BY_MONTH":{"X_CALENDAR_MONTH":[201901,201902,201903,201904,201905,201907,201909,201910,201912],"Y_PREVALENCE_1000PP":[0.08,0.07,0.07,0.1,0.1,0.08,0.1,0.07,0.06]},"CONDITIONS_BY_TYPE":{"CONCEPT_NAME":"Claim","COUNT_VALUE":141},"AGE_AT_FIRST_DIAGNOSIS":{"CATEGORY":["MALE","FEMALE"],"MIN_VALUE":[3,1],"P10_VALUE":[8,5],"P25_VALUE":[24,21],"MEDIAN_VALUE":[43,37],"P75_VALUE":[64,56],"P90_VALUE":[78,83],"MAX_VALUE":[98,99]}}
