{"PREVALENCE_BY_GENDER_AGE_YEAR":{"TRELLIS_NAME":["70-79","40-49","50-59","70-79","10-19","30-39","60-69","0-9","20-29","40-49","50-59","30-39","20-29","60-69"],"SERIES_NAME":["MALE","MALE","MALE","FEMALE","MALE","MALE","FEMALE","FEMALE","MALE","FEMALE","FEMALE","FEMALE","FEMALE","MALE"],"X_CALENDAR_YEAR":[2019,2019,2019,2019,2019,2019,2019,2019,2019,2019,2019,2019,2019,2019],"Y_PREVALENCE_1000PP":[2.27834,1.75516,1.46692,1.6679,2.29148,2.37248,1.33181,1.68279,1.17964,1.71306,2.17297,1.79095,1.33222,1.92308]},"PREVALENCE_BY_MONTH":{"X_CALENDAR_MONTH":[201901,201902,201903,201904,201905,201906,201907,201908,201909,201910,201911,201912],"Y_PREVALENCE_1000PP":[0.18,0.15,0.14,0.13,0.13,0.13,0.15,0.14,0.08,0.23,0.11,0.1]},"CONDITIONS_BY_TYPE":{"CONCEPT_NAME":"Claim","COUNT_VALUE":287},"AGE_AT_FIRST_DIAGNOSIS":{"CATEGORY":["FEMALE","MALE"],"MIN_VALUE":[1,4],"P10_VALUE":[8,12],"P25_VALUE":[28,23],"MEDIAN_VALUE":[45,45],"P75_VALUE":[65,65],"P90_VALUE":[76,74],"MAX_VALUE":[99,95]}}
