{"PREVALENCE_BY_GENDER_AGE_YEAR":{"TRELLIS_NAME":["90-99","90-99","10-19","60-69","30-39","40-49","40-49","80-89","50-59","70-79","60-69","70-79","80-89","10-19","0-9","0-9","30-39","20-29","50-59","20-29"],"SERIES_NAME":["MALE","FEMALE","FEMALE","MALE","MALE","FEMALE","MALE","FEMALE","MALE","FEMALE","FEMALE","MALE","MALE","MALE","FEMALE","MALE","FEMALE","FEMALE","FEMALE","MALE"],"X_CALENDAR_YEAR":[2019,2019,2019,2019,2019,2019,2019,2019,2019,2019,2019,2019,2019,2019,2019,2019,2019,2019,2019,2019],"Y_PREVALENCE_1000PP":[10.25641,6.13155,6.34018,7.30769,7.2869,7.85153,8.33699,7.4928,7.18791,6.85693,7.03957,9.30321,9.93926,8.24931,4.62768,7.1333,5.21003,8.15987,6.5189,7.92046]},"PREVALENCE_BY_MONTH":{"X_CALENDAR_MONTH":[201901,201902,201903,201904,201905,201906,201907,201908,201909,201910,201911,201912],"Y_PREVALENCE_1000PP":[0.77,0.61,0.58,0.61,0.53,0.59,0.63,0.66,0.54,0.72,0.5,0.59]},"CONDITIONS_BY_TYPE":{"CONCEPT_NAME":"Claim","COUNT_VALUE":1226},"AGE_AT_FIRST_DIAGNOSIS":{"CATEGORY":["No matching concept","MALE","FEMALE"],"MIN_VALUE":[5,0,0],"P10_VALUE":[5,12,12],"P25_VALUE":[12,25,25],"MEDIAN_VALUE":[39,46,46],"P75_VALUE":[77,66,64],"P90_VALUE":[79,79,77],"MAX_VALUE":[82,99,98]}}
