{"PREVALENCE_BY_GENDER_AGE_YEAR":{"TRELLIS_NAME":["50-59","0-9","40-49","0-9","20-29","80-89","40-49","60-69","60-69","30-39","30-39","10-19","50-59","70-79","10-19","70-79"],"SERIES_NAME":["FEMALE","FEMALE","FEMALE","MALE","MALE","MALE","MALE","MALE","FEMALE","FEMALE","MALE","MALE","MALE","MALE","FEMALE","FEMALE"],"X_CALENDAR_YEAR":[2019,2019,2019,2019,2019,2019,2019,2019,2019,2019,2019,2019,2019,2019,2019,2019],"Y_PREVALENCE_1000PP":[1.44865,1.68279,1.99857,2.67499,2.19077,3.31309,1.60889,1.53846,3.2344,1.79095,1.69463,2.06233,1.907,1.70875,1.53039,2.77984]},"PREVALENCE_BY_MONTH":{"X_CALENDAR_MONTH":[201901,201902,201903,201904,201905,201906,201907,201908,201909,201910,201911,201912],"Y_PREVALENCE_1000PP":[0.18,0.12,0.14,0.19,0.15,0.13,0.18,0.15,0.13,0.2,0.13,0.15]},"CONDITIONS_BY_TYPE":{"CONCEPT_NAME":"Claim","COUNT_VALUE":298},"AGE_AT_FIRST_DIAGNOSIS":{"CATEGORY":["FEMALE","MALE"],"MIN_VALUE":[1,0],"P10_VALUE":[10,8],"P25_VALUE":[32,20],"MEDIAN_VALUE":[49,41],"P75_VALUE":[66,63],"P90_VALUE":[76,79],"MAX_VALUE":[96,99]}}
