{"PREVALENCE_BY_GENDER_AGE_YEAR":{"TRELLIS_NAME":["30-39","10-19","20-29","50-59","40-49","20-29","50-59","70-79","60-69","30-39","70-79","0-9","60-69","40-49","0-9"],"SERIES_NAME":["MALE","FEMALE","FEMALE","MALE","MALE","MALE","FEMALE","MALE","MALE","FEMALE","FEMALE","MALE","FEMALE","FEMALE","FEMALE"],"X_CALENDAR_YEAR":[2019,2019,2019,2019,2019,2019,2019,2019,2019,2019,2019,2019,2019,2019,2019],"Y_PREVALENCE_1000PP":[2.88087,1.53039,1.66528,1.76031,2.34021,1.51668,2.75243,1.70875,1.15385,2.4422,1.85322,1.33749,2.47336,1.42755,1.47244]},"PREVALENCE_BY_MONTH":{"X_CALENDAR_MONTH":[201901,201902,201903,201904,201905,201906,201907,201908,201909,201910,201911,201912],"Y_PREVALENCE_1000PP":[0.15,0.15,0.15,0.21,0.14,0.13,0.19,0.2,0.16,0.15,0.11,0.15]},"CONDITIONS_BY_TYPE":{"CONCEPT_NAME":"Claim","COUNT_VALUE":325},"AGE_AT_FIRST_DIAGNOSIS":{"CATEGORY":["MALE","FEMALE"],"MIN_VALUE":[5,0],"P10_VALUE":[13,13],"P25_VALUE":[31,30],"MEDIAN_VALUE":[45,49],"P75_VALUE":[64,62],"P90_VALUE":[79,78],"MAX_VALUE":[97,97]}}
