{"PREVALENCE_BY_GENDER_AGE_YEAR":{"TRELLIS_NAME":["40-49","10-19","30-39","40-49","0-9","30-39","70-79","0-9","50-59","20-29","70-79","60-69"],"SERIES_NAME":["MALE","FEMALE","MALE","FEMALE","FEMALE","FEMALE","MALE","MALE","FEMALE","FEMALE","FEMALE","FEMALE"],"X_CALENDAR_YEAR":[2019,2019,2019,2019,2019,2019,2019,2019,2019,2019,2019,2019],"Y_PREVALENCE_1000PP":[1.1701,1.74902,1.01678,0.99929,1.68279,1.46532,1.51889,1.78333,0.86919,2.49792,1.48258,1.33181]},"PREVALENCE_BY_MONTH":{"X_CALENDAR_MONTH":[201901,201903,201904,201905,201906,201907,201908,201909,201910,201911,201912],"Y_PREVALENCE_1000PP":[0.16,0.06,0.11,0.14,0.11,0.09,0.06,0.1,0.11,0.08,0.09]},"CONDITIONS_BY_TYPE":{"CONCEPT_NAME":"Claim","COUNT_VALUE":197},"AGE_AT_FIRST_DIAGNOSIS":{"CATEGORY":["FEMALE","MALE"],"MIN_VALUE":[0,0],"P10_VALUE":[8,4],"P25_VALUE":[22,24],"MEDIAN_VALUE":[34,44],"P75_VALUE":[55,76],"P90_VALUE":[71,87],"MAX_VALUE":[78,99]}}
