{"PREVALENCE_BY_GENDER_AGE_YEAR":{"TRELLIS_NAME":["40-49","30-39","20-29","0-9","50-59","50-59","30-39"],"SERIES_NAME":["FEMALE","MALE","FEMALE","MALE","MALE","FEMALE","FEMALE"],"X_CALENDAR_YEAR":[2019,2019,2019,2019,2019,2019,2019],"Y_PREVALENCE_1000PP":[0.99929,1.18624,1.33222,1.33749,0.88015,0.86919,1.46532]},"PREVALENCE_BY_MONTH":{"X_CALENDAR_MONTH":[201902,201903,201904,201905,201906,201907,201908,201910,201912],"Y_PREVALENCE_1000PP":[0.09,0.09,0.1,0.09,0.08,0.08,0.07,0.06,0.06]},"CONDITIONS_BY_TYPE":{"CONCEPT_NAME":"Claim","COUNT_VALUE":144},"AGE_AT_FIRST_DIAGNOSIS":{"CATEGORY":["FEMALE","MALE"],"MIN_VALUE":[1,2],"P10_VALUE":[8,7],"P25_VALUE":[27,17],"MEDIAN_VALUE":[39,40],"P75_VALUE":[56,66],"P90_VALUE":[69,84],"MAX_VALUE":[77,97]}}
