{"PREVALENCE_BY_GENDER_AGE_YEAR":{"TRELLIS_NAME":["40-49","60-69","80-89","90-99","50-59","60-69","30-39","90-99","10-19","70-79","20-29","50-59","20-29","70-79","0-9","10-19","0-9","30-39","40-49","80-89"],"SERIES_NAME":["FEMALE","MALE","FEMALE","FEMALE","FEMALE","FEMALE","MALE","MALE","FEMALE","MALE","FEMALE","MALE","MALE","FEMALE","FEMALE","MALE","MALE","FEMALE","MALE","MALE"],"X_CALENDAR_YEAR":[2019,2019,2019,2019,2019,2019,2019,2019,2019,2019,2019,2019,2019,2019,2019,2019,2019,2019,2019,2019],"Y_PREVALENCE_1000PP":[8.42256,5.57692,8.06916,9.47603,6.08431,7.61035,8.47314,7.97721,9.18233,7.59446,6.82764,5.42761,5.05561,8.33951,6.31048,6.41613,6.46456,6.18691,7.02062,9.38708]},"PREVALENCE_BY_MONTH":{"X_CALENDAR_MONTH":[201901,201902,201903,201904,201905,201906,201907,201908,201909,201910,201911,201912],"Y_PREVALENCE_1000PP":[0.66,0.51,0.68,0.7,0.56,0.46,0.81,0.39,0.44,0.68,0.63,0.57]},"CONDITIONS_BY_TYPE":{"CONCEPT_NAME":"Claim","COUNT_VALUE":1154},"AGE_AT_FIRST_DIAGNOSIS":{"CATEGORY":["FEMALE","MALE","No matching concept"],"MIN_VALUE":[0,0,6],"P10_VALUE":[12,12,10],"P25_VALUE":[24,27,20],"MEDIAN_VALUE":[44,43,29],"P75_VALUE":[65,67,48],"P90_VALUE":[78,79,75],"MAX_VALUE":[99,99,82]}}
