{"PREVALENCE_BY_GENDER_AGE_YEAR":{"TRELLIS_NAME":["60-69","40-49","20-29","20-29","40-49","0-9","50-59","70-79","30-39","60-69","30-39","0-9","70-79"],"SERIES_NAME":["FEMALE","MALE","MALE","FEMALE","FEMALE","MALE","FEMALE","FEMALE","MALE","MALE","FEMALE","FEMALE","MALE"],"X_CALENDAR_YEAR":[2019,2019,2019,2019,2019,2019,2019,2019,2019,2019,2019,2019,2019],"Y_PREVALENCE_1000PP":[1.52207,1.60889,2.02224,1.83181,2.28408,2.22916,1.30378,1.29726,1.69463,1.92308,1.62813,2.52419,1.51889]},"PREVALENCE_BY_MONTH":{"X_CALENDAR_MONTH":[201901,201902,201903,201904,201905,201906,201907,201908,201909,201910,201911,201912],"Y_PREVALENCE_1000PP":[0.15,0.09,0.1,0.22,0.12,0.17,0.16,0.15,0.14,0.14,0.09,0.1]},"CONDITIONS_BY_TYPE":{"CONCEPT_NAME":"Claim","COUNT_VALUE":286},"AGE_AT_FIRST_DIAGNOSIS":{"CATEGORY":["MALE","FEMALE"],"MIN_VALUE":[0,0],"P10_VALUE":[8,5],"P25_VALUE":[24,20],"MEDIAN_VALUE":[41,41],"P75_VALUE":[69,59],"P90_VALUE":[83,76],"MAX_VALUE":[99,95]}}
