{"PREVALENCE_BY_GENDER_AGE_YEAR":{"TRELLIS_NAME":["40-49","50-59","60-69","30-39","40-49","30-39","50-59"],"SERIES_NAME":["FEMALE","MALE","FEMALE","FEMALE","MALE","MALE","FEMALE"],"X_CALENDAR_YEAR":[2019,2019,2019,2019,2019,2019,2019],"Y_PREVALENCE_1000PP":[0.85653,0.88015,1.33181,1.13969,1.31637,1.01678,0.86919]},"PREVALENCE_BY_MONTH":{"X_CALENDAR_MONTH":[201901,201903,201904,201905,201906,201907,201910],"Y_PREVALENCE_1000PP":[0.07,0.06,0.06,0.1,0.07,0.07,0.1]},"CONDITIONS_BY_TYPE":{"CONCEPT_NAME":"Claim","COUNT_VALUE":126},"AGE_AT_FIRST_DIAGNOSIS":{"CATEGORY":["FEMALE","MALE"],"MIN_VALUE":[3,1],"P10_VALUE":[11,10],"P25_VALUE":[27,38],"MEDIAN_VALUE":[43,47],"P75_VALUE":[58,59],"P90_VALUE":[66,71],"MAX_VALUE":[90,99]}}
