{"PREVALENCE_BY_GENDER_AGE_YEAR":{"TRELLIS_NAME":["40-49","20-29","70-79","0-9","60-69","50-59","20-29","50-59","0-9","40-49","70-79","30-39","60-69","10-19","10-19","30-39"],"SERIES_NAME":["FEMALE","FEMALE","MALE","MALE","FEMALE","MALE","MALE","FEMALE","FEMALE","MALE","FEMALE","FEMALE","MALE","MALE","FEMALE","MALE"],"X_CALENDAR_YEAR":[2019,2019,2019,2019,2019,2019,2019,2019,2019,2019,2019,2019,2019,2019,2019,2019],"Y_PREVALENCE_1000PP":[2.28408,2.33139,3.03778,1.33749,3.2344,2.20038,1.6852,2.17297,3.78629,1.90142,2.77984,3.09345,3.26923,2.29148,1.96764,3.21979]},"PREVALENCE_BY_MONTH":{"X_CALENDAR_MONTH":[201901,201902,201903,201904,201905,201906,201907,201908,201909,201910,201911,201912],"Y_PREVALENCE_1000PP":[0.31,0.16,0.13,0.19,0.19,0.18,0.19,0.2,0.27,0.3,0.17,0.22]},"CONDITIONS_BY_TYPE":{"CONCEPT_NAME":"Claim","COUNT_VALUE":408},"AGE_AT_FIRST_DIAGNOSIS":{"CATEGORY":["FEMALE","No matching concept","MALE"],"MIN_VALUE":[0,23,0],"P10_VALUE":[7,23,12],"P25_VALUE":[21,40,31],"MEDIAN_VALUE":[44,42,49],"P75_VALUE":[61,59,66],"P90_VALUE":[76,99,75],"MAX_VALUE":[99,99,99]}}
