{"PREVALENCE_BY_GENDER_AGE_YEAR":{"TRELLIS_NAME":["60-69","50-59","50-59","40-49","20-29","40-49","70-79","20-29","0-9"],"SERIES_NAME":["FEMALE","MALE","FEMALE","MALE","FEMALE","FEMALE","FEMALE","MALE","FEMALE"],"X_CALENDAR_YEAR":[2019,2019,2019,2019,2019,2019,2019,2019,2019],"Y_PREVALENCE_1000PP":[2.09285,1.46692,1.30378,1.1701,0.99917,1.57031,1.29726,1.51668,1.68279]},"PREVALENCE_BY_MONTH":{"X_CALENDAR_MONTH":[201901,201902,201903,201904,201905,201906,201907,201910,201911,201912],"Y_PREVALENCE_1000PP":[0.13,0.11,0.13,0.11,0.09,0.1,0.09,0.12,0.07,0.12]},"CONDITIONS_BY_TYPE":{"CONCEPT_NAME":"Claim","COUNT_VALUE":187},"AGE_AT_FIRST_DIAGNOSIS":{"CATEGORY":["FEMALE","MALE"],"MIN_VALUE":[0,0],"P10_VALUE":[9,15],"P25_VALUE":[24,27],"MEDIAN_VALUE":[46,43],"P75_VALUE":[64,58],"P90_VALUE":[75,73],"MAX_VALUE":[96,99]}}
