{"PREVALENCE_BY_GENDER_AGE_YEAR":{"TRELLIS_NAME":["80-89","20-29","10-19","0-9","70-79","50-59","90-99","40-49","30-39","60-69","30-39","60-69","10-19","50-59","40-49","20-29","0-9","70-79","80-89"],"SERIES_NAME":["MALE","MALE","FEMALE","MALE","MALE","FEMALE","MALE","FEMALE","FEMALE","MALE","MALE","FEMALE","MALE","MALE","MALE","FEMALE","FEMALE","FEMALE","FEMALE"],"X_CALENDAR_YEAR":[2019,2019,2019,2019,2019,2019,2019,2019,2019,2019,2019,2019,2019,2019,2019,2019,2019,2019,2019],"Y_PREVALENCE_1000PP":[6.62617,3.70745,3.27941,2.45207,4.17695,2.0281,3.9886,3.56888,4.8844,2.69231,4.5755,3.42466,3.66636,3.52061,4.09536,2.83097,2.94489,2.59451,6.34006]},"PREVALENCE_BY_MONTH":{"X_CALENDAR_MONTH":[201901,201902,201903,201904,201905,201906,201907,201908,201909,201910,201911,201912],"Y_PREVALENCE_1000PP":[0.33,0.28,0.25,0.33,0.27,0.27,0.29,0.29,0.4,0.23,0.24,0.31]},"CONDITIONS_BY_TYPE":{"CONCEPT_NAME":"Claim","COUNT_VALUE":585},"AGE_AT_FIRST_DIAGNOSIS":{"CATEGORY":["FEMALE","MALE"],"MIN_VALUE":[1,3],"P10_VALUE":[12,14],"P25_VALUE":[28,29],"MEDIAN_VALUE":[42,45],"P75_VALUE":[63,65],"P90_VALUE":[79,80],"MAX_VALUE":[99,98]}}
