{"PREVALENCE_BY_GENDER_AGE_YEAR":{"TRELLIS_NAME":["40-49","40-49","30-39","50-59","60-69","70-79","60-69","10-19","20-29","70-79","50-59","0-9","30-39"],"SERIES_NAME":["MALE","FEMALE","FEMALE","MALE","MALE","MALE","FEMALE","MALE","FEMALE","FEMALE","FEMALE","MALE","MALE"],"X_CALENDAR_YEAR":[2019,2019,2019,2019,2019,2019,2019,2019,2019,2019,2019,2019,2019],"Y_PREVALENCE_1000PP":[1.1701,1.2848,1.62813,0.88015,2.11538,1.13917,1.33181,1.37489,1.33222,1.29726,1.44865,1.33749,1.3557]},"PREVALENCE_BY_MONTH":{"X_CALENDAR_MONTH":[201901,201903,201904,201906,201907,201908,201909,201910,201911,201912],"Y_PREVALENCE_1000PP":[0.1,0.08,0.13,0.08,0.19,0.08,0.15,0.15,0.11,0.07]},"CONDITIONS_BY_TYPE":{"CONCEPT_NAME":"Claim","COUNT_VALUE":194},"AGE_AT_FIRST_DIAGNOSIS":{"CATEGORY":["MALE","FEMALE"],"MIN_VALUE":[1,2],"P10_VALUE":[9,18],"P25_VALUE":[27,30],"MEDIAN_VALUE":[45,46],"P75_VALUE":[63,60],"P90_VALUE":[75,77],"MAX_VALUE":[97,94]}}
