{"PREVALENCE_BY_GENDER_AGE_YEAR":{"TRELLIS_NAME":["50-59","10-19","70-79","30-39","0-9","40-49","60-69","10-19","60-69","50-59","20-29","20-29","70-79","40-49","30-39","0-9"],"SERIES_NAME":["MALE","FEMALE","FEMALE","FEMALE","MALE","MALE","MALE","MALE","FEMALE","FEMALE","MALE","FEMALE","MALE","FEMALE","MALE","FEMALE"],"X_CALENDAR_YEAR":[2019,2019,2019,2019,2019,2019,2019,2019,2019,2019,2019,2019,2019,2019,2019,2019],"Y_PREVALENCE_1000PP":[2.05369,1.74902,2.22387,1.79095,1.56041,1.60889,2.5,1.83318,2.28311,3.04216,2.02224,1.66528,2.27834,1.85582,2.03355,2.31384]},"PREVALENCE_BY_MONTH":{"X_CALENDAR_MONTH":[201901,201902,201903,201904,201905,201906,201907,201908,201909,201910,201911,201912],"Y_PREVALENCE_1000PP":[0.18,0.11,0.22,0.2,0.17,0.19,0.22,0.14,0.13,0.16,0.16,0.19]},"CONDITIONS_BY_TYPE":{"CONCEPT_NAME":"Claim","COUNT_VALUE":344},"AGE_AT_FIRST_DIAGNOSIS":{"CATEGORY":["FEMALE","MALE"],"MIN_VALUE":[0,1],"P10_VALUE":[7,12],"P25_VALUE":[26,28],"MEDIAN_VALUE":[49,49],"P75_VALUE":[63,69],"P90_VALUE":[77,81],"MAX_VALUE":[99,99]}}
