{"PREVALENCE_BY_GENDER_AGE_YEAR":{"TRELLIS_NAME":["50-59","40-49","10-19","70-79","70-79","20-29","30-39","50-59","40-49","10-19","0-9","60-69","60-69","30-39","20-29"],"SERIES_NAME":["MALE","FEMALE","MALE","MALE","FEMALE","FEMALE","FEMALE","FEMALE","MALE","FEMALE","FEMALE","FEMALE","MALE","MALE","MALE"],"X_CALENDAR_YEAR":[2019,2019,2019,2019,2019,2019,2019,2019,2019,2019,2019,2019,2019,2019,2019],"Y_PREVALENCE_1000PP":[1.907,2.14133,1.37489,1.32903,1.29726,1.1657,1.79095,2.0281,1.46263,1.31176,2.94489,1.71233,1.73077,1.01678,2.02224]},"PREVALENCE_BY_MONTH":{"X_CALENDAR_MONTH":[201901,201902,201903,201904,201905,201906,201907,201908,201909,201910,201911,201912],"Y_PREVALENCE_1000PP":[0.18,0.08,0.17,0.11,0.14,0.1,0.11,0.1,0.23,0.11,0.1,0.16]},"CONDITIONS_BY_TYPE":{"CONCEPT_NAME":"Claim","COUNT_VALUE":269},"AGE_AT_FIRST_DIAGNOSIS":{"CATEGORY":["FEMALE","MALE"],"MIN_VALUE":[0,3],"P10_VALUE":[6,14],"P25_VALUE":[22,27],"MEDIAN_VALUE":[43,44],"P75_VALUE":[58,63],"P90_VALUE":[75,76],"MAX_VALUE":[94,98]}}
