{"PREVALENCE_BY_GENDER_AGE_YEAR":{"TRELLIS_NAME":["60-69","30-39","70-79","20-29","0-9","30-39","20-29","90-99","10-19","10-19","90-99","70-79","50-59","0-9","60-69","50-59","80-89","40-49","40-49","80-89"],"SERIES_NAME":["FEMALE","MALE","FEMALE","MALE","MALE","FEMALE","FEMALE","FEMALE","MALE","FEMALE","MALE","MALE","FEMALE","FEMALE","MALE","MALE","FEMALE","MALE","FEMALE","MALE"],"X_CALENDAR_YEAR":[2019,2019,2019,2019,2019,2019,2019,2019,2019,2019,2019,2019,2019,2019,2019,2019,2019,2019,2019,2019],"Y_PREVALENCE_1000PP":[3.04414,3.38926,4.07709,3.70745,3.78957,5.21003,2.16486,4.45931,2.74977,3.06078,4.5584,5.31612,3.91134,4.20698,3.46154,3.6673,4.61095,4.38789,4.42541,4.41745]},"PREVALENCE_BY_MONTH":{"X_CALENDAR_MONTH":[201901,201902,201903,201904,201905,201906,201907,201908,201909,201910,201911,201912],"Y_PREVALENCE_1000PP":[0.4,0.21,0.28,0.49,0.23,0.37,0.33,0.32,0.34,0.29,0.36,0.32]},"CONDITIONS_BY_TYPE":{"CONCEPT_NAME":"Claim","COUNT_VALUE":655},"AGE_AT_FIRST_DIAGNOSIS":{"CATEGORY":["No matching concept","FEMALE","MALE"],"MIN_VALUE":[10,0,1],"P10_VALUE":[13,9,10],"P25_VALUE":[19,30,28],"MEDIAN_VALUE":[35,45,47],"P75_VALUE":[61,64,67],"P90_VALUE":[70,79,79],"MAX_VALUE":[75,99,99]}}
