{"PREVALENCE_BY_GENDER_AGE_YEAR":{"TRELLIS_NAME":["10-19","70-79","40-49","10-19","20-29","30-39","70-79"],"SERIES_NAME":["MALE","MALE","MALE","FEMALE","FEMALE","FEMALE","FEMALE"],"X_CALENDAR_YEAR":[2019,2019,2019,2019,2019,2019,2019],"Y_PREVALENCE_1000PP":[1.60403,1.13917,1.1701,1.31176,1.1657,1.13969,1.6679]},"PREVALENCE_BY_MONTH":{"X_CALENDAR_MONTH":[201901,201902,201903,201904,201908,201910,201911,201912],"Y_PREVALENCE_1000PP":[0.1,0.11,0.11,0.1,0.08,0.07,0.06,0.08]},"CONDITIONS_BY_TYPE":{"CONCEPT_NAME":"Claim","COUNT_VALUE":146},"AGE_AT_FIRST_DIAGNOSIS":{"CATEGORY":["MALE","FEMALE"],"MIN_VALUE":[1,5],"P10_VALUE":[7,12],"P25_VALUE":[15,23],"MEDIAN_VALUE":[41,37],"P75_VALUE":[58,72],"P90_VALUE":[74,86],"MAX_VALUE":[86,99]}}
