{"PREVALENCE_BY_GENDER_AGE_YEAR":{"TRELLIS_NAME":["50-59","20-29","60-69","40-49","20-29","10-19","40-49","70-79","30-39","0-9","10-19","60-69","30-39","50-59","80-89","0-9","70-79"],"SERIES_NAME":["FEMALE","FEMALE","FEMALE","MALE","MALE","FEMALE","FEMALE","MALE","FEMALE","FEMALE","MALE","MALE","MALE","MALE","MALE","MALE","FEMALE"],"X_CALENDAR_YEAR":[2019,2019,2019,2019,2019,2019,2019,2019,2019,2019,2019,2019,2019,2019,2019,2019,2019],"Y_PREVALENCE_1000PP":[4.05621,2.49792,3.04414,4.38789,2.35929,3.93529,2.56959,3.98709,3.25627,4.20698,2.52062,2.11538,2.7114,2.78715,6.62617,2.67499,3.52113]},"PREVALENCE_BY_MONTH":{"X_CALENDAR_MONTH":[201901,201902,201903,201904,201905,201906,201907,201908,201909,201910,201911,201912],"Y_PREVALENCE_1000PP":[0.26,0.24,0.26,0.31,0.23,0.19,0.3,0.23,0.27,0.32,0.32,0.31]},"CONDITIONS_BY_TYPE":{"CONCEPT_NAME":"Claim","COUNT_VALUE":550},"AGE_AT_FIRST_DIAGNOSIS":{"CATEGORY":["No matching concept","FEMALE","MALE"],"MIN_VALUE":[0,0,1],"P10_VALUE":[4,8,11],"P25_VALUE":[31,21,30],"MEDIAN_VALUE":[41,45,48],"P75_VALUE":[48,61,68],"P90_VALUE":[62,74,80],"MAX_VALUE":[89,99,93]}}
