{"PREVALENCE_BY_GENDER_AGE_YEAR":{"TRELLIS_NAME":["40-49","20-29","50-59","50-59"],"SERIES_NAME":["FEMALE","MALE","MALE","FEMALE"],"X_CALENDAR_YEAR":[2019,2019,2019,2019],"Y_PREVALENCE_1000PP":[0.99929,1.51668,0.88015,1.01405]},"PREVALENCE_BY_MONTH":{"X_CALENDAR_MONTH":[201901,201902,201903,201904,201905,201906,201907],"Y_PREVALENCE_1000PP":[0.08,0.06,0.08,0.08,0.07,0.07,0.06]},"CONDITIONS_BY_TYPE":{"CONCEPT_NAME":"Claim","COUNT_VALUE":119},"AGE_AT_FIRST_DIAGNOSIS":{"CATEGORY":["FEMALE","MALE"],"MIN_VALUE":[2,9],"P10_VALUE":[12,18],"P25_VALUE":[20,23],"MEDIAN_VALUE":[45,34],"P75_VALUE":[58,52],"P90_VALUE":[74,62],"MAX_VALUE":[92,77]}}
