{"PREVALENCE_BY_GENDER_AGE_YEAR":{"TRELLIS_NAME":["60-69","50-59","10-19","40-49","30-39","70-79","0-9","40-49","30-39","20-29","90-99","10-19","0-9","70-79","60-69","50-59","20-29","90-99","80-89"],"SERIES_NAME":["MALE","FEMALE","MALE","FEMALE","FEMALE","FEMALE","MALE","MALE","MALE","MALE","FEMALE","FEMALE","FEMALE","MALE","FEMALE","MALE","FEMALE","MALE","MALE"],"X_CALENDAR_YEAR":[2019,2019,2019,2019,2019,2019,2019,2019,2019,2019,2019,2019,2019,2019,2019,2019,2019,2019,2019],"Y_PREVALENCE_1000PP":[3.65385,4.78053,2.74977,3.56888,4.07034,3.70645,3.78957,3.9491,3.38926,4.55005,3.34448,4.80979,4.20698,4.55667,3.61492,2.78715,2.83097,5.69801,4.96963]},"PREVALENCE_BY_MONTH":{"X_CALENDAR_MONTH":[201901,201902,201903,201904,201905,201906,201907,201908,201909,201910,201911,201912],"Y_PREVALENCE_1000PP":[0.43,0.3,0.29,0.45,0.26,0.25,0.45,0.27,0.29,0.39,0.21,0.27]},"CONDITIONS_BY_TYPE":{"CONCEPT_NAME":"Claim","COUNT_VALUE":669},"AGE_AT_FIRST_DIAGNOSIS":{"CATEGORY":["MALE","No matching concept","FEMALE"],"MIN_VALUE":[0,26,0],"P10_VALUE":[12,26,9],"P25_VALUE":[24,28,24],"MEDIAN_VALUE":[45,53,43],"P75_VALUE":[68,60,60],"P90_VALUE":[80,79,76],"MAX_VALUE":[97,79,96]}}
