{"PREVALENCE_BY_GENDER_AGE_YEAR":{"TRELLIS_NAME":["50-59","0-9","10-19","20-29","30-39","40-49","50-59","60-69","70-79","80-89","90-99","100-109","0-9","10-19","20-29","30-39","40-49","60-69","70-79","80-89","90-99","100-109","70-79","40-49","50-59","30-39","60-69","20-29","70-79","80-89","60-69","90-99","100-109","100-109","10-19","40-49","0-9","0-9","80-89","10-19","20-29","90-99","30-39","50-59"],"SERIES_NAME":["FEMALE","MALE","MALE","MALE","MALE","MALE","MALE","MALE","MALE","MALE","MALE","MALE","FEMALE","FEMALE","FEMALE","FEMALE","FEMALE","FEMALE","FEMALE","FEMALE","FEMALE","FEMALE","FEMALE","FEMALE","FEMALE","MALE","FEMALE","MALE","MALE","MALE","MALE","MALE","MALE","FEMALE","MALE","MALE","MALE","FEMALE","FEMALE","FEMALE","FEMALE","FEMALE","FEMALE","MALE"],"X_CALENDAR_YEAR":[2009,2009,2009,2009,2009,2009,2009,2009,2009,2009,2009,2009,2009,2009,2009,2009,2009,2009,2009,2009,2009,2009,2010,2010,2010,2010,2010,2010,2010,2010,2010,2010,2010,2010,2010,2010,2010,2010,2010,2010,2010,2010,2010,2010],"Y_PREVALENCE_1000PP":[1000,1000,1000,1000,1000,1000,1000,1000,1000,1000,1000,1000,1000,1000,1000,1000,1000,1000,1000,1000,1000,1000,1000,1000,1000,1000,1000,1000,1000,1000,1000,1000,1000,1000,1000,1000,1000,1000,1000,1000,1000,1000,1000,1000]},"PREVALENCE_BY_MONTH":{"X_CALENDAR_MONTH":[201002,200902,200904,200905,200907,201009,200909,200906,201008,201012,201010,200910,201004,201006,201011,200912,200911,201003,200908,201007,201005,201001,200901,200903],"Y_PREVALENCE_1000PP":[83.0912004662005,83.3158508158508,83.5678904428904,83.3050699300699,83.460372960373,83.3817016317016,83.2287296037296,83.3074009324009,83.3365384615385,83.0168997668998,83.4201631701632,83.3146853146853,83.4781468531469,83.2791375291375,83.2797202797203,83.0498251748252,83.4385198135198,83.4067599067599,83.5614801864802,83.5745920745921,83.4807692307692,83.2543706293706,83.2331002331002,83.2170745920746]},"VISIT_DURATION_BY_TYPE":{"CATEGORY":"Length of stay","MIN_VALUE":27,"P10_VALUE":29,"P25_VALUE":29,"MEDIAN_VALUE":30,"P75_VALUE":30,"P90_VALUE":30,"MAX_VALUE":30},"AGE_AT_FIRST_OCCURRENCE":{"CATEGORY":["MALE","FEMALE"],"MIN_VALUE":[0,1],"P10_VALUE":[11,11],"P25_VALUE":[21,21],"MEDIAN_VALUE":[51,51],"P75_VALUE":[81,81],"P90_VALUE":[91,91],"MAX_VALUE":[101,101]}}
