{"PREVALENCE_BY_GENDER_AGE_YEAR":{"TRELLIS_NAME":["50-59","50-59","20-29","80-89","70-79","0-9","0-9","80-89","60-69","10-19","30-39","10-19","70-79","40-49","90-99","30-39","20-29","40-49","90-99","100-109","100-109","60-69","30-39","30-39","60-69","80-89","20-29","20-29","60-69","40-49","10-19","90-99","0-9","70-79","80-89","40-49","50-59","100-109","0-9","10-19","90-99","70-79","50-59","100-109"],"SERIES_NAME":["MALE","FEMALE","MALE","MALE","FEMALE","MALE","FEMALE","FEMALE","FEMALE","MALE","FEMALE","FEMALE","MALE","FEMALE","MALE","MALE","FEMALE","MALE","FEMALE","FEMALE","MALE","MALE","FEMALE","MALE","FEMALE","MALE","FEMALE","MALE","MALE","FEMALE","MALE","MALE","FEMALE","FEMALE","FEMALE","MALE","MALE","FEMALE","MALE","FEMALE","FEMALE","MALE","FEMALE","MALE"],"X_CALENDAR_YEAR":[2009,2009,2009,2009,2009,2009,2009,2009,2009,2009,2009,2009,2009,2009,2009,2009,2009,2009,2009,2009,2009,2009,2010,2010,2010,2010,2010,2010,2010,2010,2010,2010,2010,2010,2010,2010,2010,2010,2010,2010,2010,2010,2010,2010],"Y_PREVALENCE_1000PP":[0.07692,0.07692,0.07692,0.07692,0.07692,0.07692,0.07692,0.07692,0.07692,0.07692,0.07692,0.07692,0.07692,0.07692,0.07692,0.07692,0.07692,0.07692,0.07692,0.07692,0.07692,0.07692,0.07692,0.07692,0.07692,0.07692,0.07692,0.07692,0.07692,0.07692,0.07692,0.07692,0.07692,0.07692,0.07692,0.07692,0.07692,0.07692,0.07692,0.07692,0.07692,0.07692,0.07692,0.07692]},"PREVALENCE_BY_MONTH":{"X_CALENDAR_MONTH":[],"Y_PREVALENCE_1000PP":[]},"FREQUENCY_DISTRIBUTION":{"Y_NUM_PERSONS":[0,0],"X_COUNT":[1,2]},"MEASUREMENTS_BY_TYPE":{"CONCEPT_NAME":"Claim","COUNT_VALUE":902},"AGE_AT_FIRST_OCCURRENCE":{"CATEGORY":["FEMALE","MALE"],"MIN_VALUE":[1,1],"P10_VALUE":[11,11],"P25_VALUE":[21,21],"MEDIAN_VALUE":[51,51],"P75_VALUE":[81,81],"P90_VALUE":[91,91],"MAX_VALUE":[101,101]},"RECORDS_BY_UNIT":{"CONCEPT_NAME":[],"COUNT_VALUE":[]},"MEASUREMENT_VALUE_DISTRIBUTION":{"CATEGORY":[],"MIN_VALUE":[],"P10_VALUE":[],"P25_VALUE":[],"MEDIAN_VALUE":[],"P75_VALUE":[],"P90_VALUE":[],"MAX_VALUE":[]},"LOWER_LIMIT_DISTRIBUTION":{"CATEGORY":[],"MIN_VALUE":[],"P10_VALUE":[],"P25_VALUE":[],"MEDIAN_VALUE":[],"P75_VALUE":[],"P90_VALUE":[],"MAX_VALUE":[]},"UPPER_LIMIT_DISTRIBUTION":{"CATEGORY":[],"MIN_VALUE":[],"P10_VALUE":[],"P25_VALUE":[],"MEDIAN_VALUE":[],"P75_VALUE":[],"P90_VALUE":[],"MAX_VALUE":[]},"VALUES_RELATIVE_TO_NORM":{"CONCEPT_NAME":[],"COUNT_VALUE":[]}}
