{"PREVALENCE_BY_GENDER_AGE_YEAR":{"TRELLIS_NAME":["70-79","70-79","20-29","90-99","100-109","80-89","60-69","0-9","40-49","50-59","30-39","0-9","10-19","50-59","40-49","100-109","90-99","30-39","10-19","20-29","60-69","80-89","10-19","0-9","40-49","70-79","60-69","20-29","40-49","50-59","70-79","0-9","80-89","20-29","100-109","90-99","80-89","50-59","90-99","30-39","10-19","30-39","100-109","60-69"],"SERIES_NAME":["FEMALE","MALE","MALE","MALE","FEMALE","MALE","FEMALE","FEMALE","MALE","FEMALE","FEMALE","MALE","FEMALE","MALE","FEMALE","MALE","FEMALE","MALE","MALE","FEMALE","MALE","FEMALE","MALE","MALE","FEMALE","FEMALE","FEMALE","FEMALE","MALE","MALE","MALE","FEMALE","MALE","MALE","MALE","MALE","FEMALE","FEMALE","FEMALE","FEMALE","FEMALE","MALE","FEMALE","MALE"],"X_CALENDAR_YEAR":[2009,2009,2009,2009,2009,2009,2009,2009,2009,2009,2009,2009,2009,2009,2009,2009,2009,2009,2009,2009,2009,2009,2010,2010,2010,2010,2010,2010,2010,2010,2010,2010,2010,2010,2010,2010,2010,2010,2010,2010,2010,2010,2010,2010],"Y_PREVALENCE_1000PP":[0.03846,0.03846,0.03846,0.03846,0.03846,0.03846,0.03846,0.03846,0.03846,0.03846,0.03846,0.03846,0.03846,0.03846,0.03846,0.03846,0.03846,0.03846,0.03846,0.03846,0.03846,0.03846,0.03846,0.03846,0.03846,0.03846,0.03846,0.03846,0.03846,0.03846,0.03846,0.03846,0.03846,0.03846,0.03846,0.03846,0.03846,0.03846,0.03846,0.03846,0.03846,0.03846,0.03846,0.03846]},"PREVALENCE_BY_MONTH":{"X_CALENDAR_MONTH":[200911,201004,201001,201009,201005,200912,201012,200902,200907,200910,201007,200901,200905,201008,201010,200909,200904,200908,200903,201002,201011,201003,200906],"Y_PREVALENCE_1000PP":[0.0035,0.02069,0.01573,0.00379,0.0035,0.00204,0.00291,0.00291,0.00204,0.00262,0.00291,0.00583,0.00204,0.00321,0.00291,0.00291,0.03846,0.00379,0.00291,0.00408,0.00408,0.00175,0.00408]},"OBS_FREQUENCY_DISTRIBUTION":{"Y_NUM_PERSONS":[0,0],"X_COUNT":[1,2]},"OBSERVATIONS_BY_TYPE":{"CONCEPT_NAME":"Claim","COUNT_VALUE":506},"AGE_AT_FIRST_OCCURRENCE":{"CATEGORY":["MALE","FEMALE"],"MIN_VALUE":[1,1],"P10_VALUE":[11,11],"P25_VALUE":[21,21],"MEDIAN_VALUE":[51,51],"P75_VALUE":[81,81],"P90_VALUE":[91,91],"MAX_VALUE":[101,101]}}
