{"PREVALENCE_BY_GENDER_AGE_YEAR":{"TRELLIS_NAME":[],"SERIES_NAME":[],"X_CALENDAR_YEAR":[],"Y_PREVALENCE_1000PP":[]},"PREVALENCE_BY_MONTH":{"X_CALENDAR_MONTH":[201011,200908,201007,201010,201012,200910,201006,200905,201005,200909,200901,201008,201001,201004,200912,200911,201003,201009,200907,200902,201002,200904],"Y_PREVALENCE_1000PP":[0.00233,0.0035,0.00262,0.00262,0.00204,0.00204,0.0035,0.00437,0.00204,0.00321,0.00291,0.00495,0.0201,0.01428,0.0035,0.00321,0.00175,0.00204,0.0035,0.00175,0.00291,0.01399]},"OBS_FREQUENCY_DISTRIBUTION":{"Y_NUM_PERSONS":[0,0],"X_COUNT":[1,2]},"OBSERVATIONS_BY_TYPE":{"CONCEPT_NAME":"Claim","COUNT_VALUE":374},"AGE_AT_FIRST_OCCURRENCE":{"CATEGORY":["MALE","FEMALE"],"MIN_VALUE":[1,1],"P10_VALUE":[11,11],"P25_VALUE":[21,21],"MEDIAN_VALUE":[51,51],"P75_VALUE":[81,81],"P90_VALUE":[91,91],"MAX_VALUE":[101,101]}}
