{"PREVALENCE_BY_GENDER_AGE_YEAR":{"TRELLIS_NAME":[],"SERIES_NAME":[],"X_CALENDAR_YEAR":[],"Y_PREVALENCE_1000PP":[]},"PREVALENCE_BY_MONTH":{"X_CALENDAR_MONTH":[200904,200905,200911,200910,201007,201003,201010,201001,201011,200907,201005,201002,200902,200901,201008,201006,200903,200909,201004],"Y_PREVALENCE_1000PP":[0.00787,0.00262,0.00233,0.00233,0.00233,0.00262,0.00408,0.00233,0.00204,0.00233,0.00175,0.00204,0.00233,0.01369,0.0035,0.00204,0.00262,0.00321,0.02564]},"OBS_FREQUENCY_DISTRIBUTION":{"Y_NUM_PERSONS":[0,0],"X_COUNT":[1,2]},"OBSERVATIONS_BY_TYPE":{"CONCEPT_NAME":"Claim","COUNT_VALUE":330},"AGE_AT_FIRST_OCCURRENCE":{"CATEGORY":["MALE","FEMALE"],"MIN_VALUE":[1,1],"P10_VALUE":[11,11],"P25_VALUE":[21,21],"MEDIAN_VALUE":[51,51],"P75_VALUE":[81,81],"P90_VALUE":[91,91],"MAX_VALUE":[101,101]}}
