{"PREVALENCE_BY_GENDER_AGE_YEAR":{"TRELLIS_NAME":["40-49","60-69","80-89","90-99","100-109","50-59","0-9","100-109","90-99","80-89","70-79","40-49","60-69","20-29","0-9","50-59","30-39","20-29","10-19","10-19","30-39","70-79","30-39","100-109","0-9","20-29","70-79","70-79","0-9","60-69","100-109","10-19","20-29","50-59","90-99","60-69","80-89","10-19","30-39","40-49","80-89","50-59","40-49","90-99"],"SERIES_NAME":["MALE","FEMALE","FEMALE","FEMALE","FEMALE","FEMALE","MALE","MALE","MALE","MALE","MALE","FEMALE","MALE","FEMALE","FEMALE","MALE","MALE","MALE","FEMALE","MALE","FEMALE","FEMALE","FEMALE","MALE","FEMALE","MALE","MALE","FEMALE","MALE","MALE","FEMALE","FEMALE","FEMALE","MALE","MALE","FEMALE","MALE","MALE","MALE","FEMALE","FEMALE","FEMALE","MALE","FEMALE"],"X_CALENDAR_YEAR":[2009,2009,2009,2009,2009,2009,2009,2009,2009,2009,2009,2009,2009,2009,2009,2009,2009,2009,2009,2009,2009,2009,2010,2010,2010,2010,2010,2010,2010,2010,2010,2010,2010,2010,2010,2010,2010,2010,2010,2010,2010,2010,2010,2010],"Y_PREVALENCE_1000PP":[0.10897,0.10897,0.10897,0.10897,0.10897,0.10897,0.10897,0.10897,0.10897,0.10897,0.10897,0.10897,0.10897,0.10897,0.10897,0.10897,0.10897,0.10897,0.10897,0.10897,0.10897,0.10897,0.10897,0.10897,0.10897,0.10897,0.10897,0.10897,0.10897,0.10897,0.10897,0.10897,0.10897,0.10897,0.10897,0.10897,0.10897,0.10897,0.10897,0.10897,0.10897,0.10897,0.10897,0.10897]},"PREVALENCE_BY_MONTH":{"X_CALENDAR_MONTH":[201005,201011,200907,200912,201010,200903,200901,201002,201009,200906,201006,201003,201007,200910,201004,200908,201012,200902,200909,201008,200905,200904,201001,200911],"Y_PREVALENCE_1000PP":[0.00903,0.01078,0.01078,0.00903,0.01049,0.0102,0.01515,0.00758,0.0067,0.00962,0.0102,0.00962,0.00874,0.01049,0.05099,0.00699,0.00903,0.00816,0.01195,0.01078,0.00641,0.07838,0.04312,0.00816]},"OBS_FREQUENCY_DISTRIBUTION":{"Y_NUM_PERSONS":[0,0],"X_COUNT":[1,2]},"OBSERVATIONS_BY_TYPE":{"CONCEPT_NAME":"Claim","COUNT_VALUE":1320},"AGE_AT_FIRST_OCCURRENCE":{"CATEGORY":["MALE","FEMALE"],"MIN_VALUE":[1,1],"P10_VALUE":[11,11],"P25_VALUE":[21,21],"MEDIAN_VALUE":[51,51],"P75_VALUE":[81,81],"P90_VALUE":[91,91],"MAX_VALUE":[101,101]}}
