{"PREVALENCE_BY_GENDER_AGE_YEAR":{"TRELLIS_NAME":[],"SERIES_NAME":[],"X_CALENDAR_YEAR":[],"Y_PREVALENCE_1000PP":[]},"PREVALENCE_BY_MONTH":{"X_CALENDAR_MONTH":[201007,200902,200904,201005,200910,200905,201004,201002,201006,200909,201010,200906,201008,201011,201003,200901,201009,200903,201012,200911,200908,200912],"Y_PREVALENCE_1000PP":[0.00204,0.00262,0.00903,0.00379,0.00204,0.00437,0.02622,0.00291,0.00321,0.00233,0.00291,0.00204,0.00175,0.00321,0.00204,0.00816,0.00233,0.00233,0.00321,0.00321,0.00291,0.00262]},"OBS_FREQUENCY_DISTRIBUTION":{"Y_NUM_PERSONS":[0,0],"X_COUNT":[1,2]},"OBSERVATIONS_BY_TYPE":{"CONCEPT_NAME":"Claim","COUNT_VALUE":352},"AGE_AT_FIRST_OCCURRENCE":{"CATEGORY":["MALE","FEMALE"],"MIN_VALUE":[1,1],"P10_VALUE":[11,11],"P25_VALUE":[21,21],"MEDIAN_VALUE":[51,51],"P75_VALUE":[81,81],"P90_VALUE":[91,91],"MAX_VALUE":[101,101]}}
