{"PREVALENCE_BY_GENDER_AGE_YEAR":{"TRELLIS_NAME":["0-9","80-89","20-29","80-89","90-99","30-39","40-49","70-79","50-59","70-79","10-19","90-99","20-29","60-69","40-49","30-39","100-109","60-69","50-59","10-19","0-9","100-109","80-89","70-79","80-89","100-109","60-69","30-39","20-29","0-9","40-49","10-19","10-19","60-69","100-109","50-59","0-9","20-29","90-99","30-39","70-79","90-99","40-49","50-59"],"SERIES_NAME":["MALE","MALE","FEMALE","FEMALE","FEMALE","MALE","FEMALE","FEMALE","MALE","MALE","FEMALE","MALE","MALE","MALE","MALE","FEMALE","FEMALE","FEMALE","FEMALE","MALE","FEMALE","MALE","MALE","MALE","FEMALE","FEMALE","MALE","FEMALE","FEMALE","MALE","FEMALE","FEMALE","MALE","FEMALE","MALE","FEMALE","FEMALE","MALE","MALE","MALE","FEMALE","FEMALE","MALE","MALE"],"X_CALENDAR_YEAR":[2009,2009,2009,2009,2009,2009,2009,2009,2009,2009,2009,2009,2009,2009,2009,2009,2009,2009,2009,2009,2009,2009,2010,2010,2010,2010,2010,2010,2010,2010,2010,2010,2010,2010,2010,2010,2010,2010,2010,2010,2010,2010,2010,2010],"Y_PREVALENCE_1000PP":[0.05769,0.05769,0.05769,0.05769,0.05769,0.05769,0.05769,0.05769,0.05769,0.05769,0.05769,0.05769,0.05769,0.05769,0.05769,0.05769,0.05769,0.05769,0.05769,0.05769,0.05769,0.05769,0.05769,0.05769,0.05769,0.05769,0.05769,0.05769,0.05769,0.05769,0.05769,0.05769,0.05769,0.05769,0.05769,0.05769,0.05769,0.05769,0.05769,0.05769,0.05769,0.05769,0.05769,0.05769]},"PREVALENCE_BY_MONTH":{"X_CALENDAR_MONTH":[200912,200909,200907,201006,200910,201004,201003,201012,201005,200901,201002,201007,201011,200908,200905,200911,201001,201010,200903,200904,201009,200906,200902,201008],"Y_PREVALENCE_1000PP":[0.00379,0.00524,0.00437,0.00437,0.00379,0.02214,0.00466,0.00437,0.00495,0.03963,0.00495,0.00466,0.00583,0.00379,0.00583,0.00437,0.02244,0.00379,0.00437,0.02244,0.00699,0.00379,0.00583,0.00408]},"OBS_FREQUENCY_DISTRIBUTION":{"Y_NUM_PERSONS":[0,0],"X_COUNT":[1,2]},"OBSERVATIONS_BY_TYPE":{"CONCEPT_NAME":"Claim","COUNT_VALUE":726},"AGE_AT_FIRST_OCCURRENCE":{"CATEGORY":["MALE","FEMALE"],"MIN_VALUE":[1,1],"P10_VALUE":[11,11],"P25_VALUE":[21,21],"MEDIAN_VALUE":[51,51],"P75_VALUE":[81,81],"P90_VALUE":[91,91],"MAX_VALUE":[101,101]}}
