{"PREVALENCE_BY_GENDER_AGE_YEAR":{"TRELLIS_NAME":["60-69","20-29","50-59","10-19","20-29","40-49","30-39","30-39","70-79","40-49"],"SERIES_NAME":["FEMALE","MALE","FEMALE","MALE","FEMALE","MALE","FEMALE","MALE","FEMALE","FEMALE"],"X_CALENDAR_YEAR":[2019,2019,2019,2019,2019,2019,2019,2019,2019,2019],"Y_PREVALENCE_1000PP":[1.32375,1.00976,1.0142,2.52525,1.00134,1.02294,1.46318,1.52801,1.47956,1.00071]},"PREVALENCE_BY_MONTH":{"X_CALENDAR_MONTH":[201901,201902,201903,201904,201905,201906,201907,201910,201911],"Y_PREVALENCE_1000PP":[0.14,0.09,0.08,0.14,0.06,0.06,0.17,0.12,0.1]},"PROCEDURE_FREQUENCY_DISTRIBUTION":{"Y_NUM_PERSONS":0,"X_COUNT":1},"PROCEDURES_BY_TYPE":{"CONCEPT_NAME":"Claim","COUNT_VALUE":103},"AGE_AT_FIRST_OCCURRENCE":{"CATEGORY":["MALE","FEMALE"],"MIN_VALUE":[6,0],"P10_VALUE":[13,11],"P25_VALUE":[19,30],"MEDIAN_VALUE":[32,44],"P75_VALUE":[49,66],"P90_VALUE":[73,78],"MAX_VALUE":[99,91]}}
