{"PREVALENCE_BY_GENDER_AGE_YEAR":{"TRELLIS_NAME":["10-19","60-69","40-49","50-59","20-29","70-79","10-19","40-49","20-29","0-9","50-59","0-9","30-39","30-39","60-69","70-79"],"SERIES_NAME":["MALE","MALE","MALE","FEMALE","FEMALE","FEMALE","FEMALE","FEMALE","MALE","FEMALE","MALE","MALE","FEMALE","MALE","FEMALE","MALE"],"X_CALENDAR_YEAR":[2019,2019,2019,2019,2019,2019,2019,2019,2019,2019,2019,2019,2019,2019,2019,2019],"Y_PREVALENCE_1000PP":[1.37741,1.74014,2.19202,2.31817,1.33511,2.77418,1.31148,1.71551,1.68294,2.10526,2.4956,2.44989,1.9509,2.37691,1.70197,2.47242]},"PREVALENCE_BY_MONTH":{"X_CALENDAR_MONTH":[201901,201902,201903,201904,201905,201906,201907,201908,201909,201910,201911,201912],"Y_PREVALENCE_1000PP":[0.28,0.11,0.15,0.22,0.16,0.13,0.15,0.16,0.16,0.19,0.12,0.17]},"PROCEDURE_FREQUENCY_DISTRIBUTION":{"Y_NUM_PERSONS":0,"X_COUNT":1},"PROCEDURES_BY_TYPE":{"CONCEPT_NAME":"Claim","COUNT_VALUE":200},"AGE_AT_FIRST_OCCURRENCE":{"CATEGORY":["MALE","FEMALE"],"MIN_VALUE":[0,0],"P10_VALUE":[9,9],"P25_VALUE":[27,29],"MEDIAN_VALUE":[44,49],"P75_VALUE":[62,68],"P90_VALUE":[73,79],"MAX_VALUE":[94,95]}}
