{"PREVALENCE_BY_GENDER_AGE_YEAR":{"TRELLIS_NAME":["70-79","0-9","20-29","10-19","30-39","50-59","40-49","40-49","50-59","20-29","60-69","30-39"],"SERIES_NAME":["MALE","MALE","FEMALE","MALE","FEMALE","MALE","MALE","FEMALE","FEMALE","MALE","FEMALE","MALE"],"X_CALENDAR_YEAR":[2019,2019,2019,2019,2019,2019,2019,2019,2019,2019,2019,2019],"Y_PREVALENCE_1000PP":[1.3313,1.55902,1.16822,1.83655,1.46318,1.0276,1.02294,1.71551,1.44886,1.00976,1.51286,1.52801]},"PREVALENCE_BY_MONTH":{"X_CALENDAR_MONTH":[201901,201903,201904,201905,201906,201907,201908,201909,201910,201911],"Y_PREVALENCE_1000PP":[0.16,0.06,0.19,0.08,0.09,0.16,0.07,0.1,0.2,0.06]},"PROCEDURE_FREQUENCY_DISTRIBUTION":{"Y_NUM_PERSONS":0,"X_COUNT":1},"PROCEDURES_BY_TYPE":{"CONCEPT_NAME":"Claim","COUNT_VALUE":124},"AGE_AT_FIRST_OCCURRENCE":{"CATEGORY":["FEMALE","MALE"],"MIN_VALUE":[2,0],"P10_VALUE":[19,5],"P25_VALUE":[31,17],"MEDIAN_VALUE":[47,37],"P75_VALUE":[63,57],"P90_VALUE":[82,79],"MAX_VALUE":[97,96]}}
