{"PREVALENCE_BY_GENDER_AGE_YEAR":{"TRELLIS_NAME":["50-59","10-19","0-9","40-49","60-69","50-59","40-49"],"SERIES_NAME":["MALE","FEMALE","MALE","MALE","MALE","FEMALE","FEMALE"],"X_CALENDAR_YEAR":[2019,2019,2019,2019,2019,2019,2019],"Y_PREVALENCE_1000PP":[0.8808,1.74863,1.55902,0.87681,1.16009,1.30397,0.85776]},"PREVALENCE_BY_MONTH":{"X_CALENDAR_MONTH":[201901,201904,201905,201906,201907,201909,201910,201912],"Y_PREVALENCE_1000PP":[0.06,0.07,0.1,0.07,0.07,0.07,0.12,0.07]},"PROCEDURE_FREQUENCY_DISTRIBUTION":{"Y_NUM_PERSONS":0,"X_COUNT":1},"PROCEDURES_BY_TYPE":{"CONCEPT_NAME":"Claim","COUNT_VALUE":79},"AGE_AT_FIRST_OCCURRENCE":{"CATEGORY":["FEMALE","MALE"],"MIN_VALUE":[2,0],"P10_VALUE":[6,4],"P25_VALUE":[15,35],"MEDIAN_VALUE":[42,52],"P75_VALUE":[58,66],"P90_VALUE":[88,79],"MAX_VALUE":[99,95]}}
