{"PREVALENCE_BY_GENDER_AGE_YEAR":{"TRELLIS_NAME":["20-29","30-39","50-59","40-49","40-49","70-79"],"SERIES_NAME":["MALE","MALE","FEMALE","MALE","FEMALE","MALE"],"X_CALENDAR_YEAR":[2019,2019,2019,2019,2019,2019],"Y_PREVALENCE_1000PP":[1.00976,1.01868,1.15908,0.87681,1.57255,1.3313]},"PREVALENCE_BY_MONTH":{"X_CALENDAR_MONTH":[201901,201902,201903,201905,201906,201907,201909,201912],"Y_PREVALENCE_1000PP":[0.07,0.11,0.08,0.12,0.08,0.06,0.09,0.09]},"PROCEDURE_FREQUENCY_DISTRIBUTION":{"Y_NUM_PERSONS":0,"X_COUNT":1},"PROCEDURES_BY_TYPE":{"CONCEPT_NAME":"Claim","COUNT_VALUE":87},"AGE_AT_FIRST_OCCURRENCE":{"CATEGORY":["FEMALE","MALE"],"MIN_VALUE":[0,0],"P10_VALUE":[13,16],"P25_VALUE":[33,24],"MEDIAN_VALUE":[46,42],"P75_VALUE":[55,63],"P90_VALUE":[73,79],"MAX_VALUE":[93,90]}}
