{"PREVALENCE_BY_GENDER_AGE_YEAR":{"TRELLIS_NAME":["20-29","40-49","50-59","90-99","10-19","70-79","30-39","0-9","60-69","20-29","40-49","50-59","70-79","80-89","0-9","80-89","30-39","60-69","10-19","90-99"],"SERIES_NAME":["FEMALE","MALE","MALE","MALE","FEMALE","MALE","MALE","MALE","MALE","MALE","FEMALE","FEMALE","FEMALE","FEMALE","FEMALE","MALE","FEMALE","FEMALE","MALE","FEMALE"],"X_CALENDAR_YEAR":[2019,2019,2019,2019,2019,2019,2019,2019,2019,2019,2019,2019,2019,2019,2019,2019,2019,2019,2019,2019],"Y_PREVALENCE_1000PP":[41.13239,34.81059,34.32595,39.31624,37.38522,39.87089,36.26504,35.88943,38.26923,34.04112,38.11563,38.67884,35.95256,32.27666,37.86285,41.96576,37.12146,42.80822,37.12191,30.65775]},"PREVALENCE_BY_MONTH":{"X_CALENDAR_MONTH":[201901,201902,201903,201904,201905,201906,201907,201908,201909,201910,201911,201912],"Y_PREVALENCE_1000PP":[5.29,2.1,1.88,5.58,1.94,2.23,5.17,2.1,2.11,5.52,2.05,2.05]},"PROCEDURE_FREQUENCY_DISTRIBUTION":{"Y_NUM_PERSONS":[4,0],"X_COUNT":[4,8]},"PROCEDURES_BY_TYPE":{"CONCEPT_NAME":"Claim","COUNT_VALUE":15236},"AGE_AT_FIRST_OCCURRENCE":{"CATEGORY":["FEMALE","No matching concept","MALE"],"MIN_VALUE":[0,2,0],"P10_VALUE":[10,11,10],"P25_VALUE":[24,26,25],"MEDIAN_VALUE":[44,42,46],"P75_VALUE":[62,67,66],"P90_VALUE":[75,80,78],"MAX_VALUE":[99,98,99]}}
