{"PREVALENCE_BY_GENDER_AGE_YEAR":{"TRELLIS_NAME":["30-39","70-79","40-49","30-39","50-59","10-19","40-49","0-9","60-69","50-59","70-79","90-99","0-9","20-29","20-29","10-19","60-69"],"SERIES_NAME":["MALE","MALE","MALE","FEMALE","FEMALE","MALE","FEMALE","FEMALE","FEMALE","MALE","FEMALE","FEMALE","MALE","FEMALE","MALE","FEMALE","MALE"],"X_CALENDAR_YEAR":[2019,2019,2019,2019,2019,2019,2019,2019,2019,2019,2019,2019,2019,2019,2019,2019,2019],"Y_PREVALENCE_1000PP":[2.20713,2.28224,2.48429,2.92635,3.76702,4.13223,2.71623,2.73684,2.6475,2.202,3.69891,3.33148,4.00891,2.67023,2.5244,2.84153,2.12684]},"PREVALENCE_BY_MONTH":{"X_CALENDAR_MONTH":[201901,201903,201904,201905,201906,201907,201908,201909,201910,201911,201912],"Y_PREVALENCE_1000PP":[0.34,0.18,0.3,0.17,0.15,0.39,0.18,0.22,0.36,0.21,0.24]},"PROCEDURE_FREQUENCY_DISTRIBUTION":{"Y_NUM_PERSONS":0,"X_COUNT":1},"PROCEDURES_BY_TYPE":{"CONCEPT_NAME":"Claim","COUNT_VALUE":277},"AGE_AT_FIRST_OCCURRENCE":{"CATEGORY":["MALE","No matching concept","FEMALE"],"MIN_VALUE":[1,2,0],"P10_VALUE":[7,2,14],"P25_VALUE":[15,35,26],"MEDIAN_VALUE":[37,39,47],"P75_VALUE":[58,70,64],"P90_VALUE":[70,72,78],"MAX_VALUE":[95,72,98]}}
