{"PREVALENCE_BY_GENDER_AGE_YEAR":{"TRELLIS_NAME":["80-89","60-69","10-19","10-19","40-49","0-9","70-79","30-39","50-59","70-79","30-39","60-69","20-29","40-49","20-29","50-59","0-9"],"SERIES_NAME":["FEMALE","MALE","MALE","FEMALE","MALE","FEMALE","FEMALE","FEMALE","MALE","MALE","MALE","FEMALE","MALE","FEMALE","FEMALE","FEMALE","MALE"],"X_CALENDAR_YEAR":[2019,2019,2019,2019,2019,2019,2019,2019,2019,2019,2019,2019,2019,2019,2019,2019,2019],"Y_PREVALENCE_1000PP":[3.46021,3.09358,2.06612,3.27869,2.19202,3.78947,3.32902,2.27605,2.936,3.80373,3.39559,2.26929,4.20734,3.43102,3.00401,3.76702,2.67261]},"PREVALENCE_BY_MONTH":{"X_CALENDAR_MONTH":[201901,201902,201903,201904,201905,201906,201907,201908,201909,201910,201911,201912],"Y_PREVALENCE_1000PP":[0.41,0.12,0.13,0.49,0.19,0.23,0.42,0.21,0.17,0.36,0.18,0.16]},"PROCEDURE_FREQUENCY_DISTRIBUTION":{"Y_NUM_PERSONS":0,"X_COUNT":1},"PROCEDURES_BY_TYPE":{"CONCEPT_NAME":"Claim","COUNT_VALUE":307},"AGE_AT_FIRST_OCCURRENCE":{"CATEGORY":["FEMALE","MALE"],"MIN_VALUE":[0,0],"P10_VALUE":[9,11],"P25_VALUE":[21,26],"MEDIAN_VALUE":[43,42],"P75_VALUE":[60,65],"P90_VALUE":[76,76],"MAX_VALUE":[99,98]}}
