{"PREVALENCE_BY_GENDER_AGE_YEAR":{"TRELLIS_NAME":["80-89","30-39","90-99","50-59","20-29","80-89","0-9","40-49","10-19","30-39","60-69","70-79","60-69","50-59","40-49","70-79","10-19","0-9","20-29"],"SERIES_NAME":["MALE","FEMALE","MALE","MALE","MALE","FEMALE","MALE","MALE","MALE","MALE","FEMALE","MALE","MALE","FEMALE","FEMALE","FEMALE","FEMALE","FEMALE","FEMALE"],"X_CALENDAR_YEAR":[2019,2019,2019,2019,2019,2019,2019,2019,2019,2019,2019,2019,2019,2019,2019,2019,2019,2019,2019],"Y_PREVALENCE_1000PP":[3.86527,3.09345,5.12821,2.05369,2.02224,6.91643,2.22916,2.779,3.43721,3.21979,2.47336,1.89861,3.07692,2.4627,2.8551,2.96516,1.96764,2.52419,2.83097]},"PREVALENCE_BY_MONTH":{"X_CALENDAR_MONTH":[201901,201902,201903,201904,201905,201906,201907,201908,201909,201910,201911,201912],"Y_PREVALENCE_1000PP":[0.33,0.21,0.14,0.47,0.11,0.16,0.44,0.19,0.1,0.28,0.16,0.16]},"PROCEDURE_FREQUENCY_DISTRIBUTION":{"Y_NUM_PERSONS":0,"X_COUNT":4},"PROCEDURES_BY_TYPE":{"CONCEPT_NAME":"Claim","COUNT_VALUE":1100},"AGE_AT_FIRST_OCCURRENCE":{"CATEGORY":["MALE","No matching concept","FEMALE"],"MIN_VALUE":[0,10,0],"P10_VALUE":[12,10,12],"P25_VALUE":[23,38,27],"MEDIAN_VALUE":[43,48,46],"P75_VALUE":[67,56,68],"P90_VALUE":[85,84,80],"MAX_VALUE":[99,84,99]}}
