{"PREVALENCE_BY_GENDER_AGE_YEAR":{"TRELLIS_NAME":["40-49","50-59","60-69","0-9","10-19","20-29","10-19","70-79","60-69","40-49","50-59","20-29","30-39","30-39","70-79"],"SERIES_NAME":["MALE","MALE","MALE","FEMALE","MALE","FEMALE","FEMALE","FEMALE","FEMALE","FEMALE","FEMALE","MALE","MALE","FEMALE","MALE"],"X_CALENDAR_YEAR":[2019,2019,2019,2019,2019,2019,2019,2019,2019,2019,2019,2019,2019,2019,2019],"Y_PREVALENCE_1000PP":[2.19394,3.08053,1.92308,2.73454,2.52062,2.16486,2.62352,2.22387,2.47336,2.42684,2.60756,2.02224,2.88087,1.62813,3.22764]},"PREVALENCE_BY_MONTH":{"X_CALENDAR_MONTH":[201901,201902,201903,201904,201905,201906,201907,201908,201909,201910,201911,201912],"Y_PREVALENCE_1000PP":[0.21,0.19,0.19,0.22,0.16,0.14,0.21,0.13,0.15,0.36,0.14,0.22]},"PROCEDURE_FREQUENCY_DISTRIBUTION":{"Y_NUM_PERSONS":0,"X_COUNT":4},"PROCEDURES_BY_TYPE":{"CONCEPT_NAME":"Claim","COUNT_VALUE":928},"AGE_AT_FIRST_OCCURRENCE":{"CATEGORY":["MALE","FEMALE"],"MIN_VALUE":[5,0],"P10_VALUE":[14,9],"P25_VALUE":[30,22],"MEDIAN_VALUE":[48,44],"P75_VALUE":[67,60],"P90_VALUE":[77,73],"MAX_VALUE":[93,97]}}
