{"PREVALENCE_BY_GENDER_AGE_YEAR":{"TRELLIS_NAME":["50-59","0-9","20-29","20-29","40-49","50-59","60-69","70-79"],"SERIES_NAME":["FEMALE","MALE","FEMALE","MALE","FEMALE","MALE","MALE","MALE"],"X_CALENDAR_YEAR":[2019,2019,2019,2019,2019,2019,2019,2019],"Y_PREVALENCE_1000PP":[1.0142,2.00445,1.00134,1.34635,1.00071,0.8808,1.35344,2.47242]},"PREVALENCE_BY_MONTH":{"X_CALENDAR_MONTH":[201901,201902,201904,201905,201908,201909,201910,201911,201912],"Y_PREVALENCE_1000PP":[0.09,0.06,0.09,0.09,0.11,0.09,0.07,0.14,0.1]},"PROCEDURE_FREQUENCY_DISTRIBUTION":{"Y_NUM_PERSONS":0,"X_COUNT":1},"PROCEDURES_BY_TYPE":{"CONCEPT_NAME":"Claim","COUNT_VALUE":99},"AGE_AT_FIRST_OCCURRENCE":{"CATEGORY":["MALE","FEMALE"],"MIN_VALUE":[2,1],"P10_VALUE":[7,9],"P25_VALUE":[22,22],"MEDIAN_VALUE":[51,46],"P75_VALUE":[70,57],"P90_VALUE":[79,74],"MAX_VALUE":[85,99]}}
