{"PREVALENCE_BY_GENDER_AGE_YEAR":{"TRELLIS_NAME":["20-29","60-69","40-49","20-29","40-49","60-69","70-79","50-59"],"SERIES_NAME":["FEMALE","MALE","MALE","MALE","FEMALE","FEMALE","MALE","FEMALE"],"X_CALENDAR_YEAR":[2019,2019,2019,2019,2019,2019,2019,2019],"Y_PREVALENCE_1000PP":[1.33511,1.54679,1.31521,1.17805,0.85776,1.13464,1.14112,1.15908]},"PREVALENCE_BY_MONTH":{"X_CALENDAR_MONTH":[201901,201903,201904,201905,201906,201907,201908,201909,201910,201911],"Y_PREVALENCE_1000PP":[0.07,0.12,0.09,0.07,0.1,0.14,0.12,0.07,0.08,0.06]},"PROCEDURE_FREQUENCY_DISTRIBUTION":{"Y_NUM_PERSONS":0,"X_COUNT":1},"PROCEDURES_BY_TYPE":{"CONCEPT_NAME":"Claim","COUNT_VALUE":99},"AGE_AT_FIRST_OCCURRENCE":{"CATEGORY":["FEMALE","MALE"],"MIN_VALUE":[0,7],"P10_VALUE":[8,20],"P25_VALUE":[25,31],"MEDIAN_VALUE":[48,50],"P75_VALUE":[62,71],"P90_VALUE":[79,90],"MAX_VALUE":[98,99]}}
