{"PREVALENCE_BY_GENDER_AGE_YEAR":{"TRELLIS_NAME":["80-89","50-59","80-89","50-59","20-29","10-19","30-39","90-99","20-29","40-49","60-69","0-9","90-99","10-19","40-49","70-79","0-9","60-69","70-79","30-39"],"SERIES_NAME":["MALE","FEMALE","FEMALE","MALE","FEMALE","MALE","FEMALE","FEMALE","MALE","MALE","MALE","FEMALE","MALE","FEMALE","FEMALE","MALE","MALE","FEMALE","FEMALE","MALE"],"X_CALENDAR_YEAR":[2019,2019,2019,2019,2019,2019,2019,2019,2019,2019,2019,2019,2019,2019,2019,2019,2019,2019,2019,2019],"Y_PREVALENCE_1000PP":[3.86527,3.91134,4.03458,3.37392,3.49709,3.43721,3.74471,5.01672,3.53893,3.21779,1.73077,5.04838,5.12821,2.62352,3.42612,4.36681,3.34374,4.18569,4.81838,3.89764]},"PREVALENCE_BY_MONTH":{"X_CALENDAR_MONTH":[201901,201902,201903,201904,201905,201906,201907,201908,201909,201910,201911,201912],"Y_PREVALENCE_1000PP":[0.39,0.21,0.22,0.46,0.23,0.24,0.55,0.35,0.15,0.47,0.23,0.21]},"PROCEDURE_FREQUENCY_DISTRIBUTION":{"Y_NUM_PERSONS":0,"X_COUNT":4},"PROCEDURES_BY_TYPE":{"CONCEPT_NAME":"Claim","COUNT_VALUE":1484},"AGE_AT_FIRST_OCCURRENCE":{"CATEGORY":["No matching concept","MALE","FEMALE"],"MIN_VALUE":[14,0,0],"P10_VALUE":[14,10,8],"P25_VALUE":[24,25,27],"MEDIAN_VALUE":[48,44,47],"P75_VALUE":[64,67,68],"P90_VALUE":[75,78,77],"MAX_VALUE":[75,98,97]}}
