{"PREVALENCE_BY_GENDER_AGE_YEAR":{"TRELLIS_NAME":["20-29","80-89","70-79","30-39","50-59","30-39","60-69","20-29","40-49","0-9","90-99","60-69","80-89","10-19","50-59","90-99","10-19","0-9","70-79","40-49"],"SERIES_NAME":["FEMALE","MALE","FEMALE","MALE","FEMALE","FEMALE","FEMALE","MALE","MALE","FEMALE","MALE","MALE","FEMALE","MALE","MALE","FEMALE","FEMALE","MALE","MALE","FEMALE"],"X_CALENDAR_YEAR":[2019,2019,2019,2019,2019,2019,2019,2019,2019,2019,2019,2019,2019,2019,2019,2019,2019,2019,2019,2019],"Y_PREVALENCE_1000PP":[4.6729,5.52181,3.14407,4.9236,4.49145,5.03983,3.78215,6.56345,4.09177,2.94737,8.02292,3.86698,4.03691,3.44353,4.40399,4.44198,2.40437,5.12249,4.1841,4.5747]},"PREVALENCE_BY_MONTH":{"X_CALENDAR_MONTH":[201901,201902,201903,201904,201905,201906,201907,201908,201909,201910,201911,201912],"Y_PREVALENCE_1000PP":[0.39,0.38,0.41,0.25,0.39,0.44,0.34,0.29,0.35,0.39,0.39,0.39]},"PROCEDURE_FREQUENCY_DISTRIBUTION":{"Y_NUM_PERSONS":0,"X_COUNT":1},"PROCEDURES_BY_TYPE":{"CONCEPT_NAME":"Claim","COUNT_VALUE":441},"AGE_AT_FIRST_OCCURRENCE":{"CATEGORY":["MALE","No matching concept","FEMALE"],"MIN_VALUE":[1,0,0],"P10_VALUE":[9,0,13],"P25_VALUE":[25,25,29],"MEDIAN_VALUE":[44,32,45],"P75_VALUE":[65,57,61],"P90_VALUE":[81,83,77],"MAX_VALUE":[99,83,99]}}
