{"PREVALENCE_BY_GENDER_AGE_YEAR":{"TRELLIS_NAME":["40-49","70-79","70-79","10-19","90-99","60-69","60-69","20-29","90-99","0-9","50-59","30-39","10-19","80-89","30-39","50-59","0-9","20-29","40-49","80-89"],"SERIES_NAME":["MALE","FEMALE","MALE","MALE","MALE","MALE","FEMALE","MALE","FEMALE","MALE","FEMALE","FEMALE","FEMALE","FEMALE","MALE","MALE","FEMALE","FEMALE","FEMALE","MALE"],"X_CALENDAR_YEAR":[2019,2019,2019,2019,2019,2019,2019,2019,2019,2019,2019,2019,2019,2019,2019,2019,2019,2019,2019,2019],"Y_PREVALENCE_1000PP":[288.13807,277.98369,285.36169,272.68561,264.38746,296.73077,274.35312,279.57533,302.11817,292.01962,292.1918,284.27222,272.6279,282.42075,282.15557,286.19627,279.55406,294.75437,275.08922,290.44727]},"PREVALENCE_BY_MONTH":{"X_CALENDAR_MONTH":[201901,201904,201907,201910],"Y_PREVALENCE_1000PP":[79.49,80.02,80.77,80.8]},"PROCEDURE_FREQUENCY_DISTRIBUTION":{"Y_NUM_PERSONS":[28,4,0,0],"X_COUNT":[1,2,3,4]},"PROCEDURES_BY_TYPE":{"CONCEPT_NAME":"Claim","COUNT_VALUE":32108},"AGE_AT_FIRST_OCCURRENCE":{"CATEGORY":["No matching concept","FEMALE","MALE"],"MIN_VALUE":[0,0,0],"P10_VALUE":[11,10,10],"P25_VALUE":[25,25,25],"MEDIAN_VALUE":[45,44,45],"P75_VALUE":[64,63,63],"P90_VALUE":[76,77,77],"MAX_VALUE":[99,99,99]}}
