{"PREVALENCE_BY_GENDER_AGE_YEAR":{"TRELLIS_NAME":["70-79","30-39","10-19","50-59","50-59","20-29","80-89","80-89","40-49","0-9","20-29","60-69","60-69","70-79","30-39","10-19","40-49","90-99","90-99","0-9"],"SERIES_NAME":["FEMALE","MALE","FEMALE","MALE","FEMALE","MALE","FEMALE","MALE","FEMALE","MALE","FEMALE","MALE","FEMALE","MALE","FEMALE","MALE","MALE","MALE","FEMALE","FEMALE"],"X_CALENDAR_YEAR":[2019,2019,2019,2019,2019,2019,2019,2019,2019,2019,2019,2019,2019,2019,2019,2019,2019,2019,2019,2019],"Y_PREVALENCE_1000PP":[19.60422,20.88285,22.29508,24.07516,25.35497,21.70986,26.52826,29.2656,23.8742,19.59911,21.86248,23.3952,24.39486,23.20274,20.3219,24.56382,24.11223,18.33811,19.9889,25.05263]},"PREVALENCE_BY_MONTH":{"X_CALENDAR_MONTH":[201901,201902,201903,201904,201905,201906,201907,201908,201909,201910,201911,201912],"Y_PREVALENCE_1000PP":[3.25,1.1,1.29,3.29,1.37,1.27,3.09,1.35,1.09,3.25,1.5,1.19]},"PROCEDURE_FREQUENCY_DISTRIBUTION":{"Y_NUM_PERSONS":[2,0],"X_COUNT":[1,2]},"PROCEDURES_BY_TYPE":{"CONCEPT_NAME":"Claim","COUNT_VALUE":2305},"AGE_AT_FIRST_OCCURRENCE":{"CATEGORY":["FEMALE","MALE","No matching concept"],"MIN_VALUE":[0,0,0],"P10_VALUE":[9,11,7],"P25_VALUE":[25,26,27],"MEDIAN_VALUE":[45,45,44],"P75_VALUE":[62,63,63],"P90_VALUE":[77,77,77],"MAX_VALUE":[99,99,98]}}
