{"PREVALENCE_BY_GENDER_AGE_YEAR":{"TRELLIS_NAME":["60-69","40-49","40-49","60-69","50-59","10-19","10-19","30-39","30-39","20-29","80-89","50-59","0-9","20-29","70-79","0-9","70-79","90-99"],"SERIES_NAME":["MALE","MALE","FEMALE","FEMALE","MALE","MALE","FEMALE","FEMALE","MALE","MALE","FEMALE","FEMALE","FEMALE","FEMALE","FEMALE","MALE","MALE","FEMALE"],"X_CALENDAR_YEAR":[2019,2019,2019,2019,2019,2019,2019,2019,2019,2019,2019,2019,2019,2019,2019,2019,2019,2019],"Y_PREVALENCE_1000PP":[3.86698,3.50723,5.00357,2.83661,4.99119,3.67309,4.37158,3.41408,3.90492,4.88051,3.46021,4.49145,4.42105,4.17223,4.62364,2.67261,3.23317,4.99722]},"PREVALENCE_BY_MONTH":{"X_CALENDAR_MONTH":[201901,201902,201903,201904,201905,201906,201907,201908,201909,201910,201911,201912],"Y_PREVALENCE_1000PP":[0.67,0.2,0.3,0.43,0.24,0.15,0.48,0.19,0.24,0.67,0.2,0.24]},"PROCEDURE_FREQUENCY_DISTRIBUTION":{"Y_NUM_PERSONS":0,"X_COUNT":1},"PROCEDURES_BY_TYPE":{"CONCEPT_NAME":"Claim","COUNT_VALUE":402},"AGE_AT_FIRST_OCCURRENCE":{"CATEGORY":["MALE","No matching concept","FEMALE"],"MIN_VALUE":[0,34,0],"P10_VALUE":[13,34,8],"P25_VALUE":[26,38,23],"MEDIAN_VALUE":[45,42,45],"P75_VALUE":[60,52,60],"P90_VALUE":[74,75,77],"MAX_VALUE":[98,75,99]}}
