{"PREVALENCE_BY_GENDER_AGE_YEAR":{"TRELLIS_NAME":["70-79","30-39","40-49","50-59","10-19","50-59","40-49"],"SERIES_NAME":["FEMALE","FEMALE","MALE","MALE","FEMALE","FEMALE","FEMALE"],"X_CALENDAR_YEAR":[2019,2019,2019,2019,2019,2019,2019],"Y_PREVALENCE_1000PP":[1.29462,1.3006,1.16908,1.468,1.74863,1.44886,1.28663]},"PREVALENCE_BY_MONTH":{"X_CALENDAR_MONTH":[201901,201903,201904,201906,201907,201909,201910,201911,201912],"Y_PREVALENCE_1000PP":[0.12,0.06,0.11,0.09,0.19,0.07,0.07,0.06,0.06]},"PROCEDURE_FREQUENCY_DISTRIBUTION":{"Y_NUM_PERSONS":0,"X_COUNT":1},"PROCEDURES_BY_TYPE":{"CONCEPT_NAME":"Claim","COUNT_VALUE":97},"AGE_AT_FIRST_OCCURRENCE":{"CATEGORY":["FEMALE","MALE"],"MIN_VALUE":[2,0],"P10_VALUE":[11,7],"P25_VALUE":[26,23],"MEDIAN_VALUE":[45,46],"P75_VALUE":[58,55],"P90_VALUE":[71,78],"MAX_VALUE":[99,99]}}
