{"PREVALENCE_BY_GENDER_AGE_YEAR":{"TRELLIS_NAME":["90-99","60-69","30-39","60-69","90-99","70-79","10-19","70-79","20-29","50-59","30-39","10-19","40-49","0-9","40-49","80-89","50-59","20-29","0-9","80-89"],"SERIES_NAME":["MALE","FEMALE","FEMALE","MALE","FEMALE","MALE","MALE","FEMALE","MALE","MALE","MALE","FEMALE","FEMALE","FEMALE","MALE","FEMALE","FEMALE","FEMALE","MALE","MALE"],"X_CALENDAR_YEAR":[2019,2019,2019,2019,2019,2019,2019,2019,2019,2019,2019,2019,2019,2019,2019,2019,2019,2019,2019,2019],"Y_PREVALENCE_1000PP":[44.12607,46.70953,51.21119,42.73009,42.75403,45.64473,45.22498,39.94822,46.11242,47.12272,44.31239,40,42.74482,43.57895,44.27883,46.7128,49.69574,44.22563,43.87528,43.07013]},"PREVALENCE_BY_MONTH":{"X_CALENDAR_MONTH":[201901,201902,201903,201904,201905,201906,201907,201908,201909,201910,201911,201912],"Y_PREVALENCE_1000PP":[6.84,2.41,2.39,6.75,2.48,2.44,6.56,2.53,2.22,6.42,2.3,2.3]},"PROCEDURE_FREQUENCY_DISTRIBUTION":{"Y_NUM_PERSONS":[4,0],"X_COUNT":[1,2]},"PROCEDURES_BY_TYPE":{"CONCEPT_NAME":"Claim","COUNT_VALUE":4570},"AGE_AT_FIRST_OCCURRENCE":{"CATEGORY":["FEMALE","MALE","No matching concept"],"MIN_VALUE":[0,0,0],"P10_VALUE":[10,10,8],"P25_VALUE":[26,25,24],"MEDIAN_VALUE":[44,45,39],"P75_VALUE":[62,63,59],"P90_VALUE":[76,77,75],"MAX_VALUE":[99,99,94]}}
