{"PREVALENCE_BY_GENDER_AGE_YEAR":{"TRELLIS_NAME":["60-69","30-39","50-59","70-79","0-9","70-79","20-29","10-19","60-69","40-49","30-39"],"SERIES_NAME":["MALE","FEMALE","MALE","MALE","MALE","FEMALE","FEMALE","MALE","FEMALE","MALE","MALE"],"X_CALENDAR_YEAR":[2019,2019,2019,2019,2019,2019,2019,2019,2019,2019,2019],"Y_PREVALENCE_1000PP":[1.54679,1.13803,1.3212,1.14112,1.3363,1.10967,1.502,1.60698,1.13464,1.46135,1.01868]},"PREVALENCE_BY_MONTH":{"X_CALENDAR_MONTH":[201901,201902,201903,201904,201907,201908,201910,201911],"Y_PREVALENCE_1000PP":[0.13,0.08,0.08,0.13,0.17,0.06,0.1,0.08]},"PROCEDURE_FREQUENCY_DISTRIBUTION":{"Y_NUM_PERSONS":0,"X_COUNT":1},"PROCEDURES_BY_TYPE":{"CONCEPT_NAME":"Claim","COUNT_VALUE":101},"AGE_AT_FIRST_OCCURRENCE":{"CATEGORY":["MALE","FEMALE"],"MIN_VALUE":[4,1],"P10_VALUE":[9,18],"P25_VALUE":[26,24],"MEDIAN_VALUE":[45,44],"P75_VALUE":[63,67],"P90_VALUE":[73,78],"MAX_VALUE":[86,99]}}
