{"PREVALENCE_BY_GENDER_AGE_YEAR":{"TRELLIS_NAME":["60-69","30-39","50-59","20-29","10-19","40-49","30-39","20-29"],"SERIES_NAME":["FEMALE","MALE","MALE","MALE","FEMALE","MALE","FEMALE","FEMALE"],"X_CALENDAR_YEAR":[2019,2019,2019,2019,2019,2019,2019,2019],"Y_PREVALENCE_1000PP":[1.89107,1.35823,1.1744,1.17805,1.53005,1.46135,2.76378,1.16822]},"PREVALENCE_BY_MONTH":{"X_CALENDAR_MONTH":[201901,201904,201905,201906,201907,201910,201911],"Y_PREVALENCE_1000PP":[0.16,0.15,0.09,0.07,0.16,0.22,0.07]},"PROCEDURE_FREQUENCY_DISTRIBUTION":{"Y_NUM_PERSONS":0,"X_COUNT":1},"PROCEDURES_BY_TYPE":{"CONCEPT_NAME":"Claim","COUNT_VALUE":112},"AGE_AT_FIRST_OCCURRENCE":{"CATEGORY":["MALE","FEMALE"],"MIN_VALUE":[3,2],"P10_VALUE":[16,18],"P25_VALUE":[30,28],"MEDIAN_VALUE":[42,36],"P75_VALUE":[65,60],"P90_VALUE":[82,69],"MAX_VALUE":[98,97]}}
