{"PREVALENCE_BY_GENDER_AGE_YEAR":{"TRELLIS_NAME":["10-19","80-89","0-9","60-69","90-99","40-49","70-79","50-59","30-39","20-29","60-69","90-99","80-89","40-49","0-9","10-19","30-39","20-29","50-59","70-79"],"SERIES_NAME":["MALE","FEMALE","MALE","MALE","MALE","FEMALE","MALE","FEMALE","MALE","FEMALE","FEMALE","FEMALE","MALE","MALE","FEMALE","FEMALE","FEMALE","MALE","MALE","FEMALE"],"X_CALENDAR_YEAR":[2019,2019,2019,2019,2019,2019,2019,2019,2019,2019,2019,2019,2019,2019,2019,2019,2019,2019,2019,2019],"Y_PREVALENCE_1000PP":[5.95784,5.18732,6.91039,5.57692,6.26781,5.99572,7.59446,6.22918,7.62583,5.49542,5.89802,5.57414,7.73054,5.70426,5.46908,5.6843,5.37284,7.92046,5.42761,5.55967]},"PREVALENCE_BY_MONTH":{"X_CALENDAR_MONTH":[201901,201902,201903,201904,201905,201906,201907,201908,201909,201910,201911,201912],"Y_PREVALENCE_1000PP":[0.73,0.28,0.4,0.67,0.41,0.38,0.86,0.38,0.4,0.79,0.38,0.45]},"PROCEDURE_FREQUENCY_DISTRIBUTION":{"Y_NUM_PERSONS":1,"X_COUNT":4},"PROCEDURES_BY_TYPE":{"CONCEPT_NAME":"Claim","COUNT_VALUE":2452},"AGE_AT_FIRST_OCCURRENCE":{"CATEGORY":["No matching concept","FEMALE","MALE"],"MIN_VALUE":[3,0,0],"P10_VALUE":[5,11,10],"P25_VALUE":[7,25,24],"MEDIAN_VALUE":[38,45,42],"P75_VALUE":[52,61,64],"P90_VALUE":[52,76,77],"MAX_VALUE":[66,99,99]}}
