{"PREVALENCE_BY_GENDER_AGE_YEAR":{"TRELLIS_NAME":["40-49","30-39","0-9","0-9","90-99","50-59","80-89","40-49","10-19","60-69","90-99","80-89","70-79","10-19","20-29","60-69","50-59","30-39","20-29","70-79"],"SERIES_NAME":["FEMALE","FEMALE","FEMALE","MALE","FEMALE","MALE","FEMALE","MALE","FEMALE","MALE","MALE","MALE","FEMALE","MALE","FEMALE","FEMALE","FEMALE","MALE","MALE","MALE"],"X_CALENDAR_YEAR":[2019,2019,2019,2019,2019,2019,2019,2019,2019,2019,2019,2019,2019,2019,2019,2019,2019,2019,2019,2019],"Y_PREVALENCE_1000PP":[15.15368,11.86799,14.52632,9.57684,11.10494,13.50558,10.95732,12.71372,12.02186,16.04795,12.03438,8.28272,13.31607,14.23324,11.68224,12.10287,12.60504,14.7708,16.49276,11.79156]},"PREVALENCE_BY_MONTH":{"X_CALENDAR_MONTH":[201901,201902,201903,201904,201905,201906,201907,201908,201909,201910,201911,201912],"Y_PREVALENCE_1000PP":[1.82,0.59,0.82,1.95,0.71,0.61,1.86,0.74,0.6,1.9,0.78,0.79]},"PROCEDURE_FREQUENCY_DISTRIBUTION":{"Y_NUM_PERSONS":1,"X_COUNT":1},"PROCEDURES_BY_TYPE":{"CONCEPT_NAME":"Claim","COUNT_VALUE":1317},"AGE_AT_FIRST_OCCURRENCE":{"CATEGORY":["MALE","FEMALE","No matching concept"],"MIN_VALUE":[0,0,1],"P10_VALUE":[13,9,4],"P25_VALUE":[26,26,13],"MEDIAN_VALUE":[43,43,47],"P75_VALUE":[61,62,60],"P90_VALUE":[75,77,79],"MAX_VALUE":[99,99,87]}}
