{"PREVALENCE_BY_GENDER_AGE_YEAR":{"TRELLIS_NAME":["0-9","70-79","50-59","10-19","30-39","90-99","10-19","20-29","50-59"],"SERIES_NAME":["MALE","FEMALE","MALE","MALE","MALE","MALE","FEMALE","FEMALE","FEMALE"],"X_CALENDAR_YEAR":[2019,2019,2019,2019,2019,2019,2019,2019,2019],"Y_PREVALENCE_1000PP":[1.78174,1.10967,1.0276,1.37741,1.35823,3.4384,1.53005,1.00134,1.30397]},"PREVALENCE_BY_MONTH":{"X_CALENDAR_MONTH":[201901,201902,201903,201904,201905,201906,201907,201909,201910,201911,201912],"Y_PREVALENCE_1000PP":[0.09,0.07,0.07,0.13,0.07,0.09,0.12,0.07,0.07,0.12,0.06]},"PROCEDURE_FREQUENCY_DISTRIBUTION":{"Y_NUM_PERSONS":0,"X_COUNT":1},"PROCEDURES_BY_TYPE":{"CONCEPT_NAME":"Claim","COUNT_VALUE":100},"AGE_AT_FIRST_OCCURRENCE":{"CATEGORY":["MALE","FEMALE"],"MIN_VALUE":[0,0],"P10_VALUE":[7,8],"P25_VALUE":[18,17],"MEDIAN_VALUE":[38,45],"P75_VALUE":[59,62],"P90_VALUE":[90,74],"MAX_VALUE":[98,97]}}
