{"PREVALENCE_BY_GENDER_AGE_YEAR":{"TRELLIS_NAME":["50-59","40-49","60-69","20-29","30-39","10-19","60-69"],"SERIES_NAME":["FEMALE","MALE","MALE","FEMALE","MALE","MALE","FEMALE"],"X_CALENDAR_YEAR":[2019,2019,2019,2019,2019,2019,2019],"Y_PREVALENCE_1000PP":[0.86931,1.02294,1.16009,1.00134,1.18846,1.37741,1.13464]},"PREVALENCE_BY_MONTH":{"X_CALENDAR_MONTH":[201901,201903,201904,201905,201906,201907,201908,201909,201910],"Y_PREVALENCE_1000PP":[0.1,0.07,0.07,0.06,0.08,0.1,0.1,0.11,0.15]},"PROCEDURE_FREQUENCY_DISTRIBUTION":{"Y_NUM_PERSONS":0,"X_COUNT":1},"PROCEDURES_BY_TYPE":{"CONCEPT_NAME":"Claim","COUNT_VALUE":94},"AGE_AT_FIRST_OCCURRENCE":{"CATEGORY":["MALE","FEMALE"],"MIN_VALUE":[1,0],"P10_VALUE":[13,8],"P25_VALUE":[25,22],"MEDIAN_VALUE":[43,45],"P75_VALUE":[69,64],"P90_VALUE":[87,82],"MAX_VALUE":[99,99]}}
