{"PREVALENCE_BY_GENDER_AGE_YEAR":{"TRELLIS_NAME":["30-39","30-39","40-49","50-59","20-29","60-69","0-9","50-59","70-79","70-79","10-19","20-29","40-49"],"SERIES_NAME":["MALE","FEMALE","MALE","FEMALE","MALE","MALE","MALE","MALE","MALE","FEMALE","FEMALE","FEMALE","FEMALE"],"X_CALENDAR_YEAR":[2019,2019,2019,2019,2019,2019,2019,2019,2019,2019,2019,2019,2019],"Y_PREVALENCE_1000PP":[1.35823,0.97545,1.60748,2.17328,2.01952,2.51353,1.78174,1.0276,2.47242,1.29462,1.74863,2.50334,1.28663]},"PREVALENCE_BY_MONTH":{"X_CALENDAR_MONTH":[201901,201902,201903,201904,201905,201906,201907,201908,201909,201910,201911,201912],"Y_PREVALENCE_1000PP":[0.16,0.11,0.17,0.21,0.1,0.06,0.16,0.06,0.1,0.22,0.1,0.14]},"PROCEDURE_FREQUENCY_DISTRIBUTION":{"Y_NUM_PERSONS":0,"X_COUNT":1},"PROCEDURES_BY_TYPE":{"CONCEPT_NAME":"Claim","COUNT_VALUE":159},"AGE_AT_FIRST_OCCURRENCE":{"CATEGORY":["FEMALE","MALE"],"MIN_VALUE":[0,5],"P10_VALUE":[11,11],"P25_VALUE":[22,26],"MEDIAN_VALUE":[41,49],"P75_VALUE":[58,68],"P90_VALUE":[71,78],"MAX_VALUE":[99,96]}}
