{"PREVALENCE_BY_GENDER_AGE_YEAR":{"TRELLIS_NAME":["20-29","60-69","30-39","60-69","40-49","0-9","40-49","50-59","20-29","50-59","30-39","70-79","0-9"],"SERIES_NAME":["MALE","FEMALE","MALE","MALE","MALE","FEMALE","FEMALE","MALE","FEMALE","FEMALE","FEMALE","MALE","MALE"],"X_CALENDAR_YEAR":[2019,2019,2019,2019,2019,2019,2019,2019,2019,2019,2019,2019,2019],"Y_PREVALENCE_1000PP":[2.35611,1.32375,2.03735,1.35344,1.16908,1.47368,1.00071,2.3488,2.00267,1.44886,1.3006,1.14112,2.22717]},"PREVALENCE_BY_MONTH":{"X_CALENDAR_MONTH":[201901,201902,201904,201905,201906,201907,201908,201909,201910,201911],"Y_PREVALENCE_1000PP":[0.17,0.08,0.18,0.11,0.07,0.28,0.14,0.06,0.24,0.14]},"PROCEDURE_FREQUENCY_DISTRIBUTION":{"Y_NUM_PERSONS":0,"X_COUNT":1},"PROCEDURES_BY_TYPE":{"CONCEPT_NAME":"Claim","COUNT_VALUE":156},"AGE_AT_FIRST_OCCURRENCE":{"CATEGORY":["MALE","FEMALE","No matching concept"],"MIN_VALUE":[1,1,14],"P10_VALUE":[9,8,14],"P25_VALUE":[22,22,21],"MEDIAN_VALUE":[41,40,23],"P75_VALUE":[59,61,37],"P90_VALUE":[79,75,64],"MAX_VALUE":[98,97,64]}}
