{"PREVALENCE_BY_GENDER_AGE_YEAR":{"TRELLIS_NAME":["90-99","30-39","50-59","70-79","80-89","0-9","30-39","10-19","40-49","90-99","40-49","50-59","0-9","60-69","10-19","20-29","70-79","80-89","20-29","60-69"],"SERIES_NAME":["MALE","FEMALE","FEMALE","FEMALE","FEMALE","MALE","MALE","MALE","FEMALE","FEMALE","MALE","MALE","FEMALE","MALE","FEMALE","MALE","MALE","MALE","FEMALE","FEMALE"],"X_CALENDAR_YEAR":[2019,2019,2019,2019,2019,2019,2019,2019,2019,2019,2019,2019,2019,2019,2019,2019,2019,2019,2019,2019],"Y_PREVALENCE_1000PP":[20.51282,17.58385,19.70158,20.20015,20.74928,17.16451,18.13252,19.47754,16.41685,16.72241,18.13661,16.86959,18.30038,16.15385,19.89506,18.70576,19.74559,13.80453,17.81848,18.07458]},"PREVALENCE_BY_MONTH":{"X_CALENDAR_MONTH":[201901,201902,201903,201904,201905,201906,201907,201908,201909,201910,201911,201912],"Y_PREVALENCE_1000PP":[2.34,0.98,1.08,2.49,1.2,0.98,2.81,0.98,1.01,2.29,1.05,1.06]},"PROCEDURE_FREQUENCY_DISTRIBUTION":{"Y_NUM_PERSONS":[2,0],"X_COUNT":[4,8]},"PROCEDURES_BY_TYPE":{"CONCEPT_NAME":"Claim","COUNT_VALUE":7312},"AGE_AT_FIRST_OCCURRENCE":{"CATEGORY":["FEMALE","MALE","No matching concept"],"MIN_VALUE":[0,0,0],"P10_VALUE":[10,11,12],"P25_VALUE":[24,24,29],"MEDIAN_VALUE":[45,45,53],"P75_VALUE":[64,63,67],"P90_VALUE":[77,77,79],"MAX_VALUE":[99,99,91]}}
