{"PREVALENCE_BY_GENDER_AGE_YEAR":{"TRELLIS_NAME":["10-19","20-29","20-29","40-49","10-19","60-69","50-59","30-39","40-49","30-39","70-79","60-69","0-9","50-59"],"SERIES_NAME":["MALE","FEMALE","MALE","MALE","FEMALE","MALE","MALE","MALE","FEMALE","FEMALE","FEMALE","FEMALE","FEMALE","FEMALE"],"X_CALENDAR_YEAR":[2019,2019,2019,2019,2019,2019,2019,2019,2019,2019,2019,2019,2019,2019],"Y_PREVALENCE_1000PP":[1.83655,2.00267,1.68294,1.02294,1.96721,2.32019,2.202,1.18846,1.28663,1.46318,1.84945,1.32375,2.31579,1.30397]},"PREVALENCE_BY_MONTH":{"X_CALENDAR_MONTH":[201901,201902,201903,201904,201905,201906,201907,201908,201909,201910,201911],"Y_PREVALENCE_1000PP":[0.21,0.11,0.08,0.22,0.14,0.12,0.14,0.14,0.11,0.21,0.08]},"PROCEDURE_FREQUENCY_DISTRIBUTION":{"Y_NUM_PERSONS":0,"X_COUNT":1},"PROCEDURES_BY_TYPE":{"CONCEPT_NAME":"Claim","COUNT_VALUE":160},"AGE_AT_FIRST_OCCURRENCE":{"CATEGORY":["FEMALE","MALE"],"MIN_VALUE":[0,0],"P10_VALUE":[7,14],"P25_VALUE":[20,27],"MEDIAN_VALUE":[39,53],"P75_VALUE":[62,68],"P90_VALUE":[77,82],"MAX_VALUE":[97,95]}}
