{"PREVALENCE_BY_GENDER_AGE_YEAR":{"TRELLIS_NAME":["10-19","40-49","20-29","20-29","60-69","50-59","50-59","60-69","30-39","40-49"],"SERIES_NAME":["MALE","MALE","FEMALE","MALE","MALE","MALE","FEMALE","FEMALE","FEMALE","FEMALE"],"X_CALENDAR_YEAR":[2019,2019,2019,2019,2019,2019,2019,2019,2019,2019],"Y_PREVALENCE_1000PP":[1.37489,1.60889,1.66528,1.85372,1.92308,1.17354,1.59351,1.52207,1.30251,1.14204]},"PREVALENCE_BY_MONTH":{"X_CALENDAR_MONTH":[201901,201904,201905,201907,201909,201910,201911,201912],"Y_PREVALENCE_1000PP":[0.15,0.32,0.09,0.22,0.08,0.15,0.06,0.07]},"PROCEDURE_FREQUENCY_DISTRIBUTION":{"Y_NUM_PERSONS":0,"X_COUNT":4},"PROCEDURES_BY_TYPE":{"CONCEPT_NAME":"Claim","COUNT_VALUE":520},"AGE_AT_FIRST_OCCURRENCE":{"CATEGORY":["MALE","FEMALE"],"MIN_VALUE":[1,9],"P10_VALUE":[15,22],"P25_VALUE":[26,33],"MEDIAN_VALUE":[46,51],"P75_VALUE":[62,65],"P90_VALUE":[84,80],"MAX_VALUE":[99,97]}}
