{"PREVALENCE_BY_GENDER_AGE_YEAR":{"TRELLIS_NAME":["20-29","60-69","20-29","50-59","40-49","30-39","10-19","40-49","70-79","0-9","50-59"],"SERIES_NAME":["FEMALE","MALE","MALE","MALE","MALE","MALE","FEMALE","FEMALE","MALE","MALE","FEMALE"],"X_CALENDAR_YEAR":[2019,2019,2019,2019,2019,2019,2019,2019,2019,2019,2019],"Y_PREVALENCE_1000PP":[1.502,1.93349,1.34635,1.3212,1.46135,2.20713,1.31148,1.00071,1.14112,1.55902,0.86931]},"PREVALENCE_BY_MONTH":{"X_CALENDAR_MONTH":[201901,201902,201904,201907,201908,201909,201910,201911,201912],"Y_PREVALENCE_1000PP":[0.26,0.07,0.12,0.2,0.08,0.06,0.13,0.11,0.09]},"PROCEDURE_FREQUENCY_DISTRIBUTION":{"Y_NUM_PERSONS":0,"X_COUNT":1},"PROCEDURES_BY_TYPE":{"CONCEPT_NAME":"Claim","COUNT_VALUE":122},"AGE_AT_FIRST_OCCURRENCE":{"CATEGORY":["MALE","FEMALE"],"MIN_VALUE":[3,0],"P10_VALUE":[14,11],"P25_VALUE":[29,20],"MEDIAN_VALUE":[45,41],"P75_VALUE":[62,62],"P90_VALUE":[74,77],"MAX_VALUE":[97,92]}}
