{"PREVALENCE_BY_GENDER_AGE_YEAR":{"TRELLIS_NAME":["50-59","60-69","70-79","30-39","30-39","20-29","10-19","0-9","70-79","40-49","60-69","50-59","20-29","0-9"],"SERIES_NAME":["MALE","FEMALE","MALE","MALE","FEMALE","FEMALE","FEMALE","FEMALE","FEMALE","FEMALE","MALE","FEMALE","MALE","MALE"],"X_CALENDAR_YEAR":[2019,2019,2019,2019,2019,2019,2019,2019,2019,2019,2019,2019,2019,2019],"Y_PREVALENCE_1000PP":[1.61361,1.33181,2.08848,1.01678,1.46532,1.1657,1.96764,1.68279,2.40919,1.99857,1.73077,1.88324,1.6852,1.33749]},"PREVALENCE_BY_MONTH":{"X_CALENDAR_MONTH":[201901,201902,201903,201904,201905,201906,201907,201908,201910,201911,201912],"Y_PREVALENCE_1000PP":[0.17,0.07,0.1,0.23,0.11,0.1,0.27,0.11,0.23,0.1,0.06]},"PROCEDURE_FREQUENCY_DISTRIBUTION":{"Y_NUM_PERSONS":0,"X_COUNT":4},"PROCEDURES_BY_TYPE":{"CONCEPT_NAME":"Claim","COUNT_VALUE":632},"AGE_AT_FIRST_OCCURRENCE":{"CATEGORY":["MALE","FEMALE","No matching concept"],"MIN_VALUE":[0,1,34],"P10_VALUE":[10,11,34],"P25_VALUE":[24,26,49],"MEDIAN_VALUE":[56,44,53],"P75_VALUE":[70,63,73],"P90_VALUE":[82,74,90],"MAX_VALUE":[98,99,90]}}
