{"PREVALENCE_BY_GENDER_AGE_YEAR":{"TRELLIS_NAME":["60-69","40-49","50-59","60-69"],"SERIES_NAME":["MALE","MALE","MALE","FEMALE"],"X_CALENDAR_YEAR":[2019,2019,2019,2019],"Y_PREVALENCE_1000PP":[1.34615,1.1701,1.17354,1.52207]},"PREVALENCE_BY_MONTH":{"X_CALENDAR_MONTH":[201901,201902,201903,201904,201905,201907,201908,201909,201910,201911,201912],"Y_PREVALENCE_1000PP":[0.1,0.08,0.06,0.09,0.06,0.06,0.08,0.06,0.09,0.12,0.06]},"PROCEDURE_FREQUENCY_DISTRIBUTION":{"Y_NUM_PERSONS":0,"X_COUNT":4},"PROCEDURES_BY_TYPE":{"CONCEPT_NAME":"Claim","COUNT_VALUE":364},"AGE_AT_FIRST_OCCURRENCE":{"CATEGORY":["MALE","FEMALE"],"MIN_VALUE":[5,1],"P10_VALUE":[19,8],"P25_VALUE":[33,27],"MEDIAN_VALUE":[48,53],"P75_VALUE":[61,72],"P90_VALUE":[77,82],"MAX_VALUE":[93,99]}}
