{"PREVALENCE_BY_GENDER_AGE_YEAR":{"TRELLIS_NAME":["30-39","30-39","70-79","50-59","40-49","60-69","0-9","90-99","80-89","20-29","0-9","70-79","90-99","10-19","40-49","60-69","80-89","10-19","50-59","20-29"],"SERIES_NAME":["MALE","FEMALE","MALE","MALE","FEMALE","FEMALE","FEMALE","FEMALE","FEMALE","MALE","MALE","FEMALE","MALE","FEMALE","MALE","MALE","MALE","MALE","FEMALE","FEMALE"],"X_CALENDAR_YEAR":[2019,2019,2019,2019,2019,2019,2019,2019,2019,2019,2019,2019,2019,2019,2019,2019,2019,2019,2019,2019],"Y_PREVALENCE_1000PP":[22.41087,22.2728,20.54013,20.84557,21.87277,18.72163,19.78947,20.54414,19.60784,23.05621,18.93096,22.00851,25.2149,22.29508,19.87432,22.42846,17.6698,20.20202,24.19589,19.52603]},"PREVALENCE_BY_MONTH":{"X_CALENDAR_MONTH":[201901,201902,201903,201904,201905,201906,201907,201908,201909,201910,201911,201912],"Y_PREVALENCE_1000PP":[2.61,1.35,1.44,2.42,1.41,1.35,2.4,1.43,1.33,2.62,1.47,1.64]},"PROCEDURE_FREQUENCY_DISTRIBUTION":{"Y_NUM_PERSONS":[2,0],"X_COUNT":[1,2]},"PROCEDURES_BY_TYPE":{"CONCEPT_NAME":"Claim","COUNT_VALUE":2149},"AGE_AT_FIRST_OCCURRENCE":{"CATEGORY":["MALE","FEMALE","No matching concept"],"MIN_VALUE":[0,0,1],"P10_VALUE":[11,11,9],"P25_VALUE":[25,25,25],"MEDIAN_VALUE":[45,45,37],"P75_VALUE":[63,62,63],"P90_VALUE":[76,76,84],"MAX_VALUE":[99,99,99]}}
