{"PREVALENCE_BY_GENDER_AGE_YEAR":{"TRELLIS_NAME":["40-49","50-59","40-49","20-29","70-79","0-9","30-39"],"SERIES_NAME":["MALE","MALE","FEMALE","FEMALE","FEMALE","FEMALE","FEMALE"],"X_CALENDAR_YEAR":[2019,2019,2019,2019,2019,2019,2019],"Y_PREVALENCE_1000PP":[1.60748,0.8808,1.14367,2.33645,1.29462,1.47368,0.97545]},"PREVALENCE_BY_MONTH":{"X_CALENDAR_MONTH":[201901,201904,201905,201906,201907,201910,201911],"Y_PREVALENCE_1000PP":[0.11,0.18,0.09,0.06,0.12,0.2,0.06]},"PROCEDURE_FREQUENCY_DISTRIBUTION":{"Y_NUM_PERSONS":0,"X_COUNT":1},"PROCEDURES_BY_TYPE":{"CONCEPT_NAME":"Claim","COUNT_VALUE":102},"AGE_AT_FIRST_OCCURRENCE":{"CATEGORY":["MALE","FEMALE"],"MIN_VALUE":[2,0],"P10_VALUE":[8,7],"P25_VALUE":[35,22],"MEDIAN_VALUE":[47,36],"P75_VALUE":[68,58],"P90_VALUE":[85,74],"MAX_VALUE":[99,84]}}
