{"PREVALENCE_BY_GENDER_AGE_YEAR":{"TRELLIS_NAME":["50-59","10-19","20-29","60-69","40-49","0-9","20-29","0-9"],"SERIES_NAME":["FEMALE","FEMALE","MALE","FEMALE","FEMALE","FEMALE","FEMALE","MALE"],"X_CALENDAR_YEAR":[2019,2019,2019,2019,2019,2019,2019,2019],"Y_PREVALENCE_1000PP":[1.30397,1.53005,1.34635,1.89107,1.00071,1.26316,1.00134,1.3363]},"PREVALENCE_BY_MONTH":{"X_CALENDAR_MONTH":[201901,201902,201903,201904,201906,201907,201908,201909,201910,201911,201912],"Y_PREVALENCE_1000PP":[0.07,0.06,0.08,0.08,0.07,0.16,0.09,0.11,0.08,0.06,0.09]},"PROCEDURE_FREQUENCY_DISTRIBUTION":{"Y_NUM_PERSONS":0,"X_COUNT":1},"PROCEDURES_BY_TYPE":{"CONCEPT_NAME":"Claim","COUNT_VALUE":100},"AGE_AT_FIRST_OCCURRENCE":{"CATEGORY":["MALE","FEMALE"],"MIN_VALUE":[3,0],"P10_VALUE":[8,8],"P25_VALUE":[22,20],"MEDIAN_VALUE":[41,44],"P75_VALUE":[68,62],"P90_VALUE":[86,74],"MAX_VALUE":[93,90]}}
