{"PREVALENCE_BY_GENDER_AGE_YEAR":{"TRELLIS_NAME":["60-69","0-9","90-99","10-19","70-79","40-49","20-29","10-19","80-89","20-29","50-59","60-69","50-59","30-39","70-79","30-39","0-9","40-49"],"SERIES_NAME":["MALE","FEMALE","MALE","MALE","FEMALE","FEMALE","FEMALE","FEMALE","MALE","MALE","MALE","FEMALE","FEMALE","MALE","MALE","FEMALE","MALE","MALE"],"X_CALENDAR_YEAR":[2019,2019,2019,2019,2019,2019,2019,2019,2019,2019,2019,2019,2019,2019,2019,2019,2019,2019],"Y_PREVALENCE_1000PP":[3.48028,3.15789,3.4384,2.06612,1.84945,1.28663,2.16956,2.62295,3.31309,3.19758,2.202,1.70197,2.75283,2.54669,1.90186,2.6012,1.78174,3.21496]},"PREVALENCE_BY_MONTH":{"X_CALENDAR_MONTH":[201901,201902,201903,201904,201905,201906,201907,201908,201909,201910,201911,201912],"Y_PREVALENCE_1000PP":[0.24,0.13,0.19,0.2,0.16,0.26,0.18,0.21,0.21,0.34,0.15,0.13]},"PROCEDURE_FREQUENCY_DISTRIBUTION":{"Y_NUM_PERSONS":0,"X_COUNT":1},"PROCEDURES_BY_TYPE":{"CONCEPT_NAME":"Claim","COUNT_VALUE":240},"AGE_AT_FIRST_OCCURRENCE":{"CATEGORY":["MALE","FEMALE"],"MIN_VALUE":[3,1],"P10_VALUE":[14,7],"P25_VALUE":[27,16],"MEDIAN_VALUE":[44,36],"P75_VALUE":[64,58],"P90_VALUE":[79,77],"MAX_VALUE":[98,95]}}
