{"PREVALENCE_BY_GENDER_AGE_YEAR":{"TRELLIS_NAME":["50-59","10-19","40-49","90-99","50-59","20-29","20-29","70-79","60-69","30-39","40-49","30-39"],"SERIES_NAME":["MALE","FEMALE","MALE","MALE","FEMALE","FEMALE","MALE","FEMALE","FEMALE","FEMALE","FEMALE","MALE"],"X_CALENDAR_YEAR":[2019,2019,2019,2019,2019,2019,2019,2019,2019,2019,2019,2019],"Y_PREVALENCE_1000PP":[0.8808,1.31148,1.02294,4.01146,1.15908,1.33511,1.00976,1.84945,1.51286,1.13803,1.00071,1.35823]},"PREVALENCE_BY_MONTH":{"X_CALENDAR_MONTH":[201901,201902,201903,201904,201905,201906,201907,201909,201910,201911],"Y_PREVALENCE_1000PP":[0.16,0.06,0.07,0.12,0.14,0.1,0.16,0.1,0.14,0.11]},"PROCEDURE_FREQUENCY_DISTRIBUTION":{"Y_NUM_PERSONS":0,"X_COUNT":1},"PROCEDURES_BY_TYPE":{"CONCEPT_NAME":"Claim","COUNT_VALUE":122},"AGE_AT_FIRST_OCCURRENCE":{"CATEGORY":["MALE","FEMALE"],"MIN_VALUE":[3,0],"P10_VALUE":[12,13],"P25_VALUE":[26,26],"MEDIAN_VALUE":[41,47],"P75_VALUE":[65,69],"P90_VALUE":[91,77],"MAX_VALUE":[99,98]}}
