{"PREVALENCE_BY_GENDER_AGE_YEAR":{"TRELLIS_NAME":["60-69","70-79","50-59","70-79","40-49","50-59","30-39","60-69"],"SERIES_NAME":["FEMALE","MALE","MALE","FEMALE","FEMALE","FEMALE","FEMALE","MALE"],"X_CALENDAR_YEAR":[2019,2019,2019,2019,2019,2019,2019,2019],"Y_PREVALENCE_1000PP":[1.13464,1.3313,1.3212,1.66451,0.85776,1.30397,1.3006,1.35344]},"PREVALENCE_BY_MONTH":{"X_CALENDAR_MONTH":[201901,201903,201904,201905,201906,201907,201908,201910,201911],"Y_PREVALENCE_1000PP":[0.19,0.07,0.13,0.07,0.07,0.14,0.07,0.09,0.07]},"PROCEDURE_FREQUENCY_DISTRIBUTION":{"Y_NUM_PERSONS":0,"X_COUNT":1},"PROCEDURES_BY_TYPE":{"CONCEPT_NAME":"Claim","COUNT_VALUE":103},"AGE_AT_FIRST_OCCURRENCE":{"CATEGORY":["MALE","FEMALE"],"MIN_VALUE":[3,2],"P10_VALUE":[9,11],"P25_VALUE":[27,37],"MEDIAN_VALUE":[50,53],"P75_VALUE":[63,70],"P90_VALUE":[77,79],"MAX_VALUE":[90,98]}}
