{"PREVALENCE_BY_GENDER_AGE_YEAR":{"TRELLIS_NAME":["90-99","10-19","50-59","20-29","0-9","50-59","80-89","80-89","90-99","30-39","0-9","70-79","40-49","20-29","30-39","40-49","60-69","10-19","60-69","70-79"],"SERIES_NAME":["MALE","FEMALE","MALE","FEMALE","FEMALE","FEMALE","MALE","FEMALE","FEMALE","FEMALE","MALE","MALE","MALE","MALE","MALE","FEMALE","MALE","MALE","FEMALE","FEMALE"],"X_CALENDAR_YEAR":[2019,2019,2019,2019,2019,2019,2019,2019,2019,2019,2019,2019,2019,2019,2019,2019,2019,2019,2019,2019],"Y_PREVALENCE_1000PP":[80.91168,77.39397,81.7075,81.09908,94.23643,85.32522,80.61844,78.38617,84.72687,82.22077,84.26215,82.58971,88.63537,82.23795,79.47805,85.36759,80.57692,86.61778,85.42618,81.17124]},"PREVALENCE_BY_MONTH":{"X_CALENDAR_MONTH":[201901,201902,201903,201904,201905,201906,201907,201908,201909,201910,201911,201912],"Y_PREVALENCE_1000PP":[11.58,4.53,5.34,11.83,4.79,4.66,12.08,5.11,4.82,11.85,4.67,5.2]},"PROCEDURE_FREQUENCY_DISTRIBUTION":{"Y_NUM_PERSONS":[8,0,0],"X_COUNT":[4,8,12]},"PROCEDURES_BY_TYPE":{"CONCEPT_NAME":"Claim","COUNT_VALUE":34736},"AGE_AT_FIRST_OCCURRENCE":{"CATEGORY":["FEMALE","No matching concept","MALE"],"MIN_VALUE":[0,0,0],"P10_VALUE":[9,9,10],"P25_VALUE":[24,25,24],"MEDIAN_VALUE":[44,45,45],"P75_VALUE":[62,64,63],"P90_VALUE":[77,78,77],"MAX_VALUE":[99,99,99]}}
