{"PREVALENCE_BY_GENDER_AGE_YEAR":{"TRELLIS_NAME":["50-59","60-69","40-49","60-69","0-9","70-79","30-39","40-49","30-39","20-29","50-59","10-19","90-99","10-19"],"SERIES_NAME":["FEMALE","MALE","FEMALE","FEMALE","FEMALE","FEMALE","MALE","MALE","FEMALE","FEMALE","MALE","FEMALE","MALE","MALE"],"X_CALENDAR_YEAR":[2019,2019,2019,2019,2019,2019,2019,2019,2019,2019,2019,2019,2019,2019],"Y_PREVALENCE_1000PP":[1.88324,1.15385,1.57031,2.85388,1.47244,1.48258,1.69463,1.02384,1.46532,1.1657,1.17354,1.74902,3.4188,1.37489]},"PREVALENCE_BY_MONTH":{"X_CALENDAR_MONTH":[201901,201904,201905,201906,201907,201908,201910,201911],"Y_PREVALENCE_1000PP":[0.25,0.23,0.06,0.11,0.22,0.07,0.24,0.06]},"PROCEDURE_FREQUENCY_DISTRIBUTION":{"Y_NUM_PERSONS":0,"X_COUNT":4},"PROCEDURES_BY_TYPE":{"CONCEPT_NAME":"Claim","COUNT_VALUE":564},"AGE_AT_FIRST_OCCURRENCE":{"CATEGORY":["MALE","FEMALE"],"MIN_VALUE":[1,0],"P10_VALUE":[11,13],"P25_VALUE":[33,26],"MEDIAN_VALUE":[48,44],"P75_VALUE":[64,64],"P90_VALUE":[93,71],"MAX_VALUE":[98,97]}}
