{"PREVALENCE_BY_GENDER_AGE_YEAR":{"TRELLIS_NAME":["10-19","10-19","50-59","30-39","0-9","30-39","60-69","20-29","70-79","50-59","0-9","40-49","70-79","40-49"],"SERIES_NAME":["FEMALE","MALE","MALE","MALE","FEMALE","FEMALE","MALE","FEMALE","MALE","FEMALE","MALE","MALE","FEMALE","FEMALE"],"X_CALENDAR_YEAR":[2019,2019,2019,2019,2019,2019,2019,2019,2019,2019,2019,2019,2019,2019],"Y_PREVALENCE_1000PP":[1.53039,1.37489,1.61361,1.52517,1.89314,1.95376,1.92308,1.1657,2.27834,1.88324,2.22916,1.90142,1.11193,1.57031]},"PREVALENCE_BY_MONTH":{"X_CALENDAR_MONTH":[201901,201902,201903,201904,201905,201906,201907,201908,201909,201910,201911,201912],"Y_PREVALENCE_1000PP":[0.29,0.08,0.1,0.17,0.13,0.07,0.26,0.08,0.1,0.13,0.08,0.13]},"PROCEDURE_FREQUENCY_DISTRIBUTION":{"Y_NUM_PERSONS":0,"X_COUNT":4},"PROCEDURES_BY_TYPE":{"CONCEPT_NAME":"Claim","COUNT_VALUE":648},"AGE_AT_FIRST_OCCURRENCE":{"CATEGORY":["FEMALE","MALE"],"MIN_VALUE":[4,0],"P10_VALUE":[9,7],"P25_VALUE":[27,29],"MEDIAN_VALUE":[44,47],"P75_VALUE":[58,66],"P90_VALUE":[77,79],"MAX_VALUE":[96,94]}}
