{"PREVALENCE_BY_GENDER_AGE_YEAR":{"TRELLIS_NAME":["20-29","40-49","90-99","0-9","60-69","30-39","60-69","80-89","50-59","70-79","30-39","10-19","40-49","20-29","50-59","80-89","90-99","10-19","70-79","0-9"],"SERIES_NAME":["MALE","FEMALE","FEMALE","FEMALE","MALE","FEMALE","FEMALE","MALE","MALE","MALE","MALE","MALE","MALE","FEMALE","FEMALE","FEMALE","MALE","FEMALE","FEMALE","MALE"],"X_CALENDAR_YEAR":[2019,2019,2019,2019,2019,2019,2019,2019,2019,2019,2019,2019,2019,2019,2019,2019,2019,2019,2019,2019],"Y_PREVALENCE_1000PP":[16.68352,15.56031,19.50948,15.56584,17.30769,15.30446,17.31355,16.56543,17.01628,15.18891,17.11574,13.978,16.82024,17.3189,17.67348,16.13833,14.24501,15.95977,13.15789,15.38119]},"PREVALENCE_BY_MONTH":{"X_CALENDAR_MONTH":[201901,201902,201903,201904,201905,201906,201907,201908,201909,201910,201911,201912],"Y_PREVALENCE_1000PP":[2.08,0.91,1.13,2.11,1.31,1.02,1.84,1.05,0.9,1.99,0.91,1.1]},"PROCEDURE_FREQUENCY_DISTRIBUTION":{"Y_NUM_PERSONS":[2,0],"X_COUNT":[4,8]},"PROCEDURES_BY_TYPE":{"CONCEPT_NAME":"Claim","COUNT_VALUE":6544},"AGE_AT_FIRST_OCCURRENCE":{"CATEGORY":["No matching concept","FEMALE","MALE"],"MIN_VALUE":[1,0,0],"P10_VALUE":[14,10,11],"P25_VALUE":[22,24,26],"MEDIAN_VALUE":[33,44,45],"P75_VALUE":[48,63,63],"P90_VALUE":[72,77,76],"MAX_VALUE":[94,99,99]}}
