{"PREVALENCE_BY_GENDER_AGE_YEAR":{"TRELLIS_NAME":["40-49","60-69","0-9","50-59","40-49","30-39","30-39","20-29","20-29","70-79","10-19","10-19","60-69","50-59"],"SERIES_NAME":["FEMALE","FEMALE","MALE","FEMALE","MALE","FEMALE","MALE","MALE","FEMALE","FEMALE","MALE","FEMALE","MALE","MALE"],"X_CALENDAR_YEAR":[2019,2019,2019,2019,2019,2019,2019,2019,2019,2019,2019,2019,2019,2019],"Y_PREVALENCE_1000PP":[2.14439,1.51286,2.67261,1.15908,2.04589,0.97545,1.35823,1.34635,1.33511,2.21935,2.75482,1.53005,1.74014,1.1744]},"PREVALENCE_BY_MONTH":{"X_CALENDAR_MONTH":[201901,201902,201903,201904,201905,201906,201907,201908,201910,201911,201912],"Y_PREVALENCE_1000PP":[0.21,0.09,0.06,0.25,0.1,0.09,0.3,0.09,0.21,0.12,0.06]},"PROCEDURE_FREQUENCY_DISTRIBUTION":{"Y_NUM_PERSONS":0,"X_COUNT":1},"PROCEDURES_BY_TYPE":{"CONCEPT_NAME":"Claim","COUNT_VALUE":162},"AGE_AT_FIRST_OCCURRENCE":{"CATEGORY":["MALE","No matching concept","FEMALE"],"MIN_VALUE":[0,7,3],"P10_VALUE":[3,7,15],"P25_VALUE":[17,7,29],"MEDIAN_VALUE":[40,20,47],"P75_VALUE":[60,39,66],"P90_VALUE":[79,47,74],"MAX_VALUE":[99,47,98]}}
