{"PREVALENCE_BY_GENDER_AGE_YEAR":{"TRELLIS_NAME":["50-59","60-69","50-59","20-29","60-69","30-39","10-19","30-39","0-9","20-29","70-79"],"SERIES_NAME":["FEMALE","FEMALE","MALE","MALE","MALE","FEMALE","FEMALE","MALE","MALE","FEMALE","MALE"],"X_CALENDAR_YEAR":[2019,2019,2019,2019,2019,2019,2019,2019,2019,2019,2019],"Y_PREVALENCE_1000PP":[1.0142,1.13464,1.3212,1.17805,1.74014,1.3006,1.31148,1.18846,1.78174,1.66889,1.3313]},"PREVALENCE_BY_MONTH":{"X_CALENDAR_MONTH":[201901,201902,201904,201906,201907,201909,201910,201911],"Y_PREVALENCE_1000PP":[0.12,0.08,0.17,0.08,0.13,0.12,0.14,0.08]},"PROCEDURE_FREQUENCY_DISTRIBUTION":{"Y_NUM_PERSONS":0,"X_COUNT":1},"PROCEDURES_BY_TYPE":{"CONCEPT_NAME":"Claim","COUNT_VALUE":110},"AGE_AT_FIRST_OCCURRENCE":{"CATEGORY":["MALE","FEMALE"],"MIN_VALUE":[0,2],"P10_VALUE":[6,18],"P25_VALUE":[27,25],"MEDIAN_VALUE":[50,40],"P75_VALUE":[65,60],"P90_VALUE":[78,75],"MAX_VALUE":[97,98]}}
