{"PREVALENCE_BY_GENDER_AGE_YEAR":{"TRELLIS_NAME":["80-89","60-69","20-29","40-49","40-49","50-59","30-39","10-19","10-19","30-39","0-9","0-9","60-69","70-79","20-29","50-59","70-79","80-89","90-99","90-99"],"SERIES_NAME":["MALE","FEMALE","MALE","MALE","FEMALE","MALE","MALE","FEMALE","MALE","FEMALE","MALE","FEMALE","MALE","MALE","FEMALE","FEMALE","FEMALE","FEMALE","FEMALE","MALE"],"X_CALENDAR_YEAR":[2019,2019,2019,2019,2019,2019,2019,2019,2019,2019,2019,2019,2019,2019,2019,2019,2019,2019,2019,2019],"Y_PREVALENCE_1000PP":[8.28272,6.61876,9.59273,8.62195,9.43531,10.42278,8.31919,11.5847,12.85583,9.91709,8.90869,7.78947,9.86079,10.46025,12.68358,7.9687,9.61716,4.03691,11.66019,9.74212]},"PREVALENCE_BY_MONTH":{"X_CALENDAR_MONTH":[201901,201902,201903,201904,201905,201906,201907,201908,201909,201910,201911,201912],"Y_PREVALENCE_1000PP":[1.42,0.51,0.59,1.08,0.63,0.57,1.28,0.55,0.52,1.15,0.59,0.59]},"PROCEDURE_FREQUENCY_DISTRIBUTION":{"Y_NUM_PERSONS":1,"X_COUNT":1},"PROCEDURES_BY_TYPE":{"CONCEPT_NAME":"Claim","COUNT_VALUE":950},"AGE_AT_FIRST_OCCURRENCE":{"CATEGORY":["MALE","FEMALE","No matching concept"],"MIN_VALUE":[0,0,22],"P10_VALUE":[10,12,25],"P25_VALUE":[23,23,28],"MEDIAN_VALUE":[45,40,52],"P75_VALUE":[64,59,64],"P90_VALUE":[76,76,70],"MAX_VALUE":[99,99,98]}}
