{"PREVALENCE_BY_GENDER_AGE_YEAR":{"TRELLIS_NAME":["30-39","60-69","50-59","50-59","40-49","40-49","30-39","0-9","60-69","10-19","70-79","0-9","20-29","70-79","20-29","10-19"],"SERIES_NAME":["MALE","FEMALE","FEMALE","MALE","MALE","FEMALE","FEMALE","MALE","MALE","FEMALE","FEMALE","FEMALE","FEMALE","MALE","MALE","MALE"],"X_CALENDAR_YEAR":[2019,2019,2019,2019,2019,2019,2019,2019,2019,2019,2019,2019,2019,2019,2019,2019],"Y_PREVALENCE_1000PP":[1.52517,3.42466,2.0281,2.64046,1.90142,1.99857,2.60501,3.78957,3.26923,2.62352,2.03855,1.68279,2.66445,2.08848,1.6852,2.74977]},"PREVALENCE_BY_MONTH":{"X_CALENDAR_MONTH":[201901,201902,201903,201904,201905,201906,201907,201908,201909,201910,201911,201912],"Y_PREVALENCE_1000PP":[0.19,0.26,0.08,0.23,0.14,0.17,0.33,0.21,0.13,0.32,0.18,0.13]},"PROCEDURE_FREQUENCY_DISTRIBUTION":{"Y_NUM_PERSONS":0,"X_COUNT":4},"PROCEDURES_BY_TYPE":{"CONCEPT_NAME":"Claim","COUNT_VALUE":948},"AGE_AT_FIRST_OCCURRENCE":{"CATEGORY":["FEMALE","No matching concept","MALE"],"MIN_VALUE":[1,9,0],"P10_VALUE":[14,9,7],"P25_VALUE":[26,37,19],"MEDIAN_VALUE":[42,42,47],"P75_VALUE":[63,62,63],"P90_VALUE":[73,67,76],"MAX_VALUE":[99,67,98]}}
