{"PREVALENCE_BY_GENDER_AGE_YEAR":{"TRELLIS_NAME":["80-89","90-99","0-9","80-89","60-69","30-39","90-99","40-49","30-39","60-69","20-29","0-9","10-19","50-59","40-49","20-29","50-59","70-79","70-79","10-19"],"SERIES_NAME":["FEMALE","FEMALE","MALE","MALE","FEMALE","MALE","MALE","FEMALE","FEMALE","MALE","FEMALE","FEMALE","MALE","FEMALE","MALE","MALE","MALE","FEMALE","MALE","FEMALE"],"X_CALENDAR_YEAR":[2019,2019,2019,2019,2019,2019,2019,2019,2019,2019,2019,2019,2019,2019,2019,2019,2019,2019,2019,2019],"Y_PREVALENCE_1000PP":[9.22722,9.4392,5.56793,5.52181,8.69894,8.14941,6.87679,6.71909,8.45391,5.02707,5.67423,6.94737,8.7236,8.40336,9.06035,8.24638,7.92719,7.76771,9.69951,8.52459]},"PREVALENCE_BY_MONTH":{"X_CALENDAR_MONTH":[201901,201902,201903,201904,201905,201906,201907,201908,201909,201910,201911,201912],"Y_PREVALENCE_1000PP":[1.15,0.33,0.58,1.3,0.31,0.36,0.9,0.43,0.47,1.25,0.32,0.41]},"PROCEDURE_FREQUENCY_DISTRIBUTION":{"Y_NUM_PERSONS":1,"X_COUNT":1},"PROCEDURES_BY_TYPE":{"CONCEPT_NAME":"Claim","COUNT_VALUE":781},"AGE_AT_FIRST_OCCURRENCE":{"CATEGORY":["FEMALE","MALE","No matching concept"],"MIN_VALUE":[0,0,6],"P10_VALUE":[11,14,7],"P25_VALUE":[26,25,14],"MEDIAN_VALUE":[47,44,41],"P75_VALUE":[66,63,64],"P90_VALUE":[79,77,74],"MAX_VALUE":[99,99,79]}}
