{"PREVALENCE_BY_GENDER_AGE_YEAR":{"TRELLIS_NAME":["20-29","0-9","20-29","10-19","50-59","40-49","70-79","10-19","60-69","30-39","50-59","80-89","0-9","90-99","60-69","80-89","30-39","40-49","70-79"],"SERIES_NAME":["FEMALE","FEMALE","MALE","FEMALE","MALE","FEMALE","MALE","MALE","FEMALE","FEMALE","FEMALE","FEMALE","MALE","MALE","MALE","MALE","MALE","MALE","FEMALE"],"X_CALENDAR_YEAR":[2019,2019,2019,2019,2019,2019,2019,2019,2019,2019,2019,2019,2019,2019,2019,2019,2019,2019,2019],"Y_PREVALENCE_1000PP":[3.33778,3.78947,1.85123,4.59016,4.25719,3.71694,3.42335,2.98439,2.6475,3.2515,4.0568,3.46021,3.34076,3.4384,4.06032,3.31309,3.05603,2.48429,2.77418]},"PREVALENCE_BY_MONTH":{"X_CALENDAR_MONTH":[201901,201902,201903,201904,201905,201906,201907,201908,201909,201910,201911,201912],"Y_PREVALENCE_1000PP":[0.55,0.24,0.18,0.37,0.19,0.18,0.47,0.22,0.18,0.38,0.19,0.16]},"PROCEDURE_FREQUENCY_DISTRIBUTION":{"Y_NUM_PERSONS":0,"X_COUNT":1},"PROCEDURES_BY_TYPE":{"CONCEPT_NAME":"Claim","COUNT_VALUE":331},"AGE_AT_FIRST_OCCURRENCE":{"CATEGORY":["No matching concept","MALE","FEMALE"],"MIN_VALUE":[22,0,0],"P10_VALUE":[22,10,9],"P25_VALUE":[33,29,20],"MEDIAN_VALUE":[34,52,43],"P75_VALUE":[70,65,58],"P90_VALUE":[89,77,75],"MAX_VALUE":[89,99,97]}}
