{"PREVALENCE_BY_GENDER_AGE_YEAR":{"TRELLIS_NAME":["20-29","70-79","10-19","40-49","60-69","0-9","50-59","20-29","30-39","90-99","80-89","50-59","30-39","40-49","70-79","90-99","0-9","60-69","10-19","80-89"],"SERIES_NAME":["FEMALE","MALE","FEMALE","FEMALE","FEMALE","MALE","MALE","MALE","MALE","FEMALE","MALE","FEMALE","FEMALE","MALE","FEMALE","MALE","FEMALE","MALE","MALE","FEMALE"],"X_CALENDAR_YEAR":[2019,2019,2019,2019,2019,2019,2019,2019,2019,2019,2019,2019,2019,2019,2019,2019,2019,2019,2019,2019],"Y_PREVALENCE_1000PP":[22.31474,23.73268,22.29996,18.12991,23.21157,23.62907,22.15051,21.40209,18.64091,22.29654,25.40033,21.43995,17.90948,19.59924,18.90289,24.50142,19.98317,22.88462,18.10266,30.54755]},"PREVALENCE_BY_MONTH":{"X_CALENDAR_MONTH":[201901,201902,201903,201904,201905,201906,201907,201908,201909,201910,201911,201912],"Y_PREVALENCE_1000PP":[1.8,1.47,1.99,2.01,1.75,1.84,1.9,1.69,1.72,1.78,1.76,1.74]},"PROCEDURE_FREQUENCY_DISTRIBUTION":{"Y_NUM_PERSONS":[2,0],"X_COUNT":[4,8]},"PROCEDURES_BY_TYPE":{"CONCEPT_NAME":"Claim","COUNT_VALUE":8584},"AGE_AT_FIRST_OCCURRENCE":{"CATEGORY":["FEMALE","No matching concept","MALE"],"MIN_VALUE":[0,3,0],"P10_VALUE":[10,9,9],"P25_VALUE":[24,20,26],"MEDIAN_VALUE":[45,46,47],"P75_VALUE":[64,58,66],"P90_VALUE":[78,73,79],"MAX_VALUE":[99,99,99]}}
