{"PREVALENCE_BY_GENDER_AGE_YEAR":{"TRELLIS_NAME":["40-49","70-79","50-59","20-29","30-39","40-49","20-29"],"SERIES_NAME":["FEMALE","FEMALE","FEMALE","FEMALE","FEMALE","MALE","MALE"],"X_CALENDAR_YEAR":[2019,2019,2019,2019,2019,2019,2019],"Y_PREVALENCE_1000PP":[1.14204,1.11193,0.86919,1.33222,0.97688,1.02384,1.01112]},"PREVALENCE_BY_MONTH":{"X_CALENDAR_MONTH":[201901,201902,201903,201904,201906,201907,201908,201910,201911],"Y_PREVALENCE_1000PP":[0.1,0.07,0.06,0.12,0.08,0.09,0.08,0.09,0.07]},"PROCEDURE_FREQUENCY_DISTRIBUTION":{"Y_NUM_PERSONS":0,"X_COUNT":4},"PROCEDURES_BY_TYPE":{"CONCEPT_NAME":"Claim","COUNT_VALUE":356},"AGE_AT_FIRST_OCCURRENCE":{"CATEGORY":["FEMALE","MALE"],"MIN_VALUE":[0,5],"P10_VALUE":[7,13],"P25_VALUE":[21,23],"MEDIAN_VALUE":[39,46],"P75_VALUE":[54,60],"P90_VALUE":[74,76],"MAX_VALUE":[88,97]}}
