{"PREVALENCE_BY_GENDER_AGE_YEAR":{"TRELLIS_NAME":["80-89","10-19","70-79","20-29","60-69","0-9","10-19","90-99","80-89","50-59","90-99","20-29","70-79","30-39","40-49","60-69","0-9","40-49","30-39","50-59"],"SERIES_NAME":["FEMALE","MALE","FEMALE","MALE","FEMALE","FEMALE","FEMALE","FEMALE","MALE","MALE","MALE","FEMALE","MALE","FEMALE","FEMALE","MALE","MALE","MALE","MALE","FEMALE"],"X_CALENDAR_YEAR":[2019,2019,2019,2019,2019,2019,2019,2019,2019,2019,2019,2019,2019,2019,2019,2019,2019,2019,2019,2019],"Y_PREVALENCE_1000PP":[18.4438,19.47754,20.01483,16.515,19.40639,17.45898,22.08133,21.18172,18.77416,21.56374,22.79202,19.31724,18.79628,21.817,22.12705,22.30769,21.62283,20.47682,22.53855,19.70158]},"PREVALENCE_BY_MONTH":{"X_CALENDAR_MONTH":[201901,201902,201903,201904,201905,201906,201907,201908,201909,201910,201911,201912],"Y_PREVALENCE_1000PP":[2.94,1.11,0.98,2.73,1.15,1.1,2.62,1.45,1.19,2.84,1.02,1.34]},"PROCEDURE_FREQUENCY_DISTRIBUTION":{"Y_NUM_PERSONS":[2,0],"X_COUNT":[4,8]},"PROCEDURES_BY_TYPE":{"CONCEPT_NAME":"Claim","COUNT_VALUE":8196},"AGE_AT_FIRST_OCCURRENCE":{"CATEGORY":["No matching concept","MALE","FEMALE"],"MIN_VALUE":[7,0,0],"P10_VALUE":[13,10,11],"P25_VALUE":[23,26,25],"MEDIAN_VALUE":[52,46,44],"P75_VALUE":[63,63,62],"P90_VALUE":[77,77,76],"MAX_VALUE":[98,99,99]}}
