{"PREVALENCE_BY_GENDER_AGE_YEAR":{"TRELLIS_NAME":["50-59","30-39","50-59","40-49","10-19","20-29","70-79","60-69","30-39"],"SERIES_NAME":["FEMALE","FEMALE","MALE","MALE","FEMALE","FEMALE","MALE","FEMALE","MALE"],"X_CALENDAR_YEAR":[2019,2019,2019,2019,2019,2019,2019,2019,2019],"Y_PREVALENCE_1000PP":[1.15892,0.97688,1.61361,1.60889,1.53039,1.1657,1.32903,1.52207,1.01678]},"PREVALENCE_BY_MONTH":{"X_CALENDAR_MONTH":[201901,201903,201904,201905,201906,201907,201909,201910,201911,201912],"Y_PREVALENCE_1000PP":[0.19,0.11,0.17,0.07,0.06,0.11,0.07,0.08,0.07,0.09]},"PROCEDURE_FREQUENCY_DISTRIBUTION":{"Y_NUM_PERSONS":0,"X_COUNT":4},"PROCEDURES_BY_TYPE":{"CONCEPT_NAME":"Claim","COUNT_VALUE":428},"AGE_AT_FIRST_OCCURRENCE":{"CATEGORY":["FEMALE","MALE"],"MIN_VALUE":[0,4],"P10_VALUE":[10,14],"P25_VALUE":[23,28],"MEDIAN_VALUE":[41,45],"P75_VALUE":[62,58],"P90_VALUE":[73,73],"MAX_VALUE":[93,90]}}
