{"PREVALENCE_BY_GENDER_AGE_YEAR":{"TRELLIS_NAME":["30-39","70-79","60-69","10-19","50-59","30-39","40-49","50-59","70-79","20-29","20-29","0-9","40-49"],"SERIES_NAME":["MALE","MALE","MALE","FEMALE","MALE","FEMALE","MALE","FEMALE","FEMALE","FEMALE","MALE","MALE","FEMALE"],"X_CALENDAR_YEAR":[2019,2019,2019,2019,2019,2019,2019,2019,2019,2019,2019,2019,2019],"Y_PREVALENCE_1000PP":[1.18624,1.13917,1.73077,1.96764,1.32023,1.62813,2.19394,1.15892,1.29726,1.66528,1.17964,1.56041,1.14204]},"PREVALENCE_BY_MONTH":{"X_CALENDAR_MONTH":[201901,201902,201903,201904,201905,201906,201907,201908,201909,201911,201912],"Y_PREVALENCE_1000PP":[0.19,0.18,0.1,0.07,0.06,0.11,0.16,0.14,0.12,0.15,0.11]},"PROCEDURE_FREQUENCY_DISTRIBUTION":{"Y_NUM_PERSONS":0,"X_COUNT":4},"PROCEDURES_BY_TYPE":{"CONCEPT_NAME":"Claim","COUNT_VALUE":568},"AGE_AT_FIRST_OCCURRENCE":{"CATEGORY":["FEMALE","MALE"],"MIN_VALUE":[0,1],"P10_VALUE":[10,10],"P25_VALUE":[23,29],"MEDIAN_VALUE":[41,47],"P75_VALUE":[63,65],"P90_VALUE":[84,83],"MAX_VALUE":[99,97]}}
