{"PREVALENCE_BY_GENDER_AGE_YEAR":{"TRELLIS_NAME":["30-39","10-19","50-59","40-49","70-79","60-69","20-29","90-99","20-29","10-19","0-9","50-59","30-39","0-9","80-89","60-69","70-79","40-49"],"SERIES_NAME":["FEMALE","MALE","MALE","MALE","MALE","FEMALE","FEMALE","FEMALE","MALE","FEMALE","FEMALE","FEMALE","MALE","MALE","MALE","MALE","FEMALE","FEMALE"],"X_CALENDAR_YEAR":[2019,2019,2019,2019,2019,2019,2019,2019,2019,2019,2019,2019,2019,2019,2019,2019,2019,2019],"Y_PREVALENCE_1000PP":[2.27939,1.37489,2.49377,2.34021,2.4682,1.14155,1.49875,6.13155,1.85372,1.96764,1.2621,1.44865,3.05033,1.33749,3.86527,1.92308,2.40919,2.56959]},"PREVALENCE_BY_MONTH":{"X_CALENDAR_MONTH":[201901,201902,201903,201904,201905,201906,201907,201908,201909,201910,201911,201912],"Y_PREVALENCE_1000PP":[0.22,0.16,0.24,0.17,0.17,0.21,0.16,0.14,0.1,0.24,0.18,0.13]},"PROCEDURE_FREQUENCY_DISTRIBUTION":{"Y_NUM_PERSONS":0,"X_COUNT":4},"PROCEDURES_BY_TYPE":{"CONCEPT_NAME":"Claim","COUNT_VALUE":848},"AGE_AT_FIRST_OCCURRENCE":{"CATEGORY":["No matching concept","MALE","FEMALE"],"MIN_VALUE":[20,1,0],"P10_VALUE":[20,16,11],"P25_VALUE":[20,34,31],"MEDIAN_VALUE":[30,48,46],"P75_VALUE":[42,66,72],"P90_VALUE":[74,79,90],"MAX_VALUE":[74,99,99]}}
