{"PREVALENCE_BY_GENDER_AGE_YEAR":{"TRELLIS_NAME":["40-49","50-59","30-39","40-49","70-79","30-39","60-69","0-9","70-79","20-29","50-59","0-9","60-69","20-29"],"SERIES_NAME":["MALE","FEMALE","MALE","FEMALE","FEMALE","FEMALE","MALE","FEMALE","MALE","FEMALE","MALE","MALE","FEMALE","MALE"],"X_CALENDAR_YEAR":[2019,2019,2019,2019,2019,2019,2019,2019,2019,2019,2019,2019,2019,2019],"Y_PREVALENCE_1000PP":[1.75516,2.0281,2.03355,0.99929,1.6679,1.30251,2.69231,1.89314,2.4682,1.33222,1.17354,1.56041,2.09285,3.03337]},"PREVALENCE_BY_MONTH":{"X_CALENDAR_MONTH":[201901,201902,201903,201904,201905,201906,201907,201908,201909,201910,201911,201912],"Y_PREVALENCE_1000PP":[0.17,0.09,0.12,0.18,0.12,0.09,0.3,0.07,0.07,0.36,0.08,0.07]},"PROCEDURE_FREQUENCY_DISTRIBUTION":{"Y_NUM_PERSONS":0,"X_COUNT":4},"PROCEDURES_BY_TYPE":{"CONCEPT_NAME":"Claim","COUNT_VALUE":688},"AGE_AT_FIRST_OCCURRENCE":{"CATEGORY":["MALE","FEMALE"],"MIN_VALUE":[0,0],"P10_VALUE":[12,8],"P25_VALUE":[27,26],"MEDIAN_VALUE":[42,53],"P75_VALUE":[64,67],"P90_VALUE":[74,81],"MAX_VALUE":[91,97]}}
