{"PREVALENCE_BY_GENDER_AGE_YEAR":{"TRELLIS_NAME":["30-39","70-79","40-49","70-79","30-39","50-59","0-9","20-29","40-49","50-59","60-69"],"SERIES_NAME":["MALE","MALE","MALE","FEMALE","FEMALE","FEMALE","FEMALE","FEMALE","FEMALE","MALE","FEMALE"],"X_CALENDAR_YEAR":[2019,2019,2019,2019,2019,2019,2019,2019,2019,2019,2019],"Y_PREVALENCE_1000PP":[1.86409,1.13917,1.31637,1.6679,1.62813,1.15892,1.68279,0.99917,1.57031,1.17354,1.52207]},"PREVALENCE_BY_MONTH":{"X_CALENDAR_MONTH":[201901,201902,201904,201905,201906,201907,201908,201909,201910],"Y_PREVALENCE_1000PP":[0.13,0.13,0.17,0.09,0.06,0.2,0.11,0.1,0.15]},"PROCEDURE_FREQUENCY_DISTRIBUTION":{"Y_NUM_PERSONS":0,"X_COUNT":4},"PROCEDURES_BY_TYPE":{"CONCEPT_NAME":"Claim","COUNT_VALUE":504},"AGE_AT_FIRST_OCCURRENCE":{"CATEGORY":["MALE","FEMALE"],"MIN_VALUE":[0,0],"P10_VALUE":[13,6],"P25_VALUE":[29,27],"MEDIAN_VALUE":[42,45],"P75_VALUE":[59,63],"P90_VALUE":[74,75],"MAX_VALUE":[99,96]}}
