{"PREVALENCE_BY_GENDER_AGE_YEAR":{"TRELLIS_NAME":["20-29","40-49","10-19","70-79","10-19","0-9","60-69","0-9","80-89","50-59","20-29","60-69","30-39","50-59","40-49","70-79","30-39"],"SERIES_NAME":["MALE","MALE","FEMALE","FEMALE","MALE","FEMALE","FEMALE","MALE","FEMALE","FEMALE","FEMALE","MALE","MALE","MALE","FEMALE","MALE","FEMALE"],"X_CALENDAR_YEAR":[2019,2019,2019,2019,2019,2019,2019,2019,2019,2019,2019,2019,2019,2019,2019,2019,2019],"Y_PREVALENCE_1000PP":[2.69633,2.779,1.53039,2.22387,1.83318,2.31384,3.04414,3.78957,4.03458,2.89729,3.49709,4.23077,2.37248,2.78715,3.14061,3.41751,2.76783]},"PREVALENCE_BY_MONTH":{"X_CALENDAR_MONTH":[201901,201902,201903,201904,201905,201906,201907,201908,201909,201910,201911,201912],"Y_PREVALENCE_1000PP":[0.39,0.17,0.15,0.39,0.15,0.18,0.46,0.16,0.15,0.29,0.11,0.18]},"PROCEDURE_FREQUENCY_DISTRIBUTION":{"Y_NUM_PERSONS":0,"X_COUNT":4},"PROCEDURES_BY_TYPE":{"CONCEPT_NAME":"Claim","COUNT_VALUE":1116},"AGE_AT_FIRST_OCCURRENCE":{"CATEGORY":["MALE","FEMALE"],"MIN_VALUE":[1,0],"P10_VALUE":[7,14],"P25_VALUE":[27,28],"MEDIAN_VALUE":[48,44],"P75_VALUE":[65,63],"P90_VALUE":[76,75],"MAX_VALUE":[99,92]}}
