{"PREVALENCE_BY_GENDER_AGE_YEAR":{"TRELLIS_NAME":["30-39","40-49","70-79","20-29","50-59","40-49","60-69"],"SERIES_NAME":["FEMALE","FEMALE","FEMALE","FEMALE","FEMALE","MALE","MALE"],"X_CALENDAR_YEAR":[2019,2019,2019,2019,2019,2019,2019],"Y_PREVALENCE_1000PP":[1.30251,1.14204,1.85322,1.1657,1.30378,0.87758,1.15385]},"PREVALENCE_BY_MONTH":{"X_CALENDAR_MONTH":[201901,201902,201905,201907,201908,201909,201910,201911,201912],"Y_PREVALENCE_1000PP":[0.06,0.1,0.07,0.1,0.12,0.11,0.06,0.06,0.07]},"PROCEDURE_FREQUENCY_DISTRIBUTION":{"Y_NUM_PERSONS":0,"X_COUNT":4},"PROCEDURES_BY_TYPE":{"CONCEPT_NAME":"Claim","COUNT_VALUE":348},"AGE_AT_FIRST_OCCURRENCE":{"CATEGORY":["FEMALE","MALE"],"MIN_VALUE":[0,1],"P10_VALUE":[24,8],"P25_VALUE":[30,27],"MEDIAN_VALUE":[49,51],"P75_VALUE":[72,65],"P90_VALUE":[78,72],"MAX_VALUE":[98,86]}}
