{"PREVALENCE_BY_GENDER_AGE_YEAR":{"TRELLIS_NAME":["30-39","90-99","70-79","50-59","60-69","40-49","10-19","60-69","30-39","80-89","50-59","70-79","20-29","0-9","20-29","80-89","10-19","40-49","0-9","90-99"],"SERIES_NAME":["FEMALE","FEMALE","MALE","MALE","MALE","FEMALE","MALE","FEMALE","MALE","MALE","FEMALE","FEMALE","FEMALE","FEMALE","MALE","FEMALE","FEMALE","MALE","MALE","MALE"],"X_CALENDAR_YEAR":[2019,2019,2019,2019,2019,2019,2019,2019,2019,2019,2019,2019,2019,2019,2019,2019,2019,2019,2019,2019],"Y_PREVALENCE_1000PP":[20.35168,22.85396,22.21378,20.09682,21.34615,23.12634,23.37305,22.83105,21.01339,23.19161,24.48211,20.38547,21.81515,19.35212,22.24469,20.74928,21.8627,21.3544,24.74365,29.05983]},"PREVALENCE_BY_MONTH":{"X_CALENDAR_MONTH":[201901,201902,201903,201904,201905,201906,201907,201908,201909,201910,201911,201912],"Y_PREVALENCE_1000PP":[3.08,1.15,1.33,3.16,1.26,1.09,3.2,1.11,1.22,2.95,1.39,1.36]},"PROCEDURE_FREQUENCY_DISTRIBUTION":{"Y_NUM_PERSONS":[2,0],"X_COUNT":[4,8]},"PROCEDURES_BY_TYPE":{"CONCEPT_NAME":"Claim","COUNT_VALUE":8928},"AGE_AT_FIRST_OCCURRENCE":{"CATEGORY":["FEMALE","No matching concept","MALE"],"MIN_VALUE":[0,3,0],"P10_VALUE":[12,11,9],"P25_VALUE":[26,29,23],"MEDIAN_VALUE":[46,50,44],"P75_VALUE":[62,63,63],"P90_VALUE":[77,77,78],"MAX_VALUE":[99,86,99]}}
