{"PREVALENCE_BY_GENDER_AGE_YEAR":{"TRELLIS_NAME":["40-49","20-29","40-49","30-39","0-9","10-19","60-69","30-39","70-79","50-59","60-69","50-59","10-19","0-9","80-89","20-29","70-79"],"SERIES_NAME":["MALE","MALE","FEMALE","MALE","FEMALE","FEMALE","FEMALE","FEMALE","FEMALE","FEMALE","MALE","MALE","MALE","MALE","MALE","FEMALE","MALE"],"X_CALENDAR_YEAR":[2019,2019,2019,2019,2019,2019,2019,2019,2019,2019,2019,2019,2019,2019,2019,2019,2019],"Y_PREVALENCE_1000PP":[2.63043,2.01952,2.28735,2.71647,2.10526,2.62295,2.26929,2.6012,3.32902,1.88351,2.12684,1.0276,3.21396,1.55902,4.41745,2.50334,2.09205]},"PREVALENCE_BY_MONTH":{"X_CALENDAR_MONTH":[201901,201902,201903,201904,201905,201906,201907,201908,201909,201910,201911,201912],"Y_PREVALENCE_1000PP":[0.34,0.08,0.11,0.38,0.1,0.14,0.26,0.17,0.23,0.26,0.11,0.11]},"PROCEDURE_FREQUENCY_DISTRIBUTION":{"Y_NUM_PERSONS":0,"X_COUNT":1},"PROCEDURES_BY_TYPE":{"CONCEPT_NAME":"Claim","COUNT_VALUE":229},"AGE_AT_FIRST_OCCURRENCE":{"CATEGORY":["MALE","FEMALE"],"MIN_VALUE":[1,1],"P10_VALUE":[11,12],"P25_VALUE":[22,27],"MEDIAN_VALUE":[44,44],"P75_VALUE":[63,64],"P90_VALUE":[83,75],"MAX_VALUE":[98,97]}}
