{"PREVALENCE_BY_GENDER_AGE_YEAR":{"TRELLIS_NAME":["20-29","40-49","30-39","30-39","70-79","50-59","0-9","80-89","90-99","0-9","70-79","40-49","10-19","80-89","60-69","10-19","50-59","20-29","90-99","60-69"],"SERIES_NAME":["FEMALE","MALE","MALE","FEMALE","MALE","MALE","FEMALE","MALE","FEMALE","MALE","FEMALE","FEMALE","FEMALE","FEMALE","MALE","MALE","FEMALE","MALE","MALE","FEMALE"],"X_CALENDAR_YEAR":[2019,2019,2019,2019,2019,2019,2019,2019,2019,2019,2019,2019,2019,2019,2019,2019,2019,2019,2019,2019],"Y_PREVALENCE_1000PP":[28.30974,28.37502,28.80868,27.35265,28.09949,30.80534,30.29028,28.16124,25.64103,26.30406,29.09563,28.55103,30.82641,24.78386,26.53846,27.72686,24.62697,25.27806,28.49003,28.53881]},"PREVALENCE_BY_MONTH":{"X_CALENDAR_MONTH":[201901,201902,201903,201904,201905,201906,201907,201908,201909,201910,201911,201912],"Y_PREVALENCE_1000PP":[4,1.55,1.77,4,1.65,1.59,3.9,1.54,1.48,3.8,1.42,1.54]},"PROCEDURE_FREQUENCY_DISTRIBUTION":{"Y_NUM_PERSONS":[3,0],"X_COUNT":[4,8]},"PROCEDURES_BY_TYPE":{"CONCEPT_NAME":"Claim","COUNT_VALUE":11312},"AGE_AT_FIRST_OCCURRENCE":{"CATEGORY":["MALE","No matching concept","FEMALE"],"MIN_VALUE":[0,2,0],"P10_VALUE":[11,20,9],"P25_VALUE":[26,25,24],"MEDIAN_VALUE":[45,46,43],"P75_VALUE":[62,57,62],"P90_VALUE":[77,71,76],"MAX_VALUE":[99,95,99]}}
