{"PREVALENCE_BY_GENDER_AGE_YEAR":{"TRELLIS_NAME":["20-29","60-69","60-69","50-59","30-39","0-9","70-79","30-39","50-59","20-29","40-49","40-49"],"SERIES_NAME":["FEMALE","FEMALE","MALE","FEMALE","MALE","FEMALE","FEMALE","FEMALE","MALE","MALE","MALE","FEMALE"],"X_CALENDAR_YEAR":[2019,2019,2019,2019,2019,2019,2019,2019,2019,2019,2019,2019],"Y_PREVALENCE_1000PP":[1.502,1.13464,1.16009,1.44886,2.20713,1.26316,1.66451,1.9509,1.468,1.68294,1.46135,1.28663]},"PREVALENCE_BY_MONTH":{"X_CALENDAR_MONTH":[201901,201902,201903,201904,201905,201907,201908,201909,201910,201911,201912],"Y_PREVALENCE_1000PP":[0.2,0.09,0.13,0.18,0.09,0.15,0.08,0.08,0.2,0.07,0.06]},"PROCEDURE_FREQUENCY_DISTRIBUTION":{"Y_NUM_PERSONS":0,"X_COUNT":1},"PROCEDURES_BY_TYPE":{"CONCEPT_NAME":"Claim","COUNT_VALUE":136},"AGE_AT_FIRST_OCCURRENCE":{"CATEGORY":["MALE","FEMALE"],"MIN_VALUE":[1,1],"P10_VALUE":[15,12],"P25_VALUE":[26,28],"MEDIAN_VALUE":[40,45],"P75_VALUE":[56,67],"P90_VALUE":[70,78],"MAX_VALUE":[99,97]}}
