{"PREVALENCE_BY_GENDER_AGE_YEAR":{"TRELLIS_NAME":["50-59","70-79","20-29","10-19","50-59","60-69","10-19","20-29"],"SERIES_NAME":["MALE","FEMALE","FEMALE","FEMALE","FEMALE","FEMALE","MALE","MALE"],"X_CALENDAR_YEAR":[2019,2019,2019,2019,2019,2019,2019,2019],"Y_PREVALENCE_1000PP":[1.0276,1.47956,1.00134,1.31148,1.15908,1.51286,1.37741,1.51464]},"PREVALENCE_BY_MONTH":{"X_CALENDAR_MONTH":[201901,201902,201904,201906,201907,201909,201910],"Y_PREVALENCE_1000PP":[0.12,0.07,0.13,0.07,0.1,0.08,0.17]},"PROCEDURE_FREQUENCY_DISTRIBUTION":{"Y_NUM_PERSONS":0,"X_COUNT":1},"PROCEDURES_BY_TYPE":{"CONCEPT_NAME":"Claim","COUNT_VALUE":93},"AGE_AT_FIRST_OCCURRENCE":{"CATEGORY":["MALE","FEMALE"],"MIN_VALUE":[0,3],"P10_VALUE":[11,12],"P25_VALUE":[20,28],"MEDIAN_VALUE":[30,55],"P75_VALUE":[57,73],"P90_VALUE":[65,87],"MAX_VALUE":[89,99]}}
