{"PREVALENCE_BY_GENDER_AGE_YEAR":{"TRELLIS_NAME":["40-49","30-39","70-79","60-69","20-29","10-19","80-89","30-39","10-19","80-89","0-9","0-9","60-69","40-49","70-79","50-59","90-99","50-59","20-29","90-99"],"SERIES_NAME":["MALE","MALE","MALE","MALE","MALE","FEMALE","FEMALE","FEMALE","MALE","MALE","FEMALE","MALE","FEMALE","FEMALE","FEMALE","FEMALE","FEMALE","MALE","FEMALE","MALE"],"X_CALENDAR_YEAR":[2019,2019,2019,2019,2019,2019,2019,2019,2019,2019,2019,2019,2019,2019,2019,2019,2019,2019,2019,2019],"Y_PREVALENCE_1000PP":[7.60568,7.11744,7.78432,8.26923,8.08898,9.40096,8.64553,6.83816,6.18698,4.96963,5.88978,5.57289,6.65906,8.42256,5.37435,5.79458,10.59086,7.3346,8.82598,7.97721]},"PREVALENCE_BY_MONTH":{"X_CALENDAR_MONTH":[201901,201902,201903,201904,201905,201906,201907,201908,201909,201910,201911,201912],"Y_PREVALENCE_1000PP":[1.11,0.4,0.41,1.11,0.5,0.37,1.15,0.39,0.3,0.95,0.42,0.32]},"PROCEDURE_FREQUENCY_DISTRIBUTION":{"Y_NUM_PERSONS":1,"X_COUNT":4},"PROCEDURES_BY_TYPE":{"CONCEPT_NAME":"Claim","COUNT_VALUE":2972},"AGE_AT_FIRST_OCCURRENCE":{"CATEGORY":["MALE","FEMALE","No matching concept"],"MIN_VALUE":[0,0,11],"P10_VALUE":[13,12,23],"P25_VALUE":[27,24,33],"MEDIAN_VALUE":[45,43,50],"P75_VALUE":[63,62,78],"P90_VALUE":[76,79,84],"MAX_VALUE":[99,98,88]}}
