{"PREVALENCE_BY_GENDER_AGE_YEAR":{"TRELLIS_NAME":["30-39","40-49","0-9","10-19","20-29","50-59","20-29","70-79","0-9","90-99","80-89","70-79","80-89","10-19","60-69","30-39","90-99","40-49","50-59","60-69"],"SERIES_NAME":["MALE","MALE","MALE","FEMALE","MALE","MALE","FEMALE","MALE","FEMALE","MALE","FEMALE","FEMALE","MALE","MALE","MALE","FEMALE","FEMALE","FEMALE","FEMALE","FEMALE"],"X_CALENDAR_YEAR":[2019,2019,2019,2019,2019,2019,2019,2019,2019,2019,2019,2019,2019,2019,2019,2019,2019,2019,2019,2019],"Y_PREVALENCE_1000PP":[13.9219,13.4444,15.14477,17.04918,14.64153,13.06518,15.18692,14.83454,14.10526,16.61891,12.11073,12.02145,11.04362,16.52893,14.88786,12.51829,11.10494,13.43817,16.66184,14.56127]},"PREVALENCE_BY_MONTH":{"X_CALENDAR_MONTH":[201901,201902,201903,201904,201905,201906,201907,201908,201909,201910,201911,201912],"Y_PREVALENCE_1000PP":[1.82,0.78,0.92,1.83,0.98,0.84,1.89,0.71,0.84,1.98,0.87,0.85]},"PROCEDURE_FREQUENCY_DISTRIBUTION":{"Y_NUM_PERSONS":[1,0],"X_COUNT":[1,2]},"PROCEDURES_BY_TYPE":{"CONCEPT_NAME":"Claim","COUNT_VALUE":1432},"AGE_AT_FIRST_OCCURRENCE":{"CATEGORY":["MALE","FEMALE","No matching concept"],"MIN_VALUE":[0,0,2],"P10_VALUE":[10,10,7],"P25_VALUE":[23,22,22],"MEDIAN_VALUE":[44,43,45],"P75_VALUE":[63,60,61],"P90_VALUE":[77,75,73],"MAX_VALUE":[99,99,94]}}
