{"PREVALENCE_BY_GENDER_AGE_YEAR":{"TRELLIS_NAME":["30-39","40-49","0-9","40-49","30-39","20-29","0-9","70-79","20-29","60-69","10-19","60-69","10-19","50-59","70-79"],"SERIES_NAME":["MALE","MALE","MALE","FEMALE","FEMALE","MALE","FEMALE","FEMALE","FEMALE","FEMALE","MALE","MALE","FEMALE","FEMALE","MALE"],"X_CALENDAR_YEAR":[2019,2019,2019,2019,2019,2019,2019,2019,2019,2019,2019,2019,2019,2019,2019],"Y_PREVALENCE_1000PP":[2.03355,2.19394,1.56041,1.42755,1.30251,1.34816,2.10349,2.59451,2.49792,1.90259,1.83318,2.30769,2.4049,1.59351,2.08848]},"PREVALENCE_BY_MONTH":{"X_CALENDAR_MONTH":[201901,201902,201903,201904,201905,201906,201907,201908,201909,201910,201911,201912],"Y_PREVALENCE_1000PP":[0.27,0.12,0.13,0.3,0.09,0.07,0.16,0.12,0.08,0.33,0.06,0.12]},"PROCEDURE_FREQUENCY_DISTRIBUTION":{"Y_NUM_PERSONS":0,"X_COUNT":4},"PROCEDURES_BY_TYPE":{"CONCEPT_NAME":"Claim","COUNT_VALUE":740},"AGE_AT_FIRST_OCCURRENCE":{"CATEGORY":["No matching concept","MALE","FEMALE"],"MIN_VALUE":[0,3,1],"P10_VALUE":[0,10,9],"P25_VALUE":[6,28,22],"MEDIAN_VALUE":[68,43,44],"P75_VALUE":[75,66,67],"P90_VALUE":[98,78,78],"MAX_VALUE":[98,99,99]}}
