{"PREVALENCE_BY_GENDER_AGE_YEAR":{"TRELLIS_NAME":["40-49","60-69","30-39","90-99","20-29","70-79","40-49","80-89","70-79","30-39","0-9","60-69","90-99","80-89","50-59","10-19","10-19","20-29","0-9","50-59"],"SERIES_NAME":["MALE","MALE","FEMALE","MALE","FEMALE","MALE","FEMALE","FEMALE","FEMALE","MALE","FEMALE","FEMALE","FEMALE","MALE","FEMALE","MALE","FEMALE","MALE","MALE","MALE"],"X_CALENDAR_YEAR":[2019,2019,2019,2019,2019,2019,2019,2019,2019,2019,2019,2019,2019,2019,2019,2019,2019,2019,2019,2019],"Y_PREVALENCE_1000PP":[36.12696,33.46154,42.16867,38.74644,38.30142,38.92159,36.54532,38.61671,37.43514,38.46806,30.07993,37.29072,31.77258,36.44395,35.34695,43.99633,38.91561,32.35592,42.13107,37.55318]},"PREVALENCE_BY_MONTH":{"X_CALENDAR_MONTH":[201901,201902,201903,201904,201905,201906,201907,201908,201909,201910,201911,201912],"Y_PREVALENCE_1000PP":[5.29,2.04,1.99,5.3,2.16,2.13,5.35,1.89,2.17,4.87,2.27,2.25]},"PROCEDURE_FREQUENCY_DISTRIBUTION":{"Y_NUM_PERSONS":[4,0],"X_COUNT":[4,8]},"PROCEDURES_BY_TYPE":{"CONCEPT_NAME":"Claim","COUNT_VALUE":15112},"AGE_AT_FIRST_OCCURRENCE":{"CATEGORY":["FEMALE","No matching concept","MALE"],"MIN_VALUE":[0,3,0],"P10_VALUE":[12,20,9],"P25_VALUE":[25,30,23],"MEDIAN_VALUE":[43,47,44],"P75_VALUE":[63,66,63],"P90_VALUE":[76,79,78],"MAX_VALUE":[99,99,99]}}
