{"PREVALENCE_BY_GENDER_AGE_YEAR":{"TRELLIS_NAME":["10-19","60-69","20-29","80-89","90-99","70-79","20-29","10-19","40-49","50-59","70-79","90-99","40-49","30-39","60-69","80-89","30-39","50-59","0-9","0-9"],"SERIES_NAME":["FEMALE","FEMALE","FEMALE","FEMALE","MALE","FEMALE","MALE","MALE","FEMALE","MALE","MALE","FEMALE","MALE","MALE","MALE","MALE","FEMALE","FEMALE","MALE","FEMALE"],"X_CALENDAR_YEAR":[2019,2019,2019,2019,2019,2019,2019,2019,2019,2019,2019,2019,2019,2019,2019,2019,2019,2019,2019,2019],"Y_PREVALENCE_1000PP":[10.05464,16.83056,19.02537,19.03114,17.76504,15.16553,14.64153,17.67677,12.72337,16.29477,14.45417,7.77346,14.02893,14.7708,16.82135,16.01325,15.28207,14.0539,13.58575,14.94737]},"PREVALENCE_BY_MONTH":{"X_CALENDAR_MONTH":[201901,201902,201903,201904,201905,201906,201907,201908,201909,201910,201911,201912],"Y_PREVALENCE_1000PP":[2.03,0.95,1.01,2.16,0.83,0.76,2.07,0.86,0.78,2.19,0.73,0.78]},"PROCEDURE_FREQUENCY_DISTRIBUTION":{"Y_NUM_PERSONS":[2,0],"X_COUNT":[1,2]},"PROCEDURES_BY_TYPE":{"CONCEPT_NAME":"Claim","COUNT_VALUE":1516},"AGE_AT_FIRST_OCCURRENCE":{"CATEGORY":["MALE","FEMALE","No matching concept"],"MIN_VALUE":[0,0,3],"P10_VALUE":[12,10,20],"P25_VALUE":[25,25,39],"MEDIAN_VALUE":[45,44,47],"P75_VALUE":[63,64,59],"P90_VALUE":[77,76,70],"MAX_VALUE":[99,99,99]}}
