{"PREVALENCE_BY_GENDER_AGE_YEAR":{"TRELLIS_NAME":["10-19","40-49","50-59","20-29","10-19","0-9","50-59","30-39","20-29","60-69","30-39"],"SERIES_NAME":["FEMALE","MALE","MALE","FEMALE","MALE","MALE","FEMALE","MALE","MALE","MALE","FEMALE"],"X_CALENDAR_YEAR":[2019,2019,2019,2019,2019,2019,2019,2019,2019,2019,2019],"Y_PREVALENCE_1000PP":[1.31148,1.46135,1.3212,1.33511,2.52525,2.22717,1.59374,1.35823,1.51464,1.74014,0.97545]},"PREVALENCE_BY_MONTH":{"X_CALENDAR_MONTH":[201901,201902,201903,201904,201905,201906,201907,201908,201909,201910,201911,201912],"Y_PREVALENCE_1000PP":[0.08,0.13,0.1,0.08,0.13,0.08,0.16,0.12,0.15,0.07,0.06,0.07]},"PROCEDURE_FREQUENCY_DISTRIBUTION":{"Y_NUM_PERSONS":0,"X_COUNT":1},"PROCEDURES_BY_TYPE":{"CONCEPT_NAME":"Claim","COUNT_VALUE":123},"AGE_AT_FIRST_OCCURRENCE":{"CATEGORY":["FEMALE","MALE"],"MIN_VALUE":[1,0],"P10_VALUE":[12,7],"P25_VALUE":[21,15],"MEDIAN_VALUE":[41,35],"P75_VALUE":[57,56],"P90_VALUE":[70,67],"MAX_VALUE":[99,96]}}
