{"PREVALENCE_BY_GENDER_AGE_YEAR":{"TRELLIS_NAME":["50-59","70-79","90-99","0-9","10-19","30-39","20-29","70-79","50-59","80-89","30-39","60-69","20-29","60-69","90-99","40-49","80-89","40-49","10-19","0-9"],"SERIES_NAME":["MALE","MALE","MALE","MALE","FEMALE","MALE","MALE","FEMALE","FEMALE","FEMALE","FEMALE","FEMALE","FEMALE","MALE","FEMALE","FEMALE","MALE","MALE","MALE","FEMALE"],"X_CALENDAR_YEAR":[2019,2019,2019,2019,2019,2019,2019,2019,2019,2019,2019,2019,2019,2019,2019,2019,2019,2019,2019,2019],"Y_PREVALENCE_1000PP":[7.33999,8.3682,13.75358,6.90423,7.65027,4.41426,7.7415,7.39782,11.44596,8.65052,10.72996,9.26626,9.34579,8.12065,11.10494,9.72123,11.04362,9.20649,9.4123,8]},"PREVALENCE_BY_MONTH":{"X_CALENDAR_MONTH":[201901,201902,201903,201904,201905,201906,201907,201908,201909,201910,201911,201912],"Y_PREVALENCE_1000PP":[1.01,0.69,0.49,0.95,0.64,0.59,0.9,0.79,0.49,0.79,0.72,0.63]},"PROCEDURE_FREQUENCY_DISTRIBUTION":{"Y_NUM_PERSONS":1,"X_COUNT":1},"PROCEDURES_BY_TYPE":{"CONCEPT_NAME":"Claim","COUNT_VALUE":869},"AGE_AT_FIRST_OCCURRENCE":{"CATEGORY":["No matching concept","MALE","FEMALE"],"MIN_VALUE":[3,0,0],"P10_VALUE":[13,11,13],"P25_VALUE":[14,24,27],"MEDIAN_VALUE":[41,47,46],"P75_VALUE":[51,67,61],"P90_VALUE":[58,83,76],"MAX_VALUE":[69,99,99]}}
