{"PREVALENCE_BY_GENDER_AGE_YEAR":{"TRELLIS_NAME":["90-99","40-49","50-59","10-19","20-29","20-29","0-9","60-69","50-59","40-49","30-39","70-79","10-19"],"SERIES_NAME":["MALE","MALE","MALE","FEMALE","FEMALE","MALE","MALE","FEMALE","FEMALE","FEMALE","FEMALE","FEMALE","MALE"],"X_CALENDAR_YEAR":[2019,2019,2019,2019,2019,2019,2019,2019,2019,2019,2019,2019,2019],"Y_PREVALENCE_1000PP":[3.4188,1.75516,0.88015,1.53039,1.1657,2.02224,1.33749,1.71233,1.88324,1.2848,1.79095,1.29726,1.37489]},"PREVALENCE_BY_MONTH":{"X_CALENDAR_MONTH":[201901,201902,201903,201904,201905,201906,201907,201908,201909,201910,201911,201912],"Y_PREVALENCE_1000PP":[0.15,0.11,0.11,0.12,0.13,0.12,0.15,0.18,0.11,0.09,0.06,0.08]},"PROCEDURE_FREQUENCY_DISTRIBUTION":{"Y_NUM_PERSONS":0,"X_COUNT":4},"PROCEDURES_BY_TYPE":{"CONCEPT_NAME":"Claim","COUNT_VALUE":564},"AGE_AT_FIRST_OCCURRENCE":{"CATEGORY":["FEMALE","MALE"],"MIN_VALUE":[1,0],"P10_VALUE":[16,13],"P25_VALUE":[26,23],"MEDIAN_VALUE":[47,42],"P75_VALUE":[62,64],"P90_VALUE":[73,88],"MAX_VALUE":[98,99]}}
