{"PREVALENCE_BY_GENDER_AGE_YEAR":{"TRELLIS_NAME":["40-49","10-19","30-39","0-9","50-59","0-9","40-49","20-29","30-39","70-79","60-69","50-59","60-69","70-79","20-29","10-19"],"SERIES_NAME":["MALE","FEMALE","FEMALE","FEMALE","MALE","MALE","FEMALE","MALE","MALE","FEMALE","MALE","FEMALE","FEMALE","MALE","FEMALE","MALE"],"X_CALENDAR_YEAR":[2019,2019,2019,2019,2019,2019,2019,2019,2019,2019,2019,2019,2019,2019,2019,2019],"Y_PREVALENCE_1000PP":[2.63043,2.84153,2.6012,2.94737,2.0552,1.78174,2.71623,2.35611,2.37691,2.40429,5.60712,3.47725,2.83661,2.8528,3.67156,1.83655]},"PREVALENCE_BY_MONTH":{"X_CALENDAR_MONTH":[201901,201902,201903,201904,201905,201906,201907,201908,201909,201910,201911,201912],"Y_PREVALENCE_1000PP":[0.29,0.13,0.12,0.47,0.16,0.16,0.38,0.22,0.16,0.31,0.18,0.18]},"PROCEDURE_FREQUENCY_DISTRIBUTION":{"Y_NUM_PERSONS":0,"X_COUNT":1},"PROCEDURES_BY_TYPE":{"CONCEPT_NAME":"Claim","COUNT_VALUE":276},"AGE_AT_FIRST_OCCURRENCE":{"CATEGORY":["FEMALE","MALE","No matching concept"],"MIN_VALUE":[0,0,6],"P10_VALUE":[10,15,6],"P25_VALUE":[23,30,34],"MEDIAN_VALUE":[41,50,42],"P75_VALUE":[58,66,51],"P90_VALUE":[74,77,59],"MAX_VALUE":[96,99,59]}}
