{"PREVALENCE_BY_GENDER_AGE_YEAR":{"TRELLIS_NAME":["60-69","50-59","60-69","30-39","70-79","30-39","20-29","10-19","10-19","40-49","50-59","0-9","20-29","40-49","70-79","0-9"],"SERIES_NAME":["FEMALE","MALE","MALE","MALE","MALE","FEMALE","FEMALE","MALE","FEMALE","MALE","FEMALE","FEMALE","MALE","FEMALE","FEMALE","MALE"],"X_CALENDAR_YEAR":[2019,2019,2019,2019,2019,2019,2019,2019,2019,2019,2019,2019,2019,2019,2019,2019],"Y_PREVALENCE_1000PP":[1.90259,2.34707,1.15385,2.03355,2.27834,1.46532,2.49792,2.52062,2.62352,2.19394,2.4627,1.47244,3.37041,2.14133,2.40919,2.45207]},"PREVALENCE_BY_MONTH":{"X_CALENDAR_MONTH":[201901,201902,201903,201904,201905,201906,201907,201908,201909,201910,201911,201912],"Y_PREVALENCE_1000PP":[0.34,0.08,0.16,0.32,0.1,0.18,0.27,0.14,0.14,0.3,0.08,0.11]},"PROCEDURE_FREQUENCY_DISTRIBUTION":{"Y_NUM_PERSONS":0,"X_COUNT":4},"PROCEDURES_BY_TYPE":{"CONCEPT_NAME":"Claim","COUNT_VALUE":888},"AGE_AT_FIRST_OCCURRENCE":{"CATEGORY":["FEMALE","No matching concept","MALE"],"MIN_VALUE":[2,48,0],"P10_VALUE":[15,48,10],"P25_VALUE":[23,55,21],"MEDIAN_VALUE":[46,64,41],"P75_VALUE":[62,75,58],"P90_VALUE":[75,75,77],"MAX_VALUE":[99,75,93]}}
