{"PREVALENCE_BY_GENDER_AGE_YEAR":{"TRELLIS_NAME":["10-19","50-59","30-39","20-29","10-19","40-49","70-79","60-69","30-39","0-9","40-49","70-79","0-9","60-69","20-29"],"SERIES_NAME":["FEMALE","FEMALE","FEMALE","FEMALE","MALE","FEMALE","FEMALE","FEMALE","MALE","MALE","MALE","MALE","FEMALE","MALE","MALE"],"X_CALENDAR_YEAR":[2019,2019,2019,2019,2019,2019,2019,2019,2019,2019,2019,2019,2019,2019,2019],"Y_PREVALENCE_1000PP":[2.62295,1.59374,1.46318,2.33645,1.60698,1.42959,2.58924,1.70197,1.86757,1.55902,2.19202,2.09205,2.10526,2.51353,1.51464]},"PREVALENCE_BY_MONTH":{"X_CALENDAR_MONTH":[201901,201902,201903,201904,201905,201906,201907,201908,201909,201910,201911,201912],"Y_PREVALENCE_1000PP":[0.27,0.12,0.13,0.3,0.09,0.07,0.16,0.12,0.08,0.33,0.06,0.12]},"PROCEDURE_FREQUENCY_DISTRIBUTION":{"Y_NUM_PERSONS":0,"X_COUNT":1},"PROCEDURES_BY_TYPE":{"CONCEPT_NAME":"Claim","COUNT_VALUE":185},"AGE_AT_FIRST_OCCURRENCE":{"CATEGORY":["MALE","FEMALE","No matching concept"],"MIN_VALUE":[3,1,0],"P10_VALUE":[11,9,0],"P25_VALUE":[28,21,6],"MEDIAN_VALUE":[44,44,68],"P75_VALUE":[66,67,75],"P90_VALUE":[78,78,98],"MAX_VALUE":[99,99,98]}}
