{"PREVALENCE_BY_GENDER_AGE_YEAR":{"TRELLIS_NAME":["80-89","0-9","60-69","0-9","40-49","80-89","50-59","90-99","40-49","30-39","20-29","10-19","30-39","70-79","50-59","70-79","20-29","60-69","10-19","90-99"],"SERIES_NAME":["FEMALE","FEMALE","FEMALE","MALE","MALE","MALE","FEMALE","FEMALE","FEMALE","MALE","FEMALE","FEMALE","FEMALE","MALE","MALE","FEMALE","MALE","MALE","MALE","MALE"],"X_CALENDAR_YEAR":[2019,2019,2019,2019,2019,2019,2019,2019,2019,2019,2019,2019,2019,2019,2019,2019,2019,2019,2019,2019],"Y_PREVALENCE_1000PP":[583.04498,594.73684,599.28139,597.99555,587.75391,576.47708,591.56766,572.45974,596.56898,583.53141,584.77971,586.22951,589.98537,588.62685,579.85907,594.04476,589.86873,595.12761,595.9596,594.26934]},"PREVALENCE_BY_MONTH":{"X_CALENDAR_MONTH":[201901,201902,201903,201904,201905,201906,201907,201908,201909,201910,201911,201912],"Y_PREVALENCE_1000PP":[254.85,29.72,33.35,80.67,34.14,31.64,82.97,33.13,32.48,81.84,33.19,34.37]},"PROCEDURE_FREQUENCY_DISTRIBUTION":{"Y_NUM_PERSONS":[59,18,3,0],"X_COUNT":[1,2,3,4]},"PROCEDURES_BY_TYPE":{"CONCEPT_NAME":"Dental claim","COUNT_VALUE":79890},"AGE_AT_FIRST_OCCURRENCE":{"CATEGORY":["MALE","No matching concept","FEMALE"],"MIN_VALUE":[0,0,0],"P10_VALUE":[10,11,10],"P25_VALUE":[25,26,25],"MEDIAN_VALUE":[45,45,44],"P75_VALUE":[63,63,63],"P90_VALUE":[77,78,77],"MAX_VALUE":[99,99,99]}}
