{"PREVALENCE_BY_GENDER_AGE_YEAR":{"TRELLIS_NAME":["40-49","40-49","10-19","0-9","50-59","70-79","20-29","30-39","70-79","60-69","50-59","10-19"],"SERIES_NAME":["FEMALE","MALE","MALE","FEMALE","FEMALE","MALE","FEMALE","FEMALE","FEMALE","MALE","MALE","FEMALE"],"X_CALENDAR_YEAR":[2019,2019,2019,2019,2019,2019,2019,2019,2019,2019,2019,2019],"Y_PREVALENCE_1000PP":[1.2848,1.31637,2.74977,1.68279,2.17297,1.32903,2.16486,2.11657,1.48258,1.73077,1.76031,2.84215]},"PREVALENCE_BY_MONTH":{"X_CALENDAR_MONTH":[201901,201904,201905,201907,201908,201909,201910,201911,201912],"Y_PREVALENCE_1000PP":[0.21,0.3,0.06,0.24,0.07,0.13,0.21,0.12,0.07]},"PROCEDURE_FREQUENCY_DISTRIBUTION":{"Y_NUM_PERSONS":0,"X_COUNT":4},"PROCEDURES_BY_TYPE":{"CONCEPT_NAME":"Claim","COUNT_VALUE":624},"AGE_AT_FIRST_OCCURRENCE":{"CATEGORY":["MALE","FEMALE"],"MIN_VALUE":[1,1],"P10_VALUE":[12,10],"P25_VALUE":[19,21],"MEDIAN_VALUE":[47,38],"P75_VALUE":[64,53],"P90_VALUE":[74,72],"MAX_VALUE":[97,95]}}
