{"PREVALENCE_BY_GENDER_AGE_YEAR":{"TRELLIS_NAME":["10-19","90-99","30-39","30-39","0-9","50-59","10-19","80-89","70-79","0-9","20-29","20-29","50-59","90-99","60-69","40-49","40-49","80-89","70-79","60-69"],"SERIES_NAME":["FEMALE","FEMALE","MALE","FEMALE","MALE","FEMALE","MALE","MALE","FEMALE","FEMALE","FEMALE","MALE","MALE","MALE","MALE","MALE","FEMALE","FEMALE","MALE","FEMALE"],"X_CALENDAR_YEAR":[2019,2019,2019,2019,2019,2019,2019,2019,2019,2019,2019,2019,2019,2019,2019,2019,2019,2019,2019,2019],"Y_PREVALENCE_1000PP":[7.65195,7.24638,7.2869,6.83816,7.80205,7.96755,8.47846,7.73054,7.78354,9.25536,8.49292,6.90934,8.36145,11.96581,7.11538,7.45941,7.56602,6.91643,7.40459,8.94216]},"PREVALENCE_BY_MONTH":{"X_CALENDAR_MONTH":[201901,201902,201903,201904,201905,201906,201907,201908,201909,201910,201911,201912],"Y_PREVALENCE_1000PP":[0.86,0.3,0.36,1.17,0.61,0.48,1.16,0.43,0.52,1.04,0.44,0.45]},"PROCEDURE_FREQUENCY_DISTRIBUTION":{"Y_NUM_PERSONS":1,"X_COUNT":4},"PROCEDURES_BY_TYPE":{"CONCEPT_NAME":"Claim","COUNT_VALUE":3128},"AGE_AT_FIRST_OCCURRENCE":{"CATEGORY":["MALE","No matching concept","FEMALE"],"MIN_VALUE":[0,0,0],"P10_VALUE":[10,5,9],"P25_VALUE":[24,24,22],"MEDIAN_VALUE":[45,41,45],"P75_VALUE":[64,49,62],"P90_VALUE":[79,73,75],"MAX_VALUE":[99,78,99]}}
