{"PREVALENCE_BY_GENDER_AGE_YEAR":{"TRELLIS_NAME":["90-99","10-19","20-29","50-59","60-69","30-39","0-9","20-29","90-99","10-19","50-59","70-79","40-49","80-89","40-49","70-79","80-89","0-9","30-39","60-69"],"SERIES_NAME":["MALE","MALE","FEMALE","MALE","FEMALE","FEMALE","FEMALE","MALE","FEMALE","FEMALE","FEMALE","MALE","FEMALE","FEMALE","MALE","FEMALE","MALE","MALE","MALE","MALE"],"X_CALENDAR_YEAR":[2019,2019,2019,2019,2019,2019,2019,2019,2019,2019,2019,2019,2019,2019,2019,2019,2019,2019,2019,2019],"Y_PREVALENCE_1000PP":[19.37322,16.04033,19.48376,15.84275,20.16743,19.53761,13.6727,15.6724,12.82051,18.14604,17.9632,20.69489,18.12991,16.13833,17.40529,19.27354,15.46107,16.04993,18.97983,14.80769]},"PREVALENCE_BY_MONTH":{"X_CALENDAR_MONTH":[201901,201902,201903,201904,201905,201906,201907,201908,201909,201910,201911,201912],"Y_PREVALENCE_1000PP":[2.25,0.97,1.03,2.33,1.09,0.89,2.6,1.02,1.02,2.28,1.09,1.12]},"PROCEDURE_FREQUENCY_DISTRIBUTION":{"Y_NUM_PERSONS":[2,0],"X_COUNT":[4,8]},"PROCEDURES_BY_TYPE":{"CONCEPT_NAME":"Claim","COUNT_VALUE":7076},"AGE_AT_FIRST_OCCURRENCE":{"CATEGORY":["FEMALE","MALE","No matching concept"],"MIN_VALUE":[0,0,2],"P10_VALUE":[13,11,13],"P25_VALUE":[27,27,24],"MEDIAN_VALUE":[44,44,44],"P75_VALUE":[63,65,54],"P90_VALUE":[76,78,74],"MAX_VALUE":[99,99,99]}}
