{"PREVALENCE_BY_GENDER_AGE_YEAR":{"TRELLIS_NAME":["70-79","40-49","20-29","30-39","70-79","60-69","10-19","30-39","40-49","50-59","50-59","20-29","60-69"],"SERIES_NAME":["FEMALE","FEMALE","FEMALE","MALE","MALE","FEMALE","MALE","FEMALE","MALE","MALE","FEMALE","MALE","MALE"],"X_CALENDAR_YEAR":[2019,2019,2019,2019,2019,2019,2019,2019,2019,2019,2019,2019,2019],"Y_PREVALENCE_1000PP":[1.47956,1.85847,1.502,2.03735,3.04298,2.6475,2.98439,1.9509,1.16908,1.468,2.46305,1.17805,2.12684]},"PREVALENCE_BY_MONTH":{"X_CALENDAR_MONTH":[201901,201902,201903,201904,201905,201906,201907,201908,201909,201910,201911,201912],"Y_PREVALENCE_1000PP":[0.26,0.09,0.1,0.19,0.08,0.1,0.25,0.1,0.1,0.27,0.13,0.11]},"PROCEDURE_FREQUENCY_DISTRIBUTION":{"Y_NUM_PERSONS":0,"X_COUNT":1},"PROCEDURES_BY_TYPE":{"CONCEPT_NAME":"Claim","COUNT_VALUE":178},"AGE_AT_FIRST_OCCURRENCE":{"CATEGORY":["FEMALE","MALE"],"MIN_VALUE":[4,1],"P10_VALUE":[19,14],"P25_VALUE":[32,26],"MEDIAN_VALUE":[50,47],"P75_VALUE":[64,68],"P90_VALUE":[78,75],"MAX_VALUE":[94,99]}}
