{"PREVALENCE_BY_GENDER_AGE_YEAR":{"TRELLIS_NAME":["30-39","40-49","50-59","60-69","20-29","70-79","50-59","0-9","40-49","30-39","0-9","70-79","60-69"],"SERIES_NAME":["FEMALE","FEMALE","FEMALE","MALE","MALE","FEMALE","MALE","MALE","MALE","MALE","FEMALE","MALE","FEMALE"],"X_CALENDAR_YEAR":[2019,2019,2019,2019,2019,2019,2019,2019,2019,2019,2019,2019,2019],"Y_PREVALENCE_1000PP":[1.46318,1.14367,1.0142,1.16009,2.01952,1.66451,1.7616,1.78174,1.89975,1.35823,1.68421,2.09205,1.70197]},"PREVALENCE_BY_MONTH":{"X_CALENDAR_MONTH":[201901,201903,201904,201905,201906,201907,201909,201910,201912],"Y_PREVALENCE_1000PP":[0.25,0.07,0.19,0.09,0.06,0.21,0.09,0.32,0.08]},"PROCEDURE_FREQUENCY_DISTRIBUTION":{"Y_NUM_PERSONS":0,"X_COUNT":1},"PROCEDURES_BY_TYPE":{"CONCEPT_NAME":"Claim","COUNT_VALUE":145},"AGE_AT_FIRST_OCCURRENCE":{"CATEGORY":["MALE","FEMALE"],"MIN_VALUE":[0,1],"P10_VALUE":[12,9],"P25_VALUE":[28,26],"MEDIAN_VALUE":[46,47],"P75_VALUE":[68,68],"P90_VALUE":[77,76],"MAX_VALUE":[99,97]}}
