{"PREVALENCE_BY_GENDER_AGE_YEAR":{"TRELLIS_NAME":["50-59","40-49","0-9","20-29","60-69","0-9","50-59"],"SERIES_NAME":["MALE","FEMALE","FEMALE","FEMALE","FEMALE","MALE","FEMALE"],"X_CALENDAR_YEAR":[2019,2019,2019,2019,2019,2019,2019],"Y_PREVALENCE_1000PP":[1.3212,1.00071,1.68421,1.33511,1.32375,2.00445,1.88351]},"PREVALENCE_BY_MONTH":{"X_CALENDAR_MONTH":[201901,201904,201905,201907,201908,201910,201911],"Y_PREVALENCE_1000PP":[0.19,0.2,0.09,0.12,0.09,0.16,0.11]},"PROCEDURE_FREQUENCY_DISTRIBUTION":{"Y_NUM_PERSONS":0,"X_COUNT":1},"PROCEDURES_BY_TYPE":{"CONCEPT_NAME":"Claim","COUNT_VALUE":112},"AGE_AT_FIRST_OCCURRENCE":{"CATEGORY":["MALE","FEMALE"],"MIN_VALUE":[0,1],"P10_VALUE":[2,6],"P25_VALUE":[12,21],"MEDIAN_VALUE":[40,44],"P75_VALUE":[59,60],"P90_VALUE":[75,78],"MAX_VALUE":[96,93]}}
