{"PREVALENCE_BY_GENDER_AGE_YEAR":{"TRELLIS_NAME":["0-9","70-79","60-69","50-59","90-99","30-39","80-89","0-9","10-19","30-39","40-49","50-59","80-89","20-29","40-49","20-29","60-69","10-19","70-79","90-99"],"SERIES_NAME":["FEMALE","MALE","FEMALE","MALE","FEMALE","MALE","FEMALE","MALE","MALE","FEMALE","FEMALE","FEMALE","MALE","MALE","MALE","FEMALE","MALE","FEMALE","FEMALE","MALE"],"X_CALENDAR_YEAR":[2019,2019,2019,2019,2019,2019,2019,2019,2019,2019,2019,2019,2019,2019,2019,2019,2019,2019,2019,2019],"Y_PREVALENCE_1000PP":[30.73684,24.91442,31.58094,25.54316,26.65186,27.16469,29.41176,28.5078,26.8595,26.82491,28.30593,28.25268,28.71342,26.92696,26.01198,22.69693,25.90874,29.94536,30.14611,26.36103]},"PREVALENCE_BY_MONTH":{"X_CALENDAR_MONTH":[201901,201902,201903,201904,201905,201906,201907,201908,201909,201910,201911,201912],"Y_PREVALENCE_1000PP":[3.83,1.6,1.61,3.67,1.6,1.39,4.1,1.39,1.72,4.01,1.38,1.45]},"PROCEDURE_FREQUENCY_DISTRIBUTION":{"Y_NUM_PERSONS":[3,0],"X_COUNT":[1,2]},"PROCEDURES_BY_TYPE":{"CONCEPT_NAME":"Claim","COUNT_VALUE":2778},"AGE_AT_FIRST_OCCURRENCE":{"CATEGORY":["No matching concept","FEMALE","MALE"],"MIN_VALUE":[1,0,0],"P10_VALUE":[11,9,9],"P25_VALUE":[28,24,23],"MEDIAN_VALUE":[41,46,44],"P75_VALUE":[57,64,63],"P90_VALUE":[73,77,77],"MAX_VALUE":[95,99,99]}}
