{"PREVALENCE_BY_GENDER_AGE_YEAR":{"TRELLIS_NAME":["50-59","0-9","30-39","40-49","20-29"],"SERIES_NAME":["FEMALE","FEMALE","MALE","MALE","FEMALE"],"X_CALENDAR_YEAR":[2019,2019,2019,2019,2019],"Y_PREVALENCE_1000PP":[1.30397,1.47368,1.35823,1.31521,1.00134]},"PREVALENCE_BY_MONTH":{"X_CALENDAR_MONTH":[201901,201902,201903,201904,201905,201907,201908,201909,201911],"Y_PREVALENCE_1000PP":[0.1,0.07,0.08,0.08,0.13,0.06,0.06,0.09,0.06]},"PROCEDURE_FREQUENCY_DISTRIBUTION":{"Y_NUM_PERSONS":0,"X_COUNT":1},"PROCEDURES_BY_TYPE":{"CONCEPT_NAME":"Claim","COUNT_VALUE":84},"AGE_AT_FIRST_OCCURRENCE":{"CATEGORY":["MALE","FEMALE"],"MIN_VALUE":[0,2],"P10_VALUE":[5,8],"P25_VALUE":[28,19],"MEDIAN_VALUE":[40,44],"P75_VALUE":[56,55],"P90_VALUE":[66,68],"MAX_VALUE":[99,77]}}
