{"PREVALENCE_BY_GENDER_AGE_YEAR":{"TRELLIS_NAME":["20-29","30-39","50-59","30-39","70-79","0-9","60-69","70-79","50-59","80-89","60-69","40-49","20-29","40-49","10-19"],"SERIES_NAME":["MALE","FEMALE","MALE","MALE","MALE","FEMALE","MALE","FEMALE","FEMALE","FEMALE","FEMALE","FEMALE","FEMALE","MALE","FEMALE"],"X_CALENDAR_YEAR":[2019,2019,2019,2019,2019,2019,2019,2019,2019,2019,2019,2019,2019,2019,2019],"Y_PREVALENCE_1000PP":[1.34816,1.13969,1.61361,1.52517,1.51889,1.2621,1.53846,1.85322,1.30378,4.03458,1.71233,1.85582,1.83181,1.46263,1.53039]},"PREVALENCE_BY_MONTH":{"X_CALENDAR_MONTH":[201901,201902,201903,201904,201907,201908,201909,201910,201911,201912],"Y_PREVALENCE_1000PP":[0.23,0.06,0.11,0.26,0.19,0.1,0.08,0.21,0.07,0.11]},"PROCEDURE_FREQUENCY_DISTRIBUTION":{"Y_NUM_PERSONS":0,"X_COUNT":4},"PROCEDURES_BY_TYPE":{"CONCEPT_NAME":"Claim","COUNT_VALUE":600},"AGE_AT_FIRST_OCCURRENCE":{"CATEGORY":["FEMALE","MALE"],"MIN_VALUE":[1,1],"P10_VALUE":[13,17],"P25_VALUE":[25,32],"MEDIAN_VALUE":[46,49],"P75_VALUE":[68,66],"P90_VALUE":[81,77],"MAX_VALUE":[99,99]}}
