{"PREVALENCE_BY_GENDER_AGE_YEAR":{"TRELLIS_NAME":["40-49","20-29","20-29","10-19","80-89","40-49","90-99","70-79","60-69","50-59","60-69","0-9","10-19","0-9","50-59","70-79","80-89","30-39","30-39"],"SERIES_NAME":["FEMALE","MALE","FEMALE","FEMALE","FEMALE","MALE","MALE","FEMALE","MALE","FEMALE","FEMALE","FEMALE","MALE","MALE","MALE","MALE","MALE","MALE","FEMALE"],"X_CALENDAR_YEAR":[2019,2019,2019,2019,2019,2019,2019,2019,2019,2019,2019,2019,2019,2019,2019,2019,2019,2019,2019],"Y_PREVALENCE_1000PP":[4.42541,1.85372,5.16236,4.37254,4.61095,4.24163,3.9886,4.81838,4.42308,4.05621,4.94673,3.15524,4.12466,3.34374,3.6673,5.50598,6.62617,4.5755,4.07034]},"PREVALENCE_BY_MONTH":{"X_CALENDAR_MONTH":[201901,201902,201903,201904,201905,201906,201907,201908,201909,201910,201911,201912],"Y_PREVALENCE_1000PP":[0.61,0.17,0.21,0.54,0.31,0.29,0.6,0.17,0.26,0.57,0.24,0.18]},"PROCEDURE_FREQUENCY_DISTRIBUTION":{"Y_NUM_PERSONS":0,"X_COUNT":4},"PROCEDURES_BY_TYPE":{"CONCEPT_NAME":"Claim","COUNT_VALUE":1660},"AGE_AT_FIRST_OCCURRENCE":{"CATEGORY":["FEMALE","MALE"],"MIN_VALUE":[0,0],"P10_VALUE":[11,13],"P25_VALUE":[25,31],"MEDIAN_VALUE":[43,49],"P75_VALUE":[62,69],"P90_VALUE":[77,79],"MAX_VALUE":[99,99]}}
