{"PREVALENCE_BY_GENDER_AGE_YEAR":{"TRELLIS_NAME":["20-29","0-9","70-79","60-69","40-49","60-69","40-49","50-59","0-9","20-29","50-59","10-19","30-39","70-79"],"SERIES_NAME":["MALE","MALE","FEMALE","FEMALE","MALE","MALE","FEMALE","FEMALE","FEMALE","FEMALE","MALE","MALE","MALE","MALE"],"X_CALENDAR_YEAR":[2019,2019,2019,2019,2019,2019,2019,2019,2019,2019,2019,2019,2019,2019],"Y_PREVALENCE_1000PP":[1.17805,2.89532,1.10967,2.4584,1.16908,1.54679,1.14367,2.17328,1.68421,1.66889,1.468,2.06612,1.86757,1.90186]},"PREVALENCE_BY_MONTH":{"X_CALENDAR_MONTH":[201901,201902,201903,201904,201905,201906,201907,201908,201909,201910,201911,201912],"Y_PREVALENCE_1000PP":[0.09,0.1,0.15,0.21,0.15,0.11,0.09,0.14,0.13,0.11,0.18,0.16]},"PROCEDURE_FREQUENCY_DISTRIBUTION":{"Y_NUM_PERSONS":0,"X_COUNT":1},"PROCEDURES_BY_TYPE":{"CONCEPT_NAME":"Claim","COUNT_VALUE":162},"AGE_AT_FIRST_OCCURRENCE":{"CATEGORY":["MALE","FEMALE"],"MIN_VALUE":[0,0],"P10_VALUE":[4,9],"P25_VALUE":[17,27],"MEDIAN_VALUE":[42,51],"P75_VALUE":[66,65],"P90_VALUE":[78,79],"MAX_VALUE":[96,99]}}
