{"PREVALENCE_BY_GENDER_AGE_YEAR":{"TRELLIS_NAME":["50-59","40-49","20-29","0-9","20-29","30-39","30-39","50-59"],"SERIES_NAME":["MALE","MALE","FEMALE","FEMALE","MALE","FEMALE","MALE","FEMALE"],"X_CALENDAR_YEAR":[2019,2019,2019,2019,2019,2019,2019,2019],"Y_PREVALENCE_1000PP":[1.468,0.87681,1.33511,1.26316,1.51464,1.13803,1.69779,0.86931]},"PREVALENCE_BY_MONTH":{"X_CALENDAR_MONTH":[201901,201902,201903,201904,201905,201907,201909,201910],"Y_PREVALENCE_1000PP":[0.14,0.08,0.08,0.2,0.07,0.07,0.09,0.08]},"PROCEDURE_FREQUENCY_DISTRIBUTION":{"Y_NUM_PERSONS":0,"X_COUNT":1},"PROCEDURES_BY_TYPE":{"CONCEPT_NAME":"Claim","COUNT_VALUE":97},"AGE_AT_FIRST_OCCURRENCE":{"CATEGORY":["MALE","FEMALE"],"MIN_VALUE":[4,0],"P10_VALUE":[21,7],"P25_VALUE":[29,20],"MEDIAN_VALUE":[45,35],"P75_VALUE":[58,59],"P90_VALUE":[76,75],"MAX_VALUE":[99,96]}}
