{"PREVALENCE_BY_GENDER_AGE_YEAR":{"TRELLIS_NAME":["20-29","70-79","30-39","40-49","70-79","60-69","60-69","50-59","20-29","10-19","0-9"],"SERIES_NAME":["MALE","MALE","MALE","FEMALE","FEMALE","MALE","FEMALE","FEMALE","FEMALE","FEMALE","FEMALE"],"X_CALENDAR_YEAR":[2019,2019,2019,2019,2019,2019,2019,2019,2019,2019,2019],"Y_PREVALENCE_1000PP":[1.34635,1.52149,1.18846,1.71551,1.47956,1.16009,1.70197,1.15908,1.83578,1.74863,1.26316]},"PREVALENCE_BY_MONTH":{"X_CALENDAR_MONTH":[201901,201903,201904,201905,201907,201908,201909,201910,201911,201912],"Y_PREVALENCE_1000PP":[0.14,0.07,0.14,0.08,0.22,0.14,0.08,0.14,0.07,0.06]},"PROCEDURE_FREQUENCY_DISTRIBUTION":{"Y_NUM_PERSONS":0,"X_COUNT":1},"PROCEDURES_BY_TYPE":{"CONCEPT_NAME":"Claim","COUNT_VALUE":123},"AGE_AT_FIRST_OCCURRENCE":{"CATEGORY":["FEMALE","MALE"],"MIN_VALUE":[1,0],"P10_VALUE":[13,20],"P25_VALUE":[23,31],"MEDIAN_VALUE":[43,50],"P75_VALUE":[62,72],"P90_VALUE":[74,85],"MAX_VALUE":[97,94]}}
