{"PREVALENCE_BY_GENDER_AGE_YEAR":{"TRELLIS_NAME":["0-9","50-59","70-79","20-29","40-49","40-49","30-39"],"SERIES_NAME":["FEMALE","MALE","MALE","MALE","MALE","FEMALE","FEMALE"],"X_CALENDAR_YEAR":[2019,2019,2019,2019,2019,2019,2019],"Y_PREVALENCE_1000PP":[1.2621,0.88015,1.13917,1.51668,1.02384,1.57031,1.13969]},"PREVALENCE_BY_MONTH":{"X_CALENDAR_MONTH":[201901,201904,201906,201907,201909,201910,201911,201912],"Y_PREVALENCE_1000PP":[0.13,0.11,0.06,0.12,0.06,0.08,0.06,0.08]},"PROCEDURE_FREQUENCY_DISTRIBUTION":{"Y_NUM_PERSONS":0,"X_COUNT":4},"PROCEDURES_BY_TYPE":{"CONCEPT_NAME":"Claim","COUNT_VALUE":344},"AGE_AT_FIRST_OCCURRENCE":{"CATEGORY":["MALE","FEMALE"],"MIN_VALUE":[5,1],"P10_VALUE":[9,8],"P25_VALUE":[23,26],"MEDIAN_VALUE":[40,44],"P75_VALUE":[57,58],"P90_VALUE":[71,75],"MAX_VALUE":[78,87]}}
