{"PREVALENCE_BY_GENDER_AGE_YEAR":{"TRELLIS_NAME":["50-59","30-39","20-29","70-79","20-29","40-49","40-49"],"SERIES_NAME":["FEMALE","FEMALE","MALE","FEMALE","FEMALE","FEMALE","MALE"],"X_CALENDAR_YEAR":[2019,2019,2019,2019,2019,2019,2019],"Y_PREVALENCE_1000PP":[0.86931,0.97545,1.00976,1.10967,1.33511,1.00071,1.16908]},"PREVALENCE_BY_MONTH":{"X_CALENDAR_MONTH":[201901,201902,201903,201904,201906,201907,201908,201910,201911],"Y_PREVALENCE_1000PP":[0.1,0.07,0.06,0.12,0.08,0.09,0.08,0.09,0.07]},"PROCEDURE_FREQUENCY_DISTRIBUTION":{"Y_NUM_PERSONS":0,"X_COUNT":1},"PROCEDURES_BY_TYPE":{"CONCEPT_NAME":"Claim","COUNT_VALUE":89},"AGE_AT_FIRST_OCCURRENCE":{"CATEGORY":["FEMALE","MALE"],"MIN_VALUE":[0,5],"P10_VALUE":[7,13],"P25_VALUE":[21,23],"MEDIAN_VALUE":[37,45],"P75_VALUE":[54,60],"P90_VALUE":[74,76],"MAX_VALUE":[88,97]}}
