{"PREVALENCE_BY_GENDER_AGE_YEAR":{"TRELLIS_NAME":["30-39","40-49","0-9","50-59","70-79","50-59","10-19","0-9","90-99","30-39","40-49","60-69","70-79","60-69","10-19","20-29"],"SERIES_NAME":["FEMALE","FEMALE","MALE","MALE","FEMALE","FEMALE","MALE","FEMALE","MALE","MALE","MALE","MALE","MALE","FEMALE","FEMALE","FEMALE"],"X_CALENDAR_YEAR":[2019,2019,2019,2019,2019,2019,2019,2019,2019,2019,2019,2019,2019,2019,2019,2019],"Y_PREVALENCE_1000PP":[1.78833,2.00143,2.67261,1.9084,1.66451,1.44886,2.75482,1.68421,4.01146,1.35823,1.75362,2.32019,1.90186,1.70197,1.96721,2.00267]},"PREVALENCE_BY_MONTH":{"X_CALENDAR_MONTH":[201901,201902,201903,201904,201905,201906,201907,201908,201909,201910,201911,201912],"Y_PREVALENCE_1000PP":[0.17,0.19,0.11,0.18,0.12,0.13,0.2,0.13,0.16,0.12,0.14,0.19]},"PROCEDURE_FREQUENCY_DISTRIBUTION":{"Y_NUM_PERSONS":0,"X_COUNT":1},"PROCEDURES_BY_TYPE":{"CONCEPT_NAME":"Claim","COUNT_VALUE":184},"AGE_AT_FIRST_OCCURRENCE":{"CATEGORY":["MALE","FEMALE"],"MIN_VALUE":[0,2],"P10_VALUE":[8,10],"P25_VALUE":[19,22],"MEDIAN_VALUE":[49,43],"P75_VALUE":[67,61],"P90_VALUE":[84,76],"MAX_VALUE":[99,98]}}
