{"PREVALENCE_BY_GENDER_AGE_YEAR":{"TRELLIS_NAME":["50-59","90-99","30-39","40-49","20-29","30-39","40-49","70-79"],"SERIES_NAME":["MALE","MALE","FEMALE","MALE","MALE","MALE","FEMALE","FEMALE"],"X_CALENDAR_YEAR":[2019,2019,2019,2019,2019,2019,2019,2019],"Y_PREVALENCE_1000PP":[1.468,3.4384,1.3006,1.31521,1.17805,1.01868,0.85776,1.29462]},"PREVALENCE_BY_MONTH":{"X_CALENDAR_MONTH":[201901,201903,201904,201907,201908,201910,201911,201912],"Y_PREVALENCE_1000PP":[0.08,0.09,0.15,0.1,0.06,0.16,0.07,0.07]},"PROCEDURE_FREQUENCY_DISTRIBUTION":{"Y_NUM_PERSONS":0,"X_COUNT":1},"PROCEDURES_BY_TYPE":{"CONCEPT_NAME":"Claim","COUNT_VALUE":95},"AGE_AT_FIRST_OCCURRENCE":{"CATEGORY":["FEMALE","MALE"],"MIN_VALUE":[2,2],"P10_VALUE":[18,17],"P25_VALUE":[28,29],"MEDIAN_VALUE":[42,48],"P75_VALUE":[62,60],"P90_VALUE":[75,90],"MAX_VALUE":[95,98]}}
