{"PREVALENCE_BY_GENDER_AGE_YEAR":{"TRELLIS_NAME":["10-19","50-59","0-9","80-89","30-39","60-69","20-29","60-69","50-59","0-9","20-29","70-79","40-49","30-39","80-89","90-99","40-49","70-79","90-99","10-19"],"SERIES_NAME":["FEMALE","MALE","FEMALE","FEMALE","FEMALE","FEMALE","MALE","MALE","FEMALE","MALE","FEMALE","MALE","MALE","MALE","MALE","FEMALE","FEMALE","FEMALE","MALE","MALE"],"X_CALENDAR_YEAR":[2019,2019,2019,2019,2019,2019,2019,2019,2019,2019,2019,2019,2019,2019,2019,2019,2019,2019,2019,2019],"Y_PREVALENCE_1000PP":[25.79235,26.13036,24.21053,33.44867,24.71143,27.60968,29.28307,30.74246,28.97711,28.73051,29.53939,30.62001,25.57358,30.73005,37.54832,27.20711,28.44889,27.00203,32.66476,27.31864]},"PREVALENCE_BY_MONTH":{"X_CALENDAR_MONTH":[201901,201902,201903,201904,201905,201906,201907,201908,201909,201910,201911,201912],"Y_PREVALENCE_1000PP":[4,1.36,1.57,4.18,1.51,1.62,3.94,1.39,1.52,4.2,1.55,1.59]},"PROCEDURE_FREQUENCY_DISTRIBUTION":{"Y_NUM_PERSONS":[3,0],"X_COUNT":[1,2]},"PROCEDURES_BY_TYPE":{"CONCEPT_NAME":"Claim","COUNT_VALUE":2845},"AGE_AT_FIRST_OCCURRENCE":{"CATEGORY":["FEMALE","No matching concept","MALE"],"MIN_VALUE":[0,4,0],"P10_VALUE":[11,16,10],"P25_VALUE":[25,31,25],"MEDIAN_VALUE":[45,49,46],"P75_VALUE":[63,67,66],"P90_VALUE":[77,84,79],"MAX_VALUE":[99,99,99]}}
