{"PREVALENCE_BY_GENDER_AGE_YEAR":{"TRELLIS_NAME":["70-79","40-49","20-29","40-49","70-79","50-59","50-59","30-39","30-39","60-69"],"SERIES_NAME":["MALE","FEMALE","MALE","MALE","FEMALE","MALE","FEMALE","FEMALE","MALE","MALE"],"X_CALENDAR_YEAR":[2019,2019,2019,2019,2019,2019,2019,2019,2019,2019],"Y_PREVALENCE_1000PP":[1.3313,1.57255,1.00976,0.87681,2.0344,1.1744,1.15908,1.46318,1.69779,1.74014]},"PREVALENCE_BY_MONTH":{"X_CALENDAR_MONTH":[201901,201904,201905,201907,201908,201910,201912],"Y_PREVALENCE_1000PP":[0.18,0.17,0.08,0.16,0.11,0.13,0.07]},"PROCEDURE_FREQUENCY_DISTRIBUTION":{"Y_NUM_PERSONS":0,"X_COUNT":1},"PROCEDURES_BY_TYPE":{"CONCEPT_NAME":"Claim","COUNT_VALUE":110},"AGE_AT_FIRST_OCCURRENCE":{"CATEGORY":["MALE","FEMALE"],"MIN_VALUE":[2,1],"P10_VALUE":[20,18],"P25_VALUE":[31,33],"MEDIAN_VALUE":[52,46],"P75_VALUE":[65,73],"P90_VALUE":[77,78],"MAX_VALUE":[94,94]}}
