{"PREVALENCE_BY_GENDER_AGE_YEAR":{"TRELLIS_NAME":["80-89","90-99","30-39","20-29","30-39","0-9","40-49","90-99","60-69","80-89","50-59","60-69","0-9","10-19","20-29","70-79","10-19","40-49","70-79","50-59"],"SERIES_NAME":["FEMALE","FEMALE","MALE","FEMALE","FEMALE","MALE","MALE","MALE","MALE","MALE","FEMALE","FEMALE","FEMALE","FEMALE","MALE","FEMALE","MALE","FEMALE","MALE","MALE"],"X_CALENDAR_YEAR":[2019,2019,2019,2019,2019,2019,2019,2019,2019,2019,2019,2019,2019,2019,2019,2019,2019,2019,2019,2019],"Y_PREVALENCE_1000PP":[4.61361,11.66019,6.11205,7.84379,6.17786,6.90423,6.7222,8.59599,6.76721,7.73054,7.24428,7.18608,5.47368,6.12022,6.90003,6.1032,6.42792,5.14653,7.60746,6.16559]},"PREVALENCE_BY_MONTH":{"X_CALENDAR_MONTH":[201901,201902,201903,201904,201905,201906,201907,201908,201909,201910,201911,201912],"Y_PREVALENCE_1000PP":[0.8,0.42,0.4,0.97,0.4,0.24,0.97,0.33,0.4,1.12,0.32,0.32]},"PROCEDURE_FREQUENCY_DISTRIBUTION":{"Y_NUM_PERSONS":1,"X_COUNT":1},"PROCEDURES_BY_TYPE":{"CONCEPT_NAME":"Claim","COUNT_VALUE":669},"AGE_AT_FIRST_OCCURRENCE":{"CATEGORY":["MALE","No matching concept","FEMALE"],"MIN_VALUE":[0,1,0],"P10_VALUE":[11,10,13],"P25_VALUE":[26,28,25],"MEDIAN_VALUE":[45,40,45],"P75_VALUE":[67,46,66],"P90_VALUE":[79,54,78],"MAX_VALUE":[99,56,99]}}
