{"PREVALENCE_BY_GENDER_AGE_YEAR":{"TRELLIS_NAME":["10-19","0-9","90-99","60-69","40-49","20-29","40-49","30-39","30-39","0-9","20-29","70-79","50-59","80-89","10-19","70-79","50-59","80-89","90-99","60-69"],"SERIES_NAME":["MALE","FEMALE","FEMALE","MALE","FEMALE","MALE","MALE","MALE","FEMALE","MALE","FEMALE","FEMALE","MALE","MALE","FEMALE","MALE","FEMALE","FEMALE","MALE","FEMALE"],"X_CALENDAR_YEAR":[2019,2019,2019,2019,2019,2019,2019,2019,2019,2019,2019,2019,2019,2019,2019,2019,2019,2019,2019,2019],"Y_PREVALENCE_1000PP":[5.72869,4.20698,3.9019,4.42308,4.1399,5.05561,3.65657,4.06711,4.23315,5.12706,4.1632,3.89177,3.37392,4.41745,3.49803,3.22764,4.05621,5.76369,4.5584,3.2344]},"PREVALENCE_BY_MONTH":{"X_CALENDAR_MONTH":[201901,201902,201903,201904,201905,201906,201907,201908,201909,201910,201911,201912],"Y_PREVALENCE_1000PP":[0.78,0.14,0.18,0.66,0.18,0.12,0.58,0.17,0.17,0.58,0.26,0.29]},"PROCEDURE_FREQUENCY_DISTRIBUTION":{"Y_NUM_PERSONS":0,"X_COUNT":4},"PROCEDURES_BY_TYPE":{"CONCEPT_NAME":"Claim","COUNT_VALUE":1644},"AGE_AT_FIRST_OCCURRENCE":{"CATEGORY":["FEMALE","MALE","No matching concept"],"MIN_VALUE":[0,0,4],"P10_VALUE":[9,9,4],"P25_VALUE":[24,22,28],"MEDIAN_VALUE":[44,40,30],"P75_VALUE":[63,61,57],"P90_VALUE":[79,76,84],"MAX_VALUE":[99,99,84]}}
