{"PREVALENCE_BY_GENDER_AGE_YEAR":{"TRELLIS_NAME":["40-49","50-59","50-59","70-79","30-39","40-49","70-79","20-29","20-29","30-39","0-9","60-69","10-19","0-9"],"SERIES_NAME":["FEMALE","FEMALE","MALE","MALE","FEMALE","MALE","FEMALE","FEMALE","MALE","MALE","FEMALE","MALE","FEMALE","MALE"],"X_CALENDAR_YEAR":[2019,2019,2019,2019,2019,2019,2019,2019,2019,2019,2019,2019,2019,2019],"Y_PREVALENCE_1000PP":[1.42959,1.88351,1.6148,2.28224,1.9509,2.04589,1.10967,1.00134,1.00976,1.52801,1.68421,1.93349,1.74863,2.44989]},"PREVALENCE_BY_MONTH":{"X_CALENDAR_MONTH":[201901,201902,201903,201904,201905,201906,201907,201908,201909,201910,201911,201912],"Y_PREVALENCE_1000PP":[0.29,0.08,0.1,0.17,0.13,0.07,0.26,0.08,0.1,0.13,0.08,0.13]},"PROCEDURE_FREQUENCY_DISTRIBUTION":{"Y_NUM_PERSONS":0,"X_COUNT":1},"PROCEDURES_BY_TYPE":{"CONCEPT_NAME":"Claim","COUNT_VALUE":162},"AGE_AT_FIRST_OCCURRENCE":{"CATEGORY":["FEMALE","MALE"],"MIN_VALUE":[4,0],"P10_VALUE":[9,7],"P25_VALUE":[25,29],"MEDIAN_VALUE":[44,47],"P75_VALUE":[59,65],"P90_VALUE":[77,79],"MAX_VALUE":[96,94]}}
