{"PREVALENCE_BY_GENDER_AGE_YEAR":{"TRELLIS_NAME":["20-29","40-49","40-49","30-39","0-9","10-19","30-39","60-69","20-29","10-19","70-79","50-59","50-59","60-69","70-79"],"SERIES_NAME":["MALE","MALE","FEMALE","FEMALE","FEMALE","FEMALE","MALE","FEMALE","FEMALE","MALE","FEMALE","FEMALE","MALE","MALE","MALE"],"X_CALENDAR_YEAR":[2019,2019,2019,2019,2019,2019,2019,2019,2019,2019,2019,2019,2019,2019,2019],"Y_PREVALENCE_1000PP":[2.35929,2.63273,1.99857,1.95376,2.52419,1.96764,1.69463,2.66362,2.49792,3.20807,1.85322,1.88324,2.34707,2.11538,2.65806]},"PREVALENCE_BY_MONTH":{"X_CALENDAR_MONTH":[201901,201902,201903,201904,201905,201906,201907,201908,201909,201910,201911,201912],"Y_PREVALENCE_1000PP":[0.35,0.11,0.13,0.37,0.13,0.15,0.25,0.16,0.15,0.24,0.07,0.1]},"PROCEDURE_FREQUENCY_DISTRIBUTION":{"Y_NUM_PERSONS":0,"X_COUNT":4},"PROCEDURES_BY_TYPE":{"CONCEPT_NAME":"Claim","COUNT_VALUE":884},"AGE_AT_FIRST_OCCURRENCE":{"CATEGORY":["No matching concept","MALE","FEMALE"],"MIN_VALUE":[0,0,0],"P10_VALUE":[0,13,7],"P25_VALUE":[16,26,22],"MEDIAN_VALUE":[36,46,43],"P75_VALUE":[67,64,63],"P90_VALUE":[82,78,76],"MAX_VALUE":[82,96,97]}}
