{"PREVALENCE_BY_GENDER_AGE_YEAR":{"TRELLIS_NAME":["80-89","60-69","20-29","80-89","10-19","30-39","90-99","90-99","40-49","0-9","70-79","40-49","50-59","20-29","0-9","70-79","60-69","50-59","10-19","30-39"],"SERIES_NAME":["MALE","MALE","MALE","FEMALE","FEMALE","FEMALE","FEMALE","MALE","FEMALE","FEMALE","MALE","MALE","FEMALE","FEMALE","MALE","FEMALE","FEMALE","MALE","MALE","MALE"],"X_CALENDAR_YEAR":[2019,2019,2019,2019,2019,2019,2019,2019,2019,2019,2019,2019,2019,2019,2019,2019,2019,2019,2019,2019],"Y_PREVALENCE_1000PP":[6.62617,8.12065,8.41468,8.07382,7.65027,8.45391,10.54969,10.88825,7.29092,9.89474,9.31913,9.64489,9.9971,8.84513,7.7951,8.1376,11.34644,10.86318,8.26446,10.18676]},"PREVALENCE_BY_MONTH":{"X_CALENDAR_MONTH":[201901,201902,201903,201904,201905,201906,201907,201908,201909,201910,201911,201912],"Y_PREVALENCE_1000PP":[1.41,0.47,0.5,1.03,0.62,0.56,1.24,0.32,0.64,1.26,0.48,0.51]},"PROCEDURE_FREQUENCY_DISTRIBUTION":{"Y_NUM_PERSONS":1,"X_COUNT":1},"PROCEDURES_BY_TYPE":{"CONCEPT_NAME":"Claim","COUNT_VALUE":905},"AGE_AT_FIRST_OCCURRENCE":{"CATEGORY":["No matching concept","FEMALE","MALE"],"MIN_VALUE":[5,0,0],"P10_VALUE":[12,9,13],"P25_VALUE":[27,24,27],"MEDIAN_VALUE":[43,46,47],"P75_VALUE":[67,64,63],"P90_VALUE":[94,76,76],"MAX_VALUE":[99,99,99]}}
