{"PREVALENCE_BY_GENDER_AGE_YEAR":{"TRELLIS_NAME":["60-69","60-69","90-99","80-89","10-19","70-79","50-59","80-89","10-19","40-49","30-39","0-9","90-99","20-29","50-59","70-79","40-49","20-29","30-39","0-9"],"SERIES_NAME":["FEMALE","MALE","FEMALE","MALE","FEMALE","FEMALE","FEMALE","FEMALE","MALE","FEMALE","FEMALE","FEMALE","MALE","MALE","MALE","MALE","MALE","FEMALE","MALE","MALE"],"X_CALENDAR_YEAR":[2019,2019,2019,2019,2019,2019,2019,2019,2019,2019,2019,2019,2019,2019,2019,2019,2019,2019,2019,2019],"Y_PREVALENCE_1000PP":[35.93041,30.93581,34.42532,25.40033,38.68852,44.01701,36.0765,38.63899,36.50138,34.59614,35.27882,32.63158,39.54155,37.19286,36.84674,36.51579,38.2873,37.0494,37.35144,37.41648]},"PREVALENCE_BY_MONTH":{"X_CALENDAR_MONTH":[201901,201902,201903,201904,201905,201906,201907,201908,201909,201910,201911,201912],"Y_PREVALENCE_1000PP":[5.39,1.62,1.95,5.2,2.1,1.73,5.53,2.09,1.94,5.4,2.18,2.03]},"PROCEDURE_FREQUENCY_DISTRIBUTION":{"Y_NUM_PERSONS":[4,0],"X_COUNT":[1,2]},"PROCEDURES_BY_TYPE":{"CONCEPT_NAME":"Claim","COUNT_VALUE":3724},"AGE_AT_FIRST_OCCURRENCE":{"CATEGORY":["No matching concept","FEMALE","MALE"],"MIN_VALUE":[0,0,0],"P10_VALUE":[9,11,10],"P25_VALUE":[25,25,24],"MEDIAN_VALUE":[42,45,43],"P75_VALUE":[56,66,61],"P90_VALUE":[71,77,77],"MAX_VALUE":[98,99,99]}}
