{"PREVALENCE_BY_GENDER_AGE_YEAR":{"TRELLIS_NAME":["0-9","90-99","80-89","10-19","50-59","90-99","60-69","40-49","80-89","20-29","70-79","40-49","30-39","60-69","70-79","50-59","0-9","20-29","10-19","30-39"],"SERIES_NAME":["FEMALE","MALE","FEMALE","FEMALE","FEMALE","FEMALE","MALE","MALE","MALE","FEMALE","FEMALE","FEMALE","MALE","FEMALE","MALE","MALE","MALE","MALE","MALE","FEMALE"],"X_CALENDAR_YEAR":[2019,2019,2019,2019,2019,2019,2019,2019,2019,2019,2019,2019,2019,2019,2019,2019,2019,2019,2019,2019],"Y_PREVALENCE_1000PP":[9.26316,8.02292,9.80392,3.93443,6.95451,6.10772,3.86698,7.1606,11.04362,6.34179,7.02793,6.29021,7.13073,7.5643,9.50932,8.51439,6.23608,7.06833,6.88705,5.03983]},"PREVALENCE_BY_MONTH":{"X_CALENDAR_MONTH":[201901,201902,201903,201904,201905,201906,201907,201908,201909,201910,201911,201912],"Y_PREVALENCE_1000PP":[0.87,0.52,0.36,0.72,0.42,0.6,0.75,0.46,0.46,0.8,0.51,0.52]},"PROCEDURE_FREQUENCY_DISTRIBUTION":{"Y_NUM_PERSONS":1,"X_COUNT":1},"PROCEDURES_BY_TYPE":{"CONCEPT_NAME":"Claim","COUNT_VALUE":699},"AGE_AT_FIRST_OCCURRENCE":{"CATEGORY":["MALE","No matching concept","FEMALE"],"MIN_VALUE":[0,17,0],"P10_VALUE":[11,33,8],"P25_VALUE":[28,36,25],"MEDIAN_VALUE":[47,50,47],"P75_VALUE":[65,61,65],"P90_VALUE":[79,92,77],"MAX_VALUE":[99,94,98]}}
