{"PREVALENCE_BY_GENDER_AGE_YEAR":{"TRELLIS_NAME":["80-89","80-89","40-49","20-29","50-59","40-49","60-69","10-19","20-29","70-79","10-19","30-39","90-99","50-59","90-99","0-9","30-39","70-79","60-69","0-9"],"SERIES_NAME":["FEMALE","MALE","MALE","FEMALE","FEMALE","FEMALE","FEMALE","FEMALE","MALE","MALE","MALE","MALE","FEMALE","MALE","MALE","FEMALE","FEMALE","FEMALE","MALE","MALE"],"X_CALENDAR_YEAR":[2019,2019,2019,2019,2019,2019,2019,2019,2019,2019,2019,2019,2019,2019,2019,2019,2019,2019,2019,2019],"Y_PREVALENCE_1000PP":[35.1585,25.95251,27.35118,29.47544,27.66913,24.69665,32.34399,27.32838,26.4577,26.01101,31.39322,29.48653,26.75585,29.77849,27.35043,31.76273,28.65516,26.87176,26.34615,31.43112]},"PREVALENCE_BY_MONTH":{"X_CALENDAR_MONTH":[201901,201902,201903,201904,201905,201906,201907,201908,201909,201910,201911,201912],"Y_PREVALENCE_1000PP":[3.71,1.54,1.78,3.94,1.94,1.85,3.65,1.67,1.6,3.63,1.88,1.75]},"PROCEDURE_FREQUENCY_DISTRIBUTION":{"Y_NUM_PERSONS":[3,0],"X_COUNT":[4,8]},"PROCEDURES_BY_TYPE":{"CONCEPT_NAME":"Claim","COUNT_VALUE":11596},"AGE_AT_FIRST_OCCURRENCE":{"CATEGORY":["MALE","FEMALE","No matching concept"],"MIN_VALUE":[0,0,3],"P10_VALUE":[9,9,11],"P25_VALUE":[24,25,31],"MEDIAN_VALUE":[44,44,44],"P75_VALUE":[61,64,68],"P90_VALUE":[77,77,78],"MAX_VALUE":[99,99,99]}}
