{"PREVALENCE_BY_GENDER_AGE_YEAR":{"TRELLIS_NAME":["90-99","70-79","80-89","10-19","30-39","60-69","0-9","70-79","30-39","40-49","60-69","20-29","50-59","40-49","10-19","50-59","0-9","20-29"],"SERIES_NAME":["FEMALE","FEMALE","MALE","MALE","MALE","MALE","MALE","MALE","FEMALE","MALE","FEMALE","MALE","MALE","FEMALE","FEMALE","FEMALE","FEMALE","FEMALE"],"X_CALENDAR_YEAR":[2019,2019,2019,2019,2019,2019,2019,2019,2019,2019,2019,2019,2019,2019,2019,2019,2019,2019],"Y_PREVALENCE_1000PP":[3.33148,3.32902,3.31309,2.29568,2.54669,4.06032,4.45434,3.04298,3.08893,3.21496,4.53858,2.35611,4.69759,3.57398,2.84153,3.62214,3.36842,2.67023]},"PREVALENCE_BY_MONTH":{"X_CALENDAR_MONTH":[201901,201902,201903,201904,201905,201906,201907,201908,201909,201910,201911,201912],"Y_PREVALENCE_1000PP":[0.47,0.18,0.21,0.35,0.23,0.09,0.48,0.17,0.13,0.69,0.23,0.14]},"PROCEDURE_FREQUENCY_DISTRIBUTION":{"Y_NUM_PERSONS":0,"X_COUNT":1},"PROCEDURES_BY_TYPE":{"CONCEPT_NAME":"Claim","COUNT_VALUE":337},"AGE_AT_FIRST_OCCURRENCE":{"CATEGORY":["No matching concept","FEMALE","MALE"],"MIN_VALUE":[2,0,0],"P10_VALUE":[2,11,8],"P25_VALUE":[37,28,28],"MEDIAN_VALUE":[59,46,48],"P75_VALUE":[86,62,63],"P90_VALUE":[90,75,74],"MAX_VALUE":[91,98,99]}}
