{"PREVALENCE_BY_GENDER_AGE_YEAR":{"TRELLIS_NAME":["80-89","40-49","20-29","60-69","50-59","50-59","60-69","40-49","0-9","30-39","70-79","0-9","70-79","20-29"],"SERIES_NAME":["FEMALE","MALE","MALE","MALE","MALE","FEMALE","FEMALE","FEMALE","FEMALE","FEMALE","MALE","MALE","FEMALE","FEMALE"],"X_CALENDAR_YEAR":[2019,2019,2019,2019,2019,2019,2019,2019,2019,2019,2019,2019,2019,2019],"Y_PREVALENCE_1000PP":[3.46021,2.04589,1.17805,1.16009,1.3212,2.46305,2.08018,2.14439,2.31579,1.46318,1.3313,1.55902,2.21935,1.33511]},"PREVALENCE_BY_MONTH":{"X_CALENDAR_MONTH":[201901,201902,201903,201904,201905,201906,201907,201908,201909,201910,201912],"Y_PREVALENCE_1000PP":[0.24,0.07,0.12,0.3,0.11,0.08,0.27,0.12,0.08,0.16,0.08]},"PROCEDURE_FREQUENCY_DISTRIBUTION":{"Y_NUM_PERSONS":0,"X_COUNT":1},"PROCEDURES_BY_TYPE":{"CONCEPT_NAME":"Claim","COUNT_VALUE":167},"AGE_AT_FIRST_OCCURRENCE":{"CATEGORY":["No matching concept","MALE","FEMALE"],"MIN_VALUE":[12,1,0],"P10_VALUE":[12,9,8],"P25_VALUE":[14,28,30],"MEDIAN_VALUE":[20,47,50],"P75_VALUE":[80,65,67],"P90_VALUE":[81,81,78],"MAX_VALUE":[81,98,99]}}
