{"PREVALENCE_BY_GENDER_AGE_YEAR":{"TRELLIS_NAME":["50-59","40-49","50-59","20-29","70-79","30-39","60-69","20-29","40-49","60-69","30-39","0-9"],"SERIES_NAME":["MALE","MALE","FEMALE","MALE","MALE","MALE","FEMALE","FEMALE","FEMALE","MALE","FEMALE","MALE"],"X_CALENDAR_YEAR":[2019,2019,2019,2019,2019,2019,2019,2019,2019,2019,2019,2019],"Y_PREVALENCE_1000PP":[1.7616,1.60748,1.44886,1.68294,1.3313,2.20713,1.51286,1.00134,1.14367,1.35344,1.62575,1.3363]},"PREVALENCE_BY_MONTH":{"X_CALENDAR_MONTH":[201901,201902,201904,201905,201907,201908,201910,201912],"Y_PREVALENCE_1000PP":[0.19,0.09,0.17,0.11,0.21,0.08,0.23,0.08]},"PROCEDURE_FREQUENCY_DISTRIBUTION":{"Y_NUM_PERSONS":0,"X_COUNT":1},"PROCEDURES_BY_TYPE":{"CONCEPT_NAME":"Claim","COUNT_VALUE":130},"AGE_AT_FIRST_OCCURRENCE":{"CATEGORY":["MALE","FEMALE"],"MIN_VALUE":[1,1],"P10_VALUE":[14,10],"P25_VALUE":[27,29],"MEDIAN_VALUE":[42,44],"P75_VALUE":[62,57],"P90_VALUE":[79,66],"MAX_VALUE":[99,79]}}
