{"PREVALENCE_BY_GENDER_AGE_YEAR":{"TRELLIS_NAME":["10-19","70-79","60-69","20-29","0-9","60-69","50-59","0-9","30-39","30-39","40-49","50-59","20-29"],"SERIES_NAME":["MALE","FEMALE","FEMALE","MALE","MALE","MALE","FEMALE","FEMALE","MALE","FEMALE","MALE","MALE","FEMALE"],"X_CALENDAR_YEAR":[2019,2019,2019,2019,2019,2019,2019,2019,2019,2019,2019,2019,2019],"Y_PREVALENCE_1000PP":[1.37741,1.66451,1.70197,1.17805,1.55902,1.35344,1.30397,1.47368,1.18846,2.27605,1.02294,1.3212,1.16822]},"PREVALENCE_BY_MONTH":{"X_CALENDAR_MONTH":[201901,201902,201903,201904,201905,201906,201907,201910,201911],"Y_PREVALENCE_1000PP":[0.14,0.1,0.06,0.25,0.1,0.09,0.22,0.15,0.06]},"PROCEDURE_FREQUENCY_DISTRIBUTION":{"Y_NUM_PERSONS":0,"X_COUNT":1},"PROCEDURES_BY_TYPE":{"CONCEPT_NAME":"Claim","COUNT_VALUE":125},"AGE_AT_FIRST_OCCURRENCE":{"CATEGORY":["FEMALE","MALE"],"MIN_VALUE":[1,2],"P10_VALUE":[9,7],"P25_VALUE":[26,24],"MEDIAN_VALUE":[44,40],"P75_VALUE":[64,58],"P90_VALUE":[77,74],"MAX_VALUE":[91,94]}}
