{"PREVALENCE_BY_GENDER_AGE_YEAR":{"TRELLIS_NAME":["60-69","30-39","50-59","10-19","30-39","40-49","70-79","40-49","20-29"],"SERIES_NAME":["FEMALE","FEMALE","FEMALE","MALE","MALE","MALE","MALE","FEMALE","MALE"],"X_CALENDAR_YEAR":[2019,2019,2019,2019,2019,2019,2019,2019,2019],"Y_PREVALENCE_1000PP":[1.52207,1.30251,1.01405,1.37489,1.01678,1.1701,1.32903,0.85653,1.51668]},"PREVALENCE_BY_MONTH":{"X_CALENDAR_MONTH":[201901,201904,201907,201908,201909,201910],"Y_PREVALENCE_1000PP":[0.14,0.2,0.2,0.06,0.1,0.15]},"PROCEDURE_FREQUENCY_DISTRIBUTION":{"Y_NUM_PERSONS":0,"X_COUNT":4},"PROCEDURES_BY_TYPE":{"CONCEPT_NAME":"Claim","COUNT_VALUE":432},"AGE_AT_FIRST_OCCURRENCE":{"CATEGORY":["FEMALE","MALE"],"MIN_VALUE":[1,1],"P10_VALUE":[15,12],"P25_VALUE":[31,23],"MEDIAN_VALUE":[49,42],"P75_VALUE":[65,67],"P90_VALUE":[79,87],"MAX_VALUE":[98,95]}}
