{"PREVALENCE_BY_GENDER_AGE_YEAR":{"TRELLIS_NAME":["20-29","70-79","60-69","60-69","40-49","0-9","10-19","30-39","50-59","20-29","30-39","90-99","70-79","80-89","10-19","80-89","90-99","40-49","0-9","50-59"],"SERIES_NAME":["MALE","MALE","FEMALE","MALE","MALE","FEMALE","FEMALE","MALE","FEMALE","FEMALE","FEMALE","FEMALE","FEMALE","MALE","MALE","FEMALE","MALE","FEMALE","MALE","MALE"],"X_CALENDAR_YEAR":[2019,2019,2019,2019,2019,2019,2019,2019,2019,2019,2019,2019,2019,2019,2019,2019,2019,2019,2019,2019],"Y_PREVALENCE_1000PP":[29.28307,34.23355,34.60666,35.57618,35.80301,35.15789,34.7541,35.31409,36.94581,33.8785,38.53032,28.87285,29.96116,31.47432,37.19008,36.33218,41.26074,37.31237,28.28508,33.17675]},"PREVALENCE_BY_MONTH":{"X_CALENDAR_MONTH":[201901,201902,201903,201904,201905,201906,201907,201908,201909,201910,201911,201912],"Y_PREVALENCE_1000PP":[4.91,1.7,1.79,5.03,1.96,1.92,4.85,2.17,1.79,4.96,1.96,2.03]},"PROCEDURE_FREQUENCY_DISTRIBUTION":{"Y_NUM_PERSONS":[3,0],"X_COUNT":[1,2]},"PROCEDURES_BY_TYPE":{"CONCEPT_NAME":"Claim","COUNT_VALUE":3514},"AGE_AT_FIRST_OCCURRENCE":{"CATEGORY":["FEMALE","No matching concept","MALE"],"MIN_VALUE":[0,0,0],"P10_VALUE":[10,7,12],"P25_VALUE":[26,18,27],"MEDIAN_VALUE":[43,43,45],"P75_VALUE":[61,56,64],"P90_VALUE":[76,70,78],"MAX_VALUE":[99,98,99]}}
