{"PREVALENCE_BY_GENDER_AGE_YEAR":{"TRELLIS_NAME":["0-9","90-99","10-19","60-69","50-59","10-19","70-79","60-69","20-29","80-89","50-59","30-39","40-49","40-49","70-79","20-29","80-89","0-9","30-39"],"SERIES_NAME":["FEMALE","MALE","MALE","MALE","MALE","FEMALE","MALE","FEMALE","MALE","MALE","FEMALE","FEMALE","FEMALE","MALE","FEMALE","FEMALE","FEMALE","MALE","MALE"],"X_CALENDAR_YEAR":[2019,2019,2019,2019,2019,2019,2019,2019,2019,2019,2019,2019,2019,2019,2019,2019,2019,2019,2019],"Y_PREVALENCE_1000PP":[3.15789,4.01146,3.90266,2.70688,1.6148,3.49727,2.47242,2.83661,2.5244,3.31309,2.17328,3.08893,2.28735,2.63043,2.58924,1.502,3.46021,3.34076,2.88625]},"PREVALENCE_BY_MONTH":{"X_CALENDAR_MONTH":[201901,201902,201903,201904,201905,201906,201907,201908,201910,201911,201912],"Y_PREVALENCE_1000PP":[0.41,0.13,0.16,0.3,0.17,0.12,0.39,0.19,0.4,0.13,0.21]},"PROCEDURE_FREQUENCY_DISTRIBUTION":{"Y_NUM_PERSONS":0,"X_COUNT":1},"PROCEDURES_BY_TYPE":{"CONCEPT_NAME":"Claim","COUNT_VALUE":265},"AGE_AT_FIRST_OCCURRENCE":{"CATEGORY":["FEMALE","MALE"],"MIN_VALUE":[0,0],"P10_VALUE":[8,8],"P25_VALUE":[20,20],"MEDIAN_VALUE":[43,40],"P75_VALUE":[62,63],"P90_VALUE":[76,79],"MAX_VALUE":[98,97]}}
