{"PREVALENCE_BY_GENDER_AGE_YEAR":{"TRELLIS_NAME":["20-29","70-79","40-49","0-9","50-59","20-29","10-19","30-39","70-79","80-89","60-69","40-49","30-39","60-69","0-9","50-59","90-99","80-89","90-99","10-19"],"SERIES_NAME":["FEMALE","FEMALE","FEMALE","MALE","MALE","MALE","MALE","MALE","MALE","FEMALE","MALE","MALE","FEMALE","FEMALE","FEMALE","FEMALE","MALE","MALE","FEMALE","FEMALE"],"X_CALENDAR_YEAR":[2019,2019,2019,2019,2019,2019,2019,2019,2019,2019,2019,2019,2019,2019,2019,2019,2019,2019,2019,2019],"Y_PREVALENCE_1000PP":[55.45379,66.71609,62.38401,53.49978,59.99707,61.00438,60.26581,60.66768,57.33814,62.82421,63.26923,59.38277,61.70628,62.78539,58.47707,62.43662,48.43305,65.15737,60.20067,58.81067]},"PREVALENCE_BY_MONTH":{"X_CALENDAR_MONTH":[201901,201902,201903,201904,201905,201906,201907,201908,201909,201910,201911,201912],"Y_PREVALENCE_1000PP":[8.44,3.21,3.3,8.76,3.05,3.42,9.13,3.42,3.26,8.99,3.54,3.21]},"PROCEDURE_FREQUENCY_DISTRIBUTION":{"Y_NUM_PERSONS":[6,0],"X_COUNT":[4,8]},"PROCEDURES_BY_TYPE":{"CONCEPT_NAME":"Claim","COUNT_VALUE":24772},"AGE_AT_FIRST_OCCURRENCE":{"CATEGORY":["No matching concept","MALE","FEMALE"],"MIN_VALUE":[0,0,0],"P10_VALUE":[9,11,11],"P25_VALUE":[26,25,26],"MEDIAN_VALUE":[44,44,46],"P75_VALUE":[66,63,64],"P90_VALUE":[77,76,77],"MAX_VALUE":[97,99,99]}}
