{"PREVALENCE_BY_GENDER_AGE_YEAR":{"TRELLIS_NAME":["60-69","30-39","0-9","70-79","10-19","30-39","70-79","40-49","40-49","50-59","20-29","50-59","0-9","20-29"],"SERIES_NAME":["MALE","MALE","MALE","MALE","FEMALE","FEMALE","FEMALE","MALE","FEMALE","MALE","FEMALE","FEMALE","FEMALE","MALE"],"X_CALENDAR_YEAR":[2019,2019,2019,2019,2019,2019,2019,2019,2019,2019,2019,2019,2019,2019],"Y_PREVALENCE_1000PP":[1.16009,2.20713,2.44989,1.14112,1.53005,1.13803,1.10967,1.75362,1.00071,1.1744,1.33511,1.0142,2.10526,1.00976]},"PREVALENCE_BY_MONTH":{"X_CALENDAR_MONTH":[201901,201902,201903,201904,201905,201906,201907,201908,201909,201911,201912],"Y_PREVALENCE_1000PP":[0.12,0.14,0.11,0.08,0.15,0.08,0.18,0.16,0.09,0.07,0.13]},"PROCEDURE_FREQUENCY_DISTRIBUTION":{"Y_NUM_PERSONS":0,"X_COUNT":1},"PROCEDURES_BY_TYPE":{"CONCEPT_NAME":"Claim","COUNT_VALUE":136},"AGE_AT_FIRST_OCCURRENCE":{"CATEGORY":["MALE","FEMALE"],"MIN_VALUE":[1,0],"P10_VALUE":[5,5],"P25_VALUE":[26,16],"MEDIAN_VALUE":[41,34],"P75_VALUE":[61,56],"P90_VALUE":[75,73],"MAX_VALUE":[93,93]}}
