{"PREVALENCE_BY_GENDER_AGE_YEAR":{"TRELLIS_NAME":["30-39","10-19","80-89","80-89","60-69","10-19","70-79","0-9","50-59","90-99","60-69","0-9","30-39","70-79","90-99","50-59","40-49","20-29","20-29","40-49"],"SERIES_NAME":["MALE","MALE","MALE","FEMALE","FEMALE","FEMALE","MALE","FEMALE","MALE","FEMALE","MALE","MALE","FEMALE","FEMALE","MALE","FEMALE","MALE","FEMALE","MALE","FEMALE"],"X_CALENDAR_YEAR":[2019,2019,2019,2019,2019,2019,2019,2019,2019,2019,2019,2019,2019,2019,2019,2019,2019,2019,2019,2019],"Y_PREVALENCE_1000PP":[7.79529,8.93676,10.49144,9.79827,8.18113,8.96371,11.01196,7.36222,10.12175,6.68896,9.23077,7.57914,8.30348,8.15419,9.11681,9.85079,8.77578,8.65945,11.12235,8.56531]},"PREVALENCE_BY_MONTH":{"X_CALENDAR_MONTH":[201901,201902,201903,201904,201905,201906,201907,201908,201909,201910,201911,201912],"Y_PREVALENCE_1000PP":[1.18,0.52,0.52,1.33,0.39,0.43,1.33,0.61,0.52,1.26,0.4,0.48]},"PROCEDURE_FREQUENCY_DISTRIBUTION":{"Y_NUM_PERSONS":1,"X_COUNT":4},"PROCEDURES_BY_TYPE":{"CONCEPT_NAME":"Claim","COUNT_VALUE":3588},"AGE_AT_FIRST_OCCURRENCE":{"CATEGORY":["FEMALE","No matching concept","MALE"],"MIN_VALUE":[0,13,0],"P10_VALUE":[11,23,14],"P25_VALUE":[26,36,25],"MEDIAN_VALUE":[46,43,46],"P75_VALUE":[62,62,64],"P90_VALUE":[77,84,77],"MAX_VALUE":[99,98,99]}}
