{"PREVALENCE_BY_GENDER_AGE_YEAR":{"TRELLIS_NAME":["0-9","70-79","40-49","0-9","50-59","40-49","30-39","50-59","60-69","30-39","20-29","60-69","70-79","20-29"],"SERIES_NAME":["MALE","FEMALE","FEMALE","FEMALE","MALE","MALE","FEMALE","FEMALE","MALE","MALE","FEMALE","FEMALE","MALE","MALE"],"X_CALENDAR_YEAR":[2019,2019,2019,2019,2019,2019,2019,2019,2019,2019,2019,2019,2019,2019],"Y_PREVALENCE_1000PP":[1.78174,1.84945,1.00071,1.68421,1.1744,1.75362,1.3006,2.0284,2.70688,2.03735,1.33511,2.08018,2.28224,3.02928]},"PREVALENCE_BY_MONTH":{"X_CALENDAR_MONTH":[201901,201902,201903,201904,201905,201906,201907,201908,201909,201910,201911,201912],"Y_PREVALENCE_1000PP":[0.17,0.09,0.12,0.18,0.12,0.09,0.3,0.07,0.07,0.36,0.08,0.07]},"PROCEDURE_FREQUENCY_DISTRIBUTION":{"Y_NUM_PERSONS":0,"X_COUNT":1},"PROCEDURES_BY_TYPE":{"CONCEPT_NAME":"Claim","COUNT_VALUE":172},"AGE_AT_FIRST_OCCURRENCE":{"CATEGORY":["FEMALE","MALE"],"MIN_VALUE":[0,0],"P10_VALUE":[8,11],"P25_VALUE":[27,26],"MEDIAN_VALUE":[53,42],"P75_VALUE":[67,63],"P90_VALUE":[81,74],"MAX_VALUE":[97,91]}}
