{"PREVALENCE_BY_GENDER_AGE_YEAR":{"TRELLIS_NAME":["40-49","0-9","80-89","80-89","50-59","90-99","20-29","90-99","30-39","70-79","10-19","0-9","30-39","60-69","50-59","20-29","60-69","40-49","10-19","70-79"],"SERIES_NAME":["FEMALE","MALE","MALE","FEMALE","MALE","FEMALE","MALE","MALE","FEMALE","MALE","MALE","FEMALE","MALE","MALE","FEMALE","FEMALE","FEMALE","MALE","FEMALE","FEMALE"],"X_CALENDAR_YEAR":[2019,2019,2019,2019,2019,2019,2019,2019,2019,2019,2019,2019,2019,2019,2019,2019,2019,2019,2019,2019],"Y_PREVALENCE_1000PP":[23.41185,19.39367,28.71342,27.08934,24.79096,20.6243,21.57061,17.66382,20.6773,23.16309,23.83135,25.03155,20.505,23.07692,24.77184,21.81515,24.73364,24.57218,22.95584,19.64418]},"PREVALENCE_BY_MONTH":{"X_CALENDAR_MONTH":[201901,201902,201903,201904,201905,201906,201907,201908,201909,201910,201911,201912],"Y_PREVALENCE_1000PP":[3.25,1.1,1.29,3.29,1.37,1.27,3.09,1.35,1.09,3.25,1.5,1.19]},"PROCEDURE_FREQUENCY_DISTRIBUTION":{"Y_NUM_PERSONS":[2,0],"X_COUNT":[4,8]},"PROCEDURES_BY_TYPE":{"CONCEPT_NAME":"Claim","COUNT_VALUE":9220},"AGE_AT_FIRST_OCCURRENCE":{"CATEGORY":["MALE","FEMALE","No matching concept"],"MIN_VALUE":[0,0,0],"P10_VALUE":[11,9,6],"P25_VALUE":[26,25,24],"MEDIAN_VALUE":[46,45,41],"P75_VALUE":[63,62,63],"P90_VALUE":[77,77,77],"MAX_VALUE":[99,99,98]}}
