{"PREVALENCE_BY_GENDER_AGE_YEAR":{"TRELLIS_NAME":["10-19","90-99","90-99","80-89","70-79","70-79","30-39","80-89","0-9","60-69","60-69","40-49","20-29","30-39","50-59","0-9","50-59","20-29","40-49","10-19"],"SERIES_NAME":["FEMALE","FEMALE","MALE","MALE","MALE","FEMALE","FEMALE","FEMALE","MALE","MALE","FEMALE","FEMALE","MALE","MALE","MALE","FEMALE","FEMALE","FEMALE","MALE","MALE"],"X_CALENDAR_YEAR":[2019,2019,2019,2019,2019,2019,2019,2019,2019,2019,2019,2019,2019,2019,2019,2019,2019,2019,2019,2019],"Y_PREVALENCE_1000PP":[20.76503,27.76235,25.2149,28.71342,22.25181,21.08378,25.19915,22.49135,25.83519,22.42846,22.50378,21.01501,22.38304,21.05263,24.36876,19.36842,21.0084,20.86115,22.65088,22.95684]},"PREVALENCE_BY_MONTH":{"X_CALENDAR_MONTH":[201901,201902,201903,201904,201905,201906,201907,201908,201909,201910,201911,201912],"Y_PREVALENCE_1000PP":[3.01,1.35,1.51,2.45,1.37,1.33,2.97,1.44,1.52,2.88,1.22,1.53]},"PROCEDURE_FREQUENCY_DISTRIBUTION":{"Y_NUM_PERSONS":[2,0],"X_COUNT":[1,2]},"PROCEDURES_BY_TYPE":{"CONCEPT_NAME":"Claim","COUNT_VALUE":2262},"AGE_AT_FIRST_OCCURRENCE":{"CATEGORY":["No matching concept","FEMALE","MALE"],"MIN_VALUE":[3,0,0],"P10_VALUE":[7,11,9],"P25_VALUE":[21,26,24],"MEDIAN_VALUE":[45,45,45],"P75_VALUE":[62,64,64],"P90_VALUE":[78,77,78],"MAX_VALUE":[94,99,99]}}
