{"PREVALENCE_BY_GENDER_AGE_YEAR":{"TRELLIS_NAME":["40-49","30-39","30-39","10-19","50-59","70-79","0-9","50-59","60-69","20-29","40-49"],"SERIES_NAME":["FEMALE","MALE","FEMALE","FEMALE","FEMALE","FEMALE","FEMALE","MALE","MALE","FEMALE","MALE"],"X_CALENDAR_YEAR":[2019,2019,2019,2019,2019,2019,2019,2019,2019,2019,2019],"Y_PREVALENCE_1000PP":[1.14367,1.18846,0.97545,1.53005,0.86931,1.10967,1.68421,1.468,1.35344,1.33511,0.87681]},"PREVALENCE_BY_MONTH":{"X_CALENDAR_MONTH":[201901,201902,201904,201905,201906,201907,201908,201910],"Y_PREVALENCE_1000PP":[0.16,0.09,0.14,0.09,0.08,0.09,0.09,0.14]},"PROCEDURE_FREQUENCY_DISTRIBUTION":{"Y_NUM_PERSONS":0,"X_COUNT":1},"PROCEDURES_BY_TYPE":{"CONCEPT_NAME":"Claim","COUNT_VALUE":104},"AGE_AT_FIRST_OCCURRENCE":{"CATEGORY":["MALE","FEMALE"],"MIN_VALUE":[5,1],"P10_VALUE":[15,5],"P25_VALUE":[33,18],"MEDIAN_VALUE":[54,39],"P75_VALUE":[64,52],"P90_VALUE":[83,72],"MAX_VALUE":[99,82]}}
