{"PREVALENCE_BY_GENDER_AGE_YEAR":{"TRELLIS_NAME":["40-49","0-9","10-19","30-39","40-49","50-59","60-69","20-29","50-59","0-9","10-19","20-29","30-39","70-79","60-69"],"SERIES_NAME":["MALE","MALE","MALE","MALE","FEMALE","FEMALE","FEMALE","FEMALE","MALE","FEMALE","FEMALE","MALE","FEMALE","MALE","MALE"],"X_CALENDAR_YEAR":[2019,2019,2019,2019,2019,2019,2019,2019,2019,2019,2019,2019,2019,2019,2019],"Y_PREVALENCE_1000PP":[2.34021,1.78333,1.60403,2.7114,1.14204,1.30378,2.47336,1.33222,1.32023,1.47244,1.31176,1.01112,1.13969,1.51889,1.34615]},"PREVALENCE_BY_MONTH":{"X_CALENDAR_MONTH":[201901,201902,201903,201904,201905,201906,201907,201908,201909,201910,201911,201912],"Y_PREVALENCE_1000PP":[0.22,0.08,0.11,0.19,0.08,0.07,0.18,0.06,0.1,0.22,0.08,0.13]},"PROCEDURE_FREQUENCY_DISTRIBUTION":{"Y_NUM_PERSONS":0,"X_COUNT":4},"PROCEDURES_BY_TYPE":{"CONCEPT_NAME":"Claim","COUNT_VALUE":608},"AGE_AT_FIRST_OCCURRENCE":{"CATEGORY":["FEMALE","MALE"],"MIN_VALUE":[1,0],"P10_VALUE":[9,12],"P25_VALUE":[21,27],"MEDIAN_VALUE":[47,42],"P75_VALUE":[62,60],"P90_VALUE":[72,77],"MAX_VALUE":[99,99]}}
