{"PREVALENCE_BY_GENDER_AGE_YEAR":{"TRELLIS_NAME":["70-79","10-19","60-69","30-39","0-9","20-29","40-49","40-49","70-79","50-59","10-19","60-69","30-39","20-29","50-59"],"SERIES_NAME":["FEMALE","FEMALE","FEMALE","MALE","MALE","MALE","FEMALE","MALE","MALE","MALE","MALE","MALE","FEMALE","FEMALE","FEMALE"],"X_CALENDAR_YEAR":[2019,2019,2019,2019,2019,2019,2019,2019,2019,2019,2019,2019,2019,2019,2019],"Y_PREVALENCE_1000PP":[2.0344,2.84153,2.4584,2.03735,2.22717,2.01952,2.14439,3.06883,3.42335,2.3488,2.98439,2.32019,2.27605,2.00267,2.0284]},"PREVALENCE_BY_MONTH":{"X_CALENDAR_MONTH":[201901,201902,201903,201904,201905,201906,201907,201908,201909,201910,201911,201912],"Y_PREVALENCE_1000PP":[0.17,0.16,0.18,0.25,0.14,0.17,0.17,0.28,0.19,0.24,0.12,0.18]},"PROCEDURE_FREQUENCY_DISTRIBUTION":{"Y_NUM_PERSONS":0,"X_COUNT":1},"PROCEDURES_BY_TYPE":{"CONCEPT_NAME":"Claim","COUNT_VALUE":225},"AGE_AT_FIRST_OCCURRENCE":{"CATEGORY":["FEMALE","MALE","No matching concept"],"MIN_VALUE":[3,1,9],"P10_VALUE":[15,12,9],"P25_VALUE":[28,26,25],"MEDIAN_VALUE":[47,46,48],"P75_VALUE":[65,65,74],"P90_VALUE":[76,76,89],"MAX_VALUE":[99,84,89]}}
