{"PREVALENCE_BY_GENDER_AGE_YEAR":{"TRELLIS_NAME":["0-9","30-39","20-29","30-39","0-9","70-79","20-29","70-79","40-49","60-69","60-69","50-59"],"SERIES_NAME":["MALE","FEMALE","MALE","MALE","FEMALE","MALE","FEMALE","FEMALE","FEMALE","FEMALE","MALE","FEMALE"],"X_CALENDAR_YEAR":[2019,2019,2019,2019,2019,2019,2019,2019,2019,2019,2019,2019],"Y_PREVALENCE_1000PP":[2.00445,1.3006,1.00976,1.52801,1.26316,1.14112,1.16822,1.84945,1.85847,1.51286,1.16009,1.0142]},"PREVALENCE_BY_MONTH":{"X_CALENDAR_MONTH":[201901,201903,201904,201905,201907,201908,201909,201910,201911,201912],"Y_PREVALENCE_1000PP":[0.15,0.06,0.1,0.08,0.21,0.12,0.08,0.17,0.08,0.11]},"PROCEDURE_FREQUENCY_DISTRIBUTION":{"Y_NUM_PERSONS":0,"X_COUNT":1},"PROCEDURES_BY_TYPE":{"CONCEPT_NAME":"Claim","COUNT_VALUE":126},"AGE_AT_FIRST_OCCURRENCE":{"CATEGORY":["MALE","FEMALE"],"MIN_VALUE":[1,0],"P10_VALUE":[7,10],"P25_VALUE":[22,29],"MEDIAN_VALUE":[41,44],"P75_VALUE":[71,64],"P90_VALUE":[88,75],"MAX_VALUE":[99,94]}}
