{"PREVALENCE_BY_GENDER_AGE_YEAR":{"TRELLIS_NAME":["30-39","60-69","50-59","90-99","60-69","0-9","70-79","40-49","10-19","0-9","70-79","30-39","80-89","10-19","40-49","90-99","20-29","50-59","20-29"],"SERIES_NAME":["FEMALE","FEMALE","FEMALE","FEMALE","MALE","MALE","MALE","MALE","MALE","FEMALE","FEMALE","MALE","MALE","FEMALE","FEMALE","MALE","MALE","MALE","FEMALE"],"X_CALENDAR_YEAR":[2019,2019,2019,2019,2019,2019,2019,2019,2019,2019,2019,2019,2019,2019,2019,2019,2019,2019,2019],"Y_PREVALENCE_1000PP":[2.60501,3.04414,3.33188,3.9019,2.11538,2.00624,2.27834,2.92526,4.3538,2.31384,2.96516,2.7114,3.86527,2.4049,2.28408,3.4188,1.85372,2.05369,2.83097]},"PREVALENCE_BY_MONTH":{"X_CALENDAR_MONTH":[201901,201902,201903,201904,201905,201906,201907,201908,201909,201910,201911,201912],"Y_PREVALENCE_1000PP":[0.34,0.13,0.15,0.36,0.13,0.21,0.3,0.14,0.16,0.39,0.21,0.15]},"PROCEDURE_FREQUENCY_DISTRIBUTION":{"Y_NUM_PERSONS":0,"X_COUNT":4},"PROCEDURES_BY_TYPE":{"CONCEPT_NAME":"Claim","COUNT_VALUE":1068},"AGE_AT_FIRST_OCCURRENCE":{"CATEGORY":["FEMALE","MALE","No matching concept"],"MIN_VALUE":[0,1,6],"P10_VALUE":[12,12,6],"P25_VALUE":[27,23,6],"MEDIAN_VALUE":[47,43,41],"P75_VALUE":[64,64,48],"P90_VALUE":[78,80,63],"MAX_VALUE":[97,99,63]}}
