{"PREVALENCE_BY_GENDER_AGE_YEAR":{"TRELLIS_NAME":["60-69","20-29","0-9","0-9","70-79","50-59","40-49","40-49","10-19","30-39","80-89","60-69","50-59","30-39","70-79","20-29","10-19"],"SERIES_NAME":["FEMALE","MALE","FEMALE","MALE","MALE","MALE","FEMALE","MALE","MALE","FEMALE","MALE","MALE","FEMALE","MALE","FEMALE","FEMALE","FEMALE"],"X_CALENDAR_YEAR":[2019,2019,2019,2019,2019,2019,2019,2019,2019,2019,2019,2019,2019,2019,2019,2019,2019],"Y_PREVALENCE_1000PP":[1.70197,2.6927,2.10526,1.55902,1.3313,2.0552,1.14367,2.33816,1.37741,1.62575,3.31309,2.70688,3.0426,2.37691,1.47956,1.66889,2.40437]},"PREVALENCE_BY_MONTH":{"X_CALENDAR_MONTH":[201901,201902,201903,201904,201905,201906,201907,201908,201909,201910,201911,201912],"Y_PREVALENCE_1000PP":[0.21,0.12,0.19,0.22,0.22,0.17,0.15,0.13,0.11,0.26,0.1,0.11]},"PROCEDURE_FREQUENCY_DISTRIBUTION":{"Y_NUM_PERSONS":0,"X_COUNT":1},"PROCEDURES_BY_TYPE":{"CONCEPT_NAME":"Claim","COUNT_VALUE":199},"AGE_AT_FIRST_OCCURRENCE":{"CATEGORY":["FEMALE","MALE"],"MIN_VALUE":[0,2],"P10_VALUE":[9,15],"P25_VALUE":[23,25],"MEDIAN_VALUE":[46,46],"P75_VALUE":[58,64],"P90_VALUE":[72,75],"MAX_VALUE":[97,98]}}
