{"PREVALENCE_BY_GENDER_AGE_YEAR":{"TRELLIS_NAME":["50-59","0-9","90-99","40-49","0-9","70-79","20-29","70-79","30-39","60-69","30-39","40-49","60-69","10-19","50-59"],"SERIES_NAME":["MALE","FEMALE","MALE","FEMALE","MALE","FEMALE","MALE","MALE","FEMALE","MALE","MALE","MALE","FEMALE","MALE","FEMALE"],"X_CALENDAR_YEAR":[2019,2019,2019,2019,2019,2019,2019,2019,2019,2019,2019,2019,2019,2019,2019],"Y_PREVALENCE_1000PP":[1.9084,2.31579,3.4384,1.71551,1.55902,1.84945,2.35611,2.09205,1.62575,1.54679,1.69779,1.75362,1.51286,1.37741,1.88351]},"PREVALENCE_BY_MONTH":{"X_CALENDAR_MONTH":[201901,201902,201903,201904,201905,201906,201907,201908,201909,201910,201911,201912],"Y_PREVALENCE_1000PP":[0.16,0.14,0.15,0.06,0.14,0.14,0.12,0.15,0.15,0.18,0.12,0.2]},"PROCEDURE_FREQUENCY_DISTRIBUTION":{"Y_NUM_PERSONS":0,"X_COUNT":1},"PROCEDURES_BY_TYPE":{"CONCEPT_NAME":"Claim","COUNT_VALUE":171},"AGE_AT_FIRST_OCCURRENCE":{"CATEGORY":["FEMALE","MALE"],"MIN_VALUE":[1,1],"P10_VALUE":[7,12],"P25_VALUE":[27,25],"MEDIAN_VALUE":[46,47],"P75_VALUE":[65,64],"P90_VALUE":[75,78],"MAX_VALUE":[98,99]}}
