{"PREVALENCE_BY_GENDER_AGE_YEAR":{"TRELLIS_NAME":["30-39","70-79","0-9","30-39","60-69","70-79","50-59","10-19","40-49","40-49","20-29","20-29"],"SERIES_NAME":["FEMALE","MALE","MALE","MALE","FEMALE","FEMALE","FEMALE","FEMALE","FEMALE","MALE","FEMALE","MALE"],"X_CALENDAR_YEAR":[2019,2019,2019,2019,2019,2019,2019,2019,2019,2019,2019,2019],"Y_PREVALENCE_1000PP":[1.13803,1.90186,1.3363,1.69779,1.32375,1.29462,1.30397,1.74863,1.14367,1.46135,1.16822,1.17805]},"PREVALENCE_BY_MONTH":{"X_CALENDAR_MONTH":[201901,201902,201903,201904,201906,201907,201908,201909,201910,201911],"Y_PREVALENCE_1000PP":[0.2,0.06,0.07,0.13,0.12,0.15,0.11,0.08,0.12,0.06]},"PROCEDURE_FREQUENCY_DISTRIBUTION":{"Y_NUM_PERSONS":0,"X_COUNT":1},"PROCEDURES_BY_TYPE":{"CONCEPT_NAME":"Claim","COUNT_VALUE":120},"AGE_AT_FIRST_OCCURRENCE":{"CATEGORY":["FEMALE","MALE"],"MIN_VALUE":[1,0],"P10_VALUE":[13,9],"P25_VALUE":[21,24],"MEDIAN_VALUE":[47,40],"P75_VALUE":[65,61],"P90_VALUE":[75,78],"MAX_VALUE":[97,90]}}
