{"PREVALENCE_BY_GENDER_AGE_YEAR":{"TRELLIS_NAME":["0-9","20-29","50-59","80-89","10-19","40-49","30-39","20-29","50-59","70-79","10-19","40-49","70-79","90-99","30-39","60-69","80-89","90-99","60-69","0-9"],"SERIES_NAME":["FEMALE","FEMALE","FEMALE","FEMALE","MALE","FEMALE","MALE","MALE","MALE","FEMALE","FEMALE","MALE","MALE","MALE","FEMALE","FEMALE","MALE","FEMALE","MALE","MALE"],"X_CALENDAR_YEAR":[2019,2019,2019,2019,2019,2019,2019,2019,2019,2019,2019,2019,2019,2019,2019,2019,2019,2019,2019,2019],"Y_PREVALENCE_1000PP":[7.57257,7.66028,7.09836,9.2219,7.33272,7.56602,7.96475,6.90934,5.42761,5.93032,5.6843,5.41173,6.83501,7.40741,5.69847,7.03957,10.49144,9.47603,6.73077,6.91039]},"PREVALENCE_BY_MONTH":{"X_CALENDAR_MONTH":[201901,201902,201903,201904,201905,201906,201907,201908,201909,201910,201911,201912],"Y_PREVALENCE_1000PP":[0.69,0.41,0.57,0.75,0.43,0.47,0.84,0.5,0.37,0.94,0.42,0.51]},"PROCEDURE_FREQUENCY_DISTRIBUTION":{"Y_NUM_PERSONS":1,"X_COUNT":4},"PROCEDURES_BY_TYPE":{"CONCEPT_NAME":"Claim","COUNT_VALUE":2760},"AGE_AT_FIRST_OCCURRENCE":{"CATEGORY":["MALE","FEMALE","No matching concept"],"MIN_VALUE":[0,0,3],"P10_VALUE":[10,9,11],"P25_VALUE":[24,25,11],"MEDIAN_VALUE":[42,46,36],"P75_VALUE":[67,62,56],"P90_VALUE":[79,79,75],"MAX_VALUE":[99,98,78]}}
