{"PREVALENCE_BY_GENDER_AGE_YEAR":{"TRELLIS_NAME":["10-19","30-39","70-79","60-69","10-19","50-59","50-59","80-89","0-9","40-49","40-49","30-39","80-89","70-79","20-29","60-69","20-29","0-9"],"SERIES_NAME":["FEMALE","FEMALE","MALE","FEMALE","MALE","MALE","FEMALE","FEMALE","FEMALE","MALE","FEMALE","MALE","MALE","FEMALE","MALE","MALE","FEMALE","MALE"],"X_CALENDAR_YEAR":[2019,2019,2019,2019,2019,2019,2019,2019,2019,2019,2019,2019,2019,2019,2019,2019,2019,2019],"Y_PREVALENCE_1000PP":[1.53005,2.76378,2.47242,4.91679,2.75482,2.3488,2.89771,4.61361,2.73684,2.77656,2.57327,2.37691,4.41745,3.32902,2.35611,4.06032,2.33645,4.45434]},"PREVALENCE_BY_MONTH":{"X_CALENDAR_MONTH":[201901,201902,201903,201904,201905,201906,201907,201908,201909,201910,201911,201912],"Y_PREVALENCE_1000PP":[0.36,0.12,0.11,0.39,0.22,0.15,0.48,0.18,0.09,0.44,0.17,0.16]},"PROCEDURE_FREQUENCY_DISTRIBUTION":{"Y_NUM_PERSONS":0,"X_COUNT":1},"PROCEDURES_BY_TYPE":{"CONCEPT_NAME":"Claim","COUNT_VALUE":288},"AGE_AT_FIRST_OCCURRENCE":{"CATEGORY":["MALE","FEMALE"],"MIN_VALUE":[1,3],"P10_VALUE":[8,14],"P25_VALUE":[21,30],"MEDIAN_VALUE":[44,51],"P75_VALUE":[64,67],"P90_VALUE":[76,77],"MAX_VALUE":[99,93]}}
