{"PREVALENCE_BY_GENDER_AGE_YEAR":{"TRELLIS_NAME":["60-69","80-89","50-59","30-39","20-29","60-69","10-19","70-79","0-9","40-49","30-39","40-49","20-29","90-99","10-19","70-79","50-59","0-9","80-89"],"SERIES_NAME":["MALE","FEMALE","FEMALE","FEMALE","MALE","FEMALE","FEMALE","MALE","FEMALE","MALE","MALE","FEMALE","FEMALE","MALE","MALE","FEMALE","MALE","MALE","MALE"],"X_CALENDAR_YEAR":[2019,2019,2019,2019,2019,2019,2019,2019,2019,2019,2019,2019,2019,2019,2019,2019,2019,2019,2019],"Y_PREVALENCE_1000PP":[4.03846,3.45821,4.05621,3.09345,2.02224,2.66362,4.80979,3.41751,3.36559,2.48647,3.21979,3.71163,3.16403,3.4188,2.74977,2.77984,4.25407,3.78957,3.31309]},"PREVALENCE_BY_MONTH":{"X_CALENDAR_MONTH":[201901,201902,201903,201904,201905,201906,201907,201908,201909,201910,201911,201912],"Y_PREVALENCE_1000PP":[0.55,0.24,0.18,0.37,0.19,0.18,0.47,0.22,0.18,0.38,0.19,0.16]},"PROCEDURE_FREQUENCY_DISTRIBUTION":{"Y_NUM_PERSONS":0,"X_COUNT":4},"PROCEDURES_BY_TYPE":{"CONCEPT_NAME":"Claim","COUNT_VALUE":1324},"AGE_AT_FIRST_OCCURRENCE":{"CATEGORY":["FEMALE","No matching concept","MALE"],"MIN_VALUE":[0,22,0],"P10_VALUE":[10,22,7],"P25_VALUE":[20,33,29],"MEDIAN_VALUE":[44,34,52],"P75_VALUE":[58,70,65],"P90_VALUE":[76,89,77],"MAX_VALUE":[97,89,99]}}
