{"PREVALENCE_BY_GENDER_AGE_YEAR":{"TRELLIS_NAME":["0-9","60-69","50-59","40-49","70-79","20-29","70-79","50-59","60-69","30-39","40-49","20-29","30-39"],"SERIES_NAME":["MALE","FEMALE","MALE","FEMALE","FEMALE","MALE","MALE","FEMALE","MALE","MALE","MALE","FEMALE","FEMALE"],"X_CALENDAR_YEAR":[2019,2019,2019,2019,2019,2019,2019,2019,2019,2019,2019,2019,2019],"Y_PREVALENCE_1000PP":[1.55902,2.4584,1.0276,1.57255,1.10967,1.34635,1.52149,2.89771,1.54679,1.52801,2.77656,1.33511,0.97545]},"PREVALENCE_BY_MONTH":{"X_CALENDAR_MONTH":[201901,201902,201903,201904,201905,201906,201907,201909,201910,201911],"Y_PREVALENCE_1000PP":[0.2,0.09,0.11,0.29,0.09,0.11,0.27,0.12,0.2,0.06]},"PROCEDURE_FREQUENCY_DISTRIBUTION":{"Y_NUM_PERSONS":0,"X_COUNT":1},"PROCEDURES_BY_TYPE":{"CONCEPT_NAME":"Claim","COUNT_VALUE":159},"AGE_AT_FIRST_OCCURRENCE":{"CATEGORY":["MALE","FEMALE"],"MIN_VALUE":[3,2],"P10_VALUE":[10,20],"P25_VALUE":[31,33],"MEDIAN_VALUE":[45,52],"P75_VALUE":[65,65],"P90_VALUE":[83,77],"MAX_VALUE":[99,95]}}
