{"PREVALENCE_BY_GENDER_AGE_YEAR":{"TRELLIS_NAME":["10-19","50-59","40-49","10-19","50-59","30-39","20-29","90-99","0-9","90-99","60-69","30-39","80-89","40-49","20-29","0-9","60-69","70-79","80-89","70-79"],"SERIES_NAME":["FEMALE","MALE","MALE","MALE","FEMALE","MALE","MALE","FEMALE","FEMALE","MALE","FEMALE","FEMALE","FEMALE","FEMALE","FEMALE","MALE","MALE","FEMALE","MALE","MALE"],"X_CALENDAR_YEAR":[2019,2019,2019,2019,2019,2019,2019,2019,2019,2019,2019,2019,2019,2019,2019,2019,2019,2019,2019,2019],"Y_PREVALENCE_1000PP":[5.68306,6.16559,5.26085,5.96878,5.36076,6.62139,4.54392,4.99722,4.42105,7.44986,6.61876,5.85271,6.92042,6.29021,5.50734,5.56793,6.18716,5.91825,4.96963,4.75466]},"PREVALENCE_BY_MONTH":{"X_CALENDAR_MONTH":[201901,201902,201903,201904,201905,201906,201907,201908,201909,201910,201911,201912],"Y_PREVALENCE_1000PP":[0.76,0.32,0.35,0.79,0.31,0.3,0.69,0.39,0.41,0.72,0.36,0.3]},"PROCEDURE_FREQUENCY_DISTRIBUTION":{"Y_NUM_PERSONS":1,"X_COUNT":1},"PROCEDURES_BY_TYPE":{"CONCEPT_NAME":"Claim","COUNT_VALUE":570},"AGE_AT_FIRST_OCCURRENCE":{"CATEGORY":["MALE","FEMALE","No matching concept"],"MIN_VALUE":[1,0,4],"P10_VALUE":[11,12,4],"P25_VALUE":[26,26,12],"MEDIAN_VALUE":[46,46,30],"P75_VALUE":[62,64,73],"P90_VALUE":[78,76,77],"MAX_VALUE":[99,99,98]}}
