{"PREVALENCE_BY_GENDER_AGE_YEAR":{"TRELLIS_NAME":["30-39","40-49","50-59","20-29","30-39","60-69","0-9","70-79","0-9","50-59","40-49"],"SERIES_NAME":["MALE","FEMALE","FEMALE","FEMALE","FEMALE","FEMALE","FEMALE","MALE","MALE","MALE","MALE"],"X_CALENDAR_YEAR":[2019,2019,2019,2019,2019,2019,2019,2019,2019,2019,2019],"Y_PREVALENCE_1000PP":[1.52801,0.85776,1.59374,1.83578,1.62575,1.32375,1.26316,1.14112,2.00445,0.8808,1.02294]},"PREVALENCE_BY_MONTH":{"X_CALENDAR_MONTH":[201901,201902,201903,201904,201905,201906,201907,201908,201909,201910,201911,201912],"Y_PREVALENCE_1000PP":[0.11,0.1,0.09,0.07,0.09,0.08,0.1,0.08,0.13,0.13,0.09,0.12]},"PROCEDURE_FREQUENCY_DISTRIBUTION":{"Y_NUM_PERSONS":0,"X_COUNT":1},"PROCEDURES_BY_TYPE":{"CONCEPT_NAME":"Claim","COUNT_VALUE":119},"AGE_AT_FIRST_OCCURRENCE":{"CATEGORY":["FEMALE","MALE"],"MIN_VALUE":[0,0],"P10_VALUE":[13,6],"P25_VALUE":[24,20],"MEDIAN_VALUE":[38,39],"P75_VALUE":[56,58],"P90_VALUE":[68,72],"MAX_VALUE":[89,96]}}
