{"PREVALENCE_BY_GENDER_AGE_YEAR":{"TRELLIS_NAME":["50-59","0-9","40-49","60-69","70-79","10-19","30-39","60-69"],"SERIES_NAME":["FEMALE","FEMALE","FEMALE","MALE","FEMALE","FEMALE","FEMALE","FEMALE"],"X_CALENDAR_YEAR":[2019,2019,2019,2019,2019,2019,2019,2019],"Y_PREVALENCE_1000PP":[1.15892,1.2621,1.2848,1.53846,1.6679,1.31176,1.30251,2.09285]},"PREVALENCE_BY_MONTH":{"X_CALENDAR_MONTH":[201901,201902,201903,201904,201906,201907,201909,201910,201911],"Y_PREVALENCE_1000PP":[0.16,0.06,0.09,0.1,0.08,0.11,0.11,0.07,0.08]},"PROCEDURE_FREQUENCY_DISTRIBUTION":{"Y_NUM_PERSONS":0,"X_COUNT":4},"PROCEDURES_BY_TYPE":{"CONCEPT_NAME":"Claim","COUNT_VALUE":392},"AGE_AT_FIRST_OCCURRENCE":{"CATEGORY":["MALE","FEMALE"],"MIN_VALUE":[0,0],"P10_VALUE":[5,10],"P25_VALUE":[19,31],"MEDIAN_VALUE":[50,46],"P75_VALUE":[66,65],"P90_VALUE":[73,74],"MAX_VALUE":[89,96]}}
