{"PREVALENCE_BY_GENDER_AGE_YEAR":{"TRELLIS_NAME":["60-69","50-59","50-59","70-79","20-29","70-79","40-49","40-49","30-39"],"SERIES_NAME":["FEMALE","MALE","FEMALE","FEMALE","FEMALE","MALE","FEMALE","MALE","FEMALE"],"X_CALENDAR_YEAR":[2019,2019,2019,2019,2019,2019,2019,2019,2019],"Y_PREVALENCE_1000PP":[2.09285,1.17354,0.86919,2.40919,1.33222,1.13917,1.14204,1.75516,1.79095]},"PREVALENCE_BY_MONTH":{"X_CALENDAR_MONTH":[201901,201903,201904,201905,201907,201908,201909,201910,201912],"Y_PREVALENCE_1000PP":[0.13,0.09,0.19,0.06,0.17,0.08,0.1,0.15,0.06]},"PROCEDURE_FREQUENCY_DISTRIBUTION":{"Y_NUM_PERSONS":0,"X_COUNT":4},"PROCEDURES_BY_TYPE":{"CONCEPT_NAME":"Claim","COUNT_VALUE":472},"AGE_AT_FIRST_OCCURRENCE":{"CATEGORY":["MALE","FEMALE"],"MIN_VALUE":[0,1],"P10_VALUE":[11,17],"P25_VALUE":[29,31],"MEDIAN_VALUE":[48,51],"P75_VALUE":[60,71],"P90_VALUE":[78,79],"MAX_VALUE":[96,92]}}
