{"PREVALENCE_BY_GENDER_AGE_YEAR":{"TRELLIS_NAME":["0-9","40-49","10-19","80-89","20-29","10-19","60-69","40-49","50-59","70-79","50-59","70-79","60-69","20-29","30-39","0-9","80-89","90-99","90-99","30-39"],"SERIES_NAME":["MALE","FEMALE","MALE","FEMALE","FEMALE","FEMALE","FEMALE","MALE","MALE","MALE","FEMALE","FEMALE","MALE","MALE","FEMALE","FEMALE","MALE","MALE","FEMALE","MALE"],"X_CALENDAR_YEAR":[2019,2019,2019,2019,2019,2019,2019,2019,2019,2019,2019,2019,2019,2019,2019,2019,2019,2019,2019,2019],"Y_PREVALENCE_1000PP":[16.25835,18.29878,16.06979,15.57093,19.35915,18.14208,19.47806,17.09776,16.14797,20.34994,17.82092,19.60422,15.4679,15.81959,19.34645,13.47368,16.01325,19.48424,12.77068,19.35484]},"PREVALENCE_BY_MONTH":{"X_CALENDAR_MONTH":[201901,201902,201903,201904,201905,201906,201907,201908,201909,201910,201911,201912],"Y_PREVALENCE_1000PP":[2.25,0.97,1.03,2.33,1.09,0.89,2.6,1.02,1.02,2.28,1.09,1.12]},"PROCEDURE_FREQUENCY_DISTRIBUTION":{"Y_NUM_PERSONS":[2,0],"X_COUNT":[1,2]},"PROCEDURES_BY_TYPE":{"CONCEPT_NAME":"Claim","COUNT_VALUE":1769},"AGE_AT_FIRST_OCCURRENCE":{"CATEGORY":["FEMALE","MALE","No matching concept"],"MIN_VALUE":[0,0,2],"P10_VALUE":[13,10,13],"P25_VALUE":[27,27,24],"MEDIAN_VALUE":[44,44,44],"P75_VALUE":[63,65,54],"P90_VALUE":[76,78,74],"MAX_VALUE":[99,99,99]}}
