{"PREVALENCE_BY_GENDER_AGE_YEAR":{"TRELLIS_NAME":["10-19","0-9","30-39","30-39","70-79","80-89","80-89","50-59","40-49","90-99","70-79","20-29","90-99","10-19","50-59","60-69","0-9","20-29","40-49","60-69"],"SERIES_NAME":["FEMALE","FEMALE","FEMALE","MALE","FEMALE","FEMALE","MALE","FEMALE","FEMALE","FEMALE","MALE","FEMALE","MALE","MALE","MALE","MALE","MALE","MALE","MALE","FEMALE"],"X_CALENDAR_YEAR":[2019,2019,2019,2019,2019,2019,2019,2019,2019,2019,2019,2019,2019,2019,2019,2019,2019,2019,2019,2019],"Y_PREVALENCE_1000PP":[22.29996,19.35212,22.14262,22.70802,22.2387,19.59654,18.22198,24.04752,22.26981,20.06689,20.31517,20.14988,25.64103,20.16499,20.83028,22.30769,19.39367,22.24469,19.45298,18.83562]},"PREVALENCE_BY_MONTH":{"X_CALENDAR_MONTH":[201901,201902,201903,201904,201905,201906,201907,201908,201909,201910,201911,201912],"Y_PREVALENCE_1000PP":[2.61,1.35,1.44,2.42,1.41,1.35,2.4,1.43,1.33,2.62,1.47,1.64]},"PROCEDURE_FREQUENCY_DISTRIBUTION":{"Y_NUM_PERSONS":[2,0],"X_COUNT":[4,8]},"PROCEDURES_BY_TYPE":{"CONCEPT_NAME":"Claim","COUNT_VALUE":8596},"AGE_AT_FIRST_OCCURRENCE":{"CATEGORY":["No matching concept","FEMALE","MALE"],"MIN_VALUE":[1,0,0],"P10_VALUE":[9,11,11],"P25_VALUE":[25,25,25],"MEDIAN_VALUE":[37,45,45],"P75_VALUE":[59,62,63],"P90_VALUE":[84,76,77],"MAX_VALUE":[99,99,99]}}
