{"PREVALENCE_BY_GENDER_AGE_YEAR":{"TRELLIS_NAME":["60-69","20-29","50-59","20-29","10-19"],"SERIES_NAME":["MALE","MALE","MALE","FEMALE","FEMALE"],"X_CALENDAR_YEAR":[2019,2019,2019,2019,2019],"Y_PREVALENCE_1000PP":[1.34615,1.01112,1.46692,1.1657,1.53039]},"PREVALENCE_BY_MONTH":{"X_CALENDAR_MONTH":[201902,201903,201904,201905,201906,201909,201910,201911,201912],"Y_PREVALENCE_1000PP":[0.09,0.07,0.11,0.09,0.08,0.06,0.07,0.09,0.08]},"PROCEDURE_FREQUENCY_DISTRIBUTION":{"Y_NUM_PERSONS":0,"X_COUNT":4},"PROCEDURES_BY_TYPE":{"CONCEPT_NAME":"Claim","COUNT_VALUE":336},"AGE_AT_FIRST_OCCURRENCE":{"CATEGORY":["FEMALE","MALE"],"MIN_VALUE":[5,0],"P10_VALUE":[10,10],"P25_VALUE":[18,23],"MEDIAN_VALUE":[34,50],"P75_VALUE":[62,60],"P90_VALUE":[86,73],"MAX_VALUE":[99,79]}}
