{"PREVALENCE_BY_GENDER_AGE_YEAR":{"TRELLIS_NAME":["60-69","30-39","60-69","50-59","10-19","20-29"],"SERIES_NAME":["FEMALE","FEMALE","MALE","FEMALE","FEMALE","MALE"],"X_CALENDAR_YEAR":[2019,2019,2019,2019,2019,2019],"Y_PREVALENCE_1000PP":[1.51286,0.97545,1.54679,1.15908,1.96721,1.51464]},"PREVALENCE_BY_MONTH":{"X_CALENDAR_MONTH":[201901,201902,201903,201904,201905,201907,201908,201909,201910],"Y_PREVALENCE_1000PP":[0.16,0.08,0.06,0.14,0.06,0.09,0.06,0.08,0.09]},"PROCEDURE_FREQUENCY_DISTRIBUTION":{"Y_NUM_PERSONS":0,"X_COUNT":1},"PROCEDURES_BY_TYPE":{"CONCEPT_NAME":"Claim","COUNT_VALUE":92},"AGE_AT_FIRST_OCCURRENCE":{"CATEGORY":["FEMALE","MALE"],"MIN_VALUE":[5,1],"P10_VALUE":[10,20],"P25_VALUE":[18,26],"MEDIAN_VALUE":[50,44],"P75_VALUE":[64,66],"P90_VALUE":[77,79],"MAX_VALUE":[94,98]}}
