{"PREVALENCE_BY_GENDER_AGE_YEAR":{"TRELLIS_NAME":["70-79","60-69","50-59","30-39","80-89","90-99","20-29","10-19","20-29","40-49","40-49","30-39","0-9","90-99","70-79","0-9","60-69","10-19","50-59"],"SERIES_NAME":["FEMALE","MALE","FEMALE","MALE","MALE","MALE","FEMALE","MALE","MALE","MALE","FEMALE","FEMALE","MALE","FEMALE","MALE","FEMALE","FEMALE","FEMALE","MALE"],"X_CALENDAR_YEAR":[2019,2019,2019,2019,2019,2019,2019,2019,2019,2019,2019,2019,2019,2019,2019,2019,2019,2019,2019],"Y_PREVALENCE_1000PP":[2.95913,3.28693,2.31817,3.22581,4.96963,4.01146,3.33778,5.05051,5.04881,2.04589,2.71623,3.2515,2.44989,3.88673,3.61354,3.15789,4.16036,4.59016,3.96359]},"PREVALENCE_BY_MONTH":{"X_CALENDAR_MONTH":[201901,201902,201903,201904,201905,201906,201907,201908,201909,201910,201911,201912],"Y_PREVALENCE_1000PP":[0.36,0.26,0.27,0.34,0.2,0.35,0.38,0.26,0.17,0.37,0.26,0.21]},"PROCEDURE_FREQUENCY_DISTRIBUTION":{"Y_NUM_PERSONS":0,"X_COUNT":1},"PROCEDURES_BY_TYPE":{"CONCEPT_NAME":"Claim","COUNT_VALUE":343},"AGE_AT_FIRST_OCCURRENCE":{"CATEGORY":["No matching concept","FEMALE","MALE"],"MIN_VALUE":[30,0,0],"P10_VALUE":[30,11,11],"P25_VALUE":[35,22,22],"MEDIAN_VALUE":[48,42,46],"P75_VALUE":[67,65,64],"P90_VALUE":[78,77,79],"MAX_VALUE":[78,99,98]}}
