{"PREVALENCE_BY_GENDER_AGE_YEAR":{"TRELLIS_NAME":["50-59","60-69","20-29","40-49","70-79","0-9","80-89","30-39","60-69","20-29","10-19","0-9","30-39","70-79","40-49","50-59"],"SERIES_NAME":["FEMALE","FEMALE","MALE","MALE","FEMALE","MALE","FEMALE","FEMALE","MALE","FEMALE","MALE","FEMALE","MALE","MALE","FEMALE","MALE"],"X_CALENDAR_YEAR":[2019,2019,2019,2019,2019,2019,2019,2019,2019,2019,2019,2019,2019,2019,2019,2019],"Y_PREVALENCE_1000PP":[1.73863,2.6475,2.6927,2.48429,1.47956,2.00445,3.46021,1.62575,2.32019,3.50467,1.83655,2.10526,2.54669,2.47242,2.43031,1.6148]},"PREVALENCE_BY_MONTH":{"X_CALENDAR_MONTH":[201901,201902,201903,201904,201905,201906,201907,201908,201909,201910,201911,201912],"Y_PREVALENCE_1000PP":[0.25,0.16,0.14,0.29,0.1,0.16,0.36,0.12,0.08,0.25,0.09,0.18]},"PROCEDURE_FREQUENCY_DISTRIBUTION":{"Y_NUM_PERSONS":0,"X_COUNT":1},"PROCEDURES_BY_TYPE":{"CONCEPT_NAME":"Claim","COUNT_VALUE":218},"AGE_AT_FIRST_OCCURRENCE":{"CATEGORY":["FEMALE","MALE"],"MIN_VALUE":[0,0],"P10_VALUE":[12,12],"P25_VALUE":[26,27],"MEDIAN_VALUE":[44,43],"P75_VALUE":[64,66],"P90_VALUE":[75,78],"MAX_VALUE":[96,99]}}
