{"PREVALENCE_BY_GENDER_AGE_YEAR":{"TRELLIS_NAME":["0-9","50-59","60-69","70-79","40-49","40-49","10-19","70-79","30-39","0-9","60-69","20-29","10-19"],"SERIES_NAME":["FEMALE","MALE","FEMALE","MALE","FEMALE","MALE","MALE","FEMALE","FEMALE","MALE","MALE","MALE","FEMALE"],"X_CALENDAR_YEAR":[2019,2019,2019,2019,2019,2019,2019,2019,2019,2019,2019,2019,2019],"Y_PREVALENCE_1000PP":[1.47368,1.6148,1.13464,1.52149,1.57255,1.60748,1.60698,1.66451,1.9509,1.3363,1.54679,1.34635,1.31148]},"PREVALENCE_BY_MONTH":{"X_CALENDAR_MONTH":[201901,201902,201903,201904,201905,201906,201907,201908,201909,201910,201911,201912],"Y_PREVALENCE_1000PP":[0.18,0.06,0.06,0.17,0.06,0.06,0.24,0.11,0.06,0.19,0.07,0.09]},"PROCEDURE_FREQUENCY_DISTRIBUTION":{"Y_NUM_PERSONS":0,"X_COUNT":1},"PROCEDURES_BY_TYPE":{"CONCEPT_NAME":"Claim","COUNT_VALUE":135},"AGE_AT_FIRST_OCCURRENCE":{"CATEGORY":["MALE","FEMALE"],"MIN_VALUE":[0,0],"P10_VALUE":[10,9],"P25_VALUE":[27,27],"MEDIAN_VALUE":[44,41],"P75_VALUE":[63,65],"P90_VALUE":[75,76],"MAX_VALUE":[99,99]}}
