{"PREVALENCE_BY_GENDER_AGE_YEAR":{"TRELLIS_NAME":["40-49","50-59","0-9","50-59","40-49","70-79","0-9"],"SERIES_NAME":["MALE","FEMALE","MALE","MALE","FEMALE","MALE","FEMALE"],"X_CALENDAR_YEAR":[2019,2019,2019,2019,2019,2019,2019],"Y_PREVALENCE_1000PP":[1.16908,1.44886,1.55902,2.0552,1.71551,2.28224,1.26316]},"PREVALENCE_BY_MONTH":{"X_CALENDAR_MONTH":[201901,201903,201904,201906,201907,201908,201909,201910,201912],"Y_PREVALENCE_1000PP":[0.1,0.06,0.11,0.07,0.21,0.06,0.1,0.15,0.07]},"PROCEDURE_FREQUENCY_DISTRIBUTION":{"Y_NUM_PERSONS":0,"X_COUNT":1},"PROCEDURES_BY_TYPE":{"CONCEPT_NAME":"Claim","COUNT_VALUE":107},"AGE_AT_FIRST_OCCURRENCE":{"CATEGORY":["MALE","FEMALE"],"MIN_VALUE":[4,2],"P10_VALUE":[9,8],"P25_VALUE":[27,27],"MEDIAN_VALUE":[50,47],"P75_VALUE":[61,53],"P90_VALUE":[74,64],"MAX_VALUE":[89,94]}}
