{"PREVALENCE_BY_GENDER_AGE_YEAR":{"TRELLIS_NAME":["40-49","30-39","80-89","70-79","30-39","0-9","90-99","20-29","60-69","40-49","50-59","60-69","10-19","70-79","20-29","0-9","50-59","10-19"],"SERIES_NAME":["FEMALE","FEMALE","FEMALE","FEMALE","MALE","MALE","FEMALE","MALE","FEMALE","MALE","FEMALE","MALE","MALE","MALE","FEMALE","FEMALE","MALE","FEMALE"],"X_CALENDAR_YEAR":[2019,2019,2019,2019,2019,2019,2019,2019,2019,2019,2019,2019,2019,2019,2019,2019,2019,2019],"Y_PREVALENCE_1000PP":[4.00286,3.9018,5.19031,4.0688,3.90492,2.67261,4.44198,4.20734,3.59304,2.92269,3.62214,3.09358,4.59137,2.8528,4.83979,2.94737,3.66999,3.93443]},"PREVALENCE_BY_MONTH":{"X_CALENDAR_MONTH":[201901,201902,201903,201904,201905,201906,201907,201908,201909,201910,201911,201912],"Y_PREVALENCE_1000PP":[0.68,0.25,0.18,0.51,0.24,0.2,0.45,0.17,0.13,0.5,0.25,0.12]},"PROCEDURE_FREQUENCY_DISTRIBUTION":{"Y_NUM_PERSONS":0,"X_COUNT":1},"PROCEDURES_BY_TYPE":{"CONCEPT_NAME":"Claim","COUNT_VALUE":368},"AGE_AT_FIRST_OCCURRENCE":{"CATEGORY":["No matching concept","MALE","FEMALE"],"MIN_VALUE":[0,1,0],"P10_VALUE":[0,12,13],"P25_VALUE":[29,24,24],"MEDIAN_VALUE":[58,40,44],"P75_VALUE":[67,59,65],"P90_VALUE":[86,72,78],"MAX_VALUE":[86,98,98]}}
