{"PREVALENCE_BY_GENDER_AGE_YEAR":{"TRELLIS_NAME":["60-69","40-49","60-69","50-59","40-49","30-39"],"SERIES_NAME":["FEMALE","MALE","MALE","MALE","FEMALE","MALE"],"X_CALENDAR_YEAR":[2019,2019,2019,2019,2019,2019],"Y_PREVALENCE_1000PP":[1.14155,0.87758,1.15385,1.61361,0.85653,1.18624]},"PREVALENCE_BY_MONTH":{"X_CALENDAR_MONTH":[201901,201902,201904,201905,201907,201909,201910,201911],"Y_PREVALENCE_1000PP":[0.09,0.07,0.11,0.06,0.15,0.06,0.11,0.06]},"PROCEDURE_FREQUENCY_DISTRIBUTION":{"Y_NUM_PERSONS":0,"X_COUNT":4},"PROCEDURES_BY_TYPE":{"CONCEPT_NAME":"Claim","COUNT_VALUE":340},"AGE_AT_FIRST_OCCURRENCE":{"CATEGORY":["FEMALE","MALE"],"MIN_VALUE":[2,6],"P10_VALUE":[9,11],"P25_VALUE":[34,31],"MEDIAN_VALUE":[48,49],"P75_VALUE":[67,58],"P90_VALUE":[83,72],"MAX_VALUE":[95,97]}}
