{"PREVALENCE_BY_GENDER_AGE_YEAR":{"TRELLIS_NAME":["30-39","10-19","40-49","40-49","50-59","30-39"],"SERIES_NAME":["MALE","MALE","MALE","FEMALE","MALE","FEMALE"],"X_CALENDAR_YEAR":[2019,2019,2019,2019,2019,2019],"Y_PREVALENCE_1000PP":[1.52801,1.37741,0.87681,1.00071,0.8808,1.46318]},"PREVALENCE_BY_MONTH":{"X_CALENDAR_MONTH":[201901,201902,201904,201905,201906,201907,201909,201910,201911,201912],"Y_PREVALENCE_1000PP":[0.07,0.09,0.08,0.06,0.09,0.1,0.08,0.06,0.08,0.09]},"PROCEDURE_FREQUENCY_DISTRIBUTION":{"Y_NUM_PERSONS":0,"X_COUNT":1},"PROCEDURES_BY_TYPE":{"CONCEPT_NAME":"Claim","COUNT_VALUE":87},"AGE_AT_FIRST_OCCURRENCE":{"CATEGORY":["MALE","FEMALE"],"MIN_VALUE":[0,1],"P10_VALUE":[8,3],"P25_VALUE":[21,20],"MEDIAN_VALUE":[38,37],"P75_VALUE":[59,50],"P90_VALUE":[74,77],"MAX_VALUE":[98,99]}}
