{"PREVALENCE_BY_GENDER_AGE_YEAR":{"TRELLIS_NAME":["20-29","0-9","50-59","40-49","30-39","60-69","40-49","60-69","30-39","10-19"],"SERIES_NAME":["MALE","FEMALE","MALE","MALE","MALE","FEMALE","FEMALE","MALE","FEMALE","FEMALE"],"X_CALENDAR_YEAR":[2019,2019,2019,2019,2019,2019,2019,2019,2019,2019],"Y_PREVALENCE_1000PP":[1.17964,1.47244,1.02684,1.46263,1.52517,1.90259,1.71306,2.11538,1.13969,1.53039]},"PREVALENCE_BY_MONTH":{"X_CALENDAR_MONTH":[201901,201902,201903,201904,201905,201907,201910,201911],"Y_PREVALENCE_1000PP":[0.22,0.09,0.06,0.17,0.09,0.15,0.17,0.07]},"PROCEDURE_FREQUENCY_DISTRIBUTION":{"Y_NUM_PERSONS":0,"X_COUNT":4},"PROCEDURES_BY_TYPE":{"CONCEPT_NAME":"Claim","COUNT_VALUE":468},"AGE_AT_FIRST_OCCURRENCE":{"CATEGORY":["FEMALE","MALE"],"MIN_VALUE":[3,0],"P10_VALUE":[9,15],"P25_VALUE":[18,30],"MEDIAN_VALUE":[43,44],"P75_VALUE":[65,64],"P90_VALUE":[74,73],"MAX_VALUE":[98,97]}}
