{"PREVALENCE_BY_GENDER_AGE_YEAR":{"TRELLIS_NAME":["0-9","90-99","40-49","90-99","10-19","30-39","60-69","60-69","70-79","40-49","80-89","50-59","70-79","0-9","80-89","20-29","50-59","10-19","30-39","20-29"],"SERIES_NAME":["FEMALE","MALE","FEMALE","FEMALE","FEMALE","FEMALE","FEMALE","MALE","FEMALE","MALE","FEMALE","FEMALE","MALE","MALE","MALE","FEMALE","MALE","MALE","MALE","MALE"],"X_CALENDAR_YEAR":[2019,2019,2019,2019,2019,2019,2019,2019,2019,2019,2019,2019,2019,2019,2019,2019,2019,2019,2019,2019],"Y_PREVALENCE_1000PP":[3.57895,3.4384,4.14582,4.99722,4.15301,5.36498,4.72769,4.25367,4.80858,3.50723,4.61361,4.78122,4.75466,2.00445,4.41745,4.17223,5.43159,3.67309,4.75382,3.36587]},"PREVALENCE_BY_MONTH":{"X_CALENDAR_MONTH":[201901,201902,201903,201904,201905,201906,201907,201908,201909,201910,201911,201912],"Y_PREVALENCE_1000PP":[0.39,0.24,0.24,0.48,0.28,0.27,0.49,0.33,0.33,0.52,0.34,0.39]},"PROCEDURE_FREQUENCY_DISTRIBUTION":{"Y_NUM_PERSONS":0,"X_COUNT":1},"PROCEDURES_BY_TYPE":{"CONCEPT_NAME":"Claim","COUNT_VALUE":430},"AGE_AT_FIRST_OCCURRENCE":{"CATEGORY":["No matching concept","FEMALE","MALE"],"MIN_VALUE":[11,0,1],"P10_VALUE":[11,13,15],"P25_VALUE":[19,27,30],"MEDIAN_VALUE":[23,45,50],"P75_VALUE":[64,63,65],"P90_VALUE":[70,78,78],"MAX_VALUE":[70,99,96]}}
