{"PREVALENCE_BY_GENDER_AGE_YEAR":{"TRELLIS_NAME":["10-19","50-59","20-29","80-89","10-19","60-69","80-89","30-39","40-49","30-39","70-79","90-99","90-99","50-59","0-9","60-69","0-9","20-29","40-49","70-79"],"SERIES_NAME":["MALE","FEMALE","FEMALE","FEMALE","FEMALE","FEMALE","MALE","FEMALE","MALE","MALE","MALE","MALE","FEMALE","MALE","MALE","MALE","FEMALE","MALE","FEMALE","FEMALE"],"X_CALENDAR_YEAR":[2019,2019,2019,2019,2019,2019,2019,2019,2019,2019,2019,2019,2019,2019,2019,2019,2019,2019,2019,2019],"Y_PREVALENCE_1000PP":[8.93676,8.25728,9.15903,9.2219,6.77744,7.22983,5.52181,7.65223,8.04446,7.96475,7.02487,7.97721,12.2631,6.60114,5.12706,7.30769,6.52082,7.07786,7.99429,6.48629]},"PREVALENCE_BY_MONTH":{"X_CALENDAR_MONTH":[201901,201902,201903,201904,201905,201906,201907,201908,201909,201910,201911,201912],"Y_PREVALENCE_1000PP":[0.63,0.57,0.63,0.66,0.64,0.61,0.69,0.73,0.58,0.67,0.47,0.64]},"PROCEDURE_FREQUENCY_DISTRIBUTION":{"Y_NUM_PERSONS":1,"X_COUNT":4},"PROCEDURES_BY_TYPE":{"CONCEPT_NAME":"Claim","COUNT_VALUE":3012},"AGE_AT_FIRST_OCCURRENCE":{"CATEGORY":["No matching concept","FEMALE","MALE"],"MIN_VALUE":[9,0,1],"P10_VALUE":[15,13,12],"P25_VALUE":[19,26,25],"MEDIAN_VALUE":[29,45,43],"P75_VALUE":[52,65,62],"P90_VALUE":[75,79,77],"MAX_VALUE":[85,99,99]}}
