{"PREVALENCE_BY_GENDER_AGE_YEAR":{"TRELLIS_NAME":["10-19","40-49","90-99","20-29","80-89","60-69","50-59","0-9","70-79","0-9","40-49","50-59","60-69","30-39","30-39","20-29","70-79","10-19"],"SERIES_NAME":["MALE","FEMALE","MALE","MALE","FEMALE","FEMALE","FEMALE","FEMALE","MALE","MALE","MALE","MALE","MALE","FEMALE","MALE","FEMALE","FEMALE","FEMALE"],"X_CALENDAR_YEAR":[2019,2019,2019,2019,2019,2019,2019,2019,2019,2019,2019,2019,2019,2019,2019,2019,2019,2019],"Y_PREVALENCE_1000PP":[4.13223,3.1451,4.58453,2.5244,3.46021,3.78215,3.47725,2.73684,3.23317,3.34076,3.3611,3.0828,3.28693,4.87726,3.73514,2.83712,2.77418,2.40437]},"PREVALENCE_BY_MONTH":{"X_CALENDAR_MONTH":[201901,201902,201903,201904,201905,201906,201907,201908,201909,201910,201911,201912],"Y_PREVALENCE_1000PP":[0.31,0.29,0.28,0.29,0.26,0.15,0.33,0.31,0.29,0.25,0.25,0.25]},"PROCEDURE_FREQUENCY_DISTRIBUTION":{"Y_NUM_PERSONS":0,"X_COUNT":1},"PROCEDURES_BY_TYPE":{"CONCEPT_NAME":"Claim","COUNT_VALUE":326},"AGE_AT_FIRST_OCCURRENCE":{"CATEGORY":["FEMALE","MALE"],"MIN_VALUE":[0,0],"P10_VALUE":[11,10],"P25_VALUE":[29,23],"MEDIAN_VALUE":[44,43],"P75_VALUE":[64,62],"P90_VALUE":[75,78],"MAX_VALUE":[98,98]}}
