{"PREVALENCE_BY_GENDER_AGE_YEAR":{"TRELLIS_NAME":["30-39","50-59","60-69","20-29","40-49","60-69","20-29","70-79","40-49","70-79","80-89","0-9","0-9"],"SERIES_NAME":["FEMALE","MALE","FEMALE","FEMALE","MALE","MALE","MALE","FEMALE","FEMALE","MALE","FEMALE","MALE","FEMALE"],"X_CALENDAR_YEAR":[2019,2019,2019,2019,2019,2019,2019,2019,2019,2019,2019,2019,2019],"Y_PREVALENCE_1000PP":[1.30251,1.17354,1.14155,1.33222,1.1701,1.53846,1.17964,1.11193,1.71306,1.32903,3.45821,2.45207,1.2621]},"PREVALENCE_BY_MONTH":{"X_CALENDAR_MONTH":[201901,201902,201903,201904,201905,201906,201907,201908,201909,201910,201911,201912],"Y_PREVALENCE_1000PP":[0.11,0.09,0.06,0.18,0.1,0.09,0.12,0.09,0.08,0.14,0.09,0.07]},"PROCEDURE_FREQUENCY_DISTRIBUTION":{"Y_NUM_PERSONS":0,"X_COUNT":4},"PROCEDURES_BY_TYPE":{"CONCEPT_NAME":"Claim","COUNT_VALUE":488},"AGE_AT_FIRST_OCCURRENCE":{"CATEGORY":["FEMALE","MALE"],"MIN_VALUE":[2,0],"P10_VALUE":[10,3],"P25_VALUE":[26,20],"MEDIAN_VALUE":[42,45],"P75_VALUE":[64,63],"P90_VALUE":[82,78],"MAX_VALUE":[99,88]}}
