{"PREVALENCE_BY_GENDER_AGE_YEAR":{"TRELLIS_NAME":["60-69","10-19","0-9","90-99","80-89","70-79","10-19","20-29","40-49","30-39","50-59","40-49","50-59","20-29","80-89","60-69","30-39","90-99","70-79","0-9"],"SERIES_NAME":["FEMALE","MALE","FEMALE","FEMALE","FEMALE","FEMALE","FEMALE","MALE","FEMALE","MALE","FEMALE","MALE","MALE","FEMALE","MALE","MALE","FEMALE","MALE","MALE","MALE"],"X_CALENDAR_YEAR":[2019,2019,2019,2019,2019,2019,2019,2019,2019,2019,2019,2019,2019,2019,2019,2019,2019,2019,2019,2019],"Y_PREVALENCE_1000PP":[9.07716,7.80533,7.57895,5.55247,10.95732,7.58276,9.18033,7.57321,8.4346,7.30051,7.24428,7.45287,6.89959,7.6769,8.28272,8.7007,6.50301,7.44986,6.08596,6.68151]},"PREVALENCE_BY_MONTH":{"X_CALENDAR_MONTH":[201901,201902,201903,201904,201905,201906,201907,201908,201909,201910,201911,201912],"Y_PREVALENCE_1000PP":[1,0.43,0.38,1.02,0.39,0.47,1.05,0.48,0.44,1.11,0.36,0.52]},"PROCEDURE_FREQUENCY_DISTRIBUTION":{"Y_NUM_PERSONS":1,"X_COUNT":1},"PROCEDURES_BY_TYPE":{"CONCEPT_NAME":"Claim","COUNT_VALUE":765},"AGE_AT_FIRST_OCCURRENCE":{"CATEGORY":["MALE","No matching concept","FEMALE"],"MIN_VALUE":[0,0,0],"P10_VALUE":[12,4,11],"P25_VALUE":[26,30,24],"MEDIAN_VALUE":[45,44,45],"P75_VALUE":[64,65,64],"P90_VALUE":[77,72,78],"MAX_VALUE":[97,73,95]}}
