{"PREVALENCE_BY_GENDER_AGE_YEAR":{"TRELLIS_NAME":["20-29","60-69","70-79","70-79","30-39","40-49","0-9","10-19","50-59","50-59","10-19","30-39"],"SERIES_NAME":["FEMALE","MALE","FEMALE","MALE","MALE","FEMALE","MALE","FEMALE","FEMALE","MALE","MALE","FEMALE"],"X_CALENDAR_YEAR":[2019,2019,2019,2019,2019,2019,2019,2019,2019,2019,2019,2019],"Y_PREVALENCE_1000PP":[1.00134,1.35344,1.10967,1.71168,1.01868,1.71551,1.78174,1.74863,1.0142,1.0276,1.83655,1.3006]},"PREVALENCE_BY_MONTH":{"X_CALENDAR_MONTH":[201901,201902,201903,201904,201906,201907,201908,201909,201910,201912],"Y_PREVALENCE_1000PP":[0.15,0.1,0.06,0.12,0.08,0.19,0.12,0.06,0.1,0.08]},"PROCEDURE_FREQUENCY_DISTRIBUTION":{"Y_NUM_PERSONS":0,"X_COUNT":1},"PROCEDURES_BY_TYPE":{"CONCEPT_NAME":"Claim","COUNT_VALUE":115},"AGE_AT_FIRST_OCCURRENCE":{"CATEGORY":["MALE","FEMALE"],"MIN_VALUE":[0,4],"P10_VALUE":[8,15],"P25_VALUE":[18,24],"MEDIAN_VALUE":[40,42],"P75_VALUE":[63,58],"P90_VALUE":[74,75],"MAX_VALUE":[84,97]}}
