{"PREVALENCE_BY_GENDER_AGE_YEAR":{"TRELLIS_NAME":["50-59","0-9","0-9","30-39","40-49","50-59","30-39","20-29","60-69","70-79","60-69","40-49"],"SERIES_NAME":["MALE","FEMALE","MALE","FEMALE","MALE","FEMALE","MALE","MALE","MALE","MALE","FEMALE","FEMALE"],"X_CALENDAR_YEAR":[2019,2019,2019,2019,2019,2019,2019,2019,2019,2019,2019,2019],"Y_PREVALENCE_1000PP":[1.76031,1.89314,1.33749,1.30251,1.60889,1.73837,2.03355,1.85372,1.15385,1.32903,1.33181,1.14204]},"PREVALENCE_BY_MONTH":{"X_CALENDAR_MONTH":[201901,201903,201904,201905,201906,201907,201908,201909,201910,201911,201912],"Y_PREVALENCE_1000PP":[0.29,0.06,0.17,0.07,0.09,0.16,0.14,0.07,0.13,0.07,0.08]},"PROCEDURE_FREQUENCY_DISTRIBUTION":{"Y_NUM_PERSONS":0,"X_COUNT":4},"PROCEDURES_BY_TYPE":{"CONCEPT_NAME":"Claim","COUNT_VALUE":552},"AGE_AT_FIRST_OCCURRENCE":{"CATEGORY":["MALE","FEMALE"],"MIN_VALUE":[2,0],"P10_VALUE":[14,8],"P25_VALUE":[25,24],"MEDIAN_VALUE":[40,41],"P75_VALUE":[57,58],"P90_VALUE":[71,75],"MAX_VALUE":[95,99]}}
