{"PREVALENCE_BY_GENDER_AGE_YEAR":{"TRELLIS_NAME":["20-29","70-79","50-59","0-9","60-69","30-39","80-89","40-49","90-99","70-79","50-59","80-89","20-29","0-9","90-99","40-49","10-19","10-19","60-69","30-39"],"SERIES_NAME":["MALE","MALE","FEMALE","MALE","FEMALE","FEMALE","FEMALE","FEMALE","FEMALE","FEMALE","MALE","MALE","FEMALE","FEMALE","MALE","MALE","MALE","FEMALE","MALE","MALE"],"X_CALENDAR_YEAR":[2019,2019,2019,2019,2019,2019,2019,2019,2019,2019,2019,2019,2019,2019,2019,2019,2019,2019,2019,2019],"Y_PREVALENCE_1000PP":[26.62622,25.25157,28.10372,29.64779,31.20244,26.86421,29.39481,28.55103,27.31327,29.83692,25.81781,28.71342,22.81432,29.65923,26.21083,25.74228,27.26856,29.29602,26.34615,27.28351]},"PREVALENCE_BY_MONTH":{"X_CALENDAR_MONTH":[201901,201902,201903,201904,201905,201906,201907,201908,201909,201910,201911,201912],"Y_PREVALENCE_1000PP":[3.83,1.6,1.61,3.67,1.6,1.39,4.1,1.39,1.72,4.01,1.38,1.45]},"PROCEDURE_FREQUENCY_DISTRIBUTION":{"Y_NUM_PERSONS":[3,0],"X_COUNT":[4,8]},"PROCEDURES_BY_TYPE":{"CONCEPT_NAME":"Claim","COUNT_VALUE":11112},"AGE_AT_FIRST_OCCURRENCE":{"CATEGORY":["FEMALE","No matching concept","MALE"],"MIN_VALUE":[0,1,0],"P10_VALUE":[9,10,9],"P25_VALUE":[25,27,23],"MEDIAN_VALUE":[46,40,44],"P75_VALUE":[64,54,63],"P90_VALUE":[77,73,77],"MAX_VALUE":[99,94,99]}}
