{"PREVALENCE_BY_GENDER_AGE_YEAR":{"TRELLIS_NAME":["40-49","30-39","50-59","10-19","20-29","20-29","10-19","50-59","60-69","40-49","60-69"],"SERIES_NAME":["MALE","MALE","MALE","FEMALE","MALE","FEMALE","MALE","FEMALE","MALE","FEMALE","FEMALE"],"X_CALENDAR_YEAR":[2019,2019,2019,2019,2019,2019,2019,2019,2019,2019,2019],"Y_PREVALENCE_1000PP":[1.31521,1.18846,1.6148,1.96721,1.51464,1.33511,3.21396,2.0284,1.54679,1.71551,1.32375]},"PREVALENCE_BY_MONTH":{"X_CALENDAR_MONTH":[201901,201902,201903,201904,201905,201906,201907,201908,201909,201910,201911],"Y_PREVALENCE_1000PP":[0.14,0.12,0.06,0.19,0.09,0.07,0.22,0.09,0.09,0.2,0.08]},"PROCEDURE_FREQUENCY_DISTRIBUTION":{"Y_NUM_PERSONS":0,"X_COUNT":1},"PROCEDURES_BY_TYPE":{"CONCEPT_NAME":"Claim","COUNT_VALUE":140},"AGE_AT_FIRST_OCCURRENCE":{"CATEGORY":["MALE","FEMALE"],"MIN_VALUE":[0,0],"P10_VALUE":[10,14],"P25_VALUE":[19,25],"MEDIAN_VALUE":[38,44],"P75_VALUE":[57,59],"P90_VALUE":[69,74],"MAX_VALUE":[83,92]}}
