{"PREVALENCE_BY_GENDER_AGE_YEAR":{"TRELLIS_NAME":["60-69","20-29","60-69","0-9","40-49"],"SERIES_NAME":["FEMALE","MALE","MALE","FEMALE","MALE"],"X_CALENDAR_YEAR":[2019,2019,2019,2019,2019],"Y_PREVALENCE_1000PP":[1.33181,1.17964,1.53846,1.47244,1.31637]},"PREVALENCE_BY_MONTH":{"X_CALENDAR_MONTH":[201901,201902,201903,201905,201906,201907,201908,201910,201912],"Y_PREVALENCE_1000PP":[0.11,0.07,0.06,0.07,0.06,0.08,0.07,0.07,0.13]},"PROCEDURE_FREQUENCY_DISTRIBUTION":{"Y_NUM_PERSONS":0,"X_COUNT":4},"PROCEDURES_BY_TYPE":{"CONCEPT_NAME":"Claim","COUNT_VALUE":348},"AGE_AT_FIRST_OCCURRENCE":{"CATEGORY":["MALE","FEMALE"],"MIN_VALUE":[0,0],"P10_VALUE":[11,5],"P25_VALUE":[22,12],"MEDIAN_VALUE":[44,40],"P75_VALUE":[67,61],"P90_VALUE":[76,79],"MAX_VALUE":[94,96]}}
