{"PREVALENCE_BY_GENDER_AGE_YEAR":{"TRELLIS_NAME":["10-19","30-39","50-59","50-59","90-99","80-89","10-19","0-9","60-69","0-9","90-99","60-69","70-79","40-49","20-29","40-49","80-89","20-29","70-79","30-39"],"SERIES_NAME":["FEMALE","FEMALE","FEMALE","MALE","FEMALE","MALE","MALE","FEMALE","FEMALE","MALE","MALE","MALE","MALE","FEMALE","MALE","MALE","FEMALE","FEMALE","FEMALE","MALE"],"X_CALENDAR_YEAR":[2019,2019,2019,2019,2019,2019,2019,2019,2019,2019,2019,2019,2019,2019,2019,2019,2019,2019,2019,2019],"Y_PREVALENCE_1000PP":[19.01639,16.74524,15.35787,20.40517,16.65741,15.46107,15.15152,20,21.55825,20.26726,16.04585,14.50116,15.21491,15.4396,20.02693,17.97457,19.60784,16.85581,15.16553,17.48727]},"PREVALENCE_BY_MONTH":{"X_CALENDAR_MONTH":[201901,201902,201903,201904,201905,201906,201907,201908,201909,201910,201911,201912],"Y_PREVALENCE_1000PP":[2.12,1.04,1.16,2.22,1.08,1.12,2.2,0.99,1.3,2.12,1.09,1.15]},"PROCEDURE_FREQUENCY_DISTRIBUTION":{"Y_NUM_PERSONS":[2,0],"X_COUNT":[1,2]},"PROCEDURES_BY_TYPE":{"CONCEPT_NAME":"Claim","COUNT_VALUE":1759},"AGE_AT_FIRST_OCCURRENCE":{"CATEGORY":["MALE","FEMALE","No matching concept"],"MIN_VALUE":[0,0,2],"P10_VALUE":[9,8,10],"P25_VALUE":[24,23,30],"MEDIAN_VALUE":[44,44,50],"P75_VALUE":[59,63,71],"P90_VALUE":[75,78,81],"MAX_VALUE":[99,99,98]}}
