{"PREVALENCE_BY_GENDER_AGE_YEAR":{"TRELLIS_NAME":["10-19","70-79","20-29","40-49","90-99","60-69","30-39","90-99","70-79","30-39","0-9","50-59","0-9","60-69","40-49","80-89","80-89","20-29","50-59","10-19"],"SERIES_NAME":["FEMALE","MALE","FEMALE","FEMALE","MALE","MALE","MALE","FEMALE","FEMALE","FEMALE","FEMALE","MALE","MALE","FEMALE","MALE","FEMALE","MALE","MALE","FEMALE","MALE"],"X_CALENDAR_YEAR":[2019,2019,2019,2019,2019,2019,2019,2019,2019,2019,2019,2019,2019,2019,2019,2019,2019,2019,2019,2019],"Y_PREVALENCE_1000PP":[6.12022,6.27615,7.17623,6.57613,6.30372,5.02707,6.28183,6.66297,6.65804,7.64103,5.68421,5.72519,7.12695,5.86233,8.32968,5.19031,6.62617,3.87075,6.37496,5.28007]},"PREVALENCE_BY_MONTH":{"X_CALENDAR_MONTH":[201901,201902,201903,201904,201905,201906,201907,201908,201909,201910,201911,201912],"Y_PREVALENCE_1000PP":[0.83,0.35,0.31,0.86,0.3,0.32,1.07,0.33,0.3,0.88,0.34,0.34]},"PROCEDURE_FREQUENCY_DISTRIBUTION":{"Y_NUM_PERSONS":1,"X_COUNT":1},"PROCEDURES_BY_TYPE":{"CONCEPT_NAME":"Claim","COUNT_VALUE":623},"AGE_AT_FIRST_OCCURRENCE":{"CATEGORY":["FEMALE","MALE"],"MIN_VALUE":[0,0],"P10_VALUE":[11,9],"P25_VALUE":[25,28],"MEDIAN_VALUE":[44,45],"P75_VALUE":[62,62],"P90_VALUE":[76,76],"MAX_VALUE":[99,98]}}
