{"PREVALENCE_BY_GENDER_AGE_YEAR":{"TRELLIS_NAME":["90-99","90-99","0-9","60-69","30-39","30-39","80-89","50-59","60-69","20-29","70-79","20-29","70-79","50-59","80-89","10-19","40-49","40-49","0-9","10-19"],"SERIES_NAME":["MALE","FEMALE","FEMALE","MALE","FEMALE","MALE","FEMALE","MALE","FEMALE","MALE","FEMALE","FEMALE","MALE","FEMALE","MALE","FEMALE","FEMALE","MALE","MALE","MALE"],"X_CALENDAR_YEAR":[2019,2019,2019,2019,2019,2019,2019,2019,2019,2019,2019,2019,2019,2019,2019,2019,2019,2019,2019,2019],"Y_PREVALENCE_1000PP":[9.74212,6.10772,5.47368,10.05414,8.94164,7.97963,8.07382,7.04639,8.13162,8.07809,8.1376,9.17891,9.88969,7.82382,8.28272,8.74317,9.29235,7.89128,11.13586,8.03489]},"PREVALENCE_BY_MONTH":{"X_CALENDAR_MONTH":[201901,201902,201903,201904,201905,201906,201907,201908,201909,201910,201911,201912],"Y_PREVALENCE_1000PP":[0.62,0.86,0.72,0.79,0.68,0.6,0.73,0.76,0.83,0.61,0.7,0.65]},"PROCEDURE_FREQUENCY_DISTRIBUTION":{"Y_NUM_PERSONS":[1,0],"X_COUNT":[1,2]},"PROCEDURES_BY_TYPE":{"CONCEPT_NAME":"Claim","COUNT_VALUE":856},"AGE_AT_FIRST_OCCURRENCE":{"CATEGORY":["FEMALE","MALE","No matching concept"],"MIN_VALUE":[0,0,0],"P10_VALUE":[14,7,6],"P25_VALUE":[26,23,25],"MEDIAN_VALUE":[45,45,40],"P75_VALUE":[62,65,51],"P90_VALUE":[75,77,77],"MAX_VALUE":[99,99,92]}}
