{"PREVALENCE_BY_GENDER_AGE_YEAR":{"TRELLIS_NAME":["10-19","70-79","30-39","0-9","20-29","50-59","0-9","20-29","40-49","40-49","60-69","70-79","80-89","50-59"],"SERIES_NAME":["MALE","MALE","MALE","MALE","FEMALE","FEMALE","FEMALE","MALE","FEMALE","MALE","MALE","FEMALE","MALE","MALE"],"X_CALENDAR_YEAR":[2019,2019,2019,2019,2019,2019,2019,2019,2019,2019,2019,2019,2019,2019],"Y_PREVALENCE_1000PP":[1.37741,1.14112,1.35823,1.78174,1.16822,1.44886,1.26316,1.17805,1.28663,1.60748,1.54679,1.29462,3.31309,1.3212]},"PREVALENCE_BY_MONTH":{"X_CALENDAR_MONTH":[201901,201903,201904,201905,201906,201907,201908,201909,201910,201911,201912],"Y_PREVALENCE_1000PP":[0.12,0.14,0.15,0.08,0.1,0.2,0.08,0.06,0.18,0.07,0.08]},"PROCEDURE_FREQUENCY_DISTRIBUTION":{"Y_NUM_PERSONS":0,"X_COUNT":1},"PROCEDURES_BY_TYPE":{"CONCEPT_NAME":"Claim","COUNT_VALUE":131},"AGE_AT_FIRST_OCCURRENCE":{"CATEGORY":["FEMALE","MALE"],"MIN_VALUE":[2,1],"P10_VALUE":[9,9],"P25_VALUE":[20,26],"MEDIAN_VALUE":[45,45],"P75_VALUE":[58,63],"P90_VALUE":[73,84],"MAX_VALUE":[89,99]}}
