{"PREVALENCE_BY_GENDER_AGE_YEAR":{"TRELLIS_NAME":["90-99","30-39","60-69","50-59","30-39","40-49","20-29","60-69","50-59","70-79","40-49","10-19","10-19","0-9"],"SERIES_NAME":["MALE","FEMALE","FEMALE","FEMALE","MALE","MALE","FEMALE","MALE","MALE","FEMALE","FEMALE","FEMALE","MALE","FEMALE"],"X_CALENDAR_YEAR":[2019,2019,2019,2019,2019,2019,2019,2019,2019,2019,2019,2019,2019,2019],"Y_PREVALENCE_1000PP":[3.4384,1.46318,2.83661,1.88351,1.69779,1.02294,1.33511,1.16009,1.1744,1.47956,1.57255,1.74863,1.37741,1.47368]},"PREVALENCE_BY_MONTH":{"X_CALENDAR_MONTH":[201901,201904,201905,201906,201907,201908,201910,201911],"Y_PREVALENCE_1000PP":[0.25,0.23,0.06,0.11,0.22,0.07,0.24,0.06]},"PROCEDURE_FREQUENCY_DISTRIBUTION":{"Y_NUM_PERSONS":0,"X_COUNT":1},"PROCEDURES_BY_TYPE":{"CONCEPT_NAME":"Claim","COUNT_VALUE":141},"AGE_AT_FIRST_OCCURRENCE":{"CATEGORY":["MALE","FEMALE"],"MIN_VALUE":[1,0],"P10_VALUE":[11,13],"P25_VALUE":[33,26],"MEDIAN_VALUE":[48,44],"P75_VALUE":[64,64],"P90_VALUE":[93,71],"MAX_VALUE":[98,97]}}
