{"PREVALENCE_BY_GENDER_AGE_YEAR":{"TRELLIS_NAME":["30-39","20-29","40-49","20-29","30-39","60-69"],"SERIES_NAME":["FEMALE","MALE","MALE","FEMALE","MALE","FEMALE"],"X_CALENDAR_YEAR":[2019,2019,2019,2019,2019,2019],"Y_PREVALENCE_1000PP":[1.62575,1.17805,1.02294,1.00134,1.35823,1.13464]},"PREVALENCE_BY_MONTH":{"X_CALENDAR_MONTH":[201901,201903,201904,201905,201907,201908,201910,201912],"Y_PREVALENCE_1000PP":[0.11,0.07,0.08,0.07,0.11,0.1,0.13,0.08]},"PROCEDURE_FREQUENCY_DISTRIBUTION":{"Y_NUM_PERSONS":0,"X_COUNT":1},"PROCEDURES_BY_TYPE":{"CONCEPT_NAME":"Claim","COUNT_VALUE":93},"AGE_AT_FIRST_OCCURRENCE":{"CATEGORY":["MALE","FEMALE"],"MIN_VALUE":[2,1],"P10_VALUE":[16,12],"P25_VALUE":[27,26],"MEDIAN_VALUE":[39,40],"P75_VALUE":[55,66],"P90_VALUE":[74,83],"MAX_VALUE":[91,98]}}
