{"PREVALENCE_BY_GENDER_AGE_YEAR":{"TRELLIS_NAME":["50-59","60-69","80-89","20-29","50-59","10-19","10-19","40-49","30-39","0-9","60-69","70-79","30-39","80-89","0-9","20-29"],"SERIES_NAME":["MALE","MALE","FEMALE","MALE","FEMALE","FEMALE","MALE","MALE","MALE","FEMALE","FEMALE","FEMALE","FEMALE","MALE","MALE","FEMALE"],"X_CALENDAR_YEAR":[2019,2019,2019,2019,2019,2019,2019,2019,2019,2019,2019,2019,2019,2019,2019,2019],"Y_PREVALENCE_1000PP":[1.17354,2.11538,3.45821,3.37041,1.44865,2.4049,2.29148,1.02384,1.52517,1.89314,2.66362,2.40919,1.13969,3.31309,1.56041,1.99833]},"PREVALENCE_BY_MONTH":{"X_CALENDAR_MONTH":[201901,201902,201903,201904,201905,201906,201907,201908,201909,201910,201911,201912],"Y_PREVALENCE_1000PP":[0.17,0.15,0.22,0.12,0.12,0.11,0.2,0.17,0.11,0.18,0.06,0.17]},"PROCEDURE_FREQUENCY_DISTRIBUTION":{"Y_NUM_PERSONS":0,"X_COUNT":4},"PROCEDURES_BY_TYPE":{"CONCEPT_NAME":"Claim","COUNT_VALUE":712},"AGE_AT_FIRST_OCCURRENCE":{"CATEGORY":["FEMALE","MALE"],"MIN_VALUE":[0,0],"P10_VALUE":[8,10],"P25_VALUE":[26,20],"MEDIAN_VALUE":[52,37],"P75_VALUE":[68,67],"P90_VALUE":[80,82],"MAX_VALUE":[96,94]}}
