{"PREVALENCE_BY_GENDER_AGE_YEAR":{"TRELLIS_NAME":["80-89","20-29","60-69","10-19","50-59","0-9","80-89","30-39","20-29","10-19","90-99","60-69","40-49","30-39","40-49","0-9","50-59","90-99","70-79","70-79"],"SERIES_NAME":["FEMALE","FEMALE","MALE","FEMALE","FEMALE","FEMALE","MALE","FEMALE","MALE","MALE","FEMALE","FEMALE","MALE","MALE","FEMALE","MALE","MALE","MALE","MALE","FEMALE"],"X_CALENDAR_YEAR":[2019,2019,2019,2019,2019,2019,2019,2019,2019,2019,2019,2019,2019,2019,2019,2019,2019,2019,2019,2019],"Y_PREVALENCE_1000PP":[15.56196,23.98002,23.84615,24.70485,21.87455,23.76946,18.77416,21.32856,19.88541,22.45646,25.64103,21.87976,22.5245,22.70802,23.5546,22.73741,22.2972,29.05983,24.1124,22.2387]},"PREVALENCE_BY_MONTH":{"X_CALENDAR_MONTH":[201901,201902,201903,201904,201905,201906,201907,201908,201909,201910,201911,201912],"Y_PREVALENCE_1000PP":[2.87,1.07,1.36,3.21,1.36,1.3,3.23,1.2,1.12,3.22,1.21,1.62]},"PROCEDURE_FREQUENCY_DISTRIBUTION":{"Y_NUM_PERSONS":[2,0],"X_COUNT":[4,8]},"PROCEDURES_BY_TYPE":{"CONCEPT_NAME":"Claim","COUNT_VALUE":9120},"AGE_AT_FIRST_OCCURRENCE":{"CATEGORY":["MALE","FEMALE","No matching concept"],"MIN_VALUE":[0,0,8],"P10_VALUE":[10,9,15],"P25_VALUE":[25,22,21],"MEDIAN_VALUE":[46,43,40],"P75_VALUE":[65,62,60],"P90_VALUE":[78,76,74],"MAX_VALUE":[99,99,95]}}
