{"PREVALENCE_BY_GENDER_AGE_YEAR":{"TRELLIS_NAME":["90-99","80-89","60-69","20-29","40-49","20-29","30-39","50-59","80-89","50-59","70-79","10-19","60-69","70-79","40-49","90-99","10-19","0-9","30-39","0-9"],"SERIES_NAME":["FEMALE","MALE","FEMALE","MALE","MALE","FEMALE","MALE","MALE","FEMALE","FEMALE","MALE","FEMALE","MALE","FEMALE","FEMALE","MALE","MALE","MALE","FEMALE","FEMALE"],"X_CALENDAR_YEAR":[2019,2019,2019,2019,2019,2019,2019,2019,2019,2019,2019,2019,2019,2019,2019,2019,2019,2019,2019,2019],"Y_PREVALENCE_1000PP":[4.99722,3.86527,4.34947,4.71222,5.55312,4.6729,4.0747,3.66999,4.61361,6.08519,4.1841,7.21311,5.80046,3.88385,3.57398,3.4384,4.59137,4.00891,6.17786,4.63158]},"PREVALENCE_BY_MONTH":{"X_CALENDAR_MONTH":[201901,201902,201903,201904,201905,201906,201907,201908,201909,201910,201911,201912],"Y_PREVALENCE_1000PP":[0.33,0.4,0.41,0.46,0.45,0.42,0.49,0.32,0.3,0.47,0.29,0.44]},"PROCEDURE_FREQUENCY_DISTRIBUTION":{"Y_NUM_PERSONS":0,"X_COUNT":1},"PROCEDURES_BY_TYPE":{"CONCEPT_NAME":"Claim","COUNT_VALUE":478},"AGE_AT_FIRST_OCCURRENCE":{"CATEGORY":["FEMALE","No matching concept","MALE"],"MIN_VALUE":[0,3,0],"P10_VALUE":[12,3,10],"P25_VALUE":[23,40,24],"MEDIAN_VALUE":[41,57,44],"P75_VALUE":[59,71,62],"P90_VALUE":[76,75,76],"MAX_VALUE":[99,75,99]}}
