{"PREVALENCE_BY_GENDER_AGE_YEAR":{"TRELLIS_NAME":["20-29","50-59","40-49","60-69","30-39","50-59","20-29","60-69","30-39","70-79","10-19","40-49"],"SERIES_NAME":["MALE","FEMALE","FEMALE","FEMALE","MALE","MALE","FEMALE","MALE","FEMALE","MALE","MALE","MALE"],"X_CALENDAR_YEAR":[2019,2019,2019,2019,2019,2019,2019,2019,2019,2019,2019,2019],"Y_PREVALENCE_1000PP":[1.51464,1.44886,1.42959,1.51286,1.35823,0.8808,1.83578,2.12684,1.9509,1.14112,1.60698,1.89975]},"PREVALENCE_BY_MONTH":{"X_CALENDAR_MONTH":[201901,201902,201903,201904,201905,201907,201908,201909,201910,201911,201912],"Y_PREVALENCE_1000PP":[0.22,0.06,0.08,0.2,0.09,0.2,0.09,0.07,0.21,0.08,0.09]},"PROCEDURE_FREQUENCY_DISTRIBUTION":{"Y_NUM_PERSONS":0,"X_COUNT":1},"PROCEDURES_BY_TYPE":{"CONCEPT_NAME":"Claim","COUNT_VALUE":143},"AGE_AT_FIRST_OCCURRENCE":{"CATEGORY":["MALE","FEMALE"],"MIN_VALUE":[4,1],"P10_VALUE":[16,14],"P25_VALUE":[28,28],"MEDIAN_VALUE":[47,42],"P75_VALUE":[65,65],"P90_VALUE":[88,75],"MAX_VALUE":[98,96]}}
