{"PREVALENCE_BY_GENDER_AGE_YEAR":{"TRELLIS_NAME":["50-59","90-99","20-29","10-19","20-29","0-9","80-89","30-39","30-39","70-79","90-99","40-49","50-59","60-69","40-49","10-19","80-89","60-69","0-9","70-79"],"SERIES_NAME":["MALE","MALE","FEMALE","FEMALE","MALE","MALE","MALE","FEMALE","MALE","MALE","FEMALE","FEMALE","FEMALE","MALE","MALE","MALE","FEMALE","FEMALE","FEMALE","FEMALE"],"X_CALENDAR_YEAR":[2019,2019,2019,2019,2019,2019,2019,2019,2019,2019,2019,2019,2019,2019,2019,2019,2019,2019,2019,2019],"Y_PREVALENCE_1000PP":[106.72343,116.33238,108.31108,110.60109,106.86637,114.69933,108.77968,110.0634,112.56367,104.60251,105.49695,109.07791,108.95393,110.98221,102.87885,100.55096,101.49942,118.19213,106.10526,111.33716]},"PREVALENCE_BY_MONTH":{"X_CALENDAR_MONTH":[201901,201902,201903,201904,201905,201906,201907,201908,201909,201910,201911,201912],"Y_PREVALENCE_1000PP":[16.55,5.96,6.48,14.9,6.58,5.84,16.48,6.42,6.22,16.04,6.25,6.56]},"PROCEDURE_FREQUENCY_DISTRIBUTION":{"Y_NUM_PERSONS":[11,1,0],"X_COUNT":[1,2,3]},"PROCEDURES_BY_TYPE":{"CONCEPT_NAME":"Claim","COUNT_VALUE":11485},"AGE_AT_FIRST_OCCURRENCE":{"CATEGORY":["MALE","FEMALE","No matching concept"],"MIN_VALUE":[0,0,0],"P10_VALUE":[10,10,10],"P25_VALUE":[25,25,24],"MEDIAN_VALUE":[45,45,46],"P75_VALUE":[63,63,61],"P90_VALUE":[77,76,78],"MAX_VALUE":[99,99,99]}}
