{"PREVALENCE_BY_GENDER_AGE_YEAR":{"TRELLIS_NAME":["30-39","10-19","50-59","50-59","20-29","70-79","20-29","40-49","60-69","0-9","40-49","10-19","70-79","60-69","30-39"],"SERIES_NAME":["FEMALE","MALE","MALE","FEMALE","FEMALE","FEMALE","MALE","FEMALE","MALE","FEMALE","MALE","FEMALE","MALE","FEMALE","MALE"],"X_CALENDAR_YEAR":[2019,2019,2019,2019,2019,2019,2019,2019,2019,2019,2019,2019,2019,2019,2019],"Y_PREVALENCE_1000PP":[2.27939,2.97892,2.78715,2.31783,2.83097,2.22387,2.69633,1.57031,3.84615,3.99663,2.92526,3.27941,3.41751,1.90259,2.54194]},"PREVALENCE_BY_MONTH":{"X_CALENDAR_MONTH":[201901,201902,201903,201904,201905,201906,201907,201908,201909,201910,201911,201912],"Y_PREVALENCE_1000PP":[0.23,0.23,0.15,0.23,0.26,0.21,0.26,0.18,0.19,0.15,0.24,0.21]},"PROCEDURE_FREQUENCY_DISTRIBUTION":{"Y_NUM_PERSONS":0,"X_COUNT":4},"PROCEDURES_BY_TYPE":{"CONCEPT_NAME":"Claim","COUNT_VALUE":1016},"AGE_AT_FIRST_OCCURRENCE":{"CATEGORY":["MALE","FEMALE"],"MIN_VALUE":[0,0],"P10_VALUE":[16,5],"P25_VALUE":[27,17],"MEDIAN_VALUE":[48,38],"P75_VALUE":[66,58],"P90_VALUE":[75,75],"MAX_VALUE":[95,93]}}
