{"PREVALENCE_BY_GENDER_AGE_YEAR":{"TRELLIS_NAME":["80-89","0-9","30-39","60-69","10-19","50-59","40-49","70-79","20-29","70-79","80-89","60-69","40-49","0-9","50-59","20-29","30-39","90-99","10-19","90-99"],"SERIES_NAME":["FEMALE","FEMALE","MALE","MALE","FEMALE","MALE","FEMALE","FEMALE","MALE","MALE","MALE","FEMALE","MALE","MALE","FEMALE","FEMALE","FEMALE","MALE","MALE","FEMALE"],"X_CALENDAR_YEAR":[2019,2019,2019,2019,2019,2019,2019,2019,2019,2019,2019,2019,2019,2019,2019,2019,2019,2019,2019,2019],"Y_PREVALENCE_1000PP":[8.07382,7.36842,9.67742,11.40758,7.43169,6.16559,8.00572,7.76771,8.58297,7.79764,8.8349,8.13162,10.22943,9.57684,7.9687,9.51268,8.29133,8.59599,9.18274,8.88395]},"PREVALENCE_BY_MONTH":{"X_CALENDAR_MONTH":[201901,201902,201903,201904,201905,201906,201907,201908,201909,201910,201911,201912],"Y_PREVALENCE_1000PP":[1.43,0.4,0.44,1.22,0.4,0.47,1.22,0.47,0.49,1,0.64,0.34]},"PROCEDURE_FREQUENCY_DISTRIBUTION":{"Y_NUM_PERSONS":1,"X_COUNT":1},"PROCEDURES_BY_TYPE":{"CONCEPT_NAME":"Claim","COUNT_VALUE":852},"AGE_AT_FIRST_OCCURRENCE":{"CATEGORY":["No matching concept","FEMALE","MALE"],"MIN_VALUE":[13,0,0],"P10_VALUE":[13,11,10],"P25_VALUE":[38,24,24],"MEDIAN_VALUE":[55,44,44],"P75_VALUE":[65,63,63],"P90_VALUE":[75,77,76],"MAX_VALUE":[94,98,98]}}
