{"PREVALENCE_BY_GENDER_AGE_YEAR":{"TRELLIS_NAME":["70-79","60-69","40-49","90-99","20-29","70-79","30-39","60-69","80-89","50-59","90-99","40-49","10-19","0-9","50-59","20-29","80-89","10-19","30-39","0-9"],"SERIES_NAME":["MALE","FEMALE","MALE","MALE","MALE","FEMALE","MALE","MALE","FEMALE","FEMALE","FEMALE","FEMALE","FEMALE","FEMALE","MALE","FEMALE","MALE","MALE","FEMALE","MALE"],"X_CALENDAR_YEAR":[2019,2019,2019,2019,2019,2019,2019,2019,2019,2019,2019,2019,2019,2019,2019,2019,2019,2019,2019,2019],"Y_PREVALENCE_1000PP":[37.02297,41.66667,40.22232,37.60684,39.43377,40.58562,38.12913,36.34615,36.31124,35.34695,37.34671,35.54604,31.26366,37.6525,37.25979,40.29975,33.68305,36.43446,39.72647,39.45609]},"PREVALENCE_BY_MONTH":{"X_CALENDAR_MONTH":[201901,201902,201903,201904,201905,201906,201907,201908,201909,201910,201911,201912],"Y_PREVALENCE_1000PP":[5.72,1.7,2.1,5.46,2.2,1.88,5.6,2.2,2.04,5.76,2,2.06]},"PROCEDURE_FREQUENCY_DISTRIBUTION":{"Y_NUM_PERSONS":[4,0],"X_COUNT":[4,8]},"PROCEDURES_BY_TYPE":{"CONCEPT_NAME":"Claim","COUNT_VALUE":15516},"AGE_AT_FIRST_OCCURRENCE":{"CATEGORY":["FEMALE","MALE","No matching concept"],"MIN_VALUE":[0,0,0],"P10_VALUE":[10,10,6],"P25_VALUE":[26,25,24],"MEDIAN_VALUE":[44,44,37],"P75_VALUE":[63,62,58],"P90_VALUE":[76,77,76],"MAX_VALUE":[99,99,91]}}
