{"PREVALENCE_BY_GENDER_AGE_YEAR":{"TRELLIS_NAME":["90-99","40-49","60-69","60-69","30-39","70-79","70-79","80-89","10-19","30-39","90-99","10-19","50-59","50-59","80-89","20-29","40-49","0-9","0-9","20-29"],"SERIES_NAME":["FEMALE","FEMALE","MALE","FEMALE","FEMALE","FEMALE","MALE","FEMALE","MALE","MALE","MALE","FEMALE","FEMALE","MALE","MALE","MALE","MALE","FEMALE","MALE","FEMALE"],"X_CALENDAR_YEAR":[2019,2019,2019,2019,2019,2019,2019,2019,2019,2019,2019,2019,2019,2019,2019,2019,2019,2019,2019,2019],"Y_PREVALENCE_1000PP":[3.33148,5.43245,2.90023,5.1059,5.85271,4.62364,5.13503,7.49712,5.28007,2.71647,6.87679,2.62295,3.0426,3.52319,6.62617,5.72198,3.21496,5.89474,4.23163,4.33912]},"PREVALENCE_BY_MONTH":{"X_CALENDAR_MONTH":[201901,201902,201903,201904,201905,201906,201907,201908,201909,201910,201911,201912],"Y_PREVALENCE_1000PP":[0.77,0.14,0.27,0.63,0.32,0.23,0.64,0.2,0.25,0.58,0.19,0.24]},"PROCEDURE_FREQUENCY_DISTRIBUTION":{"Y_NUM_PERSONS":0,"X_COUNT":1},"PROCEDURES_BY_TYPE":{"CONCEPT_NAME":"Claim","COUNT_VALUE":446},"AGE_AT_FIRST_OCCURRENCE":{"CATEGORY":["MALE","No matching concept","FEMALE"],"MIN_VALUE":[0,4,0],"P10_VALUE":[10,4,8],"P25_VALUE":[22,14,27],"MEDIAN_VALUE":[44,31,43],"P75_VALUE":[69,49,64],"P90_VALUE":[81,98,78],"MAX_VALUE":[99,98,99]}}
