{"PREVALENCE_BY_GENDER_AGE_YEAR":{"TRELLIS_NAME":["60-69","20-29","50-59","70-79","10-19","50-59","30-39"],"SERIES_NAME":["FEMALE","FEMALE","MALE","FEMALE","MALE","FEMALE","MALE"],"X_CALENDAR_YEAR":[2019,2019,2019,2019,2019,2019,2019],"Y_PREVALENCE_1000PP":[1.13464,1.502,0.8808,1.29462,1.37741,1.15908,1.01868]},"PREVALENCE_BY_MONTH":{"X_CALENDAR_MONTH":[201901,201903,201904,201905,201906,201907,201908,201910,201912],"Y_PREVALENCE_1000PP":[0.15,0.08,0.11,0.08,0.06,0.11,0.06,0.06,0.1]},"PROCEDURE_FREQUENCY_DISTRIBUTION":{"Y_NUM_PERSONS":0,"X_COUNT":1},"PROCEDURES_BY_TYPE":{"CONCEPT_NAME":"Claim","COUNT_VALUE":92},"AGE_AT_FIRST_OCCURRENCE":{"CATEGORY":["MALE","FEMALE"],"MIN_VALUE":[0,1],"P10_VALUE":[13,16],"P25_VALUE":[24,27],"MEDIAN_VALUE":[44,49],"P75_VALUE":[62,67],"P90_VALUE":[73,77],"MAX_VALUE":[88,99]}}
