{"PREVALENCE_BY_GENDER_AGE_YEAR":{"TRELLIS_NAME":["90-99","10-19","90-99","60-69","70-79","30-39","40-49","0-9","80-89","60-69","0-9","70-79","20-29","80-89","50-59","30-39","50-59","20-29","40-49","10-19"],"SERIES_NAME":["FEMALE","FEMALE","MALE","FEMALE","FEMALE","MALE","MALE","MALE","FEMALE","MALE","FEMALE","MALE","FEMALE","MALE","MALE","FEMALE","FEMALE","MALE","FEMALE","MALE"],"X_CALENDAR_YEAR":[2019,2019,2019,2019,2019,2019,2019,2019,2019,2019,2019,2019,2019,2019,2019,2019,2019,2019,2019,2019],"Y_PREVALENCE_1000PP":[148.25097,144.04372,143.83954,143.91074,148.32624,143.29372,142.91977,141.64811,146.48212,136.3109,142.31579,141.68886,135.01335,144.11927,138.72578,137.53861,143.43669,141.70313,148.67763,139.57759]},"PREVALENCE_BY_MONTH":{"X_CALENDAR_MONTH":[201901,201902,201903,201904,201905,201906,201907,201908,201909,201910,201911,201912],"Y_PREVALENCE_1000PP":[21.83,7.48,8.68,22.46,8,7.88,21.86,8.46,7.86,21.92,7.33,8.37]},"PROCEDURE_FREQUENCY_DISTRIBUTION":{"Y_NUM_PERSONS":[14,1,0],"X_COUNT":[1,2,3]},"PROCEDURES_BY_TYPE":{"CONCEPT_NAME":"Claim","COUNT_VALUE":15337},"AGE_AT_FIRST_OCCURRENCE":{"CATEGORY":["MALE","FEMALE","No matching concept"],"MIN_VALUE":[0,0,0],"P10_VALUE":[10,10,10],"P25_VALUE":[25,25,29],"MEDIAN_VALUE":[44,45,47],"P75_VALUE":[63,63,65],"P90_VALUE":[77,77,79],"MAX_VALUE":[99,99,99]}}
