{"PREVALENCE_BY_GENDER_AGE_YEAR":{"TRELLIS_NAME":["0-9","70-79","10-19","40-49","40-49","20-29","60-69","0-9","50-59","30-39","30-39"],"SERIES_NAME":["FEMALE","MALE","MALE","MALE","FEMALE","MALE","MALE","MALE","MALE","MALE","FEMALE"],"X_CALENDAR_YEAR":[2019,2019,2019,2019,2019,2019,2019,2019,2019,2019,2019],"Y_PREVALENCE_1000PP":[1.47368,1.90186,2.75482,1.46135,2.14439,1.51464,1.93349,1.3363,1.468,1.69779,1.62575]},"PREVALENCE_BY_MONTH":{"X_CALENDAR_MONTH":[201901,201902,201903,201904,201906,201907,201908,201909,201910,201911,201912],"Y_PREVALENCE_1000PP":[0.2,0.08,0.07,0.17,0.08,0.25,0.09,0.07,0.25,0.09,0.09]},"PROCEDURE_FREQUENCY_DISTRIBUTION":{"Y_NUM_PERSONS":0,"X_COUNT":1},"PROCEDURES_BY_TYPE":{"CONCEPT_NAME":"Claim","COUNT_VALUE":148},"AGE_AT_FIRST_OCCURRENCE":{"CATEGORY":["FEMALE","MALE"],"MIN_VALUE":[0,0],"P10_VALUE":[4,12],"P25_VALUE":[25,25],"MEDIAN_VALUE":[41,43],"P75_VALUE":[54,67],"P90_VALUE":[85,76],"MAX_VALUE":[97,95]}}
