{"PREVALENCE_BY_GENDER_AGE_YEAR":{"TRELLIS_NAME":["60-69","0-9","50-59","40-49","40-49","10-19","90-99","70-79","30-39","60-69","20-29","50-59","80-89","90-99","20-29","0-9","30-39","10-19","70-79","80-89"],"SERIES_NAME":["MALE","MALE","MALE","FEMALE","MALE","FEMALE","FEMALE","FEMALE","MALE","FEMALE","FEMALE","FEMALE","MALE","MALE","MALE","FEMALE","FEMALE","MALE","MALE","FEMALE"],"X_CALENDAR_YEAR":[2019,2019,2019,2019,2019,2019,2019,2019,2019,2019,2019,2019,2019,2019,2019,2019,2019,2019,2019,2019],"Y_PREVALENCE_1000PP":[57.88462,57.73518,57.5033,55.67452,58.94398,55.96852,56.85619,52.44626,57.10896,57.07763,55.95337,55.62799,59.08338,53.56125,56.11729,52.37695,53.89124,57.97434,57.71787,65.70605]},"PREVALENCE_BY_MONTH":{"X_CALENDAR_MONTH":[201901,201902,201903,201904,201905,201906,201907,201908,201909,201910,201911,201912],"Y_PREVALENCE_1000PP":[7.81,2.99,3.19,7.31,3.29,3.66,8.17,3.33,3.28,8.29,3.26,3.57]},"PROCEDURE_FREQUENCY_DISTRIBUTION":{"Y_NUM_PERSONS":[6,0],"X_COUNT":[4,8]},"PROCEDURES_BY_TYPE":{"CONCEPT_NAME":"Claim","COUNT_VALUE":23308},"AGE_AT_FIRST_OCCURRENCE":{"CATEGORY":["MALE","FEMALE","No matching concept"],"MIN_VALUE":[0,0,0],"P10_VALUE":[10,10,8],"P25_VALUE":[25,25,22],"MEDIAN_VALUE":[45,45,43],"P75_VALUE":[63,63,59],"P90_VALUE":[77,77,75],"MAX_VALUE":[99,99,94]}}
