{"PREVALENCE_BY_GENDER_AGE_YEAR":{"TRELLIS_NAME":["0-9","70-79","0-9","20-29","10-19","60-69","80-89","40-49","90-99","10-19","70-79","60-69","20-29","30-39","90-99","50-59","30-39","50-59","40-49","80-89"],"SERIES_NAME":["FEMALE","FEMALE","MALE","FEMALE","MALE","FEMALE","FEMALE","FEMALE","FEMALE","FEMALE","MALE","MALE","MALE","FEMALE","MALE","MALE","MALE","FEMALE","MALE","MALE"],"X_CALENDAR_YEAR":[2019,2019,2019,2019,2019,2019,2019,2019,2019,2019,2019,2019,2019,2019,2019,2019,2019,2019,2019,2019],"Y_PREVALENCE_1000PP":[12.4106,12.4166,12.7062,11.99001,11.68653,11.03501,12.68012,12.84797,15.60758,14.42938,12.15113,10.76923,12.63903,14.16477,10.82621,10.12175,12.37078,12.16862,11.99356,11.04362]},"PREVALENCE_BY_MONTH":{"X_CALENDAR_MONTH":[201901,201902,201903,201904,201905,201906,201907,201908,201909,201910,201911,201912],"Y_PREVALENCE_1000PP":[1.77,0.59,0.66,1.75,0.87,0.65,1.62,0.79,0.68,1.67,0.62,0.73]},"PROCEDURE_FREQUENCY_DISTRIBUTION":{"Y_NUM_PERSONS":1,"X_COUNT":4},"PROCEDURES_BY_TYPE":{"CONCEPT_NAME":"Claim","COUNT_VALUE":4960},"AGE_AT_FIRST_OCCURRENCE":{"CATEGORY":["FEMALE","MALE","No matching concept"],"MIN_VALUE":[0,0,3],"P10_VALUE":[11,9,20],"P25_VALUE":[24,24,30],"MEDIAN_VALUE":[43,44,55],"P75_VALUE":[62,62,72],"P90_VALUE":[76,77,78],"MAX_VALUE":[99,99,97]}}
