{"PREVALENCE_BY_GENDER_AGE_YEAR":{"TRELLIS_NAME":["50-59","90-99","40-49","60-69","0-9","20-29","90-99","10-19","0-9","70-79","30-39","40-49","60-69","20-29","80-89","10-19","30-39","80-89","50-59","70-79"],"SERIES_NAME":["FEMALE","MALE","MALE","FEMALE","FEMALE","MALE","FEMALE","MALE","MALE","MALE","MALE","FEMALE","MALE","FEMALE","FEMALE","FEMALE","FEMALE","MALE","MALE","FEMALE"],"X_CALENDAR_YEAR":[2019,2019,2019,2019,2019,2019,2019,2019,2019,2019,2019,2019,2019,2019,2019,2019,2019,2019,2019,2019],"Y_PREVALENCE_1000PP":[15.93741,12.03438,15.78255,14.18306,16,15.31471,14.43642,11.24885,11.35857,15.59528,15.78947,10.8649,13.72776,14.01869,14.99423,12.6776,12.03056,19.32634,16.29477,14.2408]},"PREVALENCE_BY_MONTH":{"X_CALENDAR_MONTH":[201901,201902,201903,201904,201905,201906,201907,201908,201909,201910,201911,201912],"Y_PREVALENCE_1000PP":[1.83,0.89,0.71,2.07,0.95,0.96,1.93,0.83,0.74,2.06,0.71,0.68]},"PROCEDURE_FREQUENCY_DISTRIBUTION":{"Y_NUM_PERSONS":[1,0],"X_COUNT":[1,2]},"PROCEDURES_BY_TYPE":{"CONCEPT_NAME":"Claim","COUNT_VALUE":1438},"AGE_AT_FIRST_OCCURRENCE":{"CATEGORY":["No matching concept","MALE","FEMALE"],"MIN_VALUE":[1,0,0],"P10_VALUE":[11,12,8],"P25_VALUE":[22,28,24],"MEDIAN_VALUE":[38,47,46],"P75_VALUE":[62,64,63],"P90_VALUE":[89,78,78],"MAX_VALUE":[98,98,99]}}
