{"PREVALENCE_BY_GENDER_AGE_YEAR":{"TRELLIS_NAME":["40-49","80-89","60-69","70-79","70-79","20-29","50-59","60-69"],"SERIES_NAME":["FEMALE","MALE","FEMALE","MALE","FEMALE","FEMALE","MALE","MALE"],"X_CALENDAR_YEAR":[2019,2019,2019,2019,2019,2019,2019,2019],"Y_PREVALENCE_1000PP":[1.00071,3.31309,1.13464,1.71168,2.0344,1.16822,1.0276,2.32019]},"PREVALENCE_BY_MONTH":{"X_CALENDAR_MONTH":[201901,201902,201903,201905,201906,201907,201908,201909,201910,201911,201912],"Y_PREVALENCE_1000PP":[0.09,0.1,0.08,0.11,0.13,0.08,0.06,0.06,0.13,0.11,0.12]},"PROCEDURE_FREQUENCY_DISTRIBUTION":{"Y_NUM_PERSONS":0,"X_COUNT":1},"PROCEDURES_BY_TYPE":{"CONCEPT_NAME":"Claim","COUNT_VALUE":112},"AGE_AT_FIRST_OCCURRENCE":{"CATEGORY":["FEMALE","MALE"],"MIN_VALUE":[2,2],"P10_VALUE":[11,19],"P25_VALUE":[24,37],"MEDIAN_VALUE":[46,65],"P75_VALUE":[73,74],"P90_VALUE":[79,89],"MAX_VALUE":[97,98]}}
