{"PREVALENCE_BY_GENDER_AGE_YEAR":{"TRELLIS_NAME":["0-9","50-59","10-19","0-9","50-59","70-79","60-69","60-69","30-39","10-19","40-49","70-79","40-49","30-39","20-29"],"SERIES_NAME":["MALE","FEMALE","MALE","FEMALE","MALE","FEMALE","FEMALE","MALE","MALE","FEMALE","FEMALE","MALE","MALE","FEMALE","FEMALE"],"X_CALENDAR_YEAR":[2019,2019,2019,2019,2019,2019,2019,2019,2019,2019,2019,2019,2019,2019,2019],"Y_PREVALENCE_1000PP":[2.00445,0.86931,2.06612,1.89474,1.468,2.21935,2.6475,1.54679,2.20713,2.62295,1.71551,1.71168,1.60748,2.11348,1.66889]},"PREVALENCE_BY_MONTH":{"X_CALENDAR_MONTH":[201901,201902,201903,201904,201906,201907,201908,201909,201910,201911,201912],"Y_PREVALENCE_1000PP":[0.23,0.07,0.06,0.19,0.11,0.26,0.17,0.21,0.2,0.11,0.06]},"PROCEDURE_FREQUENCY_DISTRIBUTION":{"Y_NUM_PERSONS":0,"X_COUNT":1},"PROCEDURES_BY_TYPE":{"CONCEPT_NAME":"Claim","COUNT_VALUE":172},"AGE_AT_FIRST_OCCURRENCE":{"CATEGORY":["MALE","FEMALE"],"MIN_VALUE":[0,0],"P10_VALUE":[9,11],"P25_VALUE":[26,21],"MEDIAN_VALUE":[41,41],"P75_VALUE":[60,66],"P90_VALUE":[75,76],"MAX_VALUE":[95,92]}}
