{"PREVALENCE_BY_GENDER_AGE_YEAR":{"TRELLIS_NAME":["60-69","0-9","20-29","30-39","70-79","10-19","40-49","0-9","30-39","50-59","20-29"],"SERIES_NAME":["MALE","FEMALE","FEMALE","MALE","FEMALE","MALE","MALE","MALE","FEMALE","FEMALE","MALE"],"X_CALENDAR_YEAR":[2019,2019,2019,2019,2019,2019,2019,2019,2019,2019,2019],"Y_PREVALENCE_1000PP":[1.74014,1.68421,1.66889,1.01868,1.10967,1.37741,1.75362,1.78174,1.46318,1.15908,1.34635]},"PREVALENCE_BY_MONTH":{"X_CALENDAR_MONTH":[201901,201902,201903,201904,201907,201908,201910,201911],"Y_PREVALENCE_1000PP":[0.19,0.06,0.08,0.18,0.1,0.08,0.21,0.11]},"PROCEDURE_FREQUENCY_DISTRIBUTION":{"Y_NUM_PERSONS":0,"X_COUNT":1},"PROCEDURES_BY_TYPE":{"CONCEPT_NAME":"Claim","COUNT_VALUE":118},"AGE_AT_FIRST_OCCURRENCE":{"CATEGORY":["FEMALE","MALE"],"MIN_VALUE":[0,0],"P10_VALUE":[5,6],"P25_VALUE":[21,23],"MEDIAN_VALUE":[38,41],"P75_VALUE":[60,63],"P90_VALUE":[79,73],"MAX_VALUE":[95,93]}}
