{"PREVALENCE_BY_GENDER_AGE_YEAR":{"TRELLIS_NAME":["30-39","70-79","40-49","30-39","70-79","40-49","50-59","60-69","20-29","10-19","0-9","20-29","0-9","50-59"],"SERIES_NAME":["MALE","MALE","MALE","FEMALE","FEMALE","FEMALE","FEMALE","FEMALE","FEMALE","FEMALE","FEMALE","MALE","MALE","MALE"],"X_CALENDAR_YEAR":[2019,2019,2019,2019,2019,2019,2019,2019,2019,2019,2019,2019,2019,2019],"Y_PREVALENCE_1000PP":[2.37691,1.90186,1.60748,1.62575,2.0344,1.14367,1.30397,1.51286,2.00267,1.96721,2.52632,1.68294,1.3363,1.0276]},"PREVALENCE_BY_MONTH":{"X_CALENDAR_MONTH":[201901,201902,201904,201905,201906,201907,201908,201909,201910,201911,201912],"Y_PREVALENCE_1000PP":[0.22,0.11,0.21,0.1,0.1,0.19,0.15,0.14,0.19,0.12,0.09]},"PROCEDURE_FREQUENCY_DISTRIBUTION":{"Y_NUM_PERSONS":0,"X_COUNT":1},"PROCEDURES_BY_TYPE":{"CONCEPT_NAME":"Claim","COUNT_VALUE":167},"AGE_AT_FIRST_OCCURRENCE":{"CATEGORY":["MALE","FEMALE"],"MIN_VALUE":[0,1],"P10_VALUE":[16,6],"P25_VALUE":[28,21],"MEDIAN_VALUE":[41,41],"P75_VALUE":[68,64],"P90_VALUE":[81,81],"MAX_VALUE":[97,99]}}
