{"PREVALENCE_BY_GENDER_AGE_YEAR":{"TRELLIS_NAME":["0-9","40-49","20-29","20-29","0-9","60-69","50-59","70-79","40-49","50-59","10-19"],"SERIES_NAME":["MALE","FEMALE","MALE","FEMALE","FEMALE","MALE","MALE","FEMALE","MALE","FEMALE","FEMALE"],"X_CALENDAR_YEAR":[2019,2019,2019,2019,2019,2019,2019,2019,2019,2019,2019],"Y_PREVALENCE_1000PP":[1.3363,1.28663,1.17805,1.16822,1.26316,1.35344,1.3212,1.10967,1.16908,0.86931,2.18579]},"PREVALENCE_BY_MONTH":{"X_CALENDAR_MONTH":[201901,201902,201903,201904,201906,201907,201908,201909,201910,201911],"Y_PREVALENCE_1000PP":[0.19,0.07,0.06,0.11,0.09,0.12,0.06,0.07,0.13,0.07]},"PROCEDURE_FREQUENCY_DISTRIBUTION":{"Y_NUM_PERSONS":0,"X_COUNT":1},"PROCEDURES_BY_TYPE":{"CONCEPT_NAME":"Claim","COUNT_VALUE":107},"AGE_AT_FIRST_OCCURRENCE":{"CATEGORY":["MALE","FEMALE"],"MIN_VALUE":[0,0],"P10_VALUE":[1,8],"P25_VALUE":[21,17],"MEDIAN_VALUE":[47,36],"P75_VALUE":[62,54],"P90_VALUE":[74,71],"MAX_VALUE":[99,91]}}
