{"PREVALENCE_BY_GENDER_AGE_YEAR":{"TRELLIS_NAME":["0-9","20-29","0-9","10-19","80-89","70-79","40-49","10-19","50-59","80-89","60-69","40-49","30-39","70-79","30-39","60-69","90-99","50-59","90-99","20-29"],"SERIES_NAME":["FEMALE","FEMALE","MALE","FEMALE","FEMALE","MALE","FEMALE","MALE","FEMALE","MALE","FEMALE","MALE","FEMALE","FEMALE","MALE","MALE","MALE","MALE","FEMALE","MALE"],"X_CALENDAR_YEAR":[2019,2019,2019,2019,2019,2019,2019,2019,2019,2019,2019,2019,2019,2019,2019,2019,2019,2019,2019,2019],"Y_PREVALENCE_1000PP":[63.52545,65.61199,70.8872,66.89987,64.55331,73.47636,64.52534,65.30706,66.34796,73.99227,68.68341,59.52903,70.66102,74.31431,71.5133,67.88462,64.38746,66.30483,62.43032,73.47489]},"PREVALENCE_BY_MONTH":{"X_CALENDAR_MONTH":[201901,201902,201903,201904,201905,201906,201907,201908,201909,201910,201911,201912],"Y_PREVALENCE_1000PP":[10.09,3.48,3.78,9.78,3.85,3.9,9.94,3.91,3.59,10.33,3.39,3.93]},"PROCEDURE_FREQUENCY_DISTRIBUTION":{"Y_NUM_PERSONS":[7,0],"X_COUNT":[4,8]},"PROCEDURES_BY_TYPE":{"CONCEPT_NAME":"Claim","COUNT_VALUE":28120},"AGE_AT_FIRST_OCCURRENCE":{"CATEGORY":["No matching concept","MALE","FEMALE"],"MIN_VALUE":[0,0,0],"P10_VALUE":[11,10,11],"P25_VALUE":[26,25,25],"MEDIAN_VALUE":[47,44,45],"P75_VALUE":[59,64,64],"P90_VALUE":[71,78,77],"MAX_VALUE":[98,99,99]}}
