{"PREVALENCE_BY_GENDER_AGE_YEAR":{"TRELLIS_NAME":["90-99","50-59","80-89","40-49","0-9","70-79","40-49","10-19","10-19","80-89","0-9","70-79","50-59","30-39","20-29","30-39","60-69","90-99","60-69","20-29"],"SERIES_NAME":["FEMALE","MALE","FEMALE","MALE","MALE","FEMALE","FEMALE","MALE","FEMALE","MALE","FEMALE","MALE","FEMALE","MALE","MALE","FEMALE","FEMALE","MALE","MALE","FEMALE"],"X_CALENDAR_YEAR":[2019,2019,2019,2019,2019,2019,2019,2019,2019,2019,2019,2019,2019,2019,2019,2019,2019,2019,2019,2019],"Y_PREVALENCE_1000PP":[13.88118,10.12918,15.57093,13.73667,10.69042,11.65156,12.86633,13.0854,14.20765,12.70017,16.63158,13.12286,15.35787,9.50764,12.62201,14.46919,15.3177,13.18052,14.88786,13.68491]},"PREVALENCE_BY_MONTH":{"X_CALENDAR_MONTH":[201901,201902,201903,201904,201905,201906,201907,201908,201909,201910,201911,201912],"Y_PREVALENCE_1000PP":[1.52,0.79,0.92,1.24,1.24,1.04,1.24,1.04,0.97,1.35,0.9,1.06]},"PROCEDURE_FREQUENCY_DISTRIBUTION":{"Y_NUM_PERSONS":1,"X_COUNT":1},"PROCEDURES_BY_TYPE":{"CONCEPT_NAME":"Claim","COUNT_VALUE":1332},"AGE_AT_FIRST_OCCURRENCE":{"CATEGORY":["FEMALE","No matching concept","MALE"],"MIN_VALUE":[0,11,0],"P10_VALUE":[9,23,12],"P25_VALUE":[23,29,25],"MEDIAN_VALUE":[43,45,46],"P75_VALUE":[61,73,65],"P90_VALUE":[77,82,77],"MAX_VALUE":[99,98,99]}}
