{"PREVALENCE_BY_GENDER_AGE_YEAR":{"TRELLIS_NAME":["20-29","40-49","10-19","60-69","40-49","90-99","0-9","70-79","60-69","20-29","50-59","70-79","30-39","0-9","80-89","10-19","50-59","30-39"],"SERIES_NAME":["MALE","FEMALE","MALE","FEMALE","MALE","FEMALE","FEMALE","FEMALE","MALE","FEMALE","FEMALE","MALE","FEMALE","MALE","MALE","FEMALE","MALE","MALE"],"X_CALENDAR_YEAR":[2019,2019,2019,2019,2019,2019,2019,2019,2019,2019,2019,2019,2019,2019,2019,2019,2019,2019],"Y_PREVALENCE_1000PP":[2.6927,5.14653,2.06612,3.40393,4.38404,3.88673,1.26316,3.32902,3.28693,4.00534,4.0568,4.37429,2.76378,3.56347,4.41745,3.06011,4.25719,4.58404]},"PREVALENCE_BY_MONTH":{"X_CALENDAR_MONTH":[201901,201902,201903,201904,201905,201906,201907,201908,201909,201910,201911,201912],"Y_PREVALENCE_1000PP":[0.36,0.31,0.35,0.32,0.32,0.27,0.2,0.32,0.32,0.22,0.33,0.3]},"PROCEDURE_FREQUENCY_DISTRIBUTION":{"Y_NUM_PERSONS":0,"X_COUNT":1},"PROCEDURES_BY_TYPE":{"CONCEPT_NAME":"Claim","COUNT_VALUE":362},"AGE_AT_FIRST_OCCURRENCE":{"CATEGORY":["No matching concept","MALE","FEMALE"],"MIN_VALUE":[4,0,0],"P10_VALUE":[13,10,18],"P25_VALUE":[16,31,28],"MEDIAN_VALUE":[49,46,46],"P75_VALUE":[61,66,63],"P90_VALUE":[62,78,77],"MAX_VALUE":[88,95,99]}}
