{"PREVALENCE_BY_GENDER_AGE_YEAR":{"TRELLIS_NAME":["40-49","60-69","50-59","50-59","20-29","30-39","0-9","0-9","70-79","90-99","80-89","10-19","70-79","20-29","80-89","10-19","30-39","60-69","90-99","40-49"],"SERIES_NAME":["FEMALE","MALE","MALE","FEMALE","FEMALE","FEMALE","FEMALE","MALE","FEMALE","FEMALE","MALE","MALE","MALE","MALE","FEMALE","FEMALE","MALE","FEMALE","MALE","MALE"],"X_CALENDAR_YEAR":[2019,2019,2019,2019,2019,2019,2019,2019,2019,2019,2019,2019,2019,2019,2019,2019,2019,2019,2019,2019],"Y_PREVALENCE_1000PP":[7.43388,8.50735,8.36759,6.66473,6.34179,8.61649,5.89474,8.46325,7.76771,6.66297,9.38708,7.11662,7.60746,8.07809,6.92042,9.83607,7.30051,8.50983,8.59599,8.32968]},"PREVALENCE_BY_MONTH":{"X_CALENDAR_MONTH":[201901,201902,201903,201904,201905,201906,201907,201908,201909,201910,201911,201912],"Y_PREVALENCE_1000PP":[1.08,0.29,0.43,1.06,0.48,0.5,1.14,0.31,0.55,1.14,0.41,0.37]},"PROCEDURE_FREQUENCY_DISTRIBUTION":{"Y_NUM_PERSONS":1,"X_COUNT":1},"PROCEDURES_BY_TYPE":{"CONCEPT_NAME":"Claim","COUNT_VALUE":776},"AGE_AT_FIRST_OCCURRENCE":{"CATEGORY":["No matching concept","FEMALE","MALE"],"MIN_VALUE":[0,0,0],"P10_VALUE":[7,12,11],"P25_VALUE":[20,24,25],"MEDIAN_VALUE":[31,45,45],"P75_VALUE":[53,62,63],"P90_VALUE":[54,77,77],"MAX_VALUE":[94,98,99]}}
