{"PREVALENCE_BY_GENDER_AGE_YEAR":{"TRELLIS_NAME":["30-39","60-69","70-79","60-69","10-19","20-29","0-9","10-19","70-79","50-59","0-9","40-49","30-39","40-49","20-29","50-59"],"SERIES_NAME":["FEMALE","FEMALE","FEMALE","MALE","FEMALE","FEMALE","MALE","MALE","MALE","MALE","FEMALE","FEMALE","MALE","MALE","MALE","FEMALE"],"X_CALENDAR_YEAR":[2019,2019,2019,2019,2019,2019,2019,2019,2019,2019,2019,2019,2019,2019,2019,2019],"Y_PREVALENCE_1000PP":[0.97545,1.70197,1.84945,2.51353,1.96721,2.50334,1.55902,1.37741,1.14112,1.0276,1.26316,1.14367,1.01868,1.31521,1.68294,1.30397]},"PREVALENCE_BY_MONTH":{"X_CALENDAR_MONTH":[201901,201902,201903,201904,201905,201906,201907,201908,201909,201910,201911,201912],"Y_PREVALENCE_1000PP":[0.22,0.09,0.07,0.27,0.08,0.08,0.18,0.13,0.1,0.13,0.1,0.07]},"PROCEDURE_FREQUENCY_DISTRIBUTION":{"Y_NUM_PERSONS":0,"X_COUNT":1},"PROCEDURES_BY_TYPE":{"CONCEPT_NAME":"Claim","COUNT_VALUE":152},"AGE_AT_FIRST_OCCURRENCE":{"CATEGORY":["FEMALE","MALE"],"MIN_VALUE":[4,1],"P10_VALUE":[11,8],"P25_VALUE":[24,21],"MEDIAN_VALUE":[44,45],"P75_VALUE":[69,62],"P90_VALUE":[76,75],"MAX_VALUE":[99,99]}}
