{"PREVALENCE_BY_GENDER_AGE_YEAR":{"TRELLIS_NAME":["40-49","80-89","90-99","30-39","0-9","20-29","60-69","10-19","50-59","80-89","10-19","0-9","70-79","30-39","70-79","50-59","20-29","90-99","40-49","60-69"],"SERIES_NAME":["MALE","FEMALE","MALE","MALE","MALE","FEMALE","MALE","MALE","MALE","MALE","FEMALE","FEMALE","FEMALE","FEMALE","MALE","FEMALE","MALE","FEMALE","FEMALE","FEMALE"],"X_CALENDAR_YEAR":[2019,2019,2019,2019,2019,2019,2019,2019,2019,2019,2019,2019,2019,2019,2019,2019,2019,2019,2019,2019],"Y_PREVALENCE_1000PP":[9.35262,9.22722,10.88825,9.16808,8.46325,8.67824,5.80046,7.80533,8.36759,9.38708,8.52459,7.15789,7.39782,6.99073,6.65652,6.95451,7.90979,6.66297,8.00572,9.07716]},"PREVALENCE_BY_MONTH":{"X_CALENDAR_MONTH":[201901,201902,201903,201904,201905,201906,201907,201908,201909,201910,201911,201912],"Y_PREVALENCE_1000PP":[1.15,0.31,0.56,1.08,0.39,0.38,1.14,0.46,0.33,1.2,0.45,0.53]},"PROCEDURE_FREQUENCY_DISTRIBUTION":{"Y_NUM_PERSONS":1,"X_COUNT":1},"PROCEDURES_BY_TYPE":{"CONCEPT_NAME":"Claim","COUNT_VALUE":799},"AGE_AT_FIRST_OCCURRENCE":{"CATEGORY":["FEMALE","No matching concept","MALE"],"MIN_VALUE":[0,2,0],"P10_VALUE":[10,4,10],"P25_VALUE":[25,24,26],"MEDIAN_VALUE":[44,48,43],"P75_VALUE":[63,64,61],"P90_VALUE":[77,78,77],"MAX_VALUE":[99,96,99]}}
