{"PREVALENCE_BY_GENDER_AGE_YEAR":{"TRELLIS_NAME":["90-99","30-39","30-39","70-79","0-9","10-19","50-59","20-29","60-69","40-49"],"SERIES_NAME":["MALE","MALE","FEMALE","FEMALE","FEMALE","MALE","MALE","MALE","MALE","FEMALE"],"X_CALENDAR_YEAR":[2019,2019,2019,2019,2019,2019,2019,2019,2019,2019],"Y_PREVALENCE_1000PP":[3.4384,1.69779,2.27605,2.21935,2.94737,2.06612,1.1744,1.68294,1.16009,1.85847]},"PREVALENCE_BY_MONTH":{"X_CALENDAR_MONTH":[201901,201902,201903,201904,201905,201906,201907,201908,201909,201910,201911,201912],"Y_PREVALENCE_1000PP":[0.18,0.09,0.08,0.15,0.06,0.15,0.18,0.09,0.07,0.18,0.06,0.08]},"PROCEDURE_FREQUENCY_DISTRIBUTION":{"Y_NUM_PERSONS":0,"X_COUNT":1},"PROCEDURES_BY_TYPE":{"CONCEPT_NAME":"Claim","COUNT_VALUE":137},"AGE_AT_FIRST_OCCURRENCE":{"CATEGORY":["MALE","FEMALE"],"MIN_VALUE":[3,0],"P10_VALUE":[11,8],"P25_VALUE":[21,24],"MEDIAN_VALUE":[36,40],"P75_VALUE":[65,70],"P90_VALUE":[81,79],"MAX_VALUE":[99,94]}}
