{"PREVALENCE_BY_GENDER_AGE_YEAR":{"TRELLIS_NAME":["90-99","90-99","0-9","50-59","40-49","60-69","40-49","20-29","50-59","30-39","10-19","0-9","80-89","70-79","80-89","10-19","70-79","30-39","60-69","20-29"],"SERIES_NAME":["MALE","FEMALE","FEMALE","FEMALE","FEMALE","MALE","MALE","FEMALE","MALE","FEMALE","MALE","MALE","MALE","MALE","FEMALE","FEMALE","FEMALE","MALE","FEMALE","MALE"],"X_CALENDAR_YEAR":[2019,2019,2019,2019,2019,2019,2019,2019,2019,2019,2019,2019,2019,2019,2019,2019,2019,2019,2019,2019],"Y_PREVALENCE_1000PP":[16.04585,8.88395,14.94737,13.90901,14.7248,16.2413,16.22096,16.52203,16.14797,17.39555,14.23324,17.14922,14.90889,15.59528,12.11073,13.77049,15.72036,15.61969,16.83056,14.64153]},"PREVALENCE_BY_MONTH":{"X_CALENDAR_MONTH":[201901,201902,201903,201904,201905,201906,201907,201908,201909,201910,201911,201912],"Y_PREVALENCE_1000PP":[2.1,0.85,0.93,2.04,0.77,1.09,2.22,0.81,0.89,1.91,0.91,0.97]},"PROCEDURE_FREQUENCY_DISTRIBUTION":{"Y_NUM_PERSONS":[2,0],"X_COUNT":[1,2]},"PROCEDURES_BY_TYPE":{"CONCEPT_NAME":"Claim","COUNT_VALUE":1550},"AGE_AT_FIRST_OCCURRENCE":{"CATEGORY":["MALE","No matching concept","FEMALE"],"MIN_VALUE":[0,5,0],"P10_VALUE":[9,17,10],"P25_VALUE":[25,35,24],"MEDIAN_VALUE":[45,45,43],"P75_VALUE":[62,53,62],"P90_VALUE":[77,71,74],"MAX_VALUE":[99,78,99]}}
