{"PREVALENCE_BY_GENDER_AGE_YEAR":{"TRELLIS_NAME":["10-19","20-29","0-9","40-49","40-49","60-69","50-59","70-79"],"SERIES_NAME":["MALE","FEMALE","FEMALE","FEMALE","MALE","MALE","MALE","MALE"],"X_CALENDAR_YEAR":[2019,2019,2019,2019,2019,2019,2019,2019],"Y_PREVALENCE_1000PP":[1.37489,1.66528,1.2621,1.57031,1.31637,1.53846,1.17354,1.51889]},"PREVALENCE_BY_MONTH":{"X_CALENDAR_MONTH":[201901,201902,201904,201906,201907,201908,201910],"Y_PREVALENCE_1000PP":[0.13,0.11,0.16,0.1,0.11,0.07,0.14]},"PROCEDURE_FREQUENCY_DISTRIBUTION":{"Y_NUM_PERSONS":0,"X_COUNT":4},"PROCEDURES_BY_TYPE":{"CONCEPT_NAME":"Claim","COUNT_VALUE":408},"AGE_AT_FIRST_OCCURRENCE":{"CATEGORY":["MALE","FEMALE"],"MIN_VALUE":[6,3],"P10_VALUE":[14,8],"P25_VALUE":[32,24],"MEDIAN_VALUE":[50,41],"P75_VALUE":[67,58],"P90_VALUE":[78,73],"MAX_VALUE":[98,91]}}
