{"PREVALENCE_BY_GENDER_AGE_YEAR":{"TRELLIS_NAME":["30-39","10-19","20-29","60-69","0-9","90-99","40-49","90-99","70-79","10-19","0-9","50-59","70-79","40-49","50-59","80-89","30-39","60-69","80-89","20-29"],"SERIES_NAME":["FEMALE","MALE","FEMALE","MALE","FEMALE","MALE","FEMALE","FEMALE","FEMALE","FEMALE","MALE","MALE","MALE","MALE","FEMALE","MALE","MALE","FEMALE","FEMALE","MALE"],"X_CALENDAR_YEAR":[2019,2019,2019,2019,2019,2019,2019,2019,2019,2019,2019,2019,2019,2019,2019,2019,2019,2019,2019,2019],"Y_PREVALENCE_1000PP":[20.02605,29.78918,25.47877,24.42308,24.61085,26.78063,26.40971,26.75585,22.97999,23.17446,20.28533,22.88397,21.83406,22.08571,22.16428,19.87852,20.505,20.54795,24.78386,23.25581]},"PREVALENCE_BY_MONTH":{"X_CALENDAR_MONTH":[201901,201902,201903,201904,201905,201906,201907,201908,201909,201910,201911,201912],"Y_PREVALENCE_1000PP":[2.68,1.26,1.48,2.86,1.46,1.67,3,1.59,1.37,3.07,1.51,1.45]},"PROCEDURE_FREQUENCY_DISTRIBUTION":{"Y_NUM_PERSONS":[2,0],"X_COUNT":[4,8]},"PROCEDURES_BY_TYPE":{"CONCEPT_NAME":"Claim","COUNT_VALUE":9372},"AGE_AT_FIRST_OCCURRENCE":{"CATEGORY":["MALE","FEMALE","No matching concept"],"MIN_VALUE":[0,0,0],"P10_VALUE":[11,9,11],"P25_VALUE":[23,24,29],"MEDIAN_VALUE":[45,44,45],"P75_VALUE":[63,62,68],"P90_VALUE":[77,77,76],"MAX_VALUE":[99,99,79]}}
