{"PREVALENCE_BY_GENDER_AGE_YEAR":{"TRELLIS_NAME":["20-29","70-79","50-59","20-29","70-79","60-69","30-39","40-49","10-19","10-19","0-9","40-49","50-59","0-9","60-69","30-39"],"SERIES_NAME":["FEMALE","MALE","FEMALE","MALE","FEMALE","MALE","MALE","FEMALE","MALE","FEMALE","FEMALE","MALE","MALE","MALE","FEMALE","FEMALE"],"X_CALENDAR_YEAR":[2019,2019,2019,2019,2019,2019,2019,2019,2019,2019,2019,2019,2019,2019,2019,2019],"Y_PREVALENCE_1000PP":[1.66889,1.52149,1.59374,1.34635,1.47956,2.32019,1.35823,2.14439,2.06612,1.74863,1.68421,1.89975,1.468,1.3363,1.32375,1.62575]},"PREVALENCE_BY_MONTH":{"X_CALENDAR_MONTH":[201901,201902,201903,201904,201905,201907,201908,201909,201910,201911,201912],"Y_PREVALENCE_1000PP":[0.25,0.07,0.09,0.23,0.09,0.2,0.08,0.19,0.22,0.09,0.08]},"PROCEDURE_FREQUENCY_DISTRIBUTION":{"Y_NUM_PERSONS":0,"X_COUNT":1},"PROCEDURES_BY_TYPE":{"CONCEPT_NAME":"Claim","COUNT_VALUE":163},"AGE_AT_FIRST_OCCURRENCE":{"CATEGORY":["FEMALE","MALE"],"MIN_VALUE":[0,1],"P10_VALUE":[10,12],"P25_VALUE":[22,26],"MEDIAN_VALUE":[40,45],"P75_VALUE":[59,65],"P90_VALUE":[76,74],"MAX_VALUE":[98,98]}}
