{"PREVALENCE_BY_GENDER_AGE_YEAR":{"TRELLIS_NAME":["70-79","30-39","80-89","40-49","70-79","30-39","80-89","10-19","0-9","20-29","60-69","60-69","50-59","50-59","10-19","90-99","40-49","20-29","0-9"],"SERIES_NAME":["MALE","MALE","FEMALE","FEMALE","FEMALE","FEMALE","MALE","MALE","FEMALE","MALE","MALE","FEMALE","FEMALE","MALE","FEMALE","FEMALE","MALE","FEMALE","MALE"],"X_CALENDAR_YEAR":[2019,2019,2019,2019,2019,2019,2019,2019,2019,2019,2019,2019,2019,2019,2019,2019,2019,2019,2019],"Y_PREVALENCE_1000PP":[3.04298,3.22581,3.46021,3.43102,3.88385,4.22695,3.86527,2.75482,4.63158,3.19758,4.64037,3.78215,2.75283,3.81679,4.59016,4.44198,2.48429,4.33912,4.00891]},"PREVALENCE_BY_MONTH":{"X_CALENDAR_MONTH":[201901,201902,201903,201904,201905,201906,201907,201908,201909,201910,201911,201912],"Y_PREVALENCE_1000PP":[0.32,0.22,0.28,0.39,0.32,0.19,0.38,0.32,0.23,0.35,0.23,0.38]},"PROCEDURE_FREQUENCY_DISTRIBUTION":{"Y_NUM_PERSONS":0,"X_COUNT":1},"PROCEDURES_BY_TYPE":{"CONCEPT_NAME":"Claim","COUNT_VALUE":361},"AGE_AT_FIRST_OCCURRENCE":{"CATEGORY":["No matching concept","FEMALE","MALE"],"MIN_VALUE":[38,0,0],"P10_VALUE":[38,8,8],"P25_VALUE":[41,23,24],"MEDIAN_VALUE":[47,40,48],"P75_VALUE":[57,62,63],"P90_VALUE":[96,77,74],"MAX_VALUE":[96,99,95]}}
