{"PREVALENCE_BY_GENDER_AGE_YEAR":{"TRELLIS_NAME":["70-79","0-9","80-89","70-79","30-39","50-59","10-19","20-29","40-49","50-59","10-19","40-49"],"SERIES_NAME":["FEMALE","FEMALE","MALE","MALE","FEMALE","FEMALE","MALE","MALE","FEMALE","MALE","FEMALE","MALE"],"X_CALENDAR_YEAR":[2019,2019,2019,2019,2019,2019,2019,2019,2019,2019,2019,2019],"Y_PREVALENCE_1000PP":[1.10967,1.26316,3.86527,1.14112,1.13803,1.30397,1.60698,1.00976,0.85776,1.9084,1.74863,1.02294]},"PREVALENCE_BY_MONTH":{"X_CALENDAR_MONTH":[201901,201902,201903,201904,201905,201906,201907,201908,201909,201910,201912],"Y_PREVALENCE_1000PP":[0.12,0.06,0.09,0.08,0.08,0.06,0.16,0.12,0.09,0.15,0.06]},"PROCEDURE_FREQUENCY_DISTRIBUTION":{"Y_NUM_PERSONS":0,"X_COUNT":1},"PROCEDURES_BY_TYPE":{"CONCEPT_NAME":"Claim","COUNT_VALUE":108},"AGE_AT_FIRST_OCCURRENCE":{"CATEGORY":["MALE","FEMALE"],"MIN_VALUE":[3,1],"P10_VALUE":[15,8],"P25_VALUE":[27,14],"MEDIAN_VALUE":[53,37],"P75_VALUE":[72,57],"P90_VALUE":[85,74],"MAX_VALUE":[97,99]}}
