{"PREVALENCE_BY_GENDER_AGE_YEAR":{"TRELLIS_NAME":["20-29","70-79","30-39","50-59","40-49","50-59","60-69","0-9","30-39","40-49","20-29","60-69","10-19"],"SERIES_NAME":["FEMALE","FEMALE","FEMALE","MALE","FEMALE","FEMALE","MALE","MALE","MALE","MALE","MALE","FEMALE","FEMALE"],"X_CALENDAR_YEAR":[2019,2019,2019,2019,2019,2019,2019,2019,2019,2019,2019,2019,2019],"Y_PREVALENCE_1000PP":[1.502,1.47956,1.46318,2.6424,1.57255,1.15908,1.93349,1.55902,1.52801,2.48429,1.85123,1.70197,1.31148]},"PREVALENCE_BY_MONTH":{"X_CALENDAR_MONTH":[201901,201902,201903,201904,201905,201906,201907,201908,201909,201910,201911,201912],"Y_PREVALENCE_1000PP":[0.21,0.13,0.08,0.2,0.07,0.08,0.22,0.09,0.07,0.19,0.11,0.09]},"PROCEDURE_FREQUENCY_DISTRIBUTION":{"Y_NUM_PERSONS":0,"X_COUNT":1},"PROCEDURES_BY_TYPE":{"CONCEPT_NAME":"Claim","COUNT_VALUE":154},"AGE_AT_FIRST_OCCURRENCE":{"CATEGORY":["MALE","FEMALE"],"MIN_VALUE":[0,2],"P10_VALUE":[17,17],"P25_VALUE":[29,28],"MEDIAN_VALUE":[47,46],"P75_VALUE":[56,65],"P90_VALUE":[68,78],"MAX_VALUE":[95,99]}}
