{"PREVALENCE_BY_GENDER_AGE_YEAR":{"TRELLIS_NAME":["70-79","20-29","50-59","0-9","50-59","40-49","70-79","30-39"],"SERIES_NAME":["MALE","FEMALE","MALE","FEMALE","FEMALE","MALE","FEMALE","FEMALE"],"X_CALENDAR_YEAR":[2019,2019,2019,2019,2019,2019,2019,2019],"Y_PREVALENCE_1000PP":[1.32903,1.33222,0.88015,1.68279,1.30378,1.02384,1.29726,1.62813]},"PREVALENCE_BY_MONTH":{"X_CALENDAR_MONTH":[201901,201903,201904,201906,201907,201910],"Y_PREVALENCE_1000PP":[0.15,0.06,0.1,0.06,0.13,0.21]},"PROCEDURE_FREQUENCY_DISTRIBUTION":{"Y_NUM_PERSONS":0,"X_COUNT":4},"PROCEDURES_BY_TYPE":{"CONCEPT_NAME":"Claim","COUNT_VALUE":392},"AGE_AT_FIRST_OCCURRENCE":{"CATEGORY":["MALE","FEMALE"],"MIN_VALUE":[2,0],"P10_VALUE":[8,5],"P25_VALUE":[29,25],"MEDIAN_VALUE":[47,39],"P75_VALUE":[67,67],"P90_VALUE":[79,79],"MAX_VALUE":[96,94]}}
