{"PREVALENCE_BY_GENDER_AGE_YEAR":{"TRELLIS_NAME":["70-79","20-29","40-49","30-39","40-49","30-39","60-69","0-9","20-29","10-19","70-79","60-69","50-59","50-59","0-9","10-19","90-99"],"SERIES_NAME":["FEMALE","MALE","MALE","FEMALE","FEMALE","MALE","FEMALE","MALE","FEMALE","FEMALE","MALE","MALE","MALE","FEMALE","FEMALE","MALE","FEMALE"],"X_CALENDAR_YEAR":[2019,2019,2019,2019,2019,2019,2019,2019,2019,2019,2019,2019,2019,2019,2019,2019,2019],"Y_PREVALENCE_1000PP":[2.0344,1.51464,1.89975,1.13803,1.28663,1.01868,2.08018,2.22717,2.33645,2.40437,3.04298,2.12684,2.6424,3.0426,2.94737,2.29568,3.33148]},"PREVALENCE_BY_MONTH":{"X_CALENDAR_MONTH":[201901,201902,201903,201904,201905,201906,201907,201908,201909,201910,201911,201912],"Y_PREVALENCE_1000PP":[0.2,0.22,0.18,0.15,0.16,0.14,0.23,0.12,0.12,0.13,0.22,0.21]},"PROCEDURE_FREQUENCY_DISTRIBUTION":{"Y_NUM_PERSONS":0,"X_COUNT":1},"PROCEDURES_BY_TYPE":{"CONCEPT_NAME":"Claim","COUNT_VALUE":208},"AGE_AT_FIRST_OCCURRENCE":{"CATEGORY":["MALE","FEMALE"],"MIN_VALUE":[0,0],"P10_VALUE":[9,6],"P25_VALUE":[25,20],"MEDIAN_VALUE":[50,49],"P75_VALUE":[66,63],"P90_VALUE":[78,79],"MAX_VALUE":[99,96]}}
