{"PREVALENCE_BY_GENDER_AGE_YEAR":{"TRELLIS_NAME":["90-99","10-19","10-19","80-89","80-89","50-59","60-69","20-29","70-79","30-39","90-99","40-49","20-29","0-9","30-39","70-79","40-49","0-9","60-69","50-59"],"SERIES_NAME":["FEMALE","MALE","FEMALE","FEMALE","MALE","MALE","FEMALE","MALE","MALE","MALE","MALE","MALE","FEMALE","FEMALE","FEMALE","FEMALE","FEMALE","MALE","MALE","FEMALE"],"X_CALENDAR_YEAR":[2019,2019,2019,2019,2019,2019,2019,2019,2019,2019,2019,2019,2019,2019,2019,2019,2019,2019,2019,2019],"Y_PREVALENCE_1000PP":[23.87562,27.77778,29.07104,31.14187,30.92214,32.58955,32.33737,30.46112,28.71814,25.12733,24.06877,31.85737,27.87049,30.73684,32.02731,27.00203,31.16512,25.83519,30.16241,31.29528]},"PREVALENCE_BY_MONTH":{"X_CALENDAR_MONTH":[201901,201902,201903,201904,201905,201906,201907,201908,201909,201910,201911,201912],"Y_PREVALENCE_1000PP":[4.22,1.7,1.79,4.18,1.63,1.82,3.99,1.63,1.46,4.15,1.75,1.6]},"PROCEDURE_FREQUENCY_DISTRIBUTION":{"Y_NUM_PERSONS":[3,0],"X_COUNT":[1,2]},"PROCEDURES_BY_TYPE":{"CONCEPT_NAME":"Claim","COUNT_VALUE":2994},"AGE_AT_FIRST_OCCURRENCE":{"CATEGORY":["MALE","FEMALE","No matching concept"],"MIN_VALUE":[0,0,3],"P10_VALUE":[11,10,19],"P25_VALUE":[26,26,31],"MEDIAN_VALUE":[46,44,48],"P75_VALUE":[63,62,62],"P90_VALUE":[77,76,75],"MAX_VALUE":[99,99,89]}}
