{"PREVALENCE_BY_GENDER_AGE_YEAR":{"TRELLIS_NAME":["40-49","50-59","30-39","70-79","20-29","40-49","60-69","30-39","90-99","50-59","20-29"],"SERIES_NAME":["MALE","FEMALE","MALE","FEMALE","FEMALE","FEMALE","MALE","FEMALE","FEMALE","MALE","MALE"],"X_CALENDAR_YEAR":[2019,2019,2019,2019,2019,2019,2019,2019,2019,2019,2019],"Y_PREVALENCE_1000PP":[1.16908,0.86931,1.35823,1.47956,1.502,0.85776,1.35344,1.62575,4.44198,0.8808,1.17805]},"PREVALENCE_BY_MONTH":{"X_CALENDAR_MONTH":[201901,201904,201906,201907,201908,201909,201910,201911],"Y_PREVALENCE_1000PP":[0.16,0.17,0.08,0.21,0.06,0.09,0.1,0.07]},"PROCEDURE_FREQUENCY_DISTRIBUTION":{"Y_NUM_PERSONS":0,"X_COUNT":1},"PROCEDURES_BY_TYPE":{"CONCEPT_NAME":"Claim","COUNT_VALUE":109},"AGE_AT_FIRST_OCCURRENCE":{"CATEGORY":["FEMALE","MALE"],"MIN_VALUE":[9,2],"P10_VALUE":[13,12],"P25_VALUE":[26,28],"MEDIAN_VALUE":[43,43],"P75_VALUE":[76,59],"P90_VALUE":[91,72],"MAX_VALUE":[98,98]}}
