{"PREVALENCE_BY_GENDER_AGE_YEAR":{"TRELLIS_NAME":["70-79","60-69","40-49","50-59","30-39","40-49","0-9","50-59","10-19","20-29","60-69","70-79","20-29","30-39"],"SERIES_NAME":["MALE","FEMALE","FEMALE","FEMALE","MALE","MALE","FEMALE","MALE","FEMALE","FEMALE","MALE","FEMALE","MALE","FEMALE"],"X_CALENDAR_YEAR":[2019,2019,2019,2019,2019,2019,2019,2019,2019,2019,2019,2019,2019,2019],"Y_PREVALENCE_1000PP":[1.14112,1.51286,2.14439,1.15908,1.01868,1.75362,2.10526,1.7616,1.53005,1.16822,1.54679,1.10967,1.85123,1.13803]},"PREVALENCE_BY_MONTH":{"X_CALENDAR_MONTH":[201901,201902,201903,201904,201905,201906,201907,201908,201910,201911,201912],"Y_PREVALENCE_1000PP":[0.18,0.09,0.12,0.21,0.11,0.08,0.11,0.12,0.15,0.08,0.11]},"PROCEDURE_FREQUENCY_DISTRIBUTION":{"Y_NUM_PERSONS":0,"X_COUNT":1},"PROCEDURES_BY_TYPE":{"CONCEPT_NAME":"Claim","COUNT_VALUE":139},"AGE_AT_FIRST_OCCURRENCE":{"CATEGORY":["MALE","FEMALE"],"MIN_VALUE":[0,0],"P10_VALUE":[16,4],"P25_VALUE":[24,20],"MEDIAN_VALUE":[46,41],"P75_VALUE":[61,58],"P90_VALUE":[76,77],"MAX_VALUE":[82,91]}}
