{"PREVALENCE_BY_GENDER_AGE_YEAR":{"TRELLIS_NAME":["70-79","60-69","60-69","40-49","80-89","50-59","30-39","0-9","40-49","70-79","80-89","0-9","30-39","50-59","10-19","10-19","90-99","20-29","90-99","20-29"],"SERIES_NAME":["FEMALE","FEMALE","MALE","FEMALE","FEMALE","FEMALE","MALE","MALE","MALE","MALE","MALE","FEMALE","FEMALE","MALE","MALE","FEMALE","FEMALE","MALE","MALE","FEMALE"],"X_CALENDAR_YEAR":[2019,2019,2019,2019,2019,2019,2019,2019,2019,2019,2019,2019,2019,2019,2019,2019,2019,2019,2019,2019],"Y_PREVALENCE_1000PP":[2.40429,2.4584,2.70688,2.57327,3.46021,2.17328,3.22581,2.67261,2.92269,1.71168,3.86527,2.10526,3.2515,2.936,4.59137,2.18579,3.88673,2.5244,4.58453,2.83712]},"PREVALENCE_BY_MONTH":{"X_CALENDAR_MONTH":[201901,201902,201903,201904,201905,201906,201907,201908,201909,201910,201911,201912],"Y_PREVALENCE_1000PP":[0.37,0.06,0.16,0.4,0.14,0.18,0.41,0.17,0.16,0.35,0.18,0.19]},"PROCEDURE_FREQUENCY_DISTRIBUTION":{"Y_NUM_PERSONS":0,"X_COUNT":1},"PROCEDURES_BY_TYPE":{"CONCEPT_NAME":"Claim","COUNT_VALUE":277},"AGE_AT_FIRST_OCCURRENCE":{"CATEGORY":["FEMALE","MALE"],"MIN_VALUE":[0,0],"P10_VALUE":[13,10],"P25_VALUE":[27,21],"MEDIAN_VALUE":[43,42],"P75_VALUE":[64,61],"P90_VALUE":[80,83],"MAX_VALUE":[99,99]}}
