{"PREVALENCE_BY_GENDER_AGE_YEAR":{"TRELLIS_NAME":["70-79","40-49","50-59","50-59","20-29","60-69","30-39","0-9"],"SERIES_NAME":["FEMALE","FEMALE","FEMALE","MALE","FEMALE","FEMALE","MALE","FEMALE"],"X_CALENDAR_YEAR":[2019,2019,2019,2019,2019,2019,2019,2019],"Y_PREVALENCE_1000PP":[1.10967,1.14367,1.30397,1.0276,1.66889,1.51286,1.01868,1.26316]},"PREVALENCE_BY_MONTH":{"X_CALENDAR_MONTH":[201901,201902,201903,201904,201905,201907,201908,201909,201910,201911,201912],"Y_PREVALENCE_1000PP":[0.07,0.08,0.06,0.12,0.09,0.06,0.09,0.07,0.07,0.16,0.07]},"PROCEDURE_FREQUENCY_DISTRIBUTION":{"Y_NUM_PERSONS":0,"X_COUNT":1},"PROCEDURES_BY_TYPE":{"CONCEPT_NAME":"Claim","COUNT_VALUE":99},"AGE_AT_FIRST_OCCURRENCE":{"CATEGORY":["MALE","FEMALE"],"MIN_VALUE":[1,0],"P10_VALUE":[12,9],"P25_VALUE":[31,25],"MEDIAN_VALUE":[50,48],"P75_VALUE":[69,63],"P90_VALUE":[82,75],"MAX_VALUE":[94,89]}}
