{"PREVALENCE_BY_GENDER_AGE_YEAR":{"TRELLIS_NAME":["30-39","60-69","10-19","40-49","50-59","60-69","20-29","30-39","90-99","20-29","0-9","90-99","10-19","80-89","70-79","40-49","50-59","80-89","70-79","0-9"],"SERIES_NAME":["MALE","FEMALE","MALE","FEMALE","MALE","MALE","MALE","FEMALE","MALE","FEMALE","MALE","FEMALE","FEMALE","MALE","MALE","MALE","FEMALE","FEMALE","FEMALE","FEMALE"],"X_CALENDAR_YEAR":[2019,2019,2019,2019,2019,2019,2019,2019,2019,2019,2019,2019,2019,2019,2019,2019,2019,2019,2019,2019],"Y_PREVALENCE_1000PP":[19.52462,16.07413,16.98806,17.72695,16.73517,19.72158,16.49276,14.63177,12.03438,17.52336,17.37194,19.9889,15.7377,14.35671,15.97566,20.02046,20.28398,24.22145,18.49454,16.42105]},"PREVALENCE_BY_MONTH":{"X_CALENDAR_MONTH":[201901,201902,201903,201904,201905,201906,201907,201908,201909,201910,201911,201912],"Y_PREVALENCE_1000PP":[2.5,1.01,0.94,2.5,0.83,0.81,2.64,0.8,1.06,2.55,0.97,1.07]},"PROCEDURE_FREQUENCY_DISTRIBUTION":{"Y_NUM_PERSONS":[2,0],"X_COUNT":[1,2]},"PROCEDURES_BY_TYPE":{"CONCEPT_NAME":"Claim","COUNT_VALUE":1768},"AGE_AT_FIRST_OCCURRENCE":{"CATEGORY":["No matching concept","MALE","FEMALE"],"MIN_VALUE":[3,0,0],"P10_VALUE":[10,10,11],"P25_VALUE":[21,26,26],"MEDIAN_VALUE":[37,43,47],"P75_VALUE":[79,61,64],"P90_VALUE":[90,75,79],"MAX_VALUE":[98,99,98]}}
