{"PREVALENCE_BY_GENDER_AGE_YEAR":{"TRELLIS_NAME":["50-59","60-69","70-79","30-39","40-49","20-29"],"SERIES_NAME":["MALE","FEMALE","MALE","FEMALE","MALE","MALE"],"X_CALENDAR_YEAR":[2019,2019,2019,2019,2019,2019],"Y_PREVALENCE_1000PP":[1.1744,1.70197,1.52149,1.62575,1.46135,1.51464]},"PREVALENCE_BY_MONTH":{"X_CALENDAR_MONTH":[201901,201902,201903,201904,201905,201906,201907,201908,201909,201910,201912],"Y_PREVALENCE_1000PP":[0.1,0.1,0.06,0.06,0.07,0.08,0.07,0.06,0.14,0.14,0.08]},"PROCEDURE_FREQUENCY_DISTRIBUTION":{"Y_NUM_PERSONS":0,"X_COUNT":1},"PROCEDURES_BY_TYPE":{"CONCEPT_NAME":"Claim","COUNT_VALUE":100},"AGE_AT_FIRST_OCCURRENCE":{"CATEGORY":["No matching concept","MALE","FEMALE"],"MIN_VALUE":[0,3,5],"P10_VALUE":[0,15,15],"P25_VALUE":[56,23,33],"MEDIAN_VALUE":[62,46,44],"P75_VALUE":[68,66,65],"P90_VALUE":[91,77,71],"MAX_VALUE":[91,98,99]}}
