{"PREVALENCE_BY_GENDER_AGE_YEAR":{"TRELLIS_NAME":["30-39","30-39","60-69","60-69","40-49","50-59","40-49","50-59","20-29","20-29"],"SERIES_NAME":["FEMALE","MALE","FEMALE","MALE","MALE","FEMALE","FEMALE","MALE","FEMALE","MALE"],"X_CALENDAR_YEAR":[2019,2019,2019,2019,2019,2019,2019,2019,2019,2019],"Y_PREVALENCE_1000PP":[0.97688,1.18624,1.33181,1.53846,0.87758,1.30378,1.14204,1.02684,1.66528,1.6852]},"PREVALENCE_BY_MONTH":{"X_CALENDAR_MONTH":[201901,201904,201906,201907,201908,201910,201912],"Y_PREVALENCE_1000PP":[0.11,0.21,0.1,0.16,0.06,0.19,0.12]},"PROCEDURE_FREQUENCY_DISTRIBUTION":{"Y_NUM_PERSONS":0,"X_COUNT":4},"PROCEDURES_BY_TYPE":{"CONCEPT_NAME":"Claim","COUNT_VALUE":468},"AGE_AT_FIRST_OCCURRENCE":{"CATEGORY":["MALE","FEMALE"],"MIN_VALUE":[0,0],"P10_VALUE":[13,12],"P25_VALUE":[25,26],"MEDIAN_VALUE":[48,48],"P75_VALUE":[66,66],"P90_VALUE":[83,81],"MAX_VALUE":[99,99]}}
