{"PREVALENCE_BY_GENDER_AGE_YEAR":{"TRELLIS_NAME":["30-39","90-99","40-49","70-79","10-19","80-89","50-59","40-49","20-29","50-59","90-99","60-69","80-89","20-29","0-9","10-19","70-79","30-39","60-69","0-9"],"SERIES_NAME":["FEMALE","FEMALE","MALE","FEMALE","MALE","FEMALE","MALE","FEMALE","FEMALE","FEMALE","MALE","FEMALE","MALE","MALE","FEMALE","FEMALE","MALE","MALE","MALE","MALE"],"X_CALENDAR_YEAR":[2019,2019,2019,2019,2019,2019,2019,2019,2019,2019,2019,2019,2019,2019,2019,2019,2019,2019,2019,2019],"Y_PREVALENCE_1000PP":[13.16859,18.32315,13.00599,11.46662,12.16713,13.26413,12.18438,11.86562,11.18158,11.59084,14.89971,10.77912,6.07399,14.47324,15.36842,16.61202,15.97566,14.09168,9.66744,14.69933]},"PREVALENCE_BY_MONTH":{"X_CALENDAR_MONTH":[201901,201902,201903,201904,201905,201906,201907,201908,201909,201910,201911,201912],"Y_PREVALENCE_1000PP":[1.71,0.81,0.85,1.66,0.84,0.77,1.75,0.65,0.76,1.66,0.81,0.74]},"PROCEDURE_FREQUENCY_DISTRIBUTION":{"Y_NUM_PERSONS":[1,0],"X_COUNT":[1,2]},"PROCEDURES_BY_TYPE":{"CONCEPT_NAME":"Claim","COUNT_VALUE":1302},"AGE_AT_FIRST_OCCURRENCE":{"CATEGORY":["MALE","FEMALE","No matching concept"],"MIN_VALUE":[0,0,3],"P10_VALUE":[9,8,6],"P25_VALUE":[23,21,11],"MEDIAN_VALUE":[43,42,38],"P75_VALUE":[62,63,61],"P90_VALUE":[76,78,79],"MAX_VALUE":[99,99,98]}}
