{"PREVALENCE_BY_GENDER_AGE_YEAR":{"TRELLIS_NAME":["20-29","50-59","60-69","30-39","40-49","10-19","70-79","20-29","0-9","40-49","60-69","0-9","30-39"],"SERIES_NAME":["FEMALE","FEMALE","MALE","MALE","MALE","FEMALE","FEMALE","MALE","MALE","FEMALE","FEMALE","FEMALE","FEMALE"],"X_CALENDAR_YEAR":[2019,2019,2019,2019,2019,2019,2019,2019,2019,2019,2019,2019,2019],"Y_PREVALENCE_1000PP":[2.33645,0.86931,1.93349,1.69779,1.46135,1.31148,2.21935,1.34635,1.55902,1.57255,1.32375,2.10526,1.46318]},"PREVALENCE_BY_MONTH":{"X_CALENDAR_MONTH":[201901,201902,201903,201904,201905,201906,201907,201908,201909,201910,201911,201912],"Y_PREVALENCE_1000PP":[0.12,0.06,0.11,0.15,0.07,0.11,0.19,0.17,0.14,0.2,0.07,0.11]},"PROCEDURE_FREQUENCY_DISTRIBUTION":{"Y_NUM_PERSONS":0,"X_COUNT":1},"PROCEDURES_BY_TYPE":{"CONCEPT_NAME":"Claim","COUNT_VALUE":150},"AGE_AT_FIRST_OCCURRENCE":{"CATEGORY":["FEMALE","MALE"],"MIN_VALUE":[1,0],"P10_VALUE":[8,9],"P25_VALUE":[22,28],"MEDIAN_VALUE":[41,44],"P75_VALUE":[69,66],"P90_VALUE":[78,79],"MAX_VALUE":[99,97]}}
