{"PREVALENCE_BY_GENDER_AGE_YEAR":{"TRELLIS_NAME":["90-99","20-29","80-89","10-19","10-19","30-39","50-59","40-49","0-9","60-69","40-49","60-69","70-79","20-29","30-39","0-9","50-59"],"SERIES_NAME":["MALE","FEMALE","FEMALE","FEMALE","MALE","FEMALE","FEMALE","FEMALE","FEMALE","FEMALE","MALE","MALE","FEMALE","MALE","MALE","MALE","MALE"],"X_CALENDAR_YEAR":[2019,2019,2019,2019,2019,2019,2019,2019,2019,2019,2019,2019,2019,2019,2019,2019,2019],"Y_PREVALENCE_1000PP":[3.9886,1.99833,3.45821,2.4049,2.74977,2.93064,2.75243,2.14133,1.2621,1.33181,2.34021,2.69231,1.29726,2.69633,1.18624,2.22916,1.61361]},"PREVALENCE_BY_MONTH":{"X_CALENDAR_MONTH":[201901,201902,201903,201904,201905,201906,201907,201908,201909,201910,201911,201912],"Y_PREVALENCE_1000PP":[0.15,0.18,0.2,0.11,0.23,0.19,0.16,0.19,0.17,0.15,0.11,0.22]},"PROCEDURE_FREQUENCY_DISTRIBUTION":{"Y_NUM_PERSONS":0,"X_COUNT":4},"PROCEDURES_BY_TYPE":{"CONCEPT_NAME":"Claim","COUNT_VALUE":824},"AGE_AT_FIRST_OCCURRENCE":{"CATEGORY":["MALE","FEMALE"],"MIN_VALUE":[0,0],"P10_VALUE":[7,13],"P25_VALUE":[21,26],"MEDIAN_VALUE":[43,43],"P75_VALUE":[60,57],"P90_VALUE":[76,78],"MAX_VALUE":[99,93]}}
