{"PREVALENCE_BY_GENDER_AGE_YEAR":{"TRELLIS_NAME":["40-49","0-9","70-79","20-29","30-39","50-59","40-49","50-59","30-39","20-29","60-69","90-99","70-79"],"SERIES_NAME":["FEMALE","FEMALE","MALE","FEMALE","MALE","MALE","MALE","FEMALE","FEMALE","MALE","MALE","MALE","FEMALE"],"X_CALENDAR_YEAR":[2019,2019,2019,2019,2019,2019,2019,2019,2019,2019,2019,2019,2019],"Y_PREVALENCE_1000PP":[1.57031,2.73454,1.32903,2.49792,1.18624,1.46692,1.02384,1.30378,1.46532,1.01112,1.15385,3.4188,1.29726]},"PREVALENCE_BY_MONTH":{"X_CALENDAR_MONTH":[201901,201902,201903,201904,201906,201907,201908,201909,201910,201912],"Y_PREVALENCE_1000PP":[0.2,0.1,0.09,0.27,0.11,0.14,0.06,0.06,0.15,0.07]},"PROCEDURE_FREQUENCY_DISTRIBUTION":{"Y_NUM_PERSONS":0,"X_COUNT":4},"PROCEDURES_BY_TYPE":{"CONCEPT_NAME":"Claim","COUNT_VALUE":536},"AGE_AT_FIRST_OCCURRENCE":{"CATEGORY":["MALE","FEMALE"],"MIN_VALUE":[9,0],"P10_VALUE":[23,7],"P25_VALUE":[35,21],"MEDIAN_VALUE":[53,32],"P75_VALUE":[75,54],"P90_VALUE":[90,73],"MAX_VALUE":[99,98]}}
