{"PREVALENCE_BY_GENDER_AGE_YEAR":{"TRELLIS_NAME":["30-39","40-49","70-79","70-79","50-59","20-29","20-29","50-59","40-49"],"SERIES_NAME":["MALE","MALE","FEMALE","MALE","FEMALE","MALE","FEMALE","MALE","FEMALE"],"X_CALENDAR_YEAR":[2019,2019,2019,2019,2019,2019,2019,2019,2019],"Y_PREVALENCE_1000PP":[1.52517,0.87758,1.48258,1.32903,1.30378,1.01112,1.1657,1.32023,1.42755]},"PREVALENCE_BY_MONTH":{"X_CALENDAR_MONTH":[201901,201902,201903,201904,201905,201907,201909,201910,201911],"Y_PREVALENCE_1000PP":[0.12,0.07,0.07,0.16,0.1,0.11,0.1,0.2,0.07]},"PROCEDURE_FREQUENCY_DISTRIBUTION":{"Y_NUM_PERSONS":0,"X_COUNT":4},"PROCEDURES_BY_TYPE":{"CONCEPT_NAME":"Claim","COUNT_VALUE":448},"AGE_AT_FIRST_OCCURRENCE":{"CATEGORY":["FEMALE","MALE"],"MIN_VALUE":[1,0],"P10_VALUE":[11,11],"P25_VALUE":[23,25],"MEDIAN_VALUE":[47,42],"P75_VALUE":[64,65],"P90_VALUE":[75,77],"MAX_VALUE":[92,95]}}
