{"PREVALENCE_BY_GENDER_AGE_YEAR":{"TRELLIS_NAME":["10-19","10-19","30-39","40-49","40-49","60-69","30-39","50-59"],"SERIES_NAME":["FEMALE","MALE","FEMALE","FEMALE","MALE","MALE","MALE","FEMALE"],"X_CALENDAR_YEAR":[2019,2019,2019,2019,2019,2019,2019,2019],"Y_PREVALENCE_1000PP":[1.53039,1.60403,1.13969,0.85653,0.87758,2.11538,1.52517,0.86919]},"PREVALENCE_BY_MONTH":{"X_CALENDAR_MONTH":[201901,201903,201904,201905,201906,201907,201908,201910,201911],"Y_PREVALENCE_1000PP":[0.16,0.06,0.16,0.06,0.07,0.07,0.06,0.13,0.07]},"PROCEDURE_FREQUENCY_DISTRIBUTION":{"Y_NUM_PERSONS":0,"X_COUNT":4},"PROCEDURES_BY_TYPE":{"CONCEPT_NAME":"Claim","COUNT_VALUE":384},"AGE_AT_FIRST_OCCURRENCE":{"CATEGORY":["FEMALE","MALE"],"MIN_VALUE":[2,0],"P10_VALUE":[11,14],"P25_VALUE":[22,28],"MEDIAN_VALUE":[37,43],"P75_VALUE":[56,63],"P90_VALUE":[72,75],"MAX_VALUE":[81,88]}}
