{"PREVALENCE_BY_GENDER_AGE_YEAR":{"TRELLIS_NAME":["10-19","30-39","60-69","20-29","50-59","30-39","10-19","40-49","0-9","40-49","90-99","60-69","80-89","90-99","0-9","20-29","50-59","70-79","80-89","70-79"],"SERIES_NAME":["MALE","MALE","FEMALE","FEMALE","FEMALE","FEMALE","FEMALE","MALE","MALE","FEMALE","MALE","MALE","FEMALE","FEMALE","FEMALE","MALE","MALE","MALE","MALE","FEMALE"],"X_CALENDAR_YEAR":[2019,2019,2019,2019,2019,2019,2019,2019,2019,2019,2019,2019,2019,2019,2019,2019,2019,2019,2019,2019],"Y_PREVALENCE_1000PP":[12.85583,15.78947,15.88502,14.35247,12.60504,15.11949,13.98907,16.22096,14.03118,15.58256,14.89971,15.27456,13.26413,18.8784,14.73684,16.15618,16.00117,14.83454,18.77416,15.53542]},"PREVALENCE_BY_MONTH":{"X_CALENDAR_MONTH":[201901,201902,201903,201904,201905,201906,201907,201908,201909,201910,201911,201912],"Y_PREVALENCE_1000PP":[2,0.77,0.86,2.13,0.84,0.9,1.98,0.82,0.99,2.09,0.92,0.86]},"PROCEDURE_FREQUENCY_DISTRIBUTION":{"Y_NUM_PERSONS":[2,0],"X_COUNT":[1,2]},"PROCEDURES_BY_TYPE":{"CONCEPT_NAME":"Claim","COUNT_VALUE":1518},"AGE_AT_FIRST_OCCURRENCE":{"CATEGORY":["FEMALE","MALE","No matching concept"],"MIN_VALUE":[0,0,1],"P10_VALUE":[11,12,11],"P25_VALUE":[25,26,20],"MEDIAN_VALUE":[44,46,38],"P75_VALUE":[64,63,63],"P90_VALUE":[77,78,75],"MAX_VALUE":[99,99,98]}}
