{"PREVALENCE_BY_GENDER_AGE_YEAR":{"TRELLIS_NAME":["20-29","60-69","50-59","50-59","70-79","60-69","20-29","70-79","0-9","30-39","40-49","40-49","10-19","10-19","0-9","30-39"],"SERIES_NAME":["MALE","MALE","MALE","FEMALE","MALE","FEMALE","FEMALE","FEMALE","FEMALE","MALE","FEMALE","MALE","FEMALE","MALE","MALE","FEMALE"],"X_CALENDAR_YEAR":[2019,2019,2019,2019,2019,2019,2019,2019,2019,2019,2019,2019,2019,2019,2019,2019],"Y_PREVALENCE_1000PP":[2.35611,1.93349,2.6424,1.88351,3.42335,1.89107,2.50334,2.58924,1.26316,2.03735,1.71551,2.04589,3.27869,3.44353,2.44989,3.08893]},"PREVALENCE_BY_MONTH":{"X_CALENDAR_MONTH":[201901,201902,201903,201904,201905,201906,201907,201908,201909,201910,201911,201912],"Y_PREVALENCE_1000PP":[0.29,0.12,0.12,0.28,0.17,0.08,0.33,0.17,0.13,0.34,0.13,0.2]},"PROCEDURE_FREQUENCY_DISTRIBUTION":{"Y_NUM_PERSONS":0,"X_COUNT":1},"PROCEDURES_BY_TYPE":{"CONCEPT_NAME":"Claim","COUNT_VALUE":236},"AGE_AT_FIRST_OCCURRENCE":{"CATEGORY":["MALE","FEMALE"],"MIN_VALUE":[0,3],"P10_VALUE":[11,13],"P25_VALUE":[23,25],"MEDIAN_VALUE":[46,41],"P75_VALUE":[65,63],"P90_VALUE":[79,76],"MAX_VALUE":[95,99]}}
