{"PREVALENCE_BY_GENDER_AGE_YEAR":{"TRELLIS_NAME":["40-49","10-19","30-39","20-29","70-79","50-59","50-59","40-49"],"SERIES_NAME":["FEMALE","MALE","FEMALE","FEMALE","MALE","FEMALE","MALE","MALE"],"X_CALENDAR_YEAR":[2019,2019,2019,2019,2019,2019,2019,2019],"Y_PREVALENCE_1000PP":[1.28663,1.37741,1.13803,1.83578,1.14112,1.0142,1.0276,1.16908]},"PREVALENCE_BY_MONTH":{"X_CALENDAR_MONTH":[201901,201904,201905,201907,201909,201910,201912],"Y_PREVALENCE_1000PP":[0.11,0.07,0.08,0.11,0.08,0.21,0.08]},"PROCEDURE_FREQUENCY_DISTRIBUTION":{"Y_NUM_PERSONS":0,"X_COUNT":1},"PROCEDURES_BY_TYPE":{"CONCEPT_NAME":"Claim","COUNT_VALUE":89},"AGE_AT_FIRST_OCCURRENCE":{"CATEGORY":["FEMALE","MALE"],"MIN_VALUE":[0,1],"P10_VALUE":[22,16],"P25_VALUE":[27,24],"MEDIAN_VALUE":[41,49],"P75_VALUE":[56,66],"P90_VALUE":[70,75],"MAX_VALUE":[89,93]}}
