{"PREVALENCE_BY_GENDER_AGE_YEAR":{"TRELLIS_NAME":["40-49","90-99","40-49","80-89","30-39","90-99","50-59","0-9","70-79","60-69","50-59","20-29","10-19","10-19","30-39","70-79","20-29","60-69","80-89","0-9"],"SERIES_NAME":["FEMALE","MALE","MALE","MALE","MALE","FEMALE","MALE","MALE","FEMALE","FEMALE","FEMALE","FEMALE","FEMALE","MALE","FEMALE","MALE","MALE","MALE","FEMALE","FEMALE"],"X_CALENDAR_YEAR":[2019,2019,2019,2019,2019,2019,2019,2019,2019,2019,2019,2019,2019,2019,2019,2019,2019,2019,2019,2019],"Y_PREVALENCE_1000PP":[6.00429,6.30372,5.55312,3.86527,7.13073,8.88395,5.87199,4.89978,4.80858,4.72769,7.38916,5.34045,7.21311,6.19835,6.82816,6.65652,8.58297,5.80046,10.95732,7.15789]},"PREVALENCE_BY_MONTH":{"X_CALENDAR_MONTH":[201901,201902,201903,201904,201905,201906,201907,201908,201909,201910,201911,201912],"Y_PREVALENCE_1000PP":[0.87,0.32,0.33,0.87,0.43,0.43,0.88,0.39,0.38,0.84,0.34,0.33]},"PROCEDURE_FREQUENCY_DISTRIBUTION":{"Y_NUM_PERSONS":1,"X_COUNT":1},"PROCEDURES_BY_TYPE":{"CONCEPT_NAME":"Claim","COUNT_VALUE":641},"AGE_AT_FIRST_OCCURRENCE":{"CATEGORY":["MALE","No matching concept","FEMALE"],"MIN_VALUE":[0,0,0],"P10_VALUE":[12,2,9],"P25_VALUE":[25,13,23],"MEDIAN_VALUE":[41,42,45],"P75_VALUE":[61,71,61],"P90_VALUE":[77,76,81],"MAX_VALUE":[99,91,99]}}
