{"PREVALENCE_BY_GENDER_AGE_YEAR":{"TRELLIS_NAME":["20-29","10-19","30-39","30-39","70-79","50-59","60-69","50-59","20-29","60-69","10-19","40-49","0-9","90-99","40-49","0-9","70-79"],"SERIES_NAME":["FEMALE","FEMALE","FEMALE","MALE","MALE","FEMALE","MALE","MALE","MALE","FEMALE","MALE","FEMALE","MALE","FEMALE","MALE","FEMALE","FEMALE"],"X_CALENDAR_YEAR":[2019,2019,2019,2019,2019,2019,2019,2019,2019,2019,2019,2019,2019,2019,2019,2019,2019],"Y_PREVALENCE_1000PP":[4.83979,3.06011,4.55211,4.41426,4.37429,4.34657,3.28693,4.11039,3.36587,3.97126,4.13223,4.43174,3.56347,4.99722,2.63043,3.36842,4.43869]},"PREVALENCE_BY_MONTH":{"X_CALENDAR_MONTH":[201901,201902,201903,201904,201905,201906,201907,201908,201909,201910,201911,201912],"Y_PREVALENCE_1000PP":[0.46,0.25,0.37,0.44,0.17,0.17,0.54,0.23,0.25,0.49,0.28,0.21]},"PROCEDURE_FREQUENCY_DISTRIBUTION":{"Y_NUM_PERSONS":0,"X_COUNT":1},"PROCEDURES_BY_TYPE":{"CONCEPT_NAME":"Claim","COUNT_VALUE":386},"AGE_AT_FIRST_OCCURRENCE":{"CATEGORY":["No matching concept","MALE","FEMALE"],"MIN_VALUE":[25,0,0],"P10_VALUE":[25,12,15],"P25_VALUE":[40,22,28],"MEDIAN_VALUE":[51,41,44],"P75_VALUE":[61,62,62],"P90_VALUE":[88,74,77],"MAX_VALUE":[88,97,99]}}
