{"PREVALENCE_BY_GENDER_AGE_YEAR":{"TRELLIS_NAME":["40-49","10-19","20-29","50-59","30-39","30-39","60-69"],"SERIES_NAME":["MALE","MALE","MALE","FEMALE","MALE","FEMALE","FEMALE"],"X_CALENDAR_YEAR":[2019,2019,2019,2019,2019,2019,2019],"Y_PREVALENCE_1000PP":[1.1701,1.37489,1.34816,1.30378,1.01678,1.13969,1.14155]},"PREVALENCE_BY_MONTH":{"X_CALENDAR_MONTH":[201901,201903,201904,201905,201907,201909,201910,201912],"Y_PREVALENCE_1000PP":[0.12,0.06,0.09,0.06,0.08,0.07,0.09,0.11]},"PROCEDURE_FREQUENCY_DISTRIBUTION":{"Y_NUM_PERSONS":0,"X_COUNT":4},"PROCEDURES_BY_TYPE":{"CONCEPT_NAME":"Claim","COUNT_VALUE":340},"AGE_AT_FIRST_OCCURRENCE":{"CATEGORY":["FEMALE","MALE"],"MIN_VALUE":[0,0],"P10_VALUE":[16,11],"P25_VALUE":[32,20],"MEDIAN_VALUE":[50,38],"P75_VALUE":[66,52],"P90_VALUE":[76,70],"MAX_VALUE":[89,90]}}
