{"PREVALENCE_BY_GENDER_AGE_YEAR":{"TRELLIS_NAME":["80-89","60-69","70-79","0-9","90-99","10-19","40-49","30-39","30-39","0-9","60-69","50-59","40-49","20-29","10-19","70-79","50-59","90-99","20-29","80-89"],"SERIES_NAME":["FEMALE","MALE","FEMALE","FEMALE","FEMALE","MALE","MALE","FEMALE","MALE","MALE","FEMALE","MALE","FEMALE","MALE","FEMALE","MALE","FEMALE","MALE","FEMALE","MALE"],"X_CALENDAR_YEAR":[2019,2019,2019,2019,2019,2019,2019,2019,2019,2019,2019,2019,2019,2019,2019,2019,2019,2019,2019,2019],"Y_PREVALENCE_1000PP":[5.19031,4.44702,4.0688,4,3.88673,5.96878,3.65337,4.22695,4.0747,5.34521,3.21483,3.22959,4.14582,5.2171,3.27869,3.04298,4.20168,4.58453,4.17223,4.96963]},"PREVALENCE_BY_MONTH":{"X_CALENDAR_MONTH":[201901,201902,201903,201904,201905,201906,201907,201908,201909,201910,201911,201912],"Y_PREVALENCE_1000PP":[0.78,0.14,0.18,0.66,0.18,0.12,0.58,0.17,0.17,0.58,0.26,0.29]},"PROCEDURE_FREQUENCY_DISTRIBUTION":{"Y_NUM_PERSONS":0,"X_COUNT":1},"PROCEDURES_BY_TYPE":{"CONCEPT_NAME":"Claim","COUNT_VALUE":411},"AGE_AT_FIRST_OCCURRENCE":{"CATEGORY":["MALE","FEMALE"],"MIN_VALUE":[0,0],"P10_VALUE":[8,10],"P25_VALUE":[20,25],"MEDIAN_VALUE":[37,44],"P75_VALUE":[61,63],"P90_VALUE":[77,78],"MAX_VALUE":[99,99]}}
