{"PREVALENCE_BY_GENDER_AGE_YEAR":{"TRELLIS_NAME":["20-29","10-19","20-29","80-89","50-59","70-79","60-69","0-9","80-89","50-59","0-9","10-19","60-69","40-49","90-99","30-39","70-79","30-39","40-49","90-99"],"SERIES_NAME":["MALE","MALE","FEMALE","MALE","MALE","MALE","FEMALE","FEMALE","FEMALE","FEMALE","MALE","FEMALE","MALE","FEMALE","MALE","MALE","FEMALE","FEMALE","MALE","FEMALE"],"X_CALENDAR_YEAR":[2019,2019,2019,2019,2019,2019,2019,2019,2019,2019,2019,2019,2019,2019,2019,2019,2019,2019,2019,2019],"Y_PREVALENCE_1000PP":[12.47051,8.70761,10.65779,11.5958,9.2416,12.91058,10.08371,13.252,17.29107,11.15457,12.7062,10.27547,10.38462,10.84939,11.39601,13.2181,10.00741,11.55975,10.6772,15.60758]},"PREVALENCE_BY_MONTH":{"X_CALENDAR_MONTH":[201901,201902,201903,201904,201905,201906,201907,201908,201909,201910,201911,201912],"Y_PREVALENCE_1000PP":[1.09,0.74,0.67,1.17,0.8,0.83,1.33,0.86,0.77,1.14,0.82,1.16]},"PROCEDURE_FREQUENCY_DISTRIBUTION":{"Y_NUM_PERSONS":1,"X_COUNT":4},"PROCEDURES_BY_TYPE":{"CONCEPT_NAME":"Claim","COUNT_VALUE":4552},"AGE_AT_FIRST_OCCURRENCE":{"CATEGORY":["MALE","FEMALE","No matching concept"],"MIN_VALUE":[0,0,5],"P10_VALUE":[9,8,13],"P25_VALUE":[25,23,22],"MEDIAN_VALUE":[43,45,42],"P75_VALUE":[64,64,66],"P90_VALUE":[78,80,79],"MAX_VALUE":[99,99,96]}}
