{"PREVALENCE_BY_GENDER_AGE_YEAR":{"TRELLIS_NAME":["0-9","70-79","40-49","20-29","0-9","40-49","50-59","60-69","20-29","10-19","50-59","30-39","30-39","70-79"],"SERIES_NAME":["FEMALE","MALE","MALE","MALE","MALE","FEMALE","MALE","MALE","FEMALE","MALE","FEMALE","MALE","FEMALE","FEMALE"],"X_CALENDAR_YEAR":[2019,2019,2019,2019,2019,2019,2019,2019,2019,2019,2019,2019,2019,2019],"Y_PREVALENCE_1000PP":[1.47244,1.70875,1.1701,1.6852,1.78333,1.2848,1.76031,1.34615,0.99917,1.37489,1.30378,1.01678,1.46532,1.85322]},"PREVALENCE_BY_MONTH":{"X_CALENDAR_MONTH":[201901,201902,201904,201907,201909,201910,201911,201912],"Y_PREVALENCE_1000PP":[0.18,0.09,0.23,0.19,0.09,0.24,0.1,0.07]},"PROCEDURE_FREQUENCY_DISTRIBUTION":{"Y_NUM_PERSONS":0,"X_COUNT":4},"PROCEDURES_BY_TYPE":{"CONCEPT_NAME":"Claim","COUNT_VALUE":540},"AGE_AT_FIRST_OCCURRENCE":{"CATEGORY":["FEMALE","MALE"],"MIN_VALUE":[3,0],"P10_VALUE":[9,8],"P25_VALUE":[27,23],"MEDIAN_VALUE":[46,45],"P75_VALUE":[69,64],"P90_VALUE":[76,76],"MAX_VALUE":[99,91]}}
