{"PREVALENCE_BY_GENDER_AGE_YEAR":{"TRELLIS_NAME":["0-9","60-69","30-39","50-59","40-49","90-99","70-79","10-19","40-49","10-19","20-29","60-69","0-9","30-39","20-29","50-59","70-79"],"SERIES_NAME":["MALE","FEMALE","FEMALE","MALE","MALE","FEMALE","FEMALE","FEMALE","FEMALE","MALE","MALE","MALE","FEMALE","MALE","FEMALE","FEMALE","MALE"],"X_CALENDAR_YEAR":[2019,2019,2019,2019,2019,2019,2019,2019,2019,2019,2019,2019,2019,2019,2019,2019,2019],"Y_PREVALENCE_1000PP":[2.67499,2.66362,3.25627,2.64046,2.19394,6.13155,2.22387,2.62352,1.99857,2.74977,1.6852,2.69231,2.10349,1.69463,2.33139,2.89729,2.27834]},"PREVALENCE_BY_MONTH":{"X_CALENDAR_MONTH":[201901,201902,201903,201904,201905,201906,201907,201908,201909,201910,201911,201912],"Y_PREVALENCE_1000PP":[0.49,0.13,0.1,0.35,0.12,0.1,0.34,0.17,0.1,0.28,0.18,0.15]},"PROCEDURE_FREQUENCY_DISTRIBUTION":{"Y_NUM_PERSONS":0,"X_COUNT":4},"PROCEDURES_BY_TYPE":{"CONCEPT_NAME":"Claim","COUNT_VALUE":1004},"AGE_AT_FIRST_OCCURRENCE":{"CATEGORY":["FEMALE","No matching concept","MALE"],"MIN_VALUE":[0,0,0],"P10_VALUE":[11,0,9],"P25_VALUE":[26,39,21],"MEDIAN_VALUE":[46,50,48],"P75_VALUE":[66,64,65],"P90_VALUE":[86,78,77],"MAX_VALUE":[98,78,99]}}
