{"AGE_AT_FIRST_EXPOSURE":{"CATEGORY":["FEMALE","No matching concept","MALE"],"MIN_VALUE":[2,0,3],"P10_VALUE":[8,0,12],"P25_VALUE":[20,2,27],"MEDIAN_VALUE":[45,21,44],"P75_VALUE":[66,60,59],"P90_VALUE":[77,61,77],"MAX_VALUE":[99,61,99]},"DAYS_SUPPLY_DISTRIBUTION":{"CATEGORY":[],"MIN_VALUE":[],"P10_VALUE":[],"P25_VALUE":[],"MEDIAN_VALUE":[],"P75_VALUE":[],"P90_VALUE":[],"MAX_VALUE":[]},"DRUGS_BY_TYPE":{"CONCEPT_NAME":"Claim","COUNT_VALUE":255},"PREVALENCE_BY_GENDER_AGE_YEAR":{"TRELLIS_NAME":["90-99","0-9","10-19","20-29","30-39","40-49","50-59","60-69","70-79","80-89","50-59","40-49","30-39","20-29","10-19","0-9","60-69","70-79"],"SERIES_NAME":["MALE","FEMALE","FEMALE","FEMALE","FEMALE","FEMALE","FEMALE","FEMALE","FEMALE","FEMALE","MALE","MALE","MALE","MALE","MALE","MALE","MALE","MALE"],"X_CALENDAR_YEAR":[2019,2019,2019,2019,2019,2019,2019,2019,2019,2019,2019,2019,2019,2019,2019,2019,2019,2019],"Y_PREVALENCE_1000PP":[3.9886,3.15524,3.27941,2.49792,1.62813,1.99857,2.75243,2.85388,1.85322,3.45821,2.34707,3.21779,2.88087,2.02224,2.52062,1.78333,1.34615,2.27834]},"PREVALENCE_BY_MONTH":{"X_CALENDAR_MONTH":[201910,201911,201907,201912,201903,201906,201902,201909,201908,201901,201905,201904],"Y_PREVALENCE_1000PP":[0.22,0.16,0.22,0.21,0.17,0.21,0.24,0.24,0.19,0.21,0.16,0.23]},"DRUG_FREQUENCY_DISTRIBUTION":{"Y_NUM_PERSONS":[0,0],"X_COUNT":[1,2]},"QUANTITY_DISTRIBUTION":{"CATEGORY":[],"MIN_VALUE":[],"P10_VALUE":[],"P25_VALUE":[],"MEDIAN_VALUE":[],"P75_VALUE":[],"P90_VALUE":[],"MAX_VALUE":[]},"REFILLS_DISTRIBUTION":{"CATEGORY":[],"MIN_VALUE":[],"P10_VALUE":[],"P25_VALUE":[],"MEDIAN_VALUE":[],"P75_VALUE":[],"P90_VALUE":[],"MAX_VALUE":[]}}
